# MySQL dump of database 'cloudso1_demo' on host 'localhost'
# Backup Date and Time: 2018-11-21 13:30
# Built by Hisaab.pk 2.4.3
# http://www.hisaab.pk
# Company: DEMO
# User: Admin

# Compatibility: 2.4.1


SET NAMES latin1;


### Structure of table `0_add_applicant` ###

DROP TABLE IF EXISTS `0_add_applicant`;

CREATE TABLE `0_add_applicant` (
  `add_id` int(11) NOT NULL AUTO_INCREMENT,
  `applicant_code` varchar(60) NOT NULL,
  `date_applicant` date NOT NULL DEFAULT '0000-00-00',
  `full_name` varchar(60) NOT NULL,
  `date_of_birth` date NOT NULL DEFAULT '0000-00-00',
  `nationality` int(11) NOT NULL,
  `present_address` varchar(50) DEFAULT NULL,
  `permanent_address` varchar(50) NOT NULL,
  `telephone_no` varchar(50) NOT NULL,
  `mobile_no` varchar(50) NOT NULL,
  `gender` int(11) NOT NULL,
  `institution1` varchar(50) NOT NULL,
  `institution2` varchar(50) NOT NULL,
  `institution3` varchar(50) NOT NULL,
  `institution4` varchar(50) NOT NULL,
  `institution5` varchar(50) NOT NULL,
  `year_attended1` varchar(50) NOT NULL,
  `year_attended2` varchar(50) NOT NULL,
  `year_attended3` varchar(50) NOT NULL,
  `year_attended4` varchar(50) NOT NULL,
  `year_attended5` varchar(50) NOT NULL,
  `degree_diploma1` varchar(50) NOT NULL,
  `degree_diploma2` varchar(50) NOT NULL,
  `degree_diploma3` varchar(50) NOT NULL,
  `degree_diploma4` varchar(50) NOT NULL,
  `degree_diploma5` varchar(50) NOT NULL,
  `major_subjects1` varchar(50) NOT NULL,
  `major_subjects2` varchar(50) NOT NULL,
  `major_subjects3` varchar(50) NOT NULL,
  `major_subjects4` varchar(50) NOT NULL,
  `major_subjects5` varchar(50) NOT NULL,
  `prof_inst1` varchar(50) NOT NULL,
  `prof_inst2` varchar(50) NOT NULL,
  `prof_inst3` varchar(50) NOT NULL,
  `prof_year1` varchar(50) NOT NULL,
  `prof_year2` varchar(50) NOT NULL,
  `prof_year3` varchar(50) NOT NULL,
  `prof_cour1` varchar(50) NOT NULL,
  `prof_cour2` varchar(50) NOT NULL,
  `prof_cour3` varchar(50) NOT NULL,
  `organ1` varchar(50) NOT NULL,
  `organ2` varchar(50) NOT NULL,
  `organ3` varchar(50) NOT NULL,
  `pos_held1` varchar(50) NOT NULL,
  `pos_held2` varchar(50) NOT NULL,
  `pos_held3` varchar(50) NOT NULL,
  `employee1` varchar(50) NOT NULL,
  `employee2` varchar(50) NOT NULL,
  `employee3` varchar(50) NOT NULL,
  `reason1` varchar(50) NOT NULL,
  `reason2` varchar(50) NOT NULL,
  `reason3` varchar(50) NOT NULL,
  `inactive` tinyint(6) NOT NULL DEFAULT '0',
  PRIMARY KEY (`add_id`)
) ENGINE=InnoDB DEFAULT CHARSET=latin1 ;

### Data of table `0_add_applicant` ###


### Structure of table `0_advance` ###

DROP TABLE IF EXISTS `0_advance`;

CREATE TABLE `0_advance` (
  `id` int(11) NOT NULL AUTO_INCREMENT,
  `date` date NOT NULL DEFAULT '0000-00-00',
  `emp_id` int(11) NOT NULL DEFAULT '0',
  `amount` double NOT NULL DEFAULT '0',
  `type` tinyint(1) NOT NULL,
  `remarks` varchar(100) NOT NULL,
  `approve` tinyint(1) NOT NULL,
  `payroll_id` int(11) NOT NULL,
  `payment_shedule` int(11) NOT NULL,
  `payment` double NOT NULL DEFAULT '0',
  `f_year` int(11) NOT NULL,
  `mode_of_payment` int(11) NOT NULL,
  `cheque_no` varchar(30) NOT NULL,
  `cheque_date` date NOT NULL,
  `bank_account` int(11) NOT NULL,
  `advance_on_base_of` int(11) NOT NULL,
  `gratuity_id` int(11) NOT NULL,
  `leave_encashment_id` int(11) NOT NULL,
  `month` int(11) NOT NULL,
  PRIMARY KEY (`id`)
) ENGINE=InnoDB DEFAULT CHARSET=latin1 ;

### Data of table `0_advance` ###


### Structure of table `0_advance_base` ###

DROP TABLE IF EXISTS `0_advance_base`;

CREATE TABLE `0_advance_base` (
  `id` int(11) NOT NULL,
  `name` varchar(20) NOT NULL
) ENGINE=InnoDB DEFAULT CHARSET=latin1 ;

### Data of table `0_advance_base` ###

INSERT INTO `0_advance_base` VALUES
('1', 'Gratuity'),
('2', 'Salary'),
('3', 'Leave Encashment'),
('1', 'Gratuity'),
('2', 'Salary'),
('3', 'Leave Encashment');

### Structure of table `0_advertisment` ###

DROP TABLE IF EXISTS `0_advertisment`;

CREATE TABLE `0_advertisment` (
  `advertisment_id` int(11) NOT NULL AUTO_INCREMENT,
  `advertisment_code` varchar(60) NOT NULL,
  `description` longtext NOT NULL,
  `no_of_position` int(11) NOT NULL,
  `newspaper` varchar(50) NOT NULL,
  `newspaper2` varchar(50) NOT NULL,
  `newspaper3` varchar(50) NOT NULL,
  `website` varchar(50) NOT NULL,
  `website2` varchar(50) NOT NULL,
  `date_of_advertisment` date NOT NULL DEFAULT '0000-00-00',
  `close_date` date NOT NULL DEFAULT '0000-00-00',
  `qualification` int(11) NOT NULL,
  `years_of_exp` int(11) NOT NULL,
  `gender` int(11) NOT NULL,
  `designation` int(11) NOT NULL,
  `job_type` int(11) NOT NULL,
  `age` int(11) NOT NULL,
  `salary_range` int(11) NOT NULL,
  `travel_required` int(11) NOT NULL,
  `location` int(11) NOT NULL,
  `required_skills` longtext NOT NULL,
  `inactive` tinyint(6) NOT NULL DEFAULT '0',
  PRIMARY KEY (`advertisment_id`)
) ENGINE=InnoDB DEFAULT CHARSET=latin1 ;

### Data of table `0_advertisment` ###


### Structure of table `0_age` ###

DROP TABLE IF EXISTS `0_age`;

CREATE TABLE `0_age` (
  `id` int(11) NOT NULL AUTO_INCREMENT,
  `description` varchar(50) NOT NULL,
  `inactive` tinyint(6) NOT NULL DEFAULT '0',
  PRIMARY KEY (`id`)
) ENGINE=InnoDB AUTO_INCREMENT=3 DEFAULT CHARSET=latin1 ;

### Data of table `0_age` ###

INSERT INTO `0_age` VALUES
('2', '22-30', '0');

### Structure of table `0_allowance` ###

DROP TABLE IF EXISTS `0_allowance`;

CREATE TABLE `0_allowance` (
  `id` int(11) NOT NULL AUTO_INCREMENT,
  `description` varchar(100) NOT NULL,
  `inactive` tinyint(4) NOT NULL DEFAULT '0',
  PRIMARY KEY (`id`)
) ENGINE=InnoDB AUTO_INCREMENT=10 DEFAULT CHARSET=latin1 ;

### Data of table `0_allowance` ###

INSERT INTO `0_allowance` VALUES
('2', 'Car', '0'),
('3', 'House', '0'),
('5', 'Rent', '0'),
('6', 'Telephone', '0'),
('7', 'Medical Allounce', '0'),
('8', 'income tax', '0'),
('9', 'POL', '0');

### Structure of table `0_amortisation` ###

DROP TABLE IF EXISTS `0_amortisation`;

CREATE TABLE `0_amortisation` (
  `amortisation_id` bigint(20) unsigned NOT NULL AUTO_INCREMENT,
  `asset_id` int(11) DEFAULT NULL,
  `amortisation_year` int(11) DEFAULT NULL,
  `asset_value` double DEFAULT NULL,
  `amount` double DEFAULT NULL,
  `posted` int(11) NOT NULL DEFAULT '0',
  `inactive` tinyint(4) NOT NULL DEFAULT '0',
  `details` text,
  PRIMARY KEY (`amortisation_id`),
  UNIQUE KEY `amortisation_id` (`amortisation_id`),
  KEY `0_amortisation_asset_id` (`asset_id`)
) ENGINE=InnoDB DEFAULT CHARSET=latin1 ;

### Data of table `0_amortisation` ###


### Structure of table `0_areas` ###

DROP TABLE IF EXISTS `0_areas`;

CREATE TABLE `0_areas` (
  `area_code` int(11) NOT NULL AUTO_INCREMENT,
  `description` varchar(60) COLLATE utf8_unicode_ci NOT NULL DEFAULT '',
  `inactive` tinyint(1) NOT NULL DEFAULT '0',
  PRIMARY KEY (`area_code`),
  UNIQUE KEY `description` (`description`)
) ENGINE=InnoDB AUTO_INCREMENT=2 DEFAULT CHARSET=utf8 COLLATE=utf8_unicode_ci ;

### Data of table `0_areas` ###

INSERT INTO `0_areas` VALUES
('1', 'Global', '0');

### Structure of table `0_asset_types` ###

DROP TABLE IF EXISTS `0_asset_types`;

CREATE TABLE `0_asset_types` (
  `asset_type_id` bigint(20) unsigned NOT NULL AUTO_INCREMENT,
  `asset_type_name` varchar(50) NOT NULL,
  `depreciation_type` int(11) NOT NULL DEFAULT '1',
  `depreciation_rate` double NOT NULL DEFAULT '10',
  `asset_account` varchar(15) DEFAULT NULL,
  `depreciation_account` varchar(15) DEFAULT NULL,
  `accumulated_account` varchar(15) DEFAULT NULL,
  `valuation_account` varchar(15) DEFAULT NULL,
  `disposal_account` varchar(15) DEFAULT NULL,
  `inactive` tinyint(4) NOT NULL DEFAULT '0',
  `details` text,
  PRIMARY KEY (`asset_type_id`),
  UNIQUE KEY `asset_type_id` (`asset_type_id`)
) ENGINE=InnoDB DEFAULT CHARSET=latin1 ;

### Data of table `0_asset_types` ###


### Structure of table `0_asset_valuations` ###

DROP TABLE IF EXISTS `0_asset_valuations`;

CREATE TABLE `0_asset_valuations` (
  `asset_valuation_id` bigint(20) unsigned NOT NULL AUTO_INCREMENT,
  `asset_id` int(11) DEFAULT NULL,
  `valuation_year` int(11) DEFAULT NULL,
  `asset_value` double NOT NULL DEFAULT '0',
  `value_change` double NOT NULL DEFAULT '0',
  `posted` int(11) NOT NULL DEFAULT '0',
  `inactive` tinyint(4) NOT NULL DEFAULT '0',
  `details` text,
  PRIMARY KEY (`asset_valuation_id`),
  UNIQUE KEY `asset_valuation_id` (`asset_valuation_id`),
  UNIQUE KEY `asset_id` (`asset_id`,`valuation_year`),
  KEY `0_asset_valuations_asset_id` (`asset_id`)
) ENGINE=InnoDB DEFAULT CHARSET=latin1 ;

### Data of table `0_asset_valuations` ###


### Structure of table `0_assets` ###

DROP TABLE IF EXISTS `0_assets`;

CREATE TABLE `0_assets` (
  `asset_id` bigint(20) unsigned NOT NULL AUTO_INCREMENT,
  `asset_type_id` int(11) DEFAULT NULL,
  `item_id` int(11) DEFAULT NULL,
  `asset_name` varchar(50) DEFAULT NULL,
  `asset_serial` varchar(50) DEFAULT NULL,
  `purchase_date` date NOT NULL,
  `purchase_value` double NOT NULL,
  `disposal_amount` double DEFAULT NULL,
  `disposal_date` date DEFAULT NULL,
  `disposal_posting` int(11) DEFAULT '0',
  `tag_number` varchar(50) DEFAULT NULL,
  `asset_location` varchar(50) DEFAULT NULL,
  `asset_condition` varchar(50) DEFAULT NULL,
  `asset_acquisition` varchar(50) DEFAULT NULL,
  `inactive` tinyint(4) NOT NULL DEFAULT '0',
  `details` text,
  PRIMARY KEY (`asset_id`),
  UNIQUE KEY `asset_id` (`asset_id`),
  KEY `0_assets_asset_type_id` (`asset_type_id`),
  KEY `0_assets_item_id` (`item_id`)
) ENGINE=InnoDB DEFAULT CHARSET=latin1 ;

### Data of table `0_assets` ###


### Structure of table `0_attachments` ###

DROP TABLE IF EXISTS `0_attachments`;

CREATE TABLE `0_attachments` (
  `id` int(11) unsigned NOT NULL AUTO_INCREMENT,
  `description` varchar(60) COLLATE utf8_unicode_ci NOT NULL DEFAULT '',
  `type_no` int(11) NOT NULL DEFAULT '0',
  `trans_no` int(11) NOT NULL DEFAULT '0',
  `unique_name` varchar(60) COLLATE utf8_unicode_ci NOT NULL DEFAULT '',
  `tran_date` date NOT NULL DEFAULT '0000-00-00',
  `filename` varchar(60) COLLATE utf8_unicode_ci NOT NULL DEFAULT '',
  `filesize` int(11) NOT NULL DEFAULT '0',
  `filetype` varchar(60) COLLATE utf8_unicode_ci NOT NULL DEFAULT '',
  `employee_id` int(11) NOT NULL,
  `remarks` varchar(100) COLLATE utf8_unicode_ci NOT NULL,
  PRIMARY KEY (`id`),
  KEY `type_no` (`type_no`,`trans_no`)
) ENGINE=InnoDB DEFAULT CHARSET=utf8 COLLATE=utf8_unicode_ci ;

### Data of table `0_attachments` ###


### Structure of table `0_attend` ###

DROP TABLE IF EXISTS `0_attend`;

CREATE TABLE `0_attend` (
  `emp_id` int(11) NOT NULL AUTO_INCREMENT,
  `date` date NOT NULL,
  `attend_type` varchar(11) NOT NULL,
  `time_in` time NOT NULL,
  `time_out` time NOT NULL,
  PRIMARY KEY (`emp_id`)
) ENGINE=InnoDB DEFAULT CHARSET=latin1 ;

### Data of table `0_attend` ###


### Structure of table `0_attendance` ###

DROP TABLE IF EXISTS `0_attendance`;

CREATE TABLE `0_attendance` (
  `contact_id` int(11) NOT NULL AUTO_INCREMENT,
  `contact_first` varchar(100) COLLATE utf8_unicode_ci NOT NULL,
  `contact_last` varchar(100) COLLATE utf8_unicode_ci NOT NULL,
  `contact_email` varchar(100) COLLATE utf8_unicode_ci NOT NULL,
  PRIMARY KEY (`contact_id`)
) ENGINE=InnoDB DEFAULT CHARSET=utf8 COLLATE=utf8_unicode_ci ;

### Data of table `0_attendance` ###


### Structure of table `0_attendance_policy` ###

DROP TABLE IF EXISTS `0_attendance_policy`;

CREATE TABLE `0_attendance_policy` (
  `id` int(11) NOT NULL AUTO_INCREMENT,
  `grade` int(11) NOT NULL,
  `deduction_start_time` time NOT NULL,
  `deduction_end_time` time NOT NULL,
  `deduction_value` varchar(20) NOT NULL,
  `duty_h_aplicable` int(11) NOT NULL,
  `deduction_applicable` int(11) NOT NULL,
  `inactive` tinyint(1) NOT NULL DEFAULT '0',
  `deduction_value_days` varchar(20) NOT NULL,
  PRIMARY KEY (`id`)
) ENGINE=InnoDB AUTO_INCREMENT=4 DEFAULT CHARSET=latin1 ;

### Data of table `0_attendance_policy` ###

INSERT INTO `0_attendance_policy` VALUES
('2', '4', '09:00:00', '09:30:00', '12:00', '0', '5', '0', ''),
('3', '8', '07:02:00', '10:09:00', '.5', '0', '0', '0', '');

### Structure of table `0_audit_trail` ###

DROP TABLE IF EXISTS `0_audit_trail`;

CREATE TABLE `0_audit_trail` (
  `id` int(11) NOT NULL AUTO_INCREMENT,
  `type` smallint(6) unsigned NOT NULL DEFAULT '0',
  `trans_no` int(11) unsigned NOT NULL DEFAULT '0',
  `user` smallint(6) unsigned NOT NULL DEFAULT '0',
  `stamp` timestamp NOT NULL DEFAULT CURRENT_TIMESTAMP ON UPDATE CURRENT_TIMESTAMP,
  `description` varchar(60) COLLATE utf8_unicode_ci DEFAULT NULL,
  `fiscal_year` int(11) NOT NULL DEFAULT '0',
  `gl_date` date NOT NULL DEFAULT '0000-00-00',
  `gl_seq` int(11) unsigned DEFAULT NULL,
  `opening` tinyint(4) DEFAULT NULL,
  PRIMARY KEY (`id`),
  KEY `Seq` (`fiscal_year`,`gl_date`,`gl_seq`),
  KEY `Type_and_Number` (`type`,`trans_no`)
) ENGINE=InnoDB AUTO_INCREMENT=677 DEFAULT CHARSET=utf8 COLLATE=utf8_unicode_ci ;

### Data of table `0_audit_trail` ###

INSERT INTO `0_audit_trail` VALUES
('1', '41', '1', '12', '2018-10-19 20:10:56', NULL, '4', '2018-10-19', NULL, NULL),
('2', '41', '1', '12', '2018-10-19 20:11:54', NULL, '4', '2018-10-19', NULL, NULL),
('3', '41', '1', '12', '2018-10-19 20:11:54', 'Voided.\n', '4', '2018-10-19', '0', NULL),
('4', '18', '1', '12', '2018-10-20 11:50:03', NULL, '4', '2018-10-19', '0', NULL),
('5', '25', '1', '12', '2018-10-20 11:50:03', NULL, '4', '2018-10-19', '0', NULL),
('6', '30', '1', '12', '2018-10-20 11:50:18', NULL, '4', '2018-10-20', '0', NULL),
('7', '13', '1', '12', '2018-10-20 11:50:18', NULL, '4', '2018-10-20', '0', NULL),
('8', '10', '1', '12', '2018-10-20 11:50:18', NULL, '4', '2018-10-20', '0', NULL),
('9', '12', '1', '12', '2018-10-20 11:56:51', NULL, '4', '2018-10-20', NULL, NULL),
('10', '12', '1', '12', '2018-10-20 11:56:51', 'Updated.', '4', '2018-10-20', '0', NULL),
('11', '12', '2', '12', '2018-10-20 12:07:24', NULL, '4', '2018-10-20', '0', NULL),
('12', '4', '1', '12', '2018-10-20 12:07:51', NULL, '4', '2018-10-20', '0', NULL),
('13', '18', '2', '12', '2018-10-20 12:33:11', NULL, '4', '2018-10-20', '0', NULL),
('14', '25', '2', '12', '2018-10-20 12:33:11', NULL, '4', '2018-10-20', '0', NULL),
('15', '30', '2', '12', '2018-10-20 12:33:17', NULL, '4', '2018-10-20', '0', NULL),
('16', '13', '2', '12', '2018-10-20 12:33:17', NULL, '4', '2018-10-20', '0', NULL),
('17', '10', '2', '12', '2018-10-20 12:33:17', NULL, '4', '2018-10-20', '0', NULL),
('18', '30', '3', '12', '2018-10-20 13:08:53', NULL, '4', '2018-10-20', '0', NULL),
('19', '18', '3', '12', '2018-10-20 13:10:39', NULL, '4', '2018-10-20', '0', NULL),
('20', '25', '3', '12', '2018-10-20 13:36:52', NULL, '4', '2018-10-20', '0', NULL),
('21', '41', '2', '12', '2018-10-20 14:56:39', NULL, '4', '2018-10-20', NULL, NULL),
('22', '41', '2', '12', '2018-10-20 14:56:39', NULL, '4', '2018-10-20', '0', NULL),
('23', '30', '4', '12', '2018-10-20 15:42:10', NULL, '4', '2018-10-20', '0', NULL),
('24', '0', '1', '12', '2018-10-22 13:14:58', NULL, '4', '2018-10-22', '0', NULL),
('25', '0', '2', '12', '2018-10-22 14:02:11', NULL, '4', '2018-10-22', '0', NULL),
('26', '22', '1', '12', '2018-10-22 15:22:12', NULL, '4', '2018-10-22', '0', NULL),
('27', '22', '2', '12', '2018-10-22 15:22:58', NULL, '4', '2018-10-22', '0', NULL),
('28', '12', '3', '12', '2018-10-22 15:40:08', NULL, '4', '2018-10-22', '0', NULL),
('29', '22', '3', '12', '2018-10-22 15:40:25', NULL, '4', '2018-10-22', '0', NULL),
('30', '12', '4', '12', '2018-10-22 17:21:08', NULL, '4', '2018-10-22', '0', NULL),
('31', '1', '1', '12', '2018-10-22 17:29:23', NULL, '4', '2018-10-22', '0', NULL),
('32', '22', '4', '12', '2018-10-22 17:42:44', NULL, '4', '2018-10-22', '0', NULL),
('33', '18', '4', '12', '2018-10-22 17:43:20', NULL, '4', '2018-10-22', '0', NULL),
('34', '25', '4', '12', '2018-10-22 17:43:20', NULL, '4', '2018-10-22', '0', NULL),
('35', '20', '1', '12', '2018-10-22 17:43:20', NULL, '4', '2018-10-22', '0', NULL),
('36', '18', '5', '12', '2018-10-22 17:43:37', NULL, '4', '2018-10-22', '0', NULL),
('37', '25', '5', '12', '2018-10-22 17:43:37', NULL, '4', '2018-10-22', '0', NULL),
('38', '20', '2', '12', '2018-10-22 17:43:37', NULL, '4', '2018-10-22', '0', NULL),
('39', '0', '3', '17', '2018-10-25 14:04:06', NULL, '4', '2018-10-22', NULL, NULL),
('40', '18', '6', '12', '2018-10-22 18:06:57', NULL, '4', '2018-10-22', '0', NULL),
('41', '25', '6', '12', '2018-10-22 18:06:57', NULL, '4', '2018-10-22', '0', NULL),
('42', '20', '3', '12', '2018-10-22 18:07:50', NULL, '4', '2018-10-22', '0', NULL),
('43', '30', '5', '12', '2018-10-25 15:36:23', NULL, '4', '2018-10-22', NULL, NULL),
('44', '13', '3', '12', '2018-10-22 18:09:48', NULL, '4', '2018-10-22', '0', NULL),
('45', '10', '3', '12', '2018-11-02 14:27:39', NULL, '4', '2018-10-22', NULL, NULL),
('46', '22', '5', '12', '2018-10-22 18:20:24', NULL, '4', '2018-10-22', '0', NULL),
('47', '12', '5', '12', '2018-10-22 18:22:27', NULL, '4', '2018-10-22', '0', NULL),
('48', '20', '4', '12', '2018-10-22 18:38:43', NULL, '4', '2018-10-22', '0', NULL),
('49', '18', '7', '12', '2018-10-22 19:28:22', NULL, '4', '2018-10-22', '0', NULL),
('50', '18', '8', '12', '2018-10-22 19:29:46', NULL, '4', '2018-10-22', '0', NULL),
('51', '25', '7', '12', '2018-10-22 19:30:44', NULL, '4', '2018-10-22', '0', NULL),
('52', '22', '6', '12', '2018-10-22 19:32:40', NULL, '4', '2018-10-22', '0', NULL),
('53', '25', '8', '12', '2018-10-22 19:40:23', NULL, '4', '2018-10-22', '0', NULL),
('54', '25', '9', '12', '2018-10-22 19:41:56', NULL, '4', '2018-10-22', '0', NULL),
('55', '18', '9', '12', '2018-10-22 19:53:42', NULL, '4', '2018-10-22', '0', NULL),
('56', '30', '6', '12', '2018-10-22 20:00:31', NULL, '4', '2018-10-22', '0', NULL),
('57', '18', '10', '12', '2018-10-22 20:04:17', NULL, '4', '2018-10-22', '0', NULL),
('58', '25', '10', '12', '2018-10-22 20:04:17', NULL, '4', '2018-10-22', '0', NULL),
('59', '20', '5', '12', '2018-10-22 20:06:58', NULL, '4', '2018-10-22', '0', NULL),
('60', '30', '7', '12', '2018-10-22 20:10:09', NULL, '4', '2018-10-22', '0', NULL),
('61', '13', '4', '12', '2018-10-22 20:10:09', NULL, '4', '2018-10-22', '0', NULL),
('62', '10', '4', '12', '2018-10-22 20:10:09', NULL, '4', '2018-10-22', '0', NULL),
('63', '20', '6', '12', '2018-10-22 20:12:05', NULL, '4', '2018-10-22', '0', NULL),
('64', '30', '8', '12', '2018-10-22 20:13:26', NULL, '4', '2018-10-22', '0', NULL),
('65', '13', '5', '12', '2018-10-22 20:13:26', NULL, '4', '2018-10-22', '0', NULL),
('66', '10', '5', '12', '2018-10-22 20:13:26', NULL, '4', '2018-10-22', '0', NULL),
('67', '30', '9', '12', '2018-10-22 20:15:40', NULL, '4', '2018-10-22', '0', NULL),
('68', '30', '10', '12', '2018-10-22 20:18:58', NULL, '4', '2018-10-22', '0', NULL),
('69', '13', '6', '12', '2018-10-22 20:19:06', NULL, '4', '2018-10-22', '0', NULL),
('70', '10', '6', '12', '2018-10-22 20:19:23', NULL, '4', '2018-10-22', '0', NULL),
('71', '12', '6', '12', '2018-10-22 20:20:05', NULL, '4', '2018-10-22', '0', NULL),
('72', '18', '11', '12', '2018-10-22 20:24:40', NULL, '4', '2018-10-22', '0', NULL),
('73', '25', '11', '12', '2018-10-22 20:24:40', NULL, '4', '2018-10-22', '0', NULL),
('74', '20', '7', '12', '2018-10-22 20:25:01', NULL, '4', '2018-10-22', '0', NULL),
('75', '22', '7', '12', '2018-10-22 20:25:54', NULL, '4', '2018-10-22', '0', NULL),
('76', '18', '12', '12', '2018-10-22 20:28:25', NULL, '4', '2018-10-22', '0', NULL),
('77', '25', '12', '12', '2018-10-22 20:28:33', NULL, '4', '2018-10-22', '0', NULL),
('78', '18', '13', '12', '2018-10-22 20:29:54', NULL, '4', '2018-10-22', NULL, NULL),
('79', '18', '13', '12', '2018-10-22 20:29:54', 'Updated.', '4', '2018-10-22', '0', NULL),
('80', '25', '13', '12', '2018-10-22 20:29:59', NULL, '4', '2018-10-22', '0', NULL),
('81', '18', '14', '12', '2018-10-22 20:30:02', NULL, '4', '2018-10-22', '0', NULL),
('82', '25', '14', '12', '2018-10-22 20:30:10', NULL, '4', '2018-10-22', '0', NULL),
('83', '20', '8', '12', '2018-10-22 20:30:25', NULL, '4', '2018-10-22', '0', NULL),
('84', '22', '8', '12', '2018-10-22 20:30:44', NULL, '4', '2018-10-22', '0', NULL),
('85', '18', '15', '12', '2018-11-02 15:09:53', NULL, '4', '2018-10-22', NULL, NULL),
('86', '43', '1', '12', '2018-10-22 20:33:35', NULL, '4', '2018-10-22', '0', NULL),
('87', '18', '16', '12', '2018-10-22 20:52:11', NULL, '4', '2018-10-22', '0', NULL),
('88', '25', '15', '12', '2018-10-22 20:52:21', NULL, '4', '2018-10-22', '0', NULL),
('89', '18', '17', '12', '2018-10-23 11:30:44', NULL, '4', '2018-10-23', '0', NULL),
('90', '25', '16', '12', '2018-10-23 11:30:51', NULL, '4', '2018-10-23', '0', NULL),
('91', '18', '18', '12', '2018-10-23 12:25:06', NULL, '4', '2018-10-23', '0', NULL),
('92', '25', '17', '12', '2018-10-23 12:25:12', NULL, '4', '2018-10-23', '0', NULL),
('93', '43', '2', '12', '2018-10-23 12:26:25', NULL, '4', '2018-10-23', '0', NULL),
('94', '18', '19', '12', '2018-10-23 12:30:08', NULL, '4', '2018-10-23', NULL, NULL),
('95', '25', '18', '12', '2018-10-23 12:29:22', NULL, '4', '2018-10-23', '0', NULL),
('96', '18', '19', '12', '2018-10-23 12:30:08', 'Updated.', '4', '2018-10-23', '0', NULL),
('97', '18', '20', '12', '2018-10-23 12:30:41', NULL, '4', '2018-10-23', '0', NULL),
('98', '25', '19', '12', '2018-10-23 12:30:45', NULL, '4', '2018-10-23', '0', NULL),
('99', '18', '21', '12', '2018-10-23 12:34:45', NULL, '4', '2018-10-23', '0', NULL),
('100', '18', '22', '12', '2018-10-23 12:36:15', NULL, '4', '2018-10-23', '0', NULL),
('101', '25', '20', '12', '2018-10-23 12:36:29', NULL, '4', '2018-10-23', '0', NULL),
('102', '43', '3', '12', '2018-10-23 12:40:46', NULL, '4', '2018-10-23', '0', NULL),
('103', '18', '23', '17', '2018-11-07 15:58:45', NULL, '4', '2018-10-23', NULL, NULL),
('104', '0', '4', '12', '2018-10-23 18:03:28', NULL, '4', '2018-10-23', '0', NULL),
('105', '0', '5', '12', '2018-10-23 18:04:55', NULL, '4', '2018-10-23', '0', NULL),
('106', '18', '24', '12', '2018-10-23 21:01:07', NULL, '4', '2018-10-23', '0', NULL),
('107', '25', '21', '12', '2018-10-23 21:01:07', NULL, '4', '2018-10-23', '0', NULL),
('108', '20', '9', '12', '2018-10-23 21:01:07', NULL, '4', '2018-10-23', '0', NULL),
('109', '22', '9', '12', '2018-10-23 21:02:30', NULL, '4', '2018-10-23', '0', NULL),
('110', '0', '6', '17', '2018-10-23 23:54:42', NULL, '4', '2019-06-30', '0', NULL),
('111', '0', '0', '17', '2018-10-23 23:54:42', NULL, '0', '2018-10-23', NULL, NULL),
('112', '30', '11', '17', '2018-10-24 00:43:43', NULL, '4', '2018-10-23', '0', NULL),
('113', '13', '7', '17', '2018-10-24 00:43:43', NULL, '4', '2018-10-23', '0', NULL),
('114', '10', '7', '17', '2018-10-24 00:43:43', NULL, '4', '2018-10-23', '0', NULL),
('115', '12', '7', '17', '2018-10-24 00:45:14', NULL, '4', '2018-10-23', '0', NULL),
('116', '11', '1', '17', '2018-10-24 00:48:05', NULL, '4', '2018-10-23', '0', NULL),
('117', '30', '12', '12', '2018-11-03 14:13:32', NULL, '4', '2018-10-24', NULL, NULL),
('118', '18', '25', '12', '2018-10-24 12:11:28', NULL, '4', '2018-10-24', '0', NULL),
('119', '25', '22', '12', '2018-10-24 12:11:56', NULL, '4', '2018-10-24', '0', NULL),
('120', '32', '1', '12', '2018-10-24 12:14:26', NULL, '4', '2018-10-24', '0', NULL),
('121', '13', '8', '12', '2018-10-24 12:23:28', NULL, '4', '2018-10-24', '0', NULL),
('122', '18', '26', '12', '2018-10-24 12:27:40', NULL, '4', '2018-10-24', '0', NULL),
('123', '25', '23', '12', '2018-10-24 12:27:40', NULL, '4', '2018-10-24', '0', NULL),
('124', '13', '9', '12', '2018-11-11 00:06:01', NULL, '4', '2018-10-24', NULL, NULL),
('125', '42', '1', '12', '2018-10-24 12:33:20', NULL, '4', '2018-10-24', NULL, NULL),
('126', '42', '1', '12', '2018-10-24 12:33:20', NULL, '4', '2018-10-24', '0', NULL),
('127', '18', '27', '12', '2018-10-24 12:42:57', NULL, '4', '2018-10-24', '0', NULL),
('128', '25', '24', '12', '2018-10-24 12:43:08', NULL, '4', '2018-10-24', '0', NULL),
('129', '20', '10', '12', '2018-10-24 12:44:55', NULL, '4', '2018-10-24', '0', NULL),
('130', '22', '10', '12', '2018-10-24 12:46:52', NULL, '4', '2018-10-24', '0', NULL),
('131', '30', '13', '12', '2018-10-24 13:32:17', NULL, '4', '2018-10-24', '0', NULL),
('132', '13', '10', '12', '2018-10-24 13:32:29', NULL, '4', '2018-10-24', '0', NULL),
('133', '10', '8', '12', '2018-10-24 13:33:50', NULL, '4', '2018-10-24', '0', NULL),
('134', '43', '4', '12', '2018-10-24 15:56:49', NULL, '4', '2018-10-24', '0', NULL),
('135', '18', '28', '17', '2018-10-24 17:42:47', NULL, '4', '2018-10-24', '0', NULL),
('136', '25', '25', '17', '2018-10-24 17:42:47', NULL, '4', '2018-10-24', '0', NULL),
('137', '20', '11', '17', '2018-10-24 17:42:47', NULL, '4', '2018-10-24', '0', NULL),
('138', '18', '29', '17', '2018-10-24 17:44:23', NULL, '4', '2018-10-24', '0', NULL),
('139', '25', '26', '17', '2018-10-24 17:44:23', NULL, '4', '2018-10-24', '0', NULL),
('140', '20', '12', '17', '2018-10-24 17:44:23', NULL, '4', '2018-10-24', '0', NULL),
('141', '0', '7', '12', '2018-10-24 17:45:40', NULL, '4', '2018-10-24', '0', NULL),
('142', '18', '30', '12', '2018-10-24 19:01:05', NULL, '4', '2018-10-24', '0', NULL),
('143', '25', '27', '12', '2018-10-24 19:03:40', NULL, '4', '2018-10-24', '0', NULL),
('144', '20', '13', '12', '2018-10-24 19:04:37', NULL, '4', '2018-10-24', '0', NULL),
('145', '22', '11', '12', '2018-10-24 19:07:11', NULL, '4', '2018-10-24', '0', NULL),
('146', '18', '31', '12', '2018-10-24 19:44:21', NULL, '4', '2018-10-24', '0', NULL),
('147', '25', '28', '12', '2018-10-24 19:44:21', NULL, '4', '2018-10-24', '0', NULL),
('148', '20', '14', '12', '2018-10-24 19:44:21', NULL, '4', '2018-10-24', '0', NULL),
('149', '18', '32', '12', '2018-10-24 20:08:01', NULL, '4', '2018-10-24', '0', NULL),
('150', '25', '29', '12', '2018-10-24 20:08:01', NULL, '4', '2018-10-24', '0', NULL),
('151', '20', '15', '12', '2018-10-24 20:08:01', NULL, '4', '2018-10-24', '0', NULL),
('152', '18', '33', '12', '2018-10-24 20:15:12', NULL, '4', '2018-10-24', '0', NULL),
('153', '25', '30', '12', '2018-10-24 20:15:12', NULL, '4', '2018-10-24', '0', NULL),
('154', '20', '16', '12', '2018-10-24 20:15:12', NULL, '4', '2018-10-24', '0', NULL),
('155', '12', '8', '17', '2018-10-25 00:05:16', NULL, '4', '2018-10-24', '0', NULL),
('156', '30', '14', '17', '2018-10-25 00:10:55', NULL, '4', '2018-10-24', NULL, NULL),
('157', '13', '11', '17', '2018-10-25 00:07:10', NULL, '4', '2018-10-24', '0', NULL),
('158', '30', '14', '17', '2018-10-25 00:10:55', 'Updated.', '4', '2018-10-24', '0', NULL),
('159', '13', '12', '17', '2018-10-25 00:12:45', NULL, '4', '2018-10-24', '0', NULL),
('160', '10', '9', '17', '2018-10-25 00:15:52', NULL, '4', '2018-10-24', '0', NULL),
('161', '30', '15', '17', '2018-10-25 00:19:06', NULL, '4', '2018-10-24', '0', NULL),
('162', '13', '13', '17', '2018-10-25 00:19:06', NULL, '4', '2018-10-24', '0', NULL),
('163', '10', '10', '17', '2018-10-25 00:19:06', NULL, '4', '2018-10-24', '0', NULL),
('164', '32', '2', '12', '2018-10-25 11:46:08', NULL, '4', '2018-10-25', '0', NULL),
('165', '0', '3', '17', '2018-10-25 14:04:06', 'Voided.\nDocument reentered.', '4', '2018-10-25', '0', NULL),
('166', '0', '8', '17', '2018-10-25 14:04:06', NULL, '4', '2018-10-22', '0', NULL),
('167', '0', '9', '12', '2018-10-25 14:53:01', NULL, '4', '2018-10-25', '0', NULL),
('168', '30', '5', '12', '2018-10-25 15:36:23', 'Updated.', '4', '2018-10-22', '0', NULL),
('169', '13', '14', '12', '2018-10-25 15:37:03', NULL, '4', '2018-10-22', '0', NULL),
('170', '10', '11', '12', '2018-10-25 15:38:52', NULL, '4', '2018-10-22', '0', NULL),
('171', '12', '9', '12', '2018-10-25 15:41:35', NULL, '4', '2018-10-22', '0', NULL),
('172', '30', '16', '12', '2018-11-19 12:56:57', NULL, '4', '2018-10-22', NULL, NULL),
('173', '32', '3', '17', '2018-10-25 16:15:19', NULL, '4', '2018-10-25', '0', NULL),
('174', '30', '17', '12', '2018-11-21 03:41:20', NULL, '4', '2018-10-22', NULL, NULL),
('175', '30', '18', '12', '2018-10-25 16:31:36', NULL, '4', '2018-10-22', '0', NULL),
('176', '30', '19', '12', '2018-10-25 17:00:22', NULL, '4', '2018-10-22', '0', NULL),
('177', '18', '34', '12', '2018-10-25 17:08:11', NULL, '4', '2018-10-22', '0', NULL),
('178', '25', '31', '12', '2018-10-25 17:08:11', NULL, '4', '2018-10-22', '0', NULL),
('179', '20', '17', '12', '2018-10-25 17:08:11', NULL, '4', '2018-10-22', '0', NULL),
('180', '13', '15', '12', '2018-10-25 17:08:36', NULL, '4', '2018-10-22', '0', NULL),
('181', '10', '12', '12', '2018-10-25 17:09:06', NULL, '4', '2018-10-22', '0', NULL),
('182', '30', '20', '12', '2018-10-25 17:27:10', NULL, '4', '2018-10-22', '0', NULL),
('183', '13', '16', '12', '2018-10-25 17:27:41', NULL, '4', '2018-10-22', '0', NULL),
('184', '11', '2', '12', '2018-10-25 17:39:41', NULL, '4', '2018-10-22', '0', NULL),
('185', '30', '21', '12', '2018-10-25 17:42:17', NULL, '4', '2018-10-22', '0', NULL),
('186', '13', '17', '12', '2018-10-25 17:42:47', NULL, '4', '2018-10-22', '0', NULL),
('187', '10', '13', '12', '2018-10-25 17:43:04', NULL, '4', '2018-10-22', '0', NULL),
('188', '11', '3', '12', '2018-10-25 17:43:58', NULL, '4', '2018-10-22', '0', NULL),
('189', '30', '22', '12', '2018-10-25 17:49:10', NULL, '4', '2018-10-22', '0', NULL),
('190', '13', '18', '12', '2018-10-25 17:49:33', NULL, '4', '2018-10-22', '0', NULL),
('191', '10', '14', '12', '2018-11-02 14:27:39', NULL, '4', '2018-10-22', NULL, NULL),
('192', '11', '4', '12', '2018-10-25 17:52:44', NULL, '4', '2018-10-22', '0', NULL),
('193', '13', '19', '17', '2018-10-26 17:12:42', NULL, '4', '2018-10-26', '0', NULL),
('194', '13', '20', '17', '2018-10-26 17:14:42', NULL, '4', '2018-10-26', '0', NULL),
('195', '32', '4', '17', '2018-10-26 17:57:52', NULL, '4', '2018-10-26', '0', NULL),
('196', '30', '23', '17', '2018-10-26 18:11:06', NULL, '4', '2018-10-26', '0', NULL),
('197', '13', '21', '17', '2018-10-26 18:11:06', NULL, '4', '2018-10-26', '0', NULL),
('198', '10', '15', '17', '2018-10-26 18:11:06', NULL, '4', '2018-10-26', '0', NULL),
('199', '20', '18', '17', '2018-10-27 01:12:05', NULL, '4', '2018-10-26', '0', NULL),
('200', '30', '24', '12', '2018-10-27 12:46:00', NULL, '4', '2018-10-27', '0', NULL),
('201', '13', '22', '12', '2018-10-27 12:46:00', NULL, '4', '2018-10-27', '0', NULL),
('202', '10', '16', '12', '2018-10-27 12:46:00', NULL, '4', '2018-10-27', '0', NULL),
('203', '12', '10', '12', '2018-10-27 12:46:15', NULL, '4', '2018-10-27', '0', NULL),
('204', '20', '19', '12', '2018-10-27 14:56:55', NULL, '4', '2018-10-27', '0', NULL),
('205', '1', '2', '17', '2018-10-27 15:43:16', NULL, '4', '2018-10-27', NULL, NULL),
('206', '1', '2', '17', '2018-10-27 15:43:16', NULL, '4', '2018-10-27', '0', NULL),
('207', '20', '20', '12', '2018-10-27 15:52:25', NULL, '4', '2018-10-27', '0', NULL),
('208', '18', '35', '12', '2018-10-27 15:52:55', NULL, '4', '2018-10-27', '0', NULL),
('209', '25', '32', '12', '2018-10-27 15:52:55', NULL, '4', '2018-10-27', '0', NULL),
('210', '20', '21', '12', '2018-10-27 15:52:55', NULL, '4', '2018-10-27', '0', NULL),
('211', '20', '22', '12', '2018-10-27 15:55:58', NULL, '4', '2018-10-27', '0', NULL),
('212', '18', '36', '12', '2018-10-27 16:12:16', NULL, '4', '2018-10-27', '0', NULL),
('213', '25', '33', '12', '2018-10-27 16:12:16', NULL, '4', '2018-10-27', '0', NULL),
('214', '20', '23', '12', '2018-10-27 16:12:16', NULL, '4', '2018-10-27', '0', NULL),
('215', '18', '37', '12', '2018-10-27 17:14:38', NULL, '4', '2018-10-27', '0', NULL),
('216', '25', '34', '12', '2018-10-27 17:14:38', NULL, '4', '2018-10-27', '0', NULL),
('217', '20', '24', '12', '2018-10-27 17:14:38', NULL, '4', '2018-10-27', '0', NULL),
('218', '20', '25', '12', '2018-10-27 17:18:04', NULL, '4', '2018-10-27', '0', NULL),
('219', '20', '26', '12', '2018-10-27 17:27:12', NULL, '4', '2018-10-27', '0', NULL),
('220', '20', '27', '12', '2018-10-27 18:23:35', NULL, '4', '2018-10-27', '0', NULL),
('221', '18', '38', '12', '2018-10-27 18:24:25', NULL, '4', '2018-10-27', '0', NULL),
('222', '25', '35', '12', '2018-10-27 18:24:25', NULL, '4', '2018-10-27', '0', NULL),
('223', '20', '28', '12', '2018-10-27 18:24:25', NULL, '4', '2018-10-27', '0', NULL),
('224', '18', '39', '12', '2018-10-27 18:39:45', NULL, '4', '2018-10-27', '0', NULL),
('225', '25', '36', '12', '2018-10-27 18:39:45', NULL, '4', '2018-10-27', '0', NULL),
('226', '20', '29', '12', '2018-10-27 18:39:45', NULL, '4', '2018-10-27', '0', NULL),
('227', '18', '40', '12', '2018-10-27 19:22:14', NULL, '4', '2018-10-27', '0', NULL),
('228', '25', '37', '12', '2018-10-27 19:22:14', NULL, '4', '2018-10-27', '0', NULL),
('229', '20', '30', '12', '2018-10-27 19:22:14', NULL, '4', '2018-10-27', '0', NULL),
('230', '30', '25', '17', '2018-10-27 21:00:37', NULL, '4', '2018-10-27', '0', NULL),
('231', '13', '23', '17', '2018-10-27 21:02:12', NULL, '4', '2018-10-27', '0', NULL),
('232', '10', '17', '17', '2018-10-27 21:03:02', NULL, '4', '2018-10-27', '0', NULL),
('233', '30', '26', '17', '2018-10-27 22:08:56', NULL, '4', '2018-10-27', '0', NULL),
('234', '13', '24', '17', '2018-10-27 22:08:56', NULL, '4', '2018-10-27', '0', NULL),
('235', '10', '18', '17', '2018-10-27 22:08:56', NULL, '4', '2018-10-27', '0', NULL),
('236', '30', '27', '17', '2018-10-28 21:55:43', NULL, '4', '2018-10-28', '0', NULL),
('237', '13', '25', '17', '2018-10-28 21:55:43', NULL, '4', '2018-10-28', '0', NULL),
('238', '10', '19', '17', '2018-10-28 21:55:43', NULL, '4', '2018-10-28', '0', NULL),
('239', '12', '11', '17', '2018-10-29 01:30:59', NULL, '4', '2018-10-28', '0', NULL),
('240', '12', '12', '17', '2018-10-29 01:32:54', NULL, '4', '2018-07-01', '0', NULL),
('241', '30', '28', '17', '2018-10-29 13:28:25', NULL, '4', '2018-10-29', '0', NULL),
('242', '30', '29', '17', '2018-10-29 13:30:35', NULL, '4', '2018-10-29', '0', NULL),
('243', '13', '26', '17', '2018-10-29 13:30:35', NULL, '4', '2018-10-29', '0', NULL),
('244', '10', '20', '17', '2018-10-29 13:30:35', NULL, '4', '2018-10-29', '0', NULL),
('245', '30', '30', '12', '2018-10-29 14:27:17', NULL, '4', '2018-10-29', '0', NULL),
('246', '13', '27', '12', '2018-10-29 14:27:17', NULL, '4', '2018-10-29', '0', NULL),
('247', '10', '21', '12', '2018-10-29 14:27:17', NULL, '4', '2018-10-29', '0', NULL),
('248', '30', '31', '12', '2018-10-29 14:30:53', NULL, '4', '2018-10-29', '0', NULL),
('249', '13', '28', '12', '2018-10-29 14:30:53', NULL, '4', '2018-10-29', '0', NULL),
('250', '10', '22', '12', '2018-10-29 14:30:53', NULL, '4', '2018-10-29', '0', NULL),
('251', '12', '13', '12', '2018-10-29 14:34:26', NULL, '4', '2018-10-29', '0', NULL),
('252', '30', '32', '17', '2018-10-29 14:37:09', NULL, '4', '2018-10-29', '0', NULL),
('253', '18', '41', '12', '2018-10-29 14:41:56', NULL, '4', '2018-10-29', '0', NULL),
('254', '25', '38', '12', '2018-10-29 14:41:56', NULL, '4', '2018-10-29', '0', NULL),
('255', '20', '31', '12', '2018-10-29 14:41:56', NULL, '4', '2018-10-29', '0', NULL),
('256', '18', '42', '12', '2018-10-29 14:42:43', NULL, '4', '2018-10-29', '0', NULL),
('257', '25', '39', '12', '2018-10-29 14:42:43', NULL, '4', '2018-10-29', '0', NULL),
('258', '20', '32', '12', '2018-10-29 14:42:43', NULL, '4', '2018-10-29', '0', NULL),
('259', '22', '12', '12', '2018-10-29 14:45:03', NULL, '4', '2018-10-29', '0', NULL),
('260', '1', '3', '12', '2018-10-29 14:49:16', NULL, '4', '2018-10-29', '0', NULL),
('261', '1', '4', '12', '2018-10-29 14:50:50', NULL, '4', '2018-10-29', '0', NULL),
('262', '1', '5', '12', '2018-10-29 15:02:35', NULL, '4', '2018-10-29', '0', NULL),
('263', '43', '5', '12', '2018-10-29 18:17:52', NULL, '4', '2018-10-29', '0', NULL),
('264', '18', '43', '12', '2018-10-29 18:32:39', NULL, '4', '2018-10-29', '0', NULL),
('265', '25', '40', '12', '2018-10-29 18:32:45', NULL, '4', '2018-10-29', '0', NULL),
('266', '18', '44', '17', '2018-10-29 18:45:25', NULL, '4', '2018-10-29', '0', NULL),
('267', '25', '41', '17', '2018-10-29 18:45:25', NULL, '4', '2018-10-29', '0', NULL),
('268', '16', '1', '17', '2018-10-29 18:46:10', NULL, '4', '2018-10-29', '0', NULL),
('269', '1', '6', '17', '2018-10-30 14:46:37', NULL, '4', '2018-10-30', '0', NULL),
('270', '26', '1', '17', '2018-10-30 14:48:42', NULL, '4', '2018-10-30', NULL, NULL),
('271', '26', '1', '17', '2018-10-30 14:48:42', 'Released.', '4', '2018-10-30', '0', NULL),
('272', '28', '1', '17', '2018-10-30 14:50:34', NULL, '4', '2018-10-30', '0', NULL),
('273', '18', '45', '12', '2018-10-30 15:37:52', NULL, '4', '2018-10-30', '0', NULL),
('274', '25', '42', '12', '2018-10-30 15:41:07', NULL, '4', '2018-10-30', '0', NULL),
('275', '20', '33', '12', '2018-10-30 15:43:07', NULL, '4', '2018-10-30', '0', NULL),
('276', '13', '29', '12', '2018-10-30 16:54:16', NULL, '4', '2018-10-30', '0', NULL),
('277', '10', '23', '12', '2018-10-30 16:55:07', NULL, '4', '2018-10-30', '0', NULL),
('278', '1', '7', '12', '2018-10-30 16:58:32', NULL, '4', '2018-10-30', '0', NULL),
('279', '1', '8', '12', '2018-10-30 16:59:15', NULL, '4', '2018-10-30', NULL, NULL),
('280', '1', '8', '12', '2018-10-30 16:59:15', NULL, '4', '2018-10-30', '0', NULL),
('281', '0', '10', '12', '2018-10-30 17:00:27', NULL, '4', '2018-10-30', '0', NULL),
('282', '18', '46', '17', '2018-10-30 17:44:35', NULL, '4', '2018-10-27', '0', NULL),
('283', '25', '43', '17', '2018-10-30 17:44:35', NULL, '4', '2018-10-27', '0', NULL),
('284', '18', '47', '17', '2018-10-30 17:48:47', NULL, '4', '2018-10-27', '0', NULL),
('285', '25', '44', '17', '2018-10-30 17:48:47', NULL, '4', '2018-10-27', '0', NULL),
('286', '25', '45', '12', '2018-10-30 18:46:00', NULL, '4', '2018-10-30', '0', NULL),
('287', '20', '34', '12', '2018-10-30 18:46:59', NULL, '4', '2018-10-30', '0', NULL),
('288', '18', '48', '12', '2018-10-30 18:50:13', NULL, '4', '2018-10-30', '0', NULL),
('289', '25', '46', '12', '2018-10-30 18:50:47', NULL, '4', '2018-10-30', '0', NULL),
('290', '20', '35', '12', '2018-10-30 19:02:37', NULL, '4', '2018-10-30', NULL, NULL),
('291', '20', '35', '12', '2018-10-30 19:02:37', 'Voided.\nDocument reentered.', '4', '2018-10-30', '0', NULL),
('292', '20', '36', '12', '2018-10-30 19:02:37', NULL, '4', '2018-10-30', '0', NULL),
('293', '22', '13', '12', '2018-10-30 19:05:26', NULL, '4', '2018-10-30', '0', NULL),
('294', '42', '2', '12', '2018-10-30 19:07:36', NULL, '4', '2018-10-30', '0', NULL),
('295', '41', '3', '12', '2018-10-30 19:10:05', NULL, '4', '2018-10-30', '0', NULL),
('296', '0', '11', '12', '2018-10-31 15:01:49', NULL, '4', '2018-10-31', '0', NULL),
('297', '22', '14', '12', '2018-10-31 15:03:12', NULL, '4', '2018-10-31', '0', NULL),
('298', '18', '49', '17', '2018-10-31 15:13:05', NULL, '4', '2018-10-25', '0', NULL),
('299', '25', '47', '17', '2018-10-31 15:13:05', NULL, '4', '2018-10-25', '0', NULL),
('300', '26', '2', '12', '2018-10-31 16:13:05', NULL, '4', '2018-10-31', NULL, NULL),
('301', '26', '2', '12', '2018-10-31 16:13:05', 'Released.', '4', '2018-10-31', '0', NULL),
('302', '35', '1', '12', '2018-10-31 16:13:11', NULL, '4', '2018-10-31', '0', NULL),
('303', '28', '2', '12', '2018-10-31 16:13:58', NULL, '4', '2018-10-31', '0', NULL),
('304', '29', '1', '12', '2018-10-31 16:49:32', 'Production.', '4', '2018-10-31', '0', NULL),
('305', '25', '48', '17', '2018-10-31 18:07:43', NULL, '4', '2018-10-31', '0', NULL),
('306', '25', '49', '17', '2018-10-31 18:19:14', NULL, '4', '2018-10-30', '0', NULL),
('307', '30', '33', '12', '2018-10-31 18:43:37', NULL, '4', '2018-10-31', '0', NULL),
('308', '13', '30', '12', '2018-11-02 14:27:39', NULL, '4', '2018-10-31', NULL, NULL),
('309', '10', '24', '12', '2018-11-02 14:27:39', NULL, '4', '2018-10-31', NULL, NULL),
('310', '12', '14', '12', '2018-10-31 18:46:46', NULL, '4', '2018-10-31', '0', NULL),
('311', '4', '2', '12', '2018-10-31 18:51:40', NULL, '4', '2018-10-31', '0', NULL),
('312', '4', '3', '12', '2018-10-31 18:52:34', NULL, '4', '2018-10-31', '0', NULL),
('313', '1', '9', '12', '2018-10-31 18:53:37', NULL, '4', '2018-10-31', '0', NULL),
('314', '1', '10', '12', '2018-10-31 18:56:00', NULL, '4', '2018-10-31', '0', NULL),
('315', '1', '11', '12', '2018-10-31 18:57:38', NULL, '4', '2018-10-31', '0', NULL),
('316', '1', '12', '12', '2018-10-31 19:04:43', NULL, '4', '2018-10-31', '0', NULL),
('317', '30', '34', '12', '2018-10-31 19:14:50', NULL, '4', '2018-10-31', '0', NULL),
('318', '13', '31', '12', '2018-10-31 19:14:50', NULL, '4', '2018-10-31', '0', NULL),
('319', '10', '25', '12', '2018-10-31 19:14:50', NULL, '4', '2018-10-31', '0', NULL),
('320', '29', '2', '12', '2018-10-31 20:05:49', 'Production.', '4', '2018-10-31', '0', NULL),
('321', '18', '50', '12', '2018-11-01 15:51:43', NULL, '4', '2018-11-01', '0', NULL),
('322', '25', '50', '12', '2018-11-01 15:51:43', NULL, '4', '2018-11-01', '0', NULL),
('323', '20', '37', '12', '2018-11-01 15:51:43', NULL, '4', '2018-11-01', '0', NULL),
('324', '12', '15', '12', '2018-11-01 18:36:12', NULL, '4', '2018-11-01', '0', NULL),
('325', '17', '1', '12', '2018-11-01 18:41:16', NULL, '4', '2018-11-01', '0', NULL),
('326', '17', '2', '12', '2018-11-01 18:42:02', NULL, '4', '2018-11-01', '0', NULL),
('327', '22', '15', '17', '2018-11-01 18:43:51', NULL, '4', '2018-11-01', '0', NULL),
('328', '26', '3', '12', '2018-11-01 18:52:33', NULL, '4', '2018-11-01', NULL, NULL),
('329', '26', '3', '12', '2018-11-01 18:52:33', 'Released.', '4', '2018-11-01', '0', NULL),
('330', '1', '13', '17', '2018-11-01 18:54:26', NULL, '4', '2018-11-01', NULL, NULL),
('331', '1', '13', '17', '2018-11-01 18:54:26', NULL, '4', '2018-11-01', '0', NULL),
('332', '17', '3', '12', '2018-11-01 18:59:38', NULL, '4', '2018-11-01', '0', NULL),
('333', '26', '4', '12', '2018-11-01 19:00:39', NULL, '4', '2018-11-01', NULL, NULL),
('334', '26', '4', '12', '2018-11-01 19:00:39', 'Released.', '4', '2018-11-01', '0', NULL),
('335', '29', '3', '12', '2018-11-01 19:00:40', 'Production.', '4', '2018-11-01', '0', NULL),
('336', '28', '3', '12', '2018-11-01 20:11:25', NULL, '4', '2018-11-01', '0', NULL),
('337', '28', '4', '12', '2018-11-02 12:21:16', NULL, '4', '2018-11-02', '0', NULL),
('338', '18', '51', '12', '2018-11-02 13:00:57', NULL, '4', '2018-11-02', '0', NULL),
('339', '25', '51', '12', '2018-11-02 13:00:57', NULL, '4', '2018-11-02', '0', NULL),
('340', '20', '38', '12', '2018-11-02 13:01:39', NULL, '4', '2018-11-02', '0', NULL),
('341', '18', '52', '12', '2018-11-02 13:02:32', NULL, '4', '2018-11-02', '0', NULL),
('342', '25', '52', '12', '2018-11-02 13:02:32', NULL, '4', '2018-11-02', '0', NULL),
('343', '20', '39', '12', '2018-11-02 13:02:48', NULL, '4', '2018-11-02', '0', NULL),
('344', '17', '4', '12', '2018-11-02 14:23:57', NULL, '4', '2018-11-02', '0', NULL),
('345', '13', '32', '12', '2018-11-02 14:26:27', NULL, '4', '2018-11-02', '0', NULL),
('346', '13', '30', '12', '2018-11-02 14:27:39', 'Voided.', '4', '2018-11-02', '0', NULL),
('347', '10', '24', '12', '2018-11-02 14:27:39', 'Voided.\n', '4', '2018-11-02', '0', NULL),
('348', '10', '14', '12', '2018-11-02 14:27:39', 'Voided.\n', '4', '2018-11-02', '0', NULL),
('349', '10', '3', '12', '2018-11-02 14:27:39', 'Voided.\n', '4', '2018-11-02', '0', NULL),
('350', '25', '53', '12', '2018-11-02 14:37:43', NULL, '4', '2018-11-02', '0', NULL),
('351', '18', '53', '12', '2018-11-02 14:41:59', NULL, '4', '2018-11-02', '0', NULL),
('352', '25', '54', '12', '2018-11-02 14:41:59', NULL, '4', '2018-11-02', '0', NULL),
('353', '18', '15', '12', '2018-11-02 15:09:53', 'Updated.', '4', '2018-11-02', '0', NULL),
('354', '25', '55', '12', '2018-11-02 15:10:19', NULL, '4', '2018-10-22', '0', NULL),
('355', '18', '54', '12', '2018-11-02 15:22:04', NULL, '4', '2018-10-22', '0', NULL),
('356', '25', '56', '12', '2018-11-02 17:59:41', NULL, '4', '2018-11-02', '0', NULL),
('357', '30', '35', '12', '2018-11-02 18:19:22', NULL, '4', '2018-10-01', '0', NULL),
('358', '13', '33', '12', '2018-11-02 18:19:22', NULL, '4', '2018-10-01', '0', NULL),
('359', '10', '26', '12', '2018-11-02 18:19:22', NULL, '4', '2018-10-01', '0', NULL),
('360', '12', '16', '12', '2018-11-02 18:20:03', NULL, '4', '2018-10-15', '0', NULL),
('361', '0', '12', '12', '2018-11-02 18:54:08', NULL, '4', '2018-11-02', '0', NULL),
('362', '0', '13', '12', '2018-11-02 18:55:56', NULL, '4', '2018-11-02', NULL, NULL),
('363', '0', '13', '12', '2018-11-02 18:55:56', 'Voided.\nDocument reentered.', '4', '2018-11-02', '0', NULL),
('364', '0', '14', '12', '2018-11-02 18:55:56', NULL, '4', '2018-11-02', '0', NULL),
('365', '0', '15', '12', '2018-11-02 18:58:13', NULL, '4', '2018-11-02', '0', NULL),
('366', '0', '16', '12', '2018-11-02 18:59:35', NULL, '4', '2018-11-02', '0', NULL),
('367', '0', '17', '12', '2018-11-02 19:01:38', NULL, '4', '2018-11-02', '0', NULL),
('368', '0', '18', '12', '2018-11-02 19:03:20', NULL, '4', '2018-11-02', '0', NULL),
('369', '0', '19', '12', '2018-11-02 19:04:14', NULL, '4', '2018-11-02', '0', NULL),
('370', '12', '17', '12', '2018-11-02 19:37:11', NULL, '4', '2018-10-14', '0', NULL),
('371', '30', '36', '12', '2018-11-03 12:16:18', NULL, '4', '2018-11-03', '0', NULL),
('372', '18', '55', '12', '2018-11-03 12:19:33', NULL, '4', '2018-11-03', '0', NULL),
('373', '30', '37', '12', '2018-11-03 12:41:51', NULL, '4', '2018-11-03', '0', NULL),
('374', '18', '56', '12', '2018-11-03 12:42:28', NULL, '4', '2018-11-03', '0', NULL),
('375', '30', '38', '12', '2018-11-03 14:00:01', NULL, '4', '2018-11-03', '0', NULL),
('376', '30', '12', '12', '2018-11-03 14:13:32', 'Updated.', '4', '2018-10-24', '0', NULL),
('377', '11', '5', '12', '2018-11-03 18:02:25', NULL, '4', '2018-11-03', '0', NULL),
('378', '11', '6', '12', '2018-11-03 18:02:48', NULL, '4', '2018-11-03', '0', NULL),
('379', '30', '39', '12', '2018-11-03 18:04:16', NULL, '4', '2018-11-03', '0', NULL),
('380', '13', '34', '12', '2018-11-03 18:04:16', NULL, '4', '2018-11-03', '0', NULL),
('381', '10', '27', '12', '2018-11-03 18:04:16', NULL, '4', '2018-11-03', '0', NULL),
('382', '30', '40', '12', '2018-11-03 18:05:08', NULL, '4', '2018-11-03', '0', NULL),
('383', '13', '35', '12', '2018-11-03 18:05:08', NULL, '4', '2018-11-03', '0', NULL),
('384', '10', '28', '12', '2018-11-03 18:05:08', NULL, '4', '2018-11-03', '0', NULL),
('385', '18', '57', '12', '2018-11-06 17:36:56', NULL, '4', '2018-11-06', NULL, NULL),
('386', '18', '57', '12', '2018-11-06 17:36:56', 'Updated.', '4', '2018-11-06', '0', NULL),
('387', '25', '57', '12', '2018-11-06 17:37:08', NULL, '4', '2018-11-06', '0', NULL),
('388', '18', '58', '12', '2018-11-06 20:01:23', NULL, '4', '2018-11-06', NULL, NULL),
('389', '25', '58', '12', '2018-11-06 20:00:43', NULL, '4', '2018-11-06', NULL, NULL),
('390', '25', '58', '12', '2018-11-06 20:00:43', 'Voided.\n', '4', '2018-11-06', '0', NULL),
('391', '18', '58', '12', '2018-11-06 20:01:23', 'Updated.', '4', '2018-11-06', '0', NULL),
('392', '18', '59', '12', '2018-11-06 20:01:59', NULL, '4', '2018-11-06', '0', NULL),
('393', '25', '59', '12', '2018-11-06 20:02:04', NULL, '4', '2018-11-06', '0', NULL),
('394', '20', '40', '12', '2018-11-06 20:02:49', NULL, '4', '2018-11-06', '0', NULL),
('395', '22', '16', '12', '2018-11-06 20:06:53', NULL, '4', '2018-11-06', NULL, NULL),
('396', '22', '16', '12', '2018-11-06 20:06:53', 'Voided.\n', '4', '2018-11-06', '0', NULL),
('397', '22', '17', '12', '2018-11-06 20:07:16', NULL, '4', '2018-11-06', '0', NULL),
('398', '4', '4', '12', '2018-11-06 20:15:01', NULL, '4', '2018-11-06', '0', NULL),
('399', '41', '4', '12', '2018-11-06 20:18:18', NULL, '4', '2018-11-06', NULL, NULL),
('400', '41', '5', '12', '2018-11-06 20:18:18', NULL, '4', '2018-11-06', '0', NULL),
('401', '41', '4', '12', '2018-11-06 20:18:18', 'Voided.\nDocument reentered.', '4', '2018-11-06', '0', NULL),
('402', '43', '6', '12', '2018-11-06 20:46:40', NULL, '4', '2018-11-06', '0', NULL),
('403', '25', '60', '12', '2018-11-07 13:33:11', NULL, '4', '2018-11-07', '0', NULL),
('404', '18', '60', '12', '2018-11-07 13:49:37', NULL, '4', '2018-11-07', '0', NULL),
('405', '25', '61', '12', '2018-11-07 13:49:46', NULL, '4', '2018-11-07', '0', NULL),
('406', '20', '41', '12', '2018-11-07 13:50:59', NULL, '4', '2018-11-07', '0', NULL),
('407', '22', '18', '12', '2018-11-07 13:51:52', NULL, '4', '2018-11-07', '0', NULL),
('408', '30', '41', '12', '2018-11-07 14:42:42', NULL, '4', '2018-11-07', '0', NULL),
('409', '18', '61', '12', '2018-11-07 14:56:26', NULL, '4', '2018-11-07', '0', NULL),
('410', '25', '62', '12', '2018-11-07 14:58:16', NULL, '4', '2018-11-07', '0', NULL),
('411', '20', '42', '12', '2018-11-07 14:59:10', NULL, '4', '2018-11-07', '0', NULL),
('412', '22', '19', '12', '2018-11-07 15:13:38', NULL, '4', '2018-11-07', '0', NULL),
('413', '20', '43', '12', '2018-11-07 15:17:44', NULL, '4', '2018-11-07', '0', NULL),
('414', '22', '20', '12', '2018-11-07 15:18:08', NULL, '4', '2018-11-07', '0', NULL),
('415', '18', '62', '17', '2018-11-07 15:19:44', NULL, '4', '2018-11-07', '0', NULL),
('416', '25', '63', '17', '2018-11-07 15:21:31', NULL, '4', '2018-11-07', '0', NULL),
('417', '13', '36', '12', '2018-11-07 15:34:33', NULL, '4', '2018-11-07', '0', NULL),
('418', '10', '29', '12', '2018-11-07 15:35:23', NULL, '4', '2018-11-07', '0', NULL),
('419', '12', '18', '12', '2018-11-07 15:36:04', NULL, '4', '2018-11-07', '0', NULL),
('420', '22', '21', '12', '2018-11-07 15:37:22', NULL, '4', '2018-11-07', '0', NULL),
('421', '30', '42', '12', '2018-11-07 15:48:53', NULL, '4', '2018-11-07', '0', NULL),
('422', '13', '37', '12', '2018-11-07 15:48:53', NULL, '4', '2018-11-07', '0', NULL),
('423', '10', '30', '12', '2018-11-07 15:48:53', NULL, '4', '2018-11-07', '0', NULL),
('424', '18', '23', '17', '2018-11-07 15:58:45', 'Updated.', '4', '2018-11-07', '0', NULL),
('425', '30', '43', '12', '2018-11-07 16:28:31', NULL, '4', '2018-11-07', '0', NULL),
('426', '13', '38', '12', '2018-11-07 16:28:31', NULL, '4', '2018-11-07', '0', NULL),
('427', '10', '31', '12', '2018-11-07 16:28:31', NULL, '4', '2018-11-07', '0', NULL),
('428', '18', '63', '12', '2018-11-07 16:32:36', NULL, '4', '2018-11-07', '0', NULL),
('429', '25', '64', '12', '2018-11-07 16:33:00', NULL, '4', '2018-11-07', '0', NULL),
('430', '20', '44', '12', '2018-11-07 16:34:03', NULL, '4', '2018-11-07', '0', NULL),
('431', '22', '22', '12', '2018-11-07 16:35:14', NULL, '4', '2018-11-07', '0', NULL),
('432', '13', '39', '12', '2018-11-07 17:33:03', NULL, '4', '2018-11-07', '0', NULL),
('433', '10', '32', '12', '2018-11-07 17:33:31', NULL, '4', '2018-11-07', '0', NULL),
('434', '11', '7', '12', '2018-11-07 17:40:46', NULL, '4', '2018-11-07', '0', NULL),
('435', '30', '44', '12', '2018-11-07 18:09:30', NULL, '4', '2018-11-07', '0', NULL),
('436', '13', '40', '12', '2018-11-07 18:09:30', NULL, '4', '2018-11-07', '0', NULL),
('437', '10', '33', '12', '2018-11-07 18:09:30', NULL, '4', '2018-11-07', '0', NULL),
('438', '30', '45', '17', '2018-11-07 18:51:34', NULL, '4', '2018-11-07', '0', NULL),
('439', '13', '41', '17', '2018-11-07 18:51:34', NULL, '4', '2018-11-07', '0', NULL),
('440', '10', '34', '17', '2018-11-07 18:51:34', NULL, '4', '2018-11-07', '0', NULL),
('441', '30', '46', '17', '2018-11-07 19:49:15', NULL, '4', '2018-11-07', '0', NULL),
('442', '13', '42', '17', '2018-11-07 19:52:50', NULL, '4', '2018-11-07', '0', NULL),
('443', '10', '35', '17', '2018-11-07 19:54:01', NULL, '4', '2018-11-07', '0', NULL),
('444', '12', '19', '17', '2018-11-07 19:56:59', NULL, '4', '2018-11-07', '0', NULL),
('445', '43', '7', '12', '2018-11-07 19:59:55', NULL, '4', '2018-11-07', '0', NULL),
('446', '18', '64', '12', '2018-11-08 13:05:02', NULL, '4', '2018-11-08', '0', NULL),
('447', '25', '65', '12', '2018-11-08 13:05:44', NULL, '4', '2018-11-08', '0', NULL),
('448', '20', '45', '12', '2018-11-08 13:07:13', NULL, '4', '2018-11-08', '0', NULL),
('449', '22', '23', '12', '2018-11-08 13:11:08', NULL, '4', '2018-11-08', '0', NULL),
('450', '30', '47', '12', '2018-11-08 13:24:57', NULL, '4', '2018-11-08', '0', NULL),
('451', '13', '43', '12', '2018-11-08 13:25:06', NULL, '4', '2018-11-08', '0', NULL),
('452', '10', '36', '12', '2018-11-08 13:26:12', NULL, '4', '2018-11-08', '0', NULL),
('453', '12', '20', '12', '2018-11-08 13:28:17', NULL, '4', '2018-11-08', '0', NULL),
('454', '26', '5', '12', '2018-11-08 13:39:44', NULL, '4', '2018-11-08', NULL, NULL),
('455', '26', '5', '12', '2018-11-08 13:39:44', 'Released.', '4', '2018-11-08', '0', NULL),
('456', '29', '4', '12', '2018-11-08 13:39:44', 'Production.', '4', '2018-11-08', '0', NULL),
('457', '26', '6', '12', '2018-11-08 13:45:28', NULL, '4', '2018-11-08', NULL, NULL),
('458', '26', '6', '12', '2018-11-08 13:45:28', 'Released.', '4', '2018-11-08', '0', NULL),
('459', '29', '5', '12', '2018-11-08 13:45:28', 'Production.', '4', '2018-11-08', '0', NULL),
('460', '13', '44', '12', '2018-11-08 14:10:01', NULL, '4', '2018-11-08', '0', NULL),
('461', '17', '5', '12', '2018-11-08 15:37:59', NULL, '4', '2018-11-08', NULL, NULL),
('462', '17', '5', '12', '2018-11-08 15:37:59', 'Voided.\n', '4', '2018-11-08', '0', NULL),
('463', '18', '65', '17', '2018-11-08 18:08:17', NULL, '4', '2018-11-08', '0', NULL),
('464', '18', '66', '17', '2018-11-08 18:54:06', NULL, '0', '2008-00-20', '0', NULL),
('465', '25', '66', '17', '2018-11-08 18:54:06', NULL, '0', '0020-00-08', '0', NULL),
('466', '20', '46', '17', '2018-11-08 18:54:06', NULL, '0', '0020-00-08', '0', NULL),
('467', '18', '67', '17', '2018-11-08 18:54:06', NULL, '0', '2008-00-20', '0', NULL),
('468', '25', '67', '17', '2018-11-08 18:54:06', NULL, '0', '0020-00-08', '0', NULL),
('469', '20', '47', '17', '2018-11-08 18:54:06', NULL, '0', '0020-00-08', '0', NULL),
('470', '18', '68', '17', '2018-11-08 18:54:06', NULL, '0', '2008-00-20', '0', NULL),
('471', '25', '68', '17', '2018-11-08 18:54:06', NULL, '0', '0020-00-08', '0', NULL),
('472', '20', '48', '17', '2018-11-08 18:54:06', NULL, '0', '0020-00-08', '0', NULL),
('473', '18', '69', '17', '2018-11-08 18:54:06', NULL, '0', '2008-00-20', '0', NULL),
('474', '25', '69', '17', '2018-11-08 18:54:06', NULL, '0', '0020-00-08', '0', NULL),
('475', '20', '49', '17', '2018-11-08 18:54:06', NULL, '0', '0020-00-08', '0', NULL),
('476', '18', '70', '17', '2018-11-08 18:54:06', NULL, '0', '2008-00-20', '0', NULL),
('477', '25', '70', '17', '2018-11-08 18:54:06', NULL, '0', '0020-00-08', '0', NULL),
('478', '20', '50', '17', '2018-11-08 18:54:06', NULL, '0', '0020-00-08', '0', NULL),
('479', '18', '71', '17', '2018-11-08 18:54:06', NULL, '0', '2008-00-20', '0', NULL),
('480', '25', '71', '17', '2018-11-08 18:54:06', NULL, '0', '0020-00-08', '0', NULL),
('481', '20', '51', '17', '2018-11-08 18:54:06', NULL, '0', '0020-00-08', '0', NULL),
('482', '18', '72', '17', '2018-11-08 18:54:06', NULL, '0', '2008-00-20', '0', NULL),
('483', '25', '72', '17', '2018-11-08 18:54:06', NULL, '0', '0020-00-08', '0', NULL),
('484', '20', '52', '17', '2018-11-08 18:54:06', NULL, '0', '0020-00-08', '0', NULL),
('485', '18', '73', '17', '2018-11-08 18:54:06', NULL, '0', '2008-00-20', '0', NULL),
('486', '25', '73', '17', '2018-11-08 18:54:06', NULL, '0', '0020-00-08', '0', NULL),
('487', '20', '53', '17', '2018-11-08 18:54:06', NULL, '0', '0020-00-08', '0', NULL),
('488', '18', '74', '17', '2018-11-08 18:54:06', NULL, '0', '2008-00-20', '0', NULL),
('489', '25', '74', '17', '2018-11-08 18:54:06', NULL, '0', '0020-00-08', '0', NULL),
('490', '20', '54', '17', '2018-11-08 18:54:06', NULL, '0', '0020-00-08', '0', NULL),
('491', '18', '75', '17', '2018-11-08 18:54:06', NULL, '0', '2008-00-20', '0', NULL),
('492', '25', '75', '17', '2018-11-08 18:54:06', NULL, '0', '0020-00-08', '0', NULL),
('493', '20', '55', '17', '2018-11-08 18:54:06', NULL, '0', '0020-00-08', '0', NULL),
('494', '18', '76', '17', '2018-11-08 18:54:06', NULL, '0', '2008-00-20', '0', NULL),
('495', '25', '76', '17', '2018-11-08 18:54:06', NULL, '0', '0020-00-08', '0', NULL),
('496', '20', '56', '17', '2018-11-08 18:54:06', NULL, '0', '0020-00-08', '0', NULL),
('497', '18', '77', '17', '2018-11-08 18:54:06', NULL, '0', '2008-00-20', '0', NULL),
('498', '25', '77', '17', '2018-11-08 18:54:06', NULL, '0', '0020-00-08', '0', NULL),
('499', '20', '57', '17', '2018-11-08 18:54:06', NULL, '0', '0020-00-08', '0', NULL),
('500', '18', '78', '17', '2018-11-08 18:54:06', NULL, '0', '2008-00-20', '0', NULL),
('501', '25', '78', '17', '2018-11-08 18:54:06', NULL, '0', '0020-00-08', '0', NULL),
('502', '20', '58', '17', '2018-11-08 18:54:06', NULL, '0', '0020-00-08', '0', NULL),
('503', '18', '79', '17', '2018-11-08 18:54:06', NULL, '0', '2008-00-20', '0', NULL),
('504', '25', '79', '17', '2018-11-08 18:54:06', NULL, '0', '0020-00-08', '0', NULL),
('505', '20', '59', '17', '2018-11-08 18:54:06', NULL, '0', '0020-00-08', '0', NULL),
('506', '18', '80', '17', '2018-11-08 18:54:06', NULL, '0', '2008-00-20', '0', NULL),
('507', '25', '80', '17', '2018-11-08 18:54:06', NULL, '0', '0020-00-08', '0', NULL),
('508', '20', '60', '17', '2018-11-08 18:54:06', NULL, '0', '0020-00-08', '0', NULL),
('509', '18', '81', '17', '2018-11-08 18:57:40', NULL, '4', '2018-11-08', '0', NULL),
('510', '18', '82', '17', '2018-11-08 19:01:58', NULL, '4', '2018-11-08', '0', NULL),
('511', '25', '81', '17', '2018-11-08 19:03:09', NULL, '4', '2018-11-08', '0', NULL),
('512', '20', '61', '17', '2018-11-08 19:05:05', NULL, '4', '2018-11-08', '0', NULL),
('513', '30', '48', '17', '2018-11-08 19:15:32', NULL, '4', '2018-11-08', '0', NULL),
('514', '13', '45', '17', '2018-11-08 19:15:32', NULL, '4', '2018-11-08', '0', NULL),
('515', '10', '37', '17', '2018-11-08 19:15:33', NULL, '4', '2018-11-08', '0', NULL),
('516', '12', '21', '17', '2018-11-08 19:19:19', NULL, '4', '2018-11-08', '0', NULL),
('517', '22', '24', '17', '2018-11-08 19:26:49', NULL, '4', '2018-11-08', '0', NULL),
('518', '2', '1', '17', '2018-11-08 19:45:07', NULL, '4', '2018-11-08', NULL, NULL),
('519', '2', '1', '17', '2018-11-08 19:45:07', NULL, '4', '2018-11-08', '0', NULL),
('520', '10', '38', '17', '2018-11-09 09:52:02', NULL, '4', '2018-11-09', '0', NULL),
('521', '30', '49', '17', '2018-11-09 14:22:39', NULL, '4', '2018-11-09', '0', NULL),
('522', '13', '46', '17', '2018-11-09 14:22:39', NULL, '4', '2018-11-09', '0', NULL),
('523', '10', '39', '17', '2018-11-09 14:22:39', NULL, '4', '2018-11-09', '0', NULL),
('524', '10', '40', '17', '2018-11-09 15:23:45', NULL, '4', '2018-11-09', '0', NULL),
('525', '12', '22', '17', '2018-11-09 15:24:51', NULL, '4', '2018-11-09', '0', NULL),
('526', '32', '5', '17', '2018-11-09 15:31:39', NULL, '4', '2018-11-09', '0', NULL),
('527', '30', '50', '17', '2018-11-09 15:35:35', NULL, '4', '2018-11-09', '0', NULL),
('528', '13', '47', '17', '2018-11-09 15:36:10', NULL, '4', '2018-11-09', '0', NULL),
('529', '10', '41', '17', '2018-11-09 15:36:43', NULL, '4', '2018-11-09', '0', NULL),
('530', '12', '23', '17', '2018-11-09 15:38:01', NULL, '4', '2018-11-09', '0', NULL),
('531', '18', '83', '17', '2018-11-09 15:59:24', NULL, '4', '2018-11-09', '0', NULL),
('532', '25', '82', '17', '2018-11-09 16:00:00', NULL, '4', '2018-11-09', '0', NULL),
('533', '20', '62', '17', '2018-11-09 16:00:52', NULL, '4', '2018-11-09', '0', NULL),
('534', '22', '25', '17', '2018-11-09 16:01:20', NULL, '4', '2018-11-09', '0', NULL),
('535', '21', '1', '17', '2018-11-09 16:02:55', NULL, '4', '2018-11-09', '0', NULL),
('536', '18', '84', '17', '2018-11-09 16:23:36', NULL, '4', '2018-11-09', '0', NULL),
('537', '25', '83', '17', '2018-11-09 16:23:36', NULL, '4', '2018-11-09', '0', NULL),
('538', '43', '8', '17', '2018-11-09 16:26:28', NULL, '4', '2018-11-09', '0', NULL),
('539', '1', '14', '12', '2018-11-09 18:29:00', NULL, '4', '2018-11-09', NULL, NULL),
('540', '1', '14', '12', '2018-11-09 18:29:00', NULL, '4', '2018-11-09', '0', NULL),
('541', '30', '51', '17', '2018-11-09 23:45:04', NULL, '4', '2018-11-09', '0', NULL),
('542', '13', '48', '17', '2018-11-09 23:45:04', NULL, '4', '2018-11-09', '0', NULL),
('543', '10', '42', '17', '2018-11-09 23:45:04', NULL, '4', '2018-11-09', '0', NULL),
('544', '30', '52', '18', '2018-11-11 00:02:53', NULL, '4', '2018-11-10', '0', NULL),
('545', '13', '9', '18', '2018-11-11 00:06:01', 'Updated.', '4', '2018-10-24', '0', NULL),
('546', '30', '53', '18', '2018-11-11 00:07:18', NULL, '4', '2018-11-10', '0', NULL),
('547', '13', '49', '18', '2018-11-11 00:07:18', NULL, '4', '2018-11-10', '0', NULL),
('548', '10', '43', '18', '2018-11-11 00:07:18', NULL, '4', '2018-11-10', '0', NULL),
('549', '30', '54', '12', '2018-11-12 17:48:21', NULL, '4', '2018-11-12', '0', NULL),
('550', '13', '50', '12', '2018-11-12 17:48:21', NULL, '4', '2018-11-12', '0', NULL),
('551', '10', '44', '12', '2018-11-12 17:48:21', NULL, '4', '2018-11-12', '0', NULL),
('552', '17', '6', '12', '2018-11-12 18:58:58', NULL, '4', '2018-11-12', '0', NULL),
('553', '30', '55', '12', '2018-11-12 18:59:33', NULL, '4', '2018-11-12', '0', NULL),
('554', '13', '51', '12', '2018-11-12 18:59:33', NULL, '4', '2018-11-12', '0', NULL),
('555', '10', '45', '12', '2018-11-12 18:59:33', NULL, '4', '2018-11-12', '0', NULL),
('556', '17', '7', '12', '2018-11-12 19:07:53', NULL, '4', '2018-11-12', '0', NULL),
('557', '26', '7', '12', '2018-11-12 19:08:19', NULL, '4', '2018-11-12', NULL, NULL),
('558', '26', '7', '12', '2018-11-12 19:08:19', 'Released.', '4', '2018-11-12', '0', NULL),
('559', '28', '5', '12', '2018-11-12 19:08:31', NULL, '4', '2018-11-12', '0', NULL),
('560', '26', '8', '12', '2018-11-12 19:14:42', NULL, '4', '2018-11-12', NULL, NULL),
('561', '26', '8', '12', '2018-11-12 19:14:42', 'Released.', '4', '2018-11-12', '0', NULL),
('562', '29', '6', '12', '2018-11-12 19:14:42', 'Production.', '4', '2018-11-12', '0', NULL),
('563', '26', '9', '12', '2018-11-12 19:15:08', NULL, '4', '2018-11-12', NULL, NULL),
('564', '26', '9', '12', '2018-11-12 19:15:08', 'Released.', '4', '2018-11-12', '0', NULL),
('565', '0', '20', '17', '2018-11-13 17:53:34', NULL, '4', '2018-11-13', '0', NULL),
('566', '26', '10', '17', '2018-11-13 18:42:42', NULL, '4', '2018-11-13', NULL, NULL),
('567', '26', '10', '17', '2018-11-13 18:42:42', 'Released.', '4', '2018-11-13', '0', NULL),
('568', '29', '7', '17', '2018-11-13 18:42:42', 'Production.', '4', '2018-11-13', '0', NULL),
('569', '10', '46', '17', '2018-11-13 18:43:52', NULL, '4', '2018-11-13', '0', NULL),
('570', '22', '26', '17', '2018-11-14 16:21:23', NULL, '4', '2018-11-14', '0', NULL),
('571', '41', '6', '17', '2018-11-14 16:25:11', NULL, '4', '2018-11-14', NULL, NULL),
('572', '41', '6', '17', '2018-11-14 16:25:11', NULL, '4', '2018-11-14', '0', NULL),
('573', '18', '85', '12', '2018-11-14 17:19:40', NULL, '4', '2018-11-14', '0', NULL),
('574', '25', '84', '12', '2018-11-14 17:20:25', NULL, '4', '2018-11-14', '0', NULL),
('575', '26', '11', '12', '2018-11-15 12:12:21', NULL, '4', '2018-11-15', NULL, NULL),
('576', '26', '11', '12', '2018-11-15 12:12:21', 'Released.', '4', '2018-11-15', '0', NULL),
('577', '28', '6', '12', '2018-11-15 12:13:49', NULL, '4', '2018-11-15', '0', NULL),
('578', '29', '8', '12', '2018-11-15 12:17:03', 'Production.', '4', '2018-11-15', '0', NULL),
('579', '17', '8', '12', '2018-11-15 18:00:16', NULL, '4', '2018-11-15', '0', NULL),
('580', '30', '56', '12', '2018-11-15 18:01:35', NULL, '4', '2018-11-15', '0', NULL),
('581', '13', '52', '12', '2018-11-15 18:01:35', NULL, '4', '2018-11-15', '0', NULL),
('582', '10', '47', '12', '2018-11-15 18:01:35', NULL, '4', '2018-11-15', '0', NULL),
('583', '30', '57', '12', '2018-11-15 18:02:37', NULL, '4', '2018-11-15', '0', NULL),
('584', '13', '53', '12', '2018-11-15 18:02:37', NULL, '4', '2018-11-15', '0', NULL),
('585', '10', '48', '12', '2018-11-15 18:02:37', NULL, '4', '2018-11-15', '0', NULL),
('586', '16', '2', '12', '2018-11-15 18:04:43', NULL, '4', '2018-11-15', '0', NULL),
('587', '13', '54', '12', '2018-11-16 12:05:05', NULL, '4', '2018-11-16', '0', NULL),
('588', '18', '86', '12', '2018-11-16 18:33:50', NULL, '4', '2018-11-16', '0', NULL),
('589', '25', '85', '12', '2018-11-16 18:33:56', NULL, '4', '2018-11-16', '0', NULL),
('590', '43', '9', '12', '2018-11-16 18:35:10', NULL, '4', '2018-11-16', '0', NULL),
('591', '18', '87', '12', '2018-11-16 20:58:03', NULL, '4', '2018-11-16', '0', NULL),
('592', '43', '10', '12', '2018-11-17 11:59:53', NULL, '4', '2018-11-17', '0', NULL),
('593', '43', '11', '12', '2018-11-17 12:17:32', NULL, '4', '2018-11-17', '0', NULL);
INSERT INTO `0_audit_trail` VALUES
('594', '18', '88', '12', '2018-11-17 13:46:10', NULL, '4', '2018-11-17', '0', NULL),
('595', '25', '86', '12', '2018-11-17 13:46:37', NULL, '4', '2018-11-17', '0', NULL),
('596', '22', '27', '17', '2018-11-17 14:57:23', NULL, '4', '2018-11-17', '0', NULL),
('597', '22', '28', '17', '2018-11-17 15:06:03', NULL, '4', '2018-11-17', '0', NULL),
('598', '30', '58', '17', '2018-11-17 17:32:20', NULL, '4', '2018-11-17', '0', NULL),
('599', '13', '55', '17', '2018-11-17 17:32:20', NULL, '4', '2018-11-17', '0', NULL),
('600', '10', '49', '17', '2018-11-17 17:32:20', NULL, '4', '2018-11-17', '0', NULL),
('601', '0', '21', '17', '2018-11-17 19:32:35', NULL, '4', '2018-11-17', '0', NULL),
('602', '0', '22', '17', '2018-11-17 19:34:51', NULL, '4', '2018-11-17', '0', NULL),
('603', '16', '3', '17', '2018-11-17 22:12:35', NULL, '4', '2018-11-17', '0', NULL),
('604', '30', '16', '17', '2018-11-19 12:56:57', 'Deleted.', '4', '2018-11-19', '0', NULL),
('605', '0', '23', '12', '2018-11-20 11:58:31', NULL, '4', '2018-11-20', '0', NULL),
('606', '0', '24', '12', '2018-11-20 18:28:19', NULL, '4', '2018-11-20', NULL, NULL),
('607', '0', '25', '12', '2018-11-20 12:03:33', NULL, '4', '2018-07-30', '0', NULL),
('608', '30', '59', '17', '2018-11-20 15:27:32', NULL, '4', '2018-11-20', '0', NULL),
('609', '13', '56', '17', '2018-11-20 15:27:32', NULL, '4', '2018-11-20', '0', NULL),
('610', '10', '50', '17', '2018-11-20 15:27:32', NULL, '4', '2018-11-20', '0', NULL),
('611', '12', '24', '17', '2018-11-20 15:30:34', NULL, '4', '2018-11-20', '0', NULL),
('612', '18', '89', '18', '2018-11-20 16:16:42', NULL, '4', '2018-11-20', '0', NULL),
('613', '25', '87', '18', '2018-11-20 16:17:48', NULL, '4', '2018-11-20', '0', NULL),
('614', '43', '12', '18', '2018-11-20 16:26:22', NULL, '4', '2018-11-20', '0', NULL),
('615', '30', '60', '18', '2018-11-20 16:38:57', NULL, '4', '2018-11-20', '0', NULL),
('616', '13', '57', '18', '2018-11-20 16:43:46', NULL, '4', '2018-11-20', '0', NULL),
('617', '10', '51', '18', '2018-11-20 16:44:21', NULL, '4', '2018-11-20', '0', NULL),
('618', '12', '25', '18', '2018-11-20 16:47:18', NULL, '4', '2018-11-20', '0', NULL),
('619', '30', '61', '18', '2018-11-20 16:54:54', NULL, '4', '2018-11-20', '0', NULL),
('620', '13', '58', '18', '2018-11-20 16:54:54', NULL, '4', '2018-11-20', '0', NULL),
('621', '10', '52', '18', '2018-11-20 16:54:54', NULL, '4', '2018-11-20', '0', NULL),
('622', '12', '26', '18', '2018-11-20 16:54:54', NULL, '4', '2018-11-20', '0', NULL),
('623', '11', '8', '18', '2018-11-20 18:13:47', NULL, '4', '2018-11-20', '0', NULL),
('624', '30', '62', '18', '2018-11-20 18:16:47', NULL, '4', '2018-11-20', '0', NULL),
('625', '13', '59', '18', '2018-11-20 18:16:47', NULL, '4', '2018-11-20', '0', NULL),
('626', '10', '53', '18', '2018-11-20 18:16:47', NULL, '4', '2018-11-20', '0', NULL),
('627', '12', '27', '18', '2018-11-20 18:16:47', NULL, '4', '2018-11-20', '0', NULL),
('628', '12', '28', '18', '2018-11-20 18:22:40', NULL, '4', '2018-11-20', '0', NULL),
('629', '30', '63', '18', '2018-11-20 18:24:48', NULL, '4', '2018-11-20', '0', NULL),
('630', '13', '60', '18', '2018-11-20 18:25:02', NULL, '4', '2018-11-20', '0', NULL),
('631', '10', '54', '18', '2018-11-20 18:25:26', NULL, '4', '2018-11-20', '0', NULL),
('632', '11', '9', '18', '2018-11-20 18:26:15', NULL, '4', '2018-11-20', '0', NULL),
('633', '12', '29', '18', '2018-11-20 18:26:49', NULL, '4', '2018-11-20', '0', NULL),
('634', '0', '24', '18', '2018-11-20 18:28:19', 'Voided.\n', '4', '2018-11-20', '0', NULL),
('635', '18', '90', '18', '2018-11-20 18:36:54', NULL, '4', '2018-11-20', '0', NULL),
('636', '18', '91', '18', '2018-11-20 18:39:10', NULL, '4', '2018-11-20', '0', NULL),
('637', '25', '88', '18', '2018-11-20 18:40:33', NULL, '4', '2018-11-20', '0', NULL),
('638', '43', '13', '18', '2018-11-20 18:44:51', NULL, '4', '2018-11-20', '0', NULL),
('639', '18', '92', '18', '2018-11-20 18:49:04', NULL, '4', '2018-11-20', '0', NULL),
('640', '25', '89', '18', '2018-11-20 18:49:34', NULL, '4', '2018-11-20', '0', NULL),
('641', '18', '93', '18', '2018-11-20 18:52:02', NULL, '4', '2018-11-20', '0', NULL),
('642', '18', '94', '18', '2018-11-20 18:57:07', NULL, '4', '2018-11-20', '0', NULL),
('643', '25', '90', '18', '2018-11-20 18:57:07', NULL, '4', '2018-11-20', '0', NULL),
('644', '20', '63', '18', '2018-11-20 18:59:11', NULL, '4', '2018-11-20', '0', NULL),
('645', '18', '95', '18', '2018-11-20 19:07:18', NULL, '4', '2018-11-20', '0', NULL),
('646', '25', '91', '18', '2018-11-20 19:07:18', NULL, '4', '2018-11-20', '0', NULL),
('647', '20', '64', '18', '2018-11-20 19:09:03', NULL, '4', '2018-11-20', '0', NULL),
('648', '18', '96', '18', '2018-11-20 19:17:14', NULL, '4', '2018-11-20', '0', NULL),
('649', '25', '92', '18', '2018-11-20 19:17:14', NULL, '4', '2018-11-20', '0', NULL),
('650', '20', '65', '18', '2018-11-20 19:18:04', NULL, '4', '2018-11-20', '0', NULL),
('651', '18', '97', '18', '2018-11-20 19:19:26', NULL, '4', '2018-11-20', '0', NULL),
('652', '25', '93', '18', '2018-11-20 19:19:26', NULL, '4', '2018-11-20', '0', NULL),
('653', '20', '66', '18', '2018-11-20 19:19:55', NULL, '4', '2018-11-20', '0', NULL),
('654', '18', '98', '18', '2018-11-20 19:25:37', NULL, '4', '2018-11-20', '0', NULL),
('655', '25', '94', '18', '2018-11-20 19:25:37', NULL, '4', '2018-11-20', '0', NULL),
('656', '20', '67', '18', '2018-11-20 19:26:38', NULL, '4', '2018-11-20', '0', NULL),
('657', '30', '64', '18', '2018-11-20 21:17:06', NULL, '4', '2018-11-20', '0', NULL),
('658', '13', '61', '18', '2018-11-20 21:17:06', NULL, '4', '2018-11-20', '0', NULL),
('659', '10', '55', '18', '2018-11-20 21:17:06', NULL, '4', '2018-11-20', '0', NULL),
('660', '12', '30', '18', '2018-11-20 21:17:06', NULL, '4', '2018-11-20', '0', NULL),
('661', '32', '6', '17', '2018-11-21 03:34:38', NULL, '4', '2018-11-21', '0', NULL),
('662', '30', '65', '17', '2018-11-21 03:37:46', NULL, '4', '2018-11-21', '0', NULL),
('663', '13', '62', '17', '2018-11-21 03:38:21', NULL, '4', '2018-11-21', '0', NULL),
('664', '10', '56', '17', '2018-11-21 03:39:28', NULL, '4', '2018-11-21', '0', NULL),
('665', '30', '17', '17', '2018-11-21 03:41:20', 'Updated.', '4', '2018-10-22', '0', NULL),
('666', '13', '63', '17', '2018-11-21 03:41:37', NULL, '4', '2018-10-22', '0', NULL),
('667', '13', '64', '17', '2018-11-21 03:42:12', NULL, '4', '2018-10-22', '0', NULL),
('668', '13', '65', '17', '2018-11-21 03:42:24', NULL, '4', '2018-10-22', '0', NULL),
('669', '13', '66', '17', '2018-11-21 03:42:34', NULL, '4', '2018-10-22', '0', NULL),
('670', '13', '67', '17', '2018-11-21 03:42:46', NULL, '4', '2018-10-22', '0', NULL),
('671', '13', '68', '17', '2018-11-21 03:42:57', NULL, '4', '2018-10-22', '0', NULL),
('672', '13', '69', '17', '2018-11-21 03:43:06', NULL, '4', '2018-10-22', '0', NULL),
('673', '13', '70', '17', '2018-11-21 03:43:15', NULL, '4', '2018-10-22', '0', NULL),
('674', '10', '57', '17', '2018-11-21 03:45:10', NULL, '4', '2018-10-22', '0', NULL),
('675', '12', '31', '17', '2018-11-21 03:47:18', NULL, '4', '2018-10-22', '0', NULL),
('676', '22', '29', '17', '2018-11-21 03:48:29', NULL, '4', '2018-10-22', '0', NULL);

### Structure of table `0_audit_trail_payroll` ###

DROP TABLE IF EXISTS `0_audit_trail_payroll`;

CREATE TABLE `0_audit_trail_payroll` (
  `id` int(11) NOT NULL AUTO_INCREMENT,
  `type` smallint(6) unsigned NOT NULL DEFAULT '0',
  `trans_no` int(11) unsigned NOT NULL DEFAULT '0',
  `user` smallint(6) unsigned NOT NULL DEFAULT '0',
  `stamp` timestamp NOT NULL DEFAULT CURRENT_TIMESTAMP ON UPDATE CURRENT_TIMESTAMP,
  `description` varchar(60) COLLATE utf8_unicode_ci DEFAULT NULL,
  `fiscal_year` int(11) NOT NULL DEFAULT '0',
  `gl_date` date NOT NULL DEFAULT '0000-00-00',
  `gl_seq` int(11) unsigned DEFAULT NULL,
  `opening` tinyint(4) DEFAULT NULL,
  PRIMARY KEY (`id`),
  KEY `Seq` (`fiscal_year`,`gl_date`,`gl_seq`),
  KEY `Type_and_Number` (`type`,`trans_no`)
) ENGINE=InnoDB AUTO_INCREMENT=2 DEFAULT CHARSET=utf8 COLLATE=utf8_unicode_ci ;

### Data of table `0_audit_trail_payroll` ###

INSERT INTO `0_audit_trail_payroll` VALUES
('1', '44', '1234', '12', '2018-03-10 21:34:43', 'Inserted.', '3', '2018-03-10', '0', NULL);

### Structure of table `0_bank_accounts` ###

DROP TABLE IF EXISTS `0_bank_accounts`;

CREATE TABLE `0_bank_accounts` (
  `account_code` varchar(15) COLLATE utf8_unicode_ci NOT NULL DEFAULT '',
  `account_type` smallint(6) NOT NULL DEFAULT '0',
  `bank_account_name` varchar(60) COLLATE utf8_unicode_ci NOT NULL DEFAULT '',
  `bank_account_number` varchar(100) COLLATE utf8_unicode_ci NOT NULL DEFAULT '',
  `bank_name` varchar(60) COLLATE utf8_unicode_ci NOT NULL DEFAULT '',
  `bank_address` tinytext COLLATE utf8_unicode_ci,
  `bank_curr_code` char(3) COLLATE utf8_unicode_ci NOT NULL DEFAULT '',
  `dflt_curr_act` tinyint(1) NOT NULL DEFAULT '0',
  `id` smallint(6) NOT NULL AUTO_INCREMENT,
  `bank_charge_act` varchar(15) COLLATE utf8_unicode_ci NOT NULL DEFAULT '',
  `last_reconciled_date` timestamp NOT NULL DEFAULT '0000-00-00 00:00:00',
  `ending_reconcile_balance` double NOT NULL DEFAULT '0',
  `swift_code` varchar(50) COLLATE utf8_unicode_ci NOT NULL,
  `iban` varchar(50) COLLATE utf8_unicode_ci NOT NULL,
  `inactive` tinyint(1) NOT NULL DEFAULT '0',
  PRIMARY KEY (`id`),
  KEY `bank_account_name` (`bank_account_name`),
  KEY `bank_account_number` (`bank_account_number`),
  KEY `account_code` (`account_code`)
) ENGINE=InnoDB AUTO_INCREMENT=18 DEFAULT CHARSET=utf8 COLLATE=utf8_unicode_ci ;

### Data of table `0_bank_accounts` ###

INSERT INTO `0_bank_accounts` VALUES
('1011001', '3', 'Cash in Hand', '', 'Cash in Hand', NULL, 'PKR', '0', '6', '503007', '0000-00-00 00:00:00', '0', '', '', '0'),
('1011002', '3', 'Petty Cash', '', 'Petty Cash', NULL, 'PKR', '0', '7', '503007', '0000-00-00 00:00:00', '0', '', '', '0'),
('1012002', '1', 'Bank Alhabib', '', 'Bank Alhabib', NULL, 'PKR', '0', '8', '503007', '2018-10-20 00:00:00', '0', '', '', '0'),
('1012003', '0', 'ASKARI BANK ', '', 'ASKARI BANK ', NULL, 'PKR', '0', '9', '503007', '2018-10-24 00:00:00', '8100', '', '', '0'),
('1012001', '1', 'Meezan', '', 'Meezan', NULL, 'PKR', '0', '10', '503007', '0000-00-00 00:00:00', '0', '', '', '0'),
('1012004', '0', 'BANK ALFALAH', '', 'BANK ALFALAH', NULL, 'PKR', '0', '11', '503007', '2018-10-29 00:00:00', '0', '', '', '0'),
('101013', '0', 'PUNJAB BANK ', '', 'PUNJAB BANK ', NULL, 'PKR', '0', '12', '503007', '0000-00-00 00:00:00', '0', '', '', '0'),
('1012008', '0', 'STANDARD CHARTED  BANK', '', 'STANDARD CHARTED  BANK', NULL, 'PKR', '0', '13', '503007', '0000-00-00 00:00:00', '0', '', '', '0'),
('1012005', '0', 'APNA SANK ', '', 'APNA BANK', NULL, 'PKR', '0', '14', '503007', '2018-10-29 00:00:00', '163.7', '', '', '0'),
('1012007', '0', 'NIB BANK ', '', 'NIB BANK', NULL, 'PKR', '0', '15', '503007', '0000-00-00 00:00:00', '0', '', '', '0'),
('1012009', '4', 'Cheque in Hand', '', 'Cheque in Hand', NULL, 'PKR', '0', '16', '503007', '2018-10-29 00:00:00', '0', '', '', '0'),
('504001', '0', 'cheque in hand2', '', '', NULL, 'PKR', '0', '17', '503007', '0000-00-00 00:00:00', '0', '', '', '0');

### Structure of table `0_bank_trans` ###

DROP TABLE IF EXISTS `0_bank_trans`;

CREATE TABLE `0_bank_trans` (
  `id` int(11) NOT NULL AUTO_INCREMENT,
  `type` smallint(6) DEFAULT NULL,
  `trans_no` int(11) DEFAULT NULL,
  `bank_act` varchar(15) COLLATE utf8_unicode_ci NOT NULL DEFAULT '',
  `ref` varchar(40) COLLATE utf8_unicode_ci DEFAULT NULL,
  `trans_date` date NOT NULL DEFAULT '0000-00-00',
  `amount` double DEFAULT NULL,
  `dimension_id` int(11) NOT NULL DEFAULT '0',
  `dimension2_id` int(11) NOT NULL DEFAULT '0',
  `person_type_id` int(11) NOT NULL DEFAULT '0',
  `person_id` tinyblob,
  `reconciled` date DEFAULT NULL,
  `cheque` int(11) NOT NULL,
  `cheque_date` date DEFAULT NULL,
  `text_1` varchar(50) COLLATE utf8_unicode_ci DEFAULT NULL,
  `text_2` varchar(50) COLLATE utf8_unicode_ci DEFAULT NULL,
  `text_3` varchar(50) COLLATE utf8_unicode_ci NOT NULL,
  `cheque_date_line` date NOT NULL DEFAULT '0000-00-00',
  `reference2` varchar(55) COLLATE utf8_unicode_ci NOT NULL,
  `serial` int(11) NOT NULL,
  `month` int(11) NOT NULL,
  `pament_mode` int(11) NOT NULL,
  `fiscal` int(11) NOT NULL,
  `month_` int(11) NOT NULL,
  `parent_id` int(11) NOT NULL,
  `parent_type` int(11) NOT NULL,
  PRIMARY KEY (`id`),
  KEY `bank_act` (`bank_act`,`ref`),
  KEY `type` (`type`,`trans_no`),
  KEY `bank_act_2` (`bank_act`,`reconciled`),
  KEY `bank_act_3` (`bank_act`,`trans_date`)
) ENGINE=InnoDB AUTO_INCREMENT=93 DEFAULT CHARSET=utf8 COLLATE=utf8_unicode_ci ;

### Data of table `0_bank_trans` ###

INSERT INTO `0_bank_trans` VALUES
('1', '41', '1', '6', 'CPV001/10/2018', '2018-10-19', '0', '0', '0', '2', '4', NULL, '0', '0020-00-00', NULL, NULL, '', '0000-00-00', '0', '0', '0', '0', '0', '0', '0', '0'),
('2', '12', '1', '6', 'CP001/10/2018', '2018-10-20', '0', '0', '0', '2', '4', NULL, '0', '0000-00-00', NULL, NULL, '', '0000-00-00', '', '0', '0', '0', '0', '0', '0', '0'),
('3', '12', '1', '6', 'CP001/10/2018', '2018-10-20', '100', '0', '0', '2', '4', NULL, '0', '0000-00-00', NULL, NULL, '', '0000-00-00', '', '0', '0', '0', '0', '0', '0', '0'),
('4', '12', '2', '9', 'CP002/10/2018', '2018-10-20', '75', '0', '0', '2', '4', '2018-11-10', '0', '2018-10-20', NULL, NULL, '', '0000-00-00', '', '0', '0', '0', '0', '0', '0', '0'),
('5', '4', '1', '8', 'FT001/10/2018', '2018-10-20', '-75', '0', '0', '0', 'From Bank Alhabib To Bank 2', '2018-10-20', '0', '0000-00-00', NULL, NULL, '', '0000-00-00', '', '0', '0', '0', '0', '0', '0', '0'),
('6', '4', '1', '9', 'FT001/10/2018', '2018-10-20', '75', '0', '0', '0', 'From Bank Alhabib To Bank 2', '2018-11-10', '0', '0000-00-00', NULL, NULL, '', '0000-00-00', '', '0', '0', '0', '0', '0', '0', '0'),
('7', '41', '2', '7', 'CPV001/10/2018', '2018-10-20', '-500', '0', '0', '2', '4', NULL, '0', '0020-00-00', NULL, NULL, '', '0000-00-00', '0', '0', '0', '0', '0', '0', '0', '0'),
('8', '22', '1', '6', 'SP001/10/2018', '2018-10-22', '-11000', '0', '0', '3', '5', NULL, '0', '2018-10-22', NULL, NULL, '', '0000-00-00', '', '0', '0', '0', '0', '0', '0', '0'),
('9', '22', '2', '6', 'SP002/10/2018', '2018-10-22', '-12000', '0', '0', '3', '3', NULL, '0', '2018-10-22', NULL, NULL, '', '0000-00-00', '', '0', '0', '0', '0', '0', '0', '0'),
('10', '12', '3', '9', 'CP003/10/2018', '2018-10-22', '8000', '0', '0', '2', '4', '2018-10-24', '0', '2018-10-22', NULL, NULL, '', '0000-00-00', '', '0', '0', '0', '0', '0', '0', '0'),
('11', '22', '3', '6', 'SP003/10/2018', '2018-10-22', '-12000', '0', '0', '3', '5', NULL, '0', '2018-10-22', NULL, NULL, '', '0000-00-00', '', '0', '0', '0', '0', '0', '0', '0'),
('12', '12', '4', '9', 'CP004/10/2018', '2018-10-22', '100', '0', '0', '2', '4', '2018-10-24', '0', '2018-10-22', NULL, NULL, '', '0000-00-00', '', '0', '0', '0', '0', '0', '0', '0'),
('13', '1', '1', '9', 'BPV001/10/2018', '2018-10-22', '-10000', '0', '0', '0', NULL, '2018-10-24', '0', '2018-10-22', NULL, NULL, '', '0000-00-00', '0', '0', '0', '0', '0', '0', '0', '0'),
('14', '22', '4', '6', 'SP004/10/2018', '2018-10-22', '-50000', '0', '0', '3', '5', NULL, '0', '2018-10-22', NULL, NULL, '', '0000-00-00', '', '0', '0', '0', '0', '0', '0', '0'),
('15', '22', '5', '6', 'SP005/10/2018', '2018-10-22', '-14000', '0', '0', '3', '5', NULL, '0', '2018-10-22', NULL, NULL, '', '0000-00-00', '', '0', '0', '0', '0', '0', '0', '0'),
('16', '12', '5', '9', 'CP005/10/2018', '2018-10-22', '9000', '0', '0', '2', '4', '2018-11-10', '0', '2018-10-22', NULL, NULL, '', '0000-00-00', '', '0', '0', '0', '0', '0', '0', '0'),
('17', '22', '6', '11', 'SP006/10/2018', '2018-10-22', '-15000', '0', '0', '3', '3', '2018-10-29', '0', '2018-10-22', NULL, NULL, '', '0000-00-00', '', '0', '0', '0', '0', '0', '0', '0'),
('18', '12', '6', '6', 'CP006/10/2018', '2018-10-22', '245.7', '0', '0', '2', '6', NULL, '0', '0000-00-00', NULL, NULL, '', '0000-00-00', '', '0', '0', '0', '0', '0', '0', '0'),
('19', '22', '7', '6', 'SP007/10/2018', '2018-10-22', '-20000', '0', '0', '3', '7', NULL, '0', '2018-10-22', NULL, NULL, '', '0000-00-00', '', '0', '0', '0', '0', '0', '0', '0'),
('20', '22', '8', '6', 'SP008/10/2018', '2018-10-22', '-10000', '0', '0', '3', '8', NULL, '0', '2018-10-22', NULL, NULL, '', '0000-00-00', '', '0', '0', '0', '0', '0', '0', '0'),
('21', '22', '9', '6', 'SP009/10/2018', '2018-10-23', '-1170', '0', '0', '3', '5', NULL, '0', '2018-10-23', NULL, NULL, '', '0000-00-00', '', '0', '0', '0', '0', '0', '0', '0'),
('22', '12', '7', '6', 'CP007/10/2018', '2018-10-23', '58.5', '0', '0', '2', '4', NULL, '0', '0000-00-00', NULL, NULL, '', '0000-00-00', '', '0', '0', '0', '0', '0', '0', '0'),
('23', '42', '1', '6', 'CRV001/10/2018', '2018-10-24', '15000', '0', '0', '2', '4', NULL, '0', '0020-00-00', NULL, NULL, '', '0000-00-00', '0', '0', '0', '0', '0', '0', '0', '0'),
('24', '22', '10', '6', 'SP010/10/2018', '2018-10-24', '-25000', '0', '0', '3', '8', NULL, '0', '2018-10-24', NULL, NULL, '', '0000-00-00', '', '0', '0', '0', '0', '0', '0', '0'),
('25', '22', '11', '6', 'SP011/10/2018', '2018-10-24', '-350000', '0', '0', '3', '8', NULL, '0', '2018-10-24', NULL, NULL, '', '0000-00-00', '', '0', '0', '0', '0', '0', '0', '0'),
('26', '12', '8', '7', 'CP008/10/2018', '2018-10-24', '1500', '0', '0', '2', '4', NULL, '0', '0020-00-00', '0', '0', '0', '0000-00-00', '', '0', '0', '0', '0', '0', '0', '0'),
('27', '12', '9', '14', 'CP009/10/2018', '2018-10-22', '163.7', '0', '0', '2', '4', '2018-10-29', '0', '2018-10-25', NULL, NULL, '', '0000-00-00', '', '0', '0', '0', '0', '0', '0', '0'),
('28', '12', '10', '14', 'CP010/10/2018', '2018-10-27', '1170', '0', '0', '2', '15', '2018-10-29', '0', '2018-10-27', NULL, NULL, '', '0000-00-00', '', '0', '0', '0', '0', '0', '0', '0'),
('29', '1', '2', '14', 'BPV002/10/2018', '2018-10-27', '-1333', '0', '0', '3', '5', '2018-10-29', '0', '2018-11-30', NULL, NULL, '', '0000-00-00', '0', '0', '0', '0', '0', '0', '0', '0'),
('30', '12', '11', '13', 'CP011/10/2018', '2018-10-28', '444', '0', '0', '2', '1', NULL, '0', '2018-10-28', NULL, NULL, '', '0000-00-00', '', '0', '0', '0', '0', '0', '0', '0'),
('31', '12', '12', '14', 'CP001/07/2018', '2018-07-01', '123', '0', '0', '2', '1', '2018-11-07', '0', '2018-07-01', NULL, NULL, '', '0000-00-00', '', '0', '0', '0', '0', '0', '0', '0'),
('32', '12', '13', '14', 'CP012/10/2018', '2018-10-29', '46800', '0', '0', '2', '13', '2018-10-29', '0', '2018-10-29', NULL, NULL, '', '0000-00-00', '', '0', '0', '0', '0', '0', '0', '0'),
('33', '22', '12', '6', 'SP012/10/2018', '2018-10-29', '-2340000', '0', '0', '3', '5', NULL, '0', '2018-10-29', NULL, NULL, '', '0000-00-00', '', '0', '0', '0', '0', '0', '0', '0'),
('34', '1', '3', '9', 'BPV003/10/2018', '2018-10-29', '-10000', '0', '0', '0', NULL, '2018-10-24', '0', '2018-10-29', NULL, NULL, '', '0000-00-00', '0', '0', '0', '0', '0', '0', '0', '0'),
('35', '1', '4', '14', 'BPV004/10/2018', '2018-10-29', '-4321432', '0', '0', '0', NULL, '2018-10-29', '0', '2018-10-29', NULL, NULL, '', '0000-00-00', '0', '0', '0', '0', '0', '0', '0', '0'),
('36', '1', '5', '14', 'BPV005/10/2018', '2018-10-29', '-576576', '0', '0', '0', NULL, '2018-10-29', '0', '2018-10-29', NULL, NULL, '', '0000-00-00', '0', '0', '0', '0', '0', '0', '0', '0'),
('37', '1', '6', '8', 'BPV006/10/2018', '2018-10-30', '-10000', '0', '0', '0', NULL, NULL, '0', '2018-10-30', NULL, NULL, '', '0000-00-00', '0', '0', '0', '0', '0', '0', '0', '0'),
('38', '1', '7', '14', 'BPV007/10/2018', '2018-10-30', '-1000', '0', '0', '0', NULL, '2018-10-29', '0', '2018-10-30', NULL, NULL, '', '0000-00-00', '0', '0', '0', '0', '0', '0', '0', '0'),
('39', '1', '8', '14', 'BPV008/10/2018', '2018-10-30', '-10000', '0', '0', '3', '5', '2018-10-29', '0', '2018-10-30', NULL, NULL, '', '0000-00-00', '0', '0', '0', '0', '0', '0', '0', '0'),
('40', '22', '13', '10', 'SP013/10/2018', '2018-10-30', '-2550', '0', '0', '3', '11', NULL, '0', '2018-10-30', NULL, NULL, '', '0000-00-00', '', '0', '0', '0', '0', '0', '0', '0'),
('41', '42', '2', '6', 'CRV002/10/2018', '2018-10-30', '10000', '0', '0', '0', NULL, NULL, '0', '0020-00-00', NULL, NULL, '', '0000-00-00', '0', '0', '0', '0', '0', '0', '0', '0'),
('42', '41', '3', '6', 'CPV002/10/2018', '2018-10-30', '-80000', '0', '0', '0', NULL, NULL, '0', '0020-00-00', NULL, NULL, '', '0000-00-00', '0', '0', '0', '0', '0', '0', '0', '0'),
('43', '22', '14', '6', 'SP014/10/2018', '2018-10-31', '-785', '0', '0', '3', '5', NULL, '0', '2018-10-31', NULL, NULL, '', '0000-00-00', '', '0', '0', '0', '0', '0', '0', '0'),
('44', '12', '14', '16', 'CP013/10/2018', '2018-10-31', '100', '0', '0', '2', '15', '2018-10-29', '452003', '2018-10-31', NULL, NULL, '', '0000-00-00', '0', '0', '0', '0', '0', '0', '14', '12'),
('45', '4', '2', '16', 'FT002/10/2018', '2018-10-31', '-100', '0', '0', '0', 'From Cheque in Hand To Petty Cash', '2018-10-29', '452003', '2018-10-31', '0', '0', '0', '0000-00-00', '0', '0', '0', '0', '0', '0', '14', '12'),
('46', '4', '2', '7', 'FT002/10/2018', '2018-10-31', '100', '0', '0', '0', 'From Cheque in Hand To Petty Cash', NULL, '452003', '2018-10-31', '0', '0', '0', '0000-00-00', '0', '0', '0', '0', '0', '0', '14', '12'),
('47', '4', '3', '7', 'FT003/10/2018', '2018-10-31', '-100', '0', '0', '0', 'From Petty Cash To Cheque in Hand', NULL, '452003', '2018-10-31', '0', '0', '0', '0000-00-00', '0', '0', '0', '0', '0', '0', '14', '12'),
('48', '4', '3', '16', 'FT003/10/2018', '2018-10-31', '100', '0', '0', '0', 'From Petty Cash To Cheque in Hand', '2018-10-29', '452003', '2018-10-31', '0', '0', '0', '0000-00-00', '0', '0', '0', '0', '0', '0', '14', '12'),
('49', '1', '9', '16', 'BPV009/10/2018', '2018-10-31', '-100', '0', '0', '0', NULL, '2018-10-29', '452003', '2018-10-31', NULL, NULL, '', '0000-00-00', '0', '0', '0', '0', '0', '0', '14', '12'),
('50', '1', '10', '14', 'BPV010/10/2018', '2018-10-31', '-1200', '0', '0', '0', NULL, NULL, '2003', '2018-10-31', NULL, NULL, '', '0000-00-00', '0', '0', '0', '0', '0', '0', '14', '12'),
('51', '1', '11', '14', 'BPV011/10/2018', '2018-10-31', '-500', '0', '0', '0', NULL, NULL, '4562', '2018-10-31', NULL, NULL, '', '0000-00-00', '0', '0', '0', '0', '0', '0', '0', '0'),
('52', '1', '12', '14', 'BPV012/10/2018', '2018-10-31', '-1520', '0', '0', '0', NULL, NULL, '3005', '2018-10-31', NULL, NULL, '', '0000-00-00', '0', '0', '0', '0', '0', '0', '0', '0'),
('53', '12', '15', '8', 'CP001/11/2018', '2018-11-01', '120', '0', '0', '2', '2', NULL, '0', '2018-11-01', NULL, NULL, '', '0000-00-00', '0', '0', '0', '0', '0', '0', '15', '12'),
('54', '22', '15', '9', 'SP001/11/2018', '2018-11-01', '-715338', '0', '0', '3', '5', '2018-11-10', '0', '2018-11-16', NULL, NULL, '', '0000-00-00', '', '0', '0', '0', '0', '0', '0', '0'),
('55', '1', '13', '10', 'BPV001/11/2018', '2018-11-01', '-700000', '0', '0', '3', '4', NULL, '1895331', '2018-11-01', NULL, NULL, '', '0000-00-00', '0', '0', '0', '0', '0', '0', '0', '0'),
('56', '12', '16', '6', 'CP014/10/2018', '2018-10-15', '10000', '0', '0', '2', '16', NULL, '0', '0000-00-00', NULL, NULL, '', '0000-00-00', '0', '0', '0', '0', '0', '0', '16', '12'),
('57', '12', '17', '14', 'CP015/10/2018', '2018-10-14', '2200', '0', '0', '2', '16', '2018-11-07', '0', '2018-11-02', NULL, NULL, '', '0000-00-00', '0', '0', '0', '0', '0', '0', '17', '12'),
('58', '22', '16', '15', 'SP002/11/2018', '2018-11-06', '0', '0', '0', '3', '14', NULL, '0', '2018-11-06', NULL, NULL, '', '0000-00-00', '', '0', '0', '0', '0', '0', '0', '0'),
('59', '22', '17', '6', 'SP002/11/2018', '2018-11-06', '-5000', '0', '0', '3', '14', NULL, '43543', '2018-11-06', '43543', NULL, '', '0000-00-00', '', '0', '0', '0', '0', '0', '0', '0'),
('60', '4', '4', '14', 'FT001/11/2018', '2018-11-06', '-100000', '0', '0', '0', 'From APNA SANK  To Petty Cash', NULL, '0', '2018-11-06', '0', '0', '0', '0000-00-00', '0', '0', '0', '0', '0', '0', '0', '0'),
('61', '4', '4', '7', 'FT001/11/2018', '2018-11-06', '100000', '0', '0', '0', 'From APNA SANK  To Petty Cash', NULL, '0', '2018-11-06', '0', '0', '0', '0000-00-00', '0', '0', '0', '0', '0', '0', '0', '0'),
('62', '41', '4', '7', 'CPV001/11/2018', '2018-11-06', '0', '0', '0', '0', NULL, NULL, '0', '0020-00-00', NULL, NULL, '', '0000-00-00', '0', '0', '0', '0', '0', '0', '0', '0'),
('63', '41', '5', '7', 'CPV001/11/2018', '2018-11-06', '-2000', '0', '0', '0', 'chair repair	', NULL, '0', '0020-00-00', NULL, NULL, '', '0000-00-00', '0', '0', '0', '0', '0', '0', '0', '0'),
('64', '22', '18', '11', 'SP003/11/2018', '2018-11-07', '-2745183', '0', '0', '3', '4', '2018-10-29', '0', '2018-11-07', NULL, NULL, '', '0000-00-00', '', '0', '0', '0', '0', '0', '0', '0'),
('65', '22', '19', '6', 'SP004/11/2018', '2018-11-07', '-1000', '0', '0', '3', '5', NULL, '0', '2018-11-07', NULL, NULL, '', '0000-00-00', '', '0', '0', '0', '0', '0', '0', '0'),
('66', '22', '20', '6', 'SP005/11/2018', '2018-11-07', '-117000', '0', '0', '3', '5', NULL, '0', '2018-11-07', NULL, NULL, '', '0000-00-00', '', '0', '0', '0', '0', '0', '0', '0'),
('67', '12', '18', '6', 'CP002/11/2018', '2018-11-07', '166462', '0', '0', '2', '7', NULL, '0', '0000-00-00', NULL, NULL, '', '0000-00-00', '0', '0', '0', '0', '0', '0', '18', '12'),
('68', '22', '21', '6', 'SP006/11/2018', '2018-11-07', '-234000', '0', '0', '3', '5', NULL, '0', '2018-11-07', NULL, NULL, '', '0000-00-00', '', '0', '0', '0', '0', '0', '0', '0'),
('69', '22', '22', '6', 'SP007/11/2018', '2018-11-07', '-400000', '0', '0', '3', '13', NULL, '0', '2018-11-07', NULL, NULL, '', '0000-00-00', '', '0', '0', '0', '0', '0', '0', '0'),
('70', '12', '19', '11', 'CP003/11/2018', '2018-11-07', '1170', '0', '0', '2', '18', '2018-10-29', '0', '2018-11-07', NULL, NULL, '', '0000-00-00', '0', '0', '0', '0', '0', '0', '19', '12'),
('71', '22', '23', '6', 'SP008/11/2018', '2018-11-08', '-91500', '0', '0', '3', '7', NULL, '0', '2018-11-08', NULL, NULL, '', '0000-00-00', '', '0', '0', '0', '0', '0', '0', '0'),
('72', '12', '20', '6', 'CP004/11/2018', '2018-11-08', '12000', '0', '0', '2', '3', NULL, '0', '0000-00-00', NULL, NULL, '', '0000-00-00', '0', '0', '0', '0', '0', '0', '20', '12'),
('73', '12', '21', '14', 'CP005/11/2018', '2018-11-08', '610', '0', '0', '2', '3', NULL, '0', '2018-11-08', NULL, NULL, '', '0000-00-00', '0', '0', '0', '0', '0', '0', '21', '12'),
('74', '22', '24', '6', 'SP009/11/2018', '2018-11-08', '-880000', '0', '0', '3', '3', NULL, '0', '2018-11-08', NULL, NULL, '', '0000-00-00', '', '0', '0', '0', '0', '0', '0', '0'),
('75', '2', '1', '9', 'BRV001/11/2018', '2018-11-08', '200900', '0', '0', '2', '4', '2018-10-24', '0', '2018-11-08', NULL, NULL, '', '0000-00-00', '0', '0', '0', '0', '0', '0', '0', '0'),
('76', '12', '22', '6', 'CP006/11/2018', '2018-11-09', '3660', '0', '0', '2', '3', NULL, '0', '0000-00-00', NULL, NULL, '', '0000-00-00', '0', '0', '0', '0', '0', '0', '22', '12'),
('77', '12', '23', '6', 'CP007/11/2018', '2018-11-09', '100000', '0', '0', '2', '2', NULL, '0', '0000-00-00', NULL, NULL, '', '0000-00-00', '0', '0', '0', '0', '0', '0', '23', '12'),
('78', '22', '25', '6', 'SP010/11/2018', '2018-11-09', '-5849.5', '0', '0', '3', '13', NULL, '0', '2018-11-09', NULL, NULL, '', '0000-00-00', '', '0', '0', '0', '0', '0', '0', '0'),
('79', '1', '14', '14', 'BPV002/11/2018', '2018-11-09', '-21000', '0', '0', '2', '13', NULL, '0', '2018-11-09', NULL, NULL, '', '0000-00-00', '0', '0', '0', '0', '0', '0', '0', '0'),
('80', '22', '26', '7', 'SP011/11/2018', '2018-11-14', '-811905.45', '0', '0', '3', '5', NULL, '0', '2018-11-14', NULL, NULL, '', '0000-00-00', '', '0', '0', '0', '0', '0', '0', '0'),
('81', '41', '6', '7', 'CPV002/11/2018', '2018-11-14', '-43500', '0', '0', '3', '13', NULL, '0', '0020-00-00', NULL, NULL, '', '0000-00-00', '0', '0', '0', '0', '0', '0', '0', '0'),
('82', '22', '27', '6', 'SP012/11/2018', '2018-11-17', '-100000', '0', '0', '3', '13', NULL, '0', '2018-11-17', NULL, NULL, '', '0000-00-00', '', '0', '0', '0', '0', '0', '0', '0'),
('83', '22', '28', '6', 'SP013/11/2018', '2018-11-17', '-50000', '0', '0', '3', '13', NULL, '0', '2018-11-17', NULL, NULL, '', '0000-00-00', '', '0', '0', '0', '0', '0', '0', '0'),
('84', '12', '24', '14', 'CP008/11/2018', '2018-11-20', '12200', '0', '0', '2', '4', NULL, '0', '2018-11-20', NULL, NULL, '', '0000-00-00', '0', '0', '0', '0', '0', '0', '24', '12'),
('85', '12', '25', '6', 'CP009/11/2018', '2018-11-20', '47280', '0', '0', '2', '28', NULL, '0', '0000-00-00', NULL, NULL, '', '0000-00-00', '0', '0', '0', '0', '0', '0', '25', '12'),
('86', '12', '26', '6', 'CP010/11/2018', '2018-11-20', '402000', '0', '0', '2', '27', NULL, '0', '0020-00-00', '0', '0', '0', '0000-00-00', '0', '0', '0', '0', '0', '0', '26', '12'),
('87', '12', '27', '6', 'CP011/11/2018', '2018-11-20', '39200', '0', '0', '2', '28', NULL, '0', '0020-00-00', '0', '0', '0', '0000-00-00', '0', '0', '0', '0', '0', '0', '27', '12'),
('88', '12', '28', '6', 'CP012/11/2018', '2018-11-20', '17952', '0', '0', '2', '28', NULL, '0', '0000-00-00', NULL, NULL, '', '0000-00-00', '0', '0', '0', '0', '0', '0', '28', '12'),
('89', '12', '29', '6', 'CP013/11/2018', '2018-11-20', '86208', '0', '0', '2', '28', NULL, '0', '0000-00-00', NULL, NULL, '', '0000-00-00', '0', '0', '0', '0', '0', '0', '29', '12'),
('90', '12', '30', '6', 'CP014/11/2018', '2018-11-20', '6240', '0', '0', '2', '28', NULL, '0', '0020-00-00', '0', '0', '0', '0000-00-00', '0', '0', '0', '0', '0', '0', '30', '12'),
('91', '12', '31', '6', 'CP016/10/2018', '2018-10-22', '254478.06', '0', '0', '2', '4', NULL, '0', '0000-00-00', NULL, NULL, '', '0000-00-00', '0', '0', '0', '0', '0', '0', '31', '12'),
('92', '22', '29', '6', 'SP015/10/2018', '2018-10-22', '-2840', '0', '0', '3', '5', NULL, '0', '2018-11-21', NULL, NULL, '', '0000-00-00', '', '0', '0', '0', '0', '0', '0', '0');

### Structure of table `0_batch` ###

DROP TABLE IF EXISTS `0_batch`;

CREATE TABLE `0_batch` (
  `id` int(11) NOT NULL AUTO_INCREMENT,
  `name` varchar(40) NOT NULL,
  `exp_date` date NOT NULL DEFAULT '0000-00-00',
  `inactive` int(11) NOT NULL,
  PRIMARY KEY (`id`)
) ENGINE=InnoDB AUTO_INCREMENT=15 DEFAULT CHARSET=latin1 ;

### Data of table `0_batch` ###

INSERT INTO `0_batch` VALUES
('1', '0', '2018-12-19', '0'),
('2', '', '0000-00-00', '0'),
('3', '1001', '2018-11-12', '0'),
('4', '1002', '2018-11-12', '0'),
('5', '1003', '2018-11-12', '0'),
('6', '1445', '2018-11-12', '0'),
('7', '551', '2018-11-12', '0'),
('8', '50001', '2018-11-12', '0'),
('9', 'BT001/11/2018', '2018-11-12', '0'),
('10', 'BT002/11/2018', '2018-11-12', '0'),
('11', 'BT003/11/2018', '2018-11-15', '0'),
('12', '5008', '2018-11-15', '0'),
('13', '5009', '2018-11-15', '0'),
('14', '5555', '2018-11-15', '0');

### Structure of table `0_bom` ###

DROP TABLE IF EXISTS `0_bom`;

CREATE TABLE `0_bom` (
  `id` int(11) NOT NULL AUTO_INCREMENT,
  `parent` char(20) COLLATE utf8_unicode_ci NOT NULL DEFAULT '',
  `component` char(20) COLLATE utf8_unicode_ci NOT NULL DEFAULT '',
  `workcentre_added` int(11) NOT NULL DEFAULT '0',
  `loc_code` char(5) COLLATE utf8_unicode_ci NOT NULL DEFAULT '',
  `quantity` double NOT NULL DEFAULT '1',
  PRIMARY KEY (`parent`,`component`,`workcentre_added`,`loc_code`),
  KEY `component` (`component`),
  KEY `id` (`id`),
  KEY `loc_code` (`loc_code`),
  KEY `parent` (`parent`,`loc_code`),
  KEY `workcentre_added` (`workcentre_added`)
) ENGINE=InnoDB AUTO_INCREMENT=19 DEFAULT CHARSET=utf8 COLLATE=utf8_unicode_ci ;

### Data of table `0_bom` ###

INSERT INTO `0_bom` VALUES
('10', '1001', '1002', '3', 'DEF', '4'),
('9', '1001', '1005', '1', 'DEF', '2'),
('8', '1001', '1007', '1', 'DEF', '2'),
('7', '1001', '5002', '1', 'DEF', '1'),
('3', '101237', '101241', '1', 'DEF', '25'),
('2', '101237', '3001', '1', 'DEF', '1'),
('1', '101239', '1008', '1', 'DEF', '1'),
('5', '101241', '1004', '1', 'DEF', '4'),
('6', '101241', '1010', '2', 'DEF', '1'),
('4', '101241', '3001', '1', 'DEF', '50'),
('15', '30010', '1001', '2', 'DEF', '10'),
('14', '30010', '1007', '2', 'DEF', '2'),
('16', '30010', '30011', '2', 'DEF', '10'),
('13', '3004', '3008', '3', 'DEF', '1'),
('11', '3008', '30010', '3', 'DEF', '10'),
('12', '3008', '30011', '3', 'DEF', '12'),
('17', '3025', '3026', '3', 'DEF', '2'),
('18', '3025', '3027', '3', 'DEF', '4');

### Structure of table `0_bonus` ###

DROP TABLE IF EXISTS `0_bonus`;

CREATE TABLE `0_bonus` (
  `id` int(11) NOT NULL,
  `stock_id` varchar(50) NOT NULL,
  `minimum_qty` int(11) NOT NULL,
  `maximum_qty` int(11) NOT NULL,
  `bonus_qty` int(11) NOT NULL
) ENGINE=InnoDB DEFAULT CHARSET=latin1 ;

### Data of table `0_bonus` ###


### Structure of table `0_budget_trans` ###

DROP TABLE IF EXISTS `0_budget_trans`;

CREATE TABLE `0_budget_trans` (
  `id` int(11) NOT NULL AUTO_INCREMENT,
  `tran_date` date NOT NULL DEFAULT '0000-00-00',
  `account` varchar(15) COLLATE utf8_unicode_ci NOT NULL DEFAULT '',
  `memo_` tinytext COLLATE utf8_unicode_ci NOT NULL,
  `amount` double NOT NULL DEFAULT '0',
  `dimension_id` int(11) DEFAULT '0',
  `dimension2_id` int(11) DEFAULT '0',
  PRIMARY KEY (`id`),
  KEY `Account` (`account`,`tran_date`,`dimension_id`,`dimension2_id`)
) ENGINE=InnoDB AUTO_INCREMENT=13 DEFAULT CHARSET=utf8 COLLATE=utf8_unicode_ci ;

### Data of table `0_budget_trans` ###

INSERT INTO `0_budget_trans` VALUES
('1', '2018-07-01', '101001', '', '252000', '1', '0'),
('2', '2018-08-01', '101001', '', '0', '1', '0'),
('3', '2018-09-01', '101001', '', '0', '1', '0'),
('4', '2018-10-01', '101001', '', '0', '1', '0'),
('5', '2018-11-01', '101001', '', '0', '1', '0'),
('6', '2018-12-01', '101001', '', '0', '1', '0'),
('7', '2019-01-01', '101001', '', '0', '1', '0'),
('8', '2019-02-01', '101001', '', '0', '1', '0'),
('9', '2019-03-01', '101001', '', '0', '1', '0'),
('10', '2019-04-01', '101001', '', '0', '1', '0'),
('11', '2019-05-01', '101001', '', '0', '1', '0'),
('12', '2019-06-01', '101001', '', '0', '1', '0');

### Structure of table `0_call_type` ###

DROP TABLE IF EXISTS `0_call_type`;

CREATE TABLE `0_call_type` (
  `id` int(11) NOT NULL AUTO_INCREMENT,
  `call_type` varchar(50) NOT NULL,
  `inactive` tinyint(1) NOT NULL,
  PRIMARY KEY (`id`)
) ENGINE=InnoDB AUTO_INCREMENT=6 DEFAULT CHARSET=latin1 ;

### Data of table `0_call_type` ###

INSERT INTO `0_call_type` VALUES
('1', 'Sales', '0'),
('4', 'Support', '0'),
('5', 'Others', '0');

### Structure of table `0_cashflow_categories` ###

DROP TABLE IF EXISTS `0_cashflow_categories`;

CREATE TABLE `0_cashflow_categories` (
  `id` int(11) NOT NULL AUTO_INCREMENT,
  `name` varchar(50) NOT NULL,
  `c_type` int(11) NOT NULL,
  `flowtype` int(11) NOT NULL,
  `inactive` tinyint(4) NOT NULL,
  PRIMARY KEY (`id`)
) ENGINE=InnoDB AUTO_INCREMENT=7 DEFAULT CHARSET=latin1 ;

### Data of table `0_cashflow_categories` ###

INSERT INTO `0_cashflow_categories` VALUES
('1', 'Cash Received From Customers', '1', '1', '0'),
('2', 'Cash paid for', '1', '0', '0'),
('3', 'Cash Received From', '2', '1', '0'),
('4', 'Cash paid for', '2', '0', '0'),
('5', 'Cash Received From', '3', '1', '0'),
('6', 'Cash paid for', '3', '0', '0');

### Structure of table `0_cashflow_gl` ###

DROP TABLE IF EXISTS `0_cashflow_gl`;

CREATE TABLE `0_cashflow_gl` (
  `id` int(11) NOT NULL AUTO_INCREMENT,
  `cashflow_category_id` int(11) NOT NULL,
  `gl_account` int(11) NOT NULL,
  `inactive` tinyint(4) NOT NULL,
  PRIMARY KEY (`id`)
) ENGINE=InnoDB AUTO_INCREMENT=22 DEFAULT CHARSET=latin1 ;

### Data of table `0_cashflow_gl` ###

INSERT INTO `0_cashflow_gl` VALUES
('14', '1', '4024', '0'),
('15', '1', '1013', '0'),
('16', '4', '10123', '0'),
('17', '4', '10123', '0'),
('18', '5', '1018', '0'),
('19', '2', '4024', '0'),
('20', '2', '1013', '0'),
('21', '2', '1013', '0');

### Structure of table `0_cashflow_type` ###

DROP TABLE IF EXISTS `0_cashflow_type`;

CREATE TABLE `0_cashflow_type` (
  `id` int(11) NOT NULL AUTO_INCREMENT,
  `name` varchar(50) NOT NULL,
  `inactive` tinyint(4) NOT NULL,
  PRIMARY KEY (`id`)
) ENGINE=InnoDB AUTO_INCREMENT=4 DEFAULT CHARSET=latin1 ;

### Data of table `0_cashflow_type` ###

INSERT INTO `0_cashflow_type` VALUES
('1', 'Operating Activities', '0'),
('2', 'Investing Activities', '0'),
('3', 'Financing Activities', '0');

### Structure of table `0_category` ###

DROP TABLE IF EXISTS `0_category`;

CREATE TABLE `0_category` (
  `id` int(11) NOT NULL AUTO_INCREMENT,
  `category` varchar(60) NOT NULL,
  `inactive` tinyint(4) NOT NULL,
  PRIMARY KEY (`id`)
) ENGINE=InnoDB AUTO_INCREMENT=17 DEFAULT CHARSET=latin1 ;

### Data of table `0_category` ###

INSERT INTO `0_category` VALUES
('12', 'Database', '0'),
('13', 'User Intetface', '0'),
('14', 'Reporting', '0'),
('15', 'Forms', '0'),
('16', 'Shortcuts', '0');

### Structure of table `0_chart_class` ###

DROP TABLE IF EXISTS `0_chart_class`;

CREATE TABLE `0_chart_class` (
  `cid` varchar(3) COLLATE utf8_unicode_ci NOT NULL,
  `class_name` varchar(60) COLLATE utf8_unicode_ci NOT NULL DEFAULT '',
  `ctype` tinyint(1) NOT NULL DEFAULT '0',
  `inactive` tinyint(1) NOT NULL DEFAULT '0',
  PRIMARY KEY (`cid`)
) ENGINE=InnoDB DEFAULT CHARSET=utf8 COLLATE=utf8_unicode_ci ;

### Data of table `0_chart_class` ###

INSERT INTO `0_chart_class` VALUES
('10', 'Assets', '1', '0'),
('20', 'Liabilities', '2', '0'),
('30', 'Capital', '3', '0'),
('40', 'Income', '4', '0'),
('50', 'Expenses', '6', '0');

### Structure of table `0_chart_master` ###

DROP TABLE IF EXISTS `0_chart_master`;

CREATE TABLE `0_chart_master` (
  `account_code` varchar(15) COLLATE utf8_unicode_ci NOT NULL DEFAULT '',
  `account_code2` varchar(15) COLLATE utf8_unicode_ci NOT NULL DEFAULT '',
  `account_name` varchar(60) COLLATE utf8_unicode_ci NOT NULL DEFAULT '',
  `account_type` varchar(10) COLLATE utf8_unicode_ci NOT NULL DEFAULT '0',
  `division` int(11) NOT NULL,
  `inactive` tinyint(1) NOT NULL DEFAULT '0',
  PRIMARY KEY (`account_code`),
  KEY `account_name` (`account_name`),
  KEY `accounts_by_type` (`account_type`,`account_code`)
) ENGINE=InnoDB DEFAULT CHARSET=utf8 COLLATE=utf8_unicode_ci ;

### Data of table `0_chart_master` ###

INSERT INTO `0_chart_master` VALUES
('101001', '', 'Accounts Receivables', '101', '0', '0'),
('101002', '', ' Allowance for doubtful accounts ', '101', '0', '0'),
('101003', '', 'Advances and Deposits', '101', '0', '0'),
('101004', '', 'Allowance for doubtful accounts', '101', '0', '0'),
('101005', '', 'Witholding Tax Deducted at Source - Federal', '101', '0', '0'),
('101006', '', 'Witholding Tax Deducted at Source - Service', '101', '0', '0'),
('101007', '', 'Witholding Tax Deducted at Source - SRB/PRA', '101', '0', '0'),
('101008', '', 'Witholding Tax Deducted at Source - Supplies', '101', '0', '0'),
('101009', '', 'UTILITY BILLS', '503', '0', '0'),
('101010', '', 'raw material ', '101', '0', '0'),
('101011', '', 'Marketable Securities ', '101', '0', '0'),
('101012', '', 'Cash Equivalents', '101', '0', '0'),
('101013', '', 'PUNJAB BANK ', '1012', '0', '0'),
('101014', '', 'GLOBAL TRADE MARK ', '1013', '0', '0'),
('1011001', '', 'Cash in Hand', '1011', '0', '0'),
('1011002', '', 'Petty Cash', '1011', '0', '0'),
('1012001', '', 'Meezan', '1012', '0', '0'),
('1012002', '', 'Bank Alhabib', '1012', '0', '0'),
('1012003', '', 'Bank 3', '1012', '0', '0'),
('1012004', '', 'BANK ALFALAH ', '1012', '0', '0'),
('1012005', '', 'APNA BANK ', '1012', '0', '0'),
('1012006', '', 'UBL BANK', '1012', '0', '0'),
('1012007', '', 'NIB BANK ', '1012', '0', '0'),
('1012008', '', 'STANDARD CHARTED BANK ', '1012', '0', '0'),
('1012009', '', 'Cheque in Hand', '1012', '0', '0'),
('1012010', '', 'Test', '1012', '0', '0'),
('1012011', '', 'OPAL ', '1012', '0', '0'),
('1013001', '', 'AMIR MEDICAL  ', '1013', '0', '0'),
('1013002', '', 'ALI AHMED SUPER STORE ', '1013', '0', '0'),
('1013003', '', ' HYDER  SUPER MART', '1013', '0', '0'),
('1013004', '', 'M.M GROUP OF COMPANIES ', '1013', '0', '0'),
('1013005', '', 'AL MAKKAH RESTURENT ', '1013', '0', '0'),
('1013006', '', 'SOHAIL AND CO PVT LTD ', '1013', '0', '0'),
('1013007', '', 'SUPER NOVA LTD ', '1013', '0', '0'),
('1013008', '', 'waqar', '1013', '0', '0'),
('102001', '', 'Inventory', '102', '0', '0'),
('102002', '', 'Misc Invesments', '102', '0', '0'),
('102003', '', 'Stocks of Work In Progress', '102', '0', '0'),
('102004', '', 'Stocks of Finished Goods', '102', '0', '0'),
('102005', '', 'Goods Received Clearing account', '102', '0', '0'),
('103001', '', 'Office Furniture and Equipment', '103', '0', '0'),
('103002', '', 'Accum. Amort. - Furn. and Equip.', '103', '0', '0'),
('103003', '', 'Vehicle', '103', '0', '0'),
('103004', '', 'Accum. Amort. - Vehicle', '103', '0', '0'),
('201001', '', 'Accounts Payable', '201', '0', '0'),
('201002', '', 'Witholding Tax - Services', '201', '0', '0'),
('201003', '', 'GST Input', '201', '0', '0'),
('201004', '', 'GST Output', '201', '0', '0'),
('201005', '', 'Witholding Tax - Supplies', '201', '0', '0'),
('201006', '', 'SST Output ', '201', '0', '0'),
('201007', '', 'SST Input', '201', '0', '0'),
('202001', '', 'Bank Loans', '202', '0', '0'),
('202002', '', 'Loans from Shareholders', '202', '0', '0'),
('301001', '', 'Common Shares', '301', '0', '0'),
('301002', '', 'Opening Balance Equity', '301', '0', '0'),
('302001', '', 'Reserves and Surplus', '302', '0', '0'),
('402001', '', 'Shipping and Handling', '402', '0', '0'),
('402002', '', 'Interest', '402', '0', '0'),
('402003', '', 'Foreign Exchange Gain', '402', '0', '0'),
('402004', '', 'Discounts Given', '402', '0', '0'),
('403001', '', 'Sales Revenue', '403', '0', '0'),
('501001', '', 'Cost of Goods Sold - Retail', '501', '0', '0'),
('501002', '', 'Material Usage Variance', '501', '0', '0'),
('501003', '', 'Consumable Materials', '501', '0', '0'),
('501004', '', 'Purchase Price Variance', '501', '0', '0'),
('501005', '', 'Purchases of Materials', '501', '0', '0'),
('501006', '', 'Discounts Received', '501', '0', '0'),
('501007', '', 'Freight', '501', '0', '0'),
('502001', '', 'employee benafits', '502', '0', '0'),
('503001', '', 'Profit and Loss', '503', '0', '0'),
('503002', '', 'Accounting and Legal', '503', '0', '0'),
('503003', '', 'Advertising and Promotions', '503', '0', '0'),
('503004', '', 'Bad Debts', '503', '0', '0'),
('503005', '', 'Amortization Expense', '503', '0', '0'),
('503006', '', 'Insurance', '503', '0', '0'),
('503007', '', 'Interest and Bank Charges', '503', '0', '0'),
('503008', '', 'Office Supplies', '503', '0', '0'),
('503009', '', 'Rent', '503', '0', '0'),
('503010', '', 'Repair and Maintenance', '503', '0', '0'),
('503011', '', 'Telephone', '503', '0', '0'),
('503012', '', 'Travel and Entertainment', '503', '0', '0'),
('503013', '', 'Utilities', '503', '0', '0'),
('503014', '', 'Registrations', '503', '0', '0'),
('503015', '', 'Licenses', '503', '0', '0'),
('503016', '', 'Foreign Exchange Loss', '503', '0', '0'),
('503017', '', 'OFFICE RENT ', '503', '0', '0'),
('503018', '', 'Fees &amp; Subscrption', '503', '0', '0'),
('503019', '', 'PTC', '503', '0', '0'),
('50318', '', 'Office Supplies1', '101', '0', '0'),
('50319', '', 'Repair Office', '101', '0', '0'),
('50320', '', 'Vehicle 102', '101', '0', '0'),
('504001', '', 'Cheque in Hand2', '504', '0', '0');

### Structure of table `0_chart_types` ###

DROP TABLE IF EXISTS `0_chart_types`;

CREATE TABLE `0_chart_types` (
  `id` varchar(10) COLLATE utf8_unicode_ci NOT NULL,
  `name` varchar(60) COLLATE utf8_unicode_ci NOT NULL DEFAULT '',
  `class_id` varchar(3) COLLATE utf8_unicode_ci NOT NULL DEFAULT '',
  `parent` varchar(10) COLLATE utf8_unicode_ci NOT NULL DEFAULT '-1',
  `inactive` tinyint(1) NOT NULL DEFAULT '0',
  PRIMARY KEY (`id`),
  KEY `name` (`name`),
  KEY `class_id` (`class_id`)
) ENGINE=InnoDB DEFAULT CHARSET=utf8 COLLATE=utf8_unicode_ci ;

### Data of table `0_chart_types` ###

INSERT INTO `0_chart_types` VALUES
('101', 'Current Assets', '10', '', '0'),
('1011', 'Cash', '10', '101', '0'),
('1012', 'Bank', '10', '101', '0'),
('1013', 'customers', '10', '101', '0'),
('102', 'Investments', '10', '', '0'),
('103', 'Fixed Assets', '10', '', '0'),
('201', 'Current Liabilities', '20', '', '0'),
('202', 'Long Term Liabilities', '20', '', '0'),
('301', 'Share Capital', '30', '', '0'),
('302', 'Retained Earnings', '30', '', '0'),
('402', 'Other Revenue', '40', '', '0'),
('403', 'Sales Revenue', '40', '', '0'),
('501', 'Cost of Goods Sold', '50', '', '0'),
('502', 'Payroll Expenses', '50', '', '0'),
('503', 'General &amp; Administrative Expenses', '50', '', '0'),
('504', 'cheque in hand', '10', '1012', '0'),
('601', 'Secured Loans', '20', '201', '0');

### Structure of table `0_combo1` ###

DROP TABLE IF EXISTS `0_combo1`;

CREATE TABLE `0_combo1` (
  `combo_code` int(11) NOT NULL AUTO_INCREMENT,
  `description` varchar(60) COLLATE utf8_unicode_ci NOT NULL DEFAULT '',
  `inactive` tinyint(1) NOT NULL DEFAULT '0',
  PRIMARY KEY (`combo_code`),
  UNIQUE KEY `description` (`description`)
) ENGINE=InnoDB AUTO_INCREMENT=5 DEFAULT CHARSET=utf8 COLLATE=utf8_unicode_ci ;

### Data of table `0_combo1` ###

INSERT INTO `0_combo1` VALUES
('2', 'SHINE', '0'),
('3', 'Combo 1-C', '0'),
('4', 'Combo 1-A', '0');

### Structure of table `0_combo2` ###

DROP TABLE IF EXISTS `0_combo2`;

CREATE TABLE `0_combo2` (
  `combo_code` int(11) NOT NULL AUTO_INCREMENT,
  `description` varchar(60) COLLATE utf8_unicode_ci NOT NULL DEFAULT '',
  `inactive` tinyint(1) NOT NULL DEFAULT '0',
  PRIMARY KEY (`combo_code`),
  UNIQUE KEY `description` (`description`)
) ENGINE=InnoDB AUTO_INCREMENT=4 DEFAULT CHARSET=utf8 COLLATE=utf8_unicode_ci ;

### Data of table `0_combo2` ###

INSERT INTO `0_combo2` VALUES
('1', 'Combo 2-A', '0'),
('2', 'Combo 2-B', '0'),
('3', 'Combo 2-C', '0');

### Structure of table `0_combo3` ###

DROP TABLE IF EXISTS `0_combo3`;

CREATE TABLE `0_combo3` (
  `combo_code` int(11) NOT NULL AUTO_INCREMENT,
  `description` varchar(60) COLLATE utf8_unicode_ci NOT NULL DEFAULT '',
  `inactive` tinyint(1) NOT NULL DEFAULT '0',
  PRIMARY KEY (`combo_code`),
  UNIQUE KEY `description` (`description`)
) ENGINE=InnoDB AUTO_INCREMENT=4 DEFAULT CHARSET=utf8 COLLATE=utf8_unicode_ci ;

### Data of table `0_combo3` ###

INSERT INTO `0_combo3` VALUES
('1', 'Combo 3-A', '0'),
('2', 'Combo 3-B', '0'),
('3', 'Combo 2-B', '0');

### Structure of table `0_combo4` ###

DROP TABLE IF EXISTS `0_combo4`;

CREATE TABLE `0_combo4` (
  `combo_code` int(11) NOT NULL AUTO_INCREMENT,
  `description` varchar(60) COLLATE utf8_unicode_ci NOT NULL DEFAULT '',
  `inactive` tinyint(1) NOT NULL DEFAULT '0',
  PRIMARY KEY (`combo_code`),
  UNIQUE KEY `description` (`description`)
) ENGINE=InnoDB AUTO_INCREMENT=4 DEFAULT CHARSET=utf8 COLLATE=utf8_unicode_ci ;

### Data of table `0_combo4` ###

INSERT INTO `0_combo4` VALUES
('1', 'Combo 4-B', '0'),
('2', 'Combo 4-C', '0'),
('3', 'Combo 4-A', '0');

### Structure of table `0_combo5` ###

DROP TABLE IF EXISTS `0_combo5`;

CREATE TABLE `0_combo5` (
  `combo_code` int(11) NOT NULL AUTO_INCREMENT,
  `description` varchar(60) COLLATE utf8_unicode_ci NOT NULL DEFAULT '',
  `inactive` tinyint(1) NOT NULL DEFAULT '0',
  PRIMARY KEY (`combo_code`),
  UNIQUE KEY `description` (`description`)
) ENGINE=InnoDB AUTO_INCREMENT=4 DEFAULT CHARSET=utf8 COLLATE=utf8_unicode_ci ;

### Data of table `0_combo5` ###

INSERT INTO `0_combo5` VALUES
('1', 'Combo 5-A', '0'),
('2', 'Combo 5-B', '0'),
('3', 'Combo 5-C', '0');

### Structure of table `0_combo6` ###

DROP TABLE IF EXISTS `0_combo6`;

CREATE TABLE `0_combo6` (
  `combo_code` int(11) NOT NULL AUTO_INCREMENT,
  `description` varchar(60) COLLATE utf8_unicode_ci NOT NULL DEFAULT '',
  `inactive` tinyint(1) NOT NULL DEFAULT '0',
  PRIMARY KEY (`combo_code`),
  UNIQUE KEY `description` (`description`)
) ENGINE=InnoDB AUTO_INCREMENT=7 DEFAULT CHARSET=utf8 COLLATE=utf8_unicode_ci ;

### Data of table `0_combo6` ###

INSERT INTO `0_combo6` VALUES
('2', 'Combo 6-B', '0'),
('5', 'Combo 6-A', '0'),
('6', 'Combo 6-C', '0');

### Structure of table `0_combo_1` ###

DROP TABLE IF EXISTS `0_combo_1`;

CREATE TABLE `0_combo_1` (
  `combo_code` int(11) NOT NULL AUTO_INCREMENT,
  `description` varchar(60) COLLATE utf8_unicode_ci NOT NULL DEFAULT '',
  `inactive` tinyint(1) NOT NULL DEFAULT '0',
  PRIMARY KEY (`combo_code`),
  UNIQUE KEY `description` (`description`)
) ENGINE=InnoDB DEFAULT CHARSET=utf8 COLLATE=utf8_unicode_ci ;

### Data of table `0_combo_1` ###


### Structure of table `0_combo_2` ###

DROP TABLE IF EXISTS `0_combo_2`;

CREATE TABLE `0_combo_2` (
  `combo_code` int(11) NOT NULL AUTO_INCREMENT,
  `description` varchar(60) COLLATE utf8_unicode_ci NOT NULL DEFAULT '',
  `inactive` tinyint(1) NOT NULL DEFAULT '0',
  PRIMARY KEY (`combo_code`),
  UNIQUE KEY `description` (`description`)
) ENGINE=InnoDB DEFAULT CHARSET=utf8 COLLATE=utf8_unicode_ci ;

### Data of table `0_combo_2` ###


### Structure of table `0_combo_3` ###

DROP TABLE IF EXISTS `0_combo_3`;

CREATE TABLE `0_combo_3` (
  `combo_code` int(11) NOT NULL AUTO_INCREMENT,
  `description` varchar(60) COLLATE utf8_unicode_ci NOT NULL DEFAULT '',
  `inactive` tinyint(1) NOT NULL DEFAULT '0',
  PRIMARY KEY (`combo_code`),
  UNIQUE KEY `description` (`description`)
) ENGINE=InnoDB DEFAULT CHARSET=utf8 COLLATE=utf8_unicode_ci ;

### Data of table `0_combo_3` ###


### Structure of table `0_combo_item_1` ###

DROP TABLE IF EXISTS `0_combo_item_1`;

CREATE TABLE `0_combo_item_1` (
  `combo_code` int(11) NOT NULL AUTO_INCREMENT,
  `description` varchar(60) COLLATE utf8_unicode_ci NOT NULL DEFAULT '',
  `inactive` tinyint(1) NOT NULL DEFAULT '0',
  PRIMARY KEY (`combo_code`),
  UNIQUE KEY `description` (`description`)
) ENGINE=InnoDB AUTO_INCREMENT=2 DEFAULT CHARSET=utf8 COLLATE=utf8_unicode_ci ;

### Data of table `0_combo_item_1` ###

INSERT INTO `0_combo_item_1` VALUES
('1', 'item combo 1', '0');

### Structure of table `0_combo_item_2` ###

DROP TABLE IF EXISTS `0_combo_item_2`;

CREATE TABLE `0_combo_item_2` (
  `combo_code` int(11) NOT NULL AUTO_INCREMENT,
  `description` varchar(60) COLLATE utf8_unicode_ci NOT NULL DEFAULT '',
  `inactive` tinyint(1) NOT NULL DEFAULT '0',
  PRIMARY KEY (`combo_code`),
  UNIQUE KEY `description` (`description`)
) ENGINE=InnoDB AUTO_INCREMENT=2 DEFAULT CHARSET=utf8 COLLATE=utf8_unicode_ci ;

### Data of table `0_combo_item_2` ###

INSERT INTO `0_combo_item_2` VALUES
('1', 'item combo 2', '0');

### Structure of table `0_combo_item_3` ###

DROP TABLE IF EXISTS `0_combo_item_3`;

CREATE TABLE `0_combo_item_3` (
  `combo_code` int(11) NOT NULL AUTO_INCREMENT,
  `description` varchar(60) COLLATE utf8_unicode_ci NOT NULL DEFAULT '',
  `inactive` tinyint(1) NOT NULL DEFAULT '0',
  PRIMARY KEY (`combo_code`),
  UNIQUE KEY `description` (`description`)
) ENGINE=InnoDB AUTO_INCREMENT=2 DEFAULT CHARSET=utf8 COLLATE=utf8_unicode_ci ;

### Data of table `0_combo_item_3` ###

INSERT INTO `0_combo_item_3` VALUES
('1', 'item combo 3', '0');

### Structure of table `0_comments` ###

DROP TABLE IF EXISTS `0_comments`;

CREATE TABLE `0_comments` (
  `type` int(11) NOT NULL DEFAULT '0',
  `id` int(11) NOT NULL DEFAULT '0',
  `date_` date DEFAULT '0000-00-00',
  `memo_` tinytext COLLATE utf8_unicode_ci,
  KEY `type_and_id` (`type`,`id`)
) ENGINE=InnoDB DEFAULT CHARSET=utf8 COLLATE=utf8_unicode_ci ;

### Data of table `0_comments` ###

INSERT INTO `0_comments` VALUES
('22', '7', '2018-10-22', '2018'),
('22', '8', '2018-10-22', '2108'),
('0', '6', '2019-06-30', 'Fixed asset has been deprecated by the value of 0.00'),
('22', '10', '2018-10-24', 'PI009/10/2018'),
('22', '11', '2018-10-24', 'PI012/10/2018'),
('35', '1', '2018-10-31', 'Cost of Item :1004 , was 1,500.00 changed to 2,000 x quantity on hand of 98'),
('41', '5', '2018-11-06', 'chair repair	'),
('22', '20', '2018-11-07', '21212'),
('22', '22', '2018-11-07', '123454'),
('22', '23', '2018-11-08', '12345'),
('1103', '12', '2018-12-06', '12222'),
('13', '62', '2018-11-21', 'Sales Quotation # 6'),
('10', '56', '2018-11-21', 'Sales Quotation # 6');

### Structure of table `0_country` ###

DROP TABLE IF EXISTS `0_country`;

CREATE TABLE `0_country` (
  `id` int(11) NOT NULL AUTO_INCREMENT,
  `description` varchar(60) NOT NULL,
  `inactive` tinyint(6) NOT NULL,
  PRIMARY KEY (`id`)
) ENGINE=InnoDB DEFAULT CHARSET=latin1 ;

### Data of table `0_country` ###


### Structure of table `0_credit_status` ###

DROP TABLE IF EXISTS `0_credit_status`;

CREATE TABLE `0_credit_status` (
  `id` int(11) NOT NULL AUTO_INCREMENT,
  `reason_description` varchar(100) COLLATE utf8_unicode_ci NOT NULL DEFAULT '',
  `dissallow_invoices` tinyint(1) NOT NULL DEFAULT '0',
  `inactive` tinyint(1) NOT NULL DEFAULT '0',
  PRIMARY KEY (`id`),
  UNIQUE KEY `reason_description` (`reason_description`)
) ENGINE=InnoDB AUTO_INCREMENT=5 DEFAULT CHARSET=utf8 COLLATE=utf8_unicode_ci ;

### Data of table `0_credit_status` ###

INSERT INTO `0_credit_status` VALUES
('1', 'Good History', '0', '0'),
('2', 'Owner Authorisation needed', '1', '0'),
('3', 'No more work until payment received', '1', '0'),
('4', 'In liquidation', '1', '0');

### Structure of table `0_crm_categories` ###

DROP TABLE IF EXISTS `0_crm_categories`;

CREATE TABLE `0_crm_categories` (
  `id` int(11) NOT NULL AUTO_INCREMENT COMMENT 'pure technical key',
  `type` varchar(20) COLLATE utf8_unicode_ci NOT NULL COMMENT 'contact type e.g. customer',
  `action` varchar(20) COLLATE utf8_unicode_ci NOT NULL COMMENT 'detailed usage e.g. department',
  `name` varchar(30) COLLATE utf8_unicode_ci NOT NULL COMMENT 'for category selector',
  `description` tinytext COLLATE utf8_unicode_ci NOT NULL COMMENT 'usage description',
  `system` tinyint(1) NOT NULL DEFAULT '0' COMMENT 'nonzero for core system usage',
  `inactive` tinyint(1) NOT NULL DEFAULT '0',
  PRIMARY KEY (`id`),
  UNIQUE KEY `type` (`type`,`action`),
  UNIQUE KEY `type_2` (`type`,`name`)
) ENGINE=InnoDB AUTO_INCREMENT=13 DEFAULT CHARSET=utf8 COLLATE=utf8_unicode_ci ;

### Data of table `0_crm_categories` ###

INSERT INTO `0_crm_categories` VALUES
('1', 'cust_branch', 'general', 'General', 'General contact data for customer branch (overrides company setting)', '1', '0'),
('2', 'cust_branch', 'invoice', 'Invoices', 'Invoice posting (overrides company setting)', '1', '0'),
('3', 'cust_branch', 'order', 'Orders', 'Order confirmation (overrides company setting)', '1', '0'),
('4', 'cust_branch', 'delivery', 'Deliveries', 'Delivery coordination (overrides company setting)', '1', '0'),
('5', 'customer', 'general', 'General', 'General contact data for customer', '1', '0'),
('6', 'customer', 'order', 'Orders', 'Order confirmation', '1', '0'),
('7', 'customer', 'delivery', 'Deliveries', 'Delivery coordination', '1', '0'),
('8', 'customer', 'invoice', 'Invoices', 'Invoice posting', '1', '0'),
('9', 'supplier', 'general', 'General', 'General contact data for supplier', '1', '0'),
('10', 'supplier', 'order', 'Orders', 'Order confirmation', '1', '0'),
('11', 'supplier', 'delivery', 'Deliveries', 'Delivery coordination', '1', '0'),
('12', 'supplier', 'invoice', 'Invoices', 'Invoice posting', '1', '0');

### Structure of table `0_crm_contacts` ###

DROP TABLE IF EXISTS `0_crm_contacts`;

CREATE TABLE `0_crm_contacts` (
  `id` int(11) NOT NULL AUTO_INCREMENT,
  `person_id` int(11) NOT NULL DEFAULT '0' COMMENT 'foreign key to crm_contacts',
  `type` varchar(20) COLLATE utf8_unicode_ci NOT NULL COMMENT 'foreign key to crm_categories',
  `action` varchar(20) COLLATE utf8_unicode_ci NOT NULL COMMENT 'foreign key to crm_categories',
  `entity_id` varchar(11) COLLATE utf8_unicode_ci DEFAULT NULL COMMENT 'entity id in related class table',
  PRIMARY KEY (`id`),
  KEY `type` (`type`,`action`)
) ENGINE=InnoDB AUTO_INCREMENT=81 DEFAULT CHARSET=utf8 COLLATE=utf8_unicode_ci ;

### Data of table `0_crm_contacts` ###

INSERT INTO `0_crm_contacts` VALUES
('1', '1', 'cust_branch', 'general', '1'),
('2', '1', 'customer', 'general', '1'),
('3', '2', 'supplier', 'general', '1'),
('4', '3', 'cust_branch', 'general', '2'),
('6', '4', 'cust_branch', 'general', '3'),
('7', '4', 'customer', 'general', '3'),
('8', '5', 'cust_branch', 'general', '4'),
('9', '5', 'customer', 'general', '4'),
('10', '6', 'cust_branch', 'general', '5'),
('11', '6', 'customer', 'general', '5'),
('12', '7', 'cust_branch', 'general', '6'),
('13', '7', 'customer', 'general', '6'),
('14', '8', 'cust_branch', 'general', '7'),
('15', '8', 'customer', 'general', '7'),
('16', '9', 'supplier', 'general', '2'),
('17', '10', 'supplier', 'general', '3'),
('18', '11', 'supplier', 'general', '4'),
('19', '12', 'supplier', 'general', '5'),
('20', '13', 'supplier', 'general', '6'),
('21', '14', 'supplier', 'general', '7'),
('22', '15', 'supplier', 'general', '8'),
('23', '16', 'cust_branch', 'general', '8'),
('24', '16', 'customer', 'general', '8'),
('25', '17', 'cust_branch', 'general', '9'),
('26', '17', 'customer', 'general', '9'),
('27', '18', 'supplier', 'general', '9'),
('28', '19', 'cust_branch', 'general', '10'),
('29', '19', 'customer', 'general', '10'),
('30', '20', 'cust_branch', 'general', '11'),
('31', '20', 'customer', 'general', '11'),
('34', '22', 'cust_branch', 'general', '13'),
('35', '22', 'customer', 'general', '13'),
('36', '23', 'cust_branch', 'general', '14'),
('38', '23', 'customer', 'general', '14'),
('39', '24', 'cust_branch', 'general', '15'),
('40', '24', 'customer', 'general', '15'),
('41', '25', 'cust_branch', 'general', '16'),
('42', '26', 'cust_branch', 'general', '17'),
('43', '26', 'customer', 'general', '16'),
('44', '27', 'supplier', 'general', '10'),
('45', '28', 'supplier', 'general', '11'),
('47', '30', 'supplier', 'general', '12'),
('48', '31', 'supplier', 'general', '13'),
('49', '32', 'cust_branch', 'general', '19'),
('50', '32', 'customer', 'general', '17'),
('51', '33', 'supplier', 'general', '14'),
('52', '3', 'customer', 'general', '2'),
('53', '34', 'cust_branch', 'general', '20'),
('54', '34', 'customer', 'general', '18'),
('55', '35', 'supplier', 'general', '15'),
('56', '36', 'supplier', 'general', '16'),
('57', '37', 'cust_branch', 'general', '21'),
('58', '37', 'customer', 'general', '19'),
('59', '38', 'cust_branch', 'general', '22'),
('60', '38', 'customer', 'general', '20'),
('61', '39', 'supplier', 'general', '17'),
('62', '40', 'cust_branch', 'general', '23'),
('63', '40', 'customer', 'general', '21'),
('64', '41', 'cust_branch', 'general', '24'),
('65', '41', 'customer', 'general', '22'),
('66', '42', 'cust_branch', 'general', '25'),
('67', '42', 'customer', 'general', '23'),
('68', '43', 'cust_branch', 'general', '26'),
('69', '43', 'customer', 'general', '24'),
('70', '44', 'cust_branch', 'general', '27'),
('71', '44', 'customer', 'general', '25'),
('72', '45', 'cust_branch', 'general', '28'),
('73', '45', 'customer', 'general', '26'),
('76', '47', 'cust_branch', 'general', '30'),
('77', '47', 'customer', 'general', '28'),
('78', '48', 'cust_branch', 'general', '31'),
('79', '48', 'customer', 'general', '29'),
('80', '49', 'supplier', 'general', '18');

### Structure of table `0_crm_info` ###

DROP TABLE IF EXISTS `0_crm_info`;

CREATE TABLE `0_crm_info` (
  `id` int(11) NOT NULL AUTO_INCREMENT,
  `spouse_name` varchar(60) COLLATE utf8_unicode_ci NOT NULL DEFAULT '',
  `child_name` varchar(60) COLLATE utf8_unicode_ci NOT NULL,
  `birth_date` date NOT NULL DEFAULT '0000-00-00',
  `customer_id` int(11) NOT NULL,
  `inactive` tinyint(1) NOT NULL DEFAULT '0',
  PRIMARY KEY (`id`)
) ENGINE=InnoDB DEFAULT CHARSET=utf8 COLLATE=utf8_unicode_ci ;

### Data of table `0_crm_info` ###


### Structure of table `0_crm_persons` ###

DROP TABLE IF EXISTS `0_crm_persons`;

CREATE TABLE `0_crm_persons` (
  `id` int(11) NOT NULL AUTO_INCREMENT,
  `ref` varchar(30) COLLATE utf8_unicode_ci NOT NULL,
  `name` varchar(60) COLLATE utf8_unicode_ci NOT NULL,
  `name2` varchar(60) COLLATE utf8_unicode_ci DEFAULT NULL,
  `address` tinytext COLLATE utf8_unicode_ci,
  `phone` varchar(30) COLLATE utf8_unicode_ci DEFAULT NULL,
  `phone2` varchar(30) COLLATE utf8_unicode_ci DEFAULT NULL,
  `fax` varchar(30) COLLATE utf8_unicode_ci DEFAULT NULL,
  `email` varchar(100) COLLATE utf8_unicode_ci DEFAULT NULL,
  `lang` char(5) COLLATE utf8_unicode_ci DEFAULT NULL,
  `notes` tinytext COLLATE utf8_unicode_ci NOT NULL,
  `inactive` tinyint(1) NOT NULL DEFAULT '0',
  PRIMARY KEY (`id`),
  KEY `ref` (`ref`)
) ENGINE=InnoDB AUTO_INCREMENT=50 DEFAULT CHARSET=utf8 COLLATE=utf8_unicode_ci ;

### Data of table `0_crm_persons` ###

INSERT INTO `0_crm_persons` VALUES
('1', 'Test Customer', 'Test Customer', NULL, 'Karachi', NULL, NULL, NULL, NULL, NULL, '', '0'),
('2', 'Test Supplier', '', NULL, NULL, NULL, NULL, NULL, NULL, NULL, '', '0'),
('3', 'ALI ', 'ALI AHMED ', NULL, NULL, NULL, NULL, NULL, 'zohair.ars@gmail.com', NULL, '', '0'),
('4', 'SHUJAT ', 'SHUJAT HYDER ', NULL, NULL, NULL, NULL, NULL, NULL, NULL, '', '0'),
('5', 'AAMIR', 'AMIR MEDICAL  ', NULL, NULL, NULL, NULL, NULL, NULL, NULL, '', '0'),
('6', 'SUPER ', 'SUPER NOVA LTD ', NULL, NULL, NULL, NULL, NULL, NULL, NULL, '', '0'),
('7', 'MAKKAH ', 'AL MAKKAH RESTURENT ', NULL, NULL, NULL, NULL, NULL, NULL, NULL, '', '0'),
('8', 'M.M', 'M.M GROUP OF COMPANIES ', NULL, NULL, NULL, NULL, NULL, NULL, NULL, '', '0'),
('9', 'SAFA', '', NULL, NULL, NULL, NULL, NULL, NULL, NULL, '', '0'),
('10', 'PURE', '', NULL, NULL, NULL, NULL, NULL, NULL, NULL, '', '0'),
('11', 'USMAN ', '', NULL, NULL, NULL, NULL, NULL, NULL, NULL, '', '0'),
('12', 'ALI', '', NULL, NULL, NULL, NULL, NULL, NULL, NULL, '', '0'),
('13', 'TRANSWORLD ', '', NULL, NULL, NULL, NULL, NULL, NULL, NULL, '', '0'),
('14', 'NATURE ', '', NULL, NULL, NULL, NULL, NULL, NULL, NULL, '', '0'),
('15', 'NADIR ', '', NULL, NULL, NULL, NULL, NULL, NULL, NULL, '', '0'),
('16', 'SOHAIL', 'SOHAIL AND CO PVT LTD ', NULL, NULL, NULL, NULL, NULL, NULL, NULL, '', '0'),
('17', 'GLOBAL ', 'GLOBAL TRADE MARK ', NULL, NULL, NULL, NULL, NULL, NULL, NULL, '', '0'),
('18', 'Import Supplier', '', NULL, NULL, NULL, NULL, NULL, NULL, NULL, '', '0'),
('19', 'service', 'service industries', NULL, NULL, NULL, NULL, NULL, NULL, NULL, '', '0'),
('20', 'horizon oil ', 'rehana', NULL, 'Lahore\nLahore', '3422708924', NULL, NULL, NULL, NULL, '', '0'),
('21', 'MK', 'MARINA KHAN', NULL, 'KARACHI', NULL, NULL, NULL, NULL, NULL, '', '0'),
('22', 'FDGF', 'FGFG', NULL, 'FG5434', NULL, NULL, NULL, NULL, NULL, '', '0'),
('23', 'MS', 'Muhammad Suhaib', NULL, 'SFC', NULL, NULL, NULL, 'h.sohaibahmed@gmail.com', NULL, '', '0'),
('24', 'ansar', 'ansar', NULL, NULL, NULL, NULL, NULL, NULL, NULL, '', '0'),
('25', '', '', NULL, NULL, NULL, NULL, NULL, NULL, NULL, '', '0'),
('26', 'NKR', 'NKR', NULL, 'KHI', NULL, NULL, NULL, NULL, NULL, '', '0'),
('27', 'Waqas', '', NULL, NULL, NULL, NULL, NULL, NULL, NULL, '', '0'),
('28', 'M.Fraz', '', NULL, NULL, NULL, NULL, NULL, NULL, NULL, '', '0'),
('29', '', '', NULL, NULL, NULL, NULL, NULL, NULL, NULL, '', '0'),
('30', 'test2', '', NULL, NULL, NULL, NULL, NULL, NULL, NULL, '', '0'),
('31', 'Crescent', '', NULL, NULL, NULL, NULL, NULL, NULL, NULL, '', '0'),
('32', 'NY', 'Daniyal', NULL, NULL, NULL, NULL, NULL, NULL, NULL, '', '0'),
('33', 'Burhani Engineering', '', NULL, NULL, NULL, NULL, NULL, NULL, NULL, '', '0'),
('34', 'Cash Customer', 'Cash Customer', NULL, NULL, NULL, NULL, NULL, NULL, NULL, '', '0'),
('35', 'chain', 'lin', NULL, NULL, '03214495777', NULL, NULL, NULL, NULL, '', '0'),
('36', 'mes', '', NULL, NULL, NULL, NULL, NULL, NULL, NULL, '', '0'),
('37', 'Javed Brothers', 'Javed Brothers ', NULL, 'Shop No 12 Ground Floor Safa Marwa Market, Lahore Hotel MecLod Road Lahore', '03219441807', NULL, NULL, 'saqibjaved7@gmail.com', NULL, '', '0'),
('38', 'hiba', 'Hiba Sheikh', NULL, 'Mansehra', NULL, NULL, NULL, NULL, NULL, '', '0'),
('39', 'waseem', '', NULL, NULL, NULL, NULL, '02035255', 'sales@noorsons.com', NULL, '', '0'),
('40', 'ZS', 'ZOHSIR', NULL, NULL, NULL, NULL, NULL, NULL, NULL, '', '0'),
('41', 'ASIAN ', 'ASIAN CONTINENTAL (PVT) LTD', NULL, 'Tipu Sultan Road,\nKarachi.', '34536354', '34536355', '34536356', 'Info@asiancontinental.com.pk', NULL, '', '0'),
('42', 'WAQAR', 'WAQAR', NULL, NULL, NULL, NULL, NULL, NULL, NULL, '', '0'),
('43', 'xyz', 'xyz', NULL, NULL, NULL, NULL, NULL, NULL, NULL, '', '0'),
('44', 'High Q', 'High Q Pharma (Pvt) Ltd', NULL, 'Plot No. 23, Sector 24,\nKorangi Industrial Area.\nKarachi', NULL, NULL, NULL, NULL, NULL, '', '0'),
('45', 'Opal', 'Opal Laboratories ', NULL, 'LC 41,  LITE.\nLadhi.\nKarachi.', '35055112', NULL, NULL, NULL, NULL, '', '0'),
('47', 'F01', 'Four Brothers', NULL, 'Hafeez Center', NULL, NULL, NULL, NULL, NULL, '', '0'),
('48', 'L01', 'LG 102', NULL, 'Hafeez Center', NULL, NULL, NULL, NULL, NULL, '', '0'),
('49', 'P01', '', NULL, NULL, NULL, NULL, NULL, NULL, NULL, '', '0');

### Structure of table `0_currencies` ###

DROP TABLE IF EXISTS `0_currencies`;

CREATE TABLE `0_currencies` (
  `currency` varchar(60) COLLATE utf8_unicode_ci NOT NULL DEFAULT '',
  `curr_abrev` char(3) COLLATE utf8_unicode_ci NOT NULL DEFAULT '',
  `curr_symbol` varchar(10) COLLATE utf8_unicode_ci NOT NULL DEFAULT '',
  `country` varchar(100) COLLATE utf8_unicode_ci NOT NULL DEFAULT '',
  `hundreds_name` varchar(15) COLLATE utf8_unicode_ci NOT NULL DEFAULT '',
  `auto_update` tinyint(1) NOT NULL DEFAULT '1',
  `inactive` tinyint(1) NOT NULL DEFAULT '0',
  PRIMARY KEY (`curr_abrev`)
) ENGINE=InnoDB DEFAULT CHARSET=utf8 COLLATE=utf8_unicode_ci ;

### Data of table `0_currencies` ###

INSERT INTO `0_currencies` VALUES
('Pakistani Rupee', 'PKR', 'Rs.', 'Pakistan', 'Paisa', '0', '0'),
('US Dollars', 'USD', '$', 'United States', 'Cents', '0', '0');

### Structure of table `0_cust_allocations` ###

DROP TABLE IF EXISTS `0_cust_allocations`;

CREATE TABLE `0_cust_allocations` (
  `id` int(11) NOT NULL AUTO_INCREMENT,
  `person_id` int(11) DEFAULT NULL,
  `amt` double unsigned DEFAULT NULL,
  `date_alloc` date NOT NULL DEFAULT '0000-00-00',
  `dimension_id` int(11) NOT NULL,
  `dimension2_id` int(11) NOT NULL,
  `trans_no_from` int(11) DEFAULT NULL,
  `trans_type_from` int(11) DEFAULT NULL,
  `trans_no_to` int(11) DEFAULT NULL,
  `trans_type_to` int(11) DEFAULT NULL,
  PRIMARY KEY (`id`),
  UNIQUE KEY `trans_type_from` (`person_id`,`trans_type_from`,`trans_no_from`,`trans_type_to`,`trans_no_to`),
  KEY `From` (`trans_type_from`,`trans_no_from`),
  KEY `To` (`trans_type_to`,`trans_no_to`)
) ENGINE=InnoDB AUTO_INCREMENT=49 DEFAULT CHARSET=utf8 COLLATE=utf8_unicode_ci ;

### Data of table `0_cust_allocations` ###

INSERT INTO `0_cust_allocations` VALUES
('2', '4', '100', '2018-10-20', '0', '0', '1', '12', '1', '10'),
('3', '4', '75', '2018-10-20', '0', '0', '2', '12', '1', '10'),
('4', '4', '100', '2018-10-22', '0', '0', '4', '12', '2', '0'),
('5', '6', '245.7', '2018-10-22', '0', '0', '6', '12', '6', '10'),
('6', '4', '0.5', '2018-10-22', '0', '0', '9', '12', '1', '10'),
('7', '4', '11.7', '2018-10-22', '0', '0', '9', '12', '7', '10'),
('8', '4', '11.7', '2018-10-23', '0', '0', '1', '11', '10', '10'),
('9', '4', '11.7', '2018-10-22', '0', '0', '2', '11', '9', '10'),
('10', '15', '1170', '2018-10-27', '0', '0', '10', '12', '16', '10'),
('11', '13', '46800', '2018-10-29', '0', '0', '13', '12', '21', '10'),
('13', '2', '120', '2018-11-01', '0', '0', '15', '12', '7', '0'),
('14', '16', '10000', '2018-10-15', '0', '0', '16', '12', '26', '10'),
('15', '16', '2200', '2018-10-14', '0', '0', '17', '12', '26', '10'),
('16', '7', '40131', '2018-11-07', '0', '0', '18', '12', '11', '10'),
('17', '7', '126331', '2018-11-07', '0', '0', '18', '12', '29', '10'),
('18', '3', '585', '2018-11-08', '0', '0', '20', '12', '20', '10'),
('19', '3', '12.2', '2018-11-08', '0', '0', '20', '12', '30', '10'),
('20', '3', '4160.2', '2018-11-08', '0', '0', '20', '12', '36', '10'),
('21', '3', '610', '2018-11-08', '0', '0', '21', '12', '37', '10'),
('22', '3', '3660', '2018-11-09', '0', '0', '22', '12', '40', '10'),
('23', '2', '100000', '2018-11-09', '0', '0', '23', '12', '41', '10'),
('24', '4', '12200', '2018-11-20', '0', '0', '24', '12', '50', '10'),
('25', '28', '47280', '2018-11-20', '0', '0', '25', '12', '51', '10'),
('26', '27', '402000', '2018-11-20', '0', '0', '26', '12', '52', '10'),
('27', '28', '39200', '2018-11-20', '0', '0', '27', '12', '53', '10'),
('28', '28', '86208', '2018-11-20', '0', '0', '29', '12', '54', '10'),
('29', '28', '6240', '2018-11-20', '0', '0', '30', '12', '55', '10'),
('30', '4', '500', '2018-10-22', '0', '0', '31', '12', '2', '41'),
('31', '4', '23.4', '2018-10-22', '0', '0', '31', '12', '13', '10'),
('32', '4', '5873.4', '2018-10-22', '0', '0', '31', '12', '57', '10'),
('33', '4', '77000', '2018-10-22', '0', '0', '31', '12', '7', '0'),
('34', '4', '21060', '2018-10-22', '0', '0', '31', '12', '8', '10'),
('35', '4', '1743.3', '2018-10-22', '0', '0', '31', '12', '9', '10'),
('36', '4', '9360', '2018-10-22', '0', '0', '31', '12', '17', '10'),
('37', '4', '11.7', '2018-10-22', '0', '0', '31', '12', '18', '10'),
('38', '4', '5000', '2018-10-22', '0', '0', '31', '12', '10', '0'),
('39', '4', '819', '2018-10-22', '0', '0', '31', '12', '27', '10'),
('40', '4', '819', '2018-10-22', '0', '0', '31', '12', '28', '10'),
('41', '4', '129287.76', '2018-10-22', '0', '0', '31', '12', '31', '10'),
('42', '4', '3000', '2018-10-22', '0', '0', '31', '12', '32', '10'),
('43', '4', '2.5', '2018-10-22', '0', '0', '31', '12', '33', '10'),
('44', '4', '125', '2018-10-22', '0', '0', '31', '12', '34', '10'),
('45', '4', '10000', '2018-10-22', '0', '0', '31', '12', '38', '10'),
('46', '4', '100', '2018-10-22', '0', '0', '31', '12', '45', '10'),
('47', '4', '122', '2018-10-22', '0', '0', '31', '12', '47', '10'),
('48', '4', '234', '2018-10-22', '0', '0', '31', '12', '56', '10');

### Structure of table `0_cust_branch` ###

DROP TABLE IF EXISTS `0_cust_branch`;

CREATE TABLE `0_cust_branch` (
  `branch_code` int(11) NOT NULL AUTO_INCREMENT,
  `debtor_no` int(11) NOT NULL DEFAULT '0',
  `br_name` varchar(60) COLLATE utf8_unicode_ci NOT NULL DEFAULT '',
  `branch_ref` varchar(30) COLLATE utf8_unicode_ci NOT NULL DEFAULT '',
  `br_address` tinytext COLLATE utf8_unicode_ci NOT NULL,
  `area` int(11) DEFAULT NULL,
  `salesman` int(11) NOT NULL DEFAULT '0',
  `default_location` varchar(5) COLLATE utf8_unicode_ci NOT NULL DEFAULT '',
  `tax_group_id` int(11) DEFAULT NULL,
  `sales_account` varchar(15) COLLATE utf8_unicode_ci NOT NULL DEFAULT '',
  `sales_discount_account` varchar(15) COLLATE utf8_unicode_ci NOT NULL DEFAULT '',
  `receivables_account` varchar(15) COLLATE utf8_unicode_ci NOT NULL DEFAULT '',
  `payment_discount_account` varchar(15) COLLATE utf8_unicode_ci NOT NULL DEFAULT '',
  `default_ship_via` int(11) NOT NULL DEFAULT '1',
  `br_post_address` tinytext COLLATE utf8_unicode_ci NOT NULL,
  `group_no` int(11) NOT NULL DEFAULT '0',
  `notes` tinytext COLLATE utf8_unicode_ci NOT NULL,
  `bank_account` varchar(60) COLLATE utf8_unicode_ci DEFAULT NULL,
  `inactive` tinyint(1) NOT NULL DEFAULT '0',
  `contact_name` varchar(60) COLLATE utf8_unicode_ci DEFAULT NULL,
  `disable_trans` tinyint(4) DEFAULT NULL,
  PRIMARY KEY (`branch_code`,`debtor_no`),
  KEY `branch_ref` (`branch_ref`),
  KEY `group_no` (`group_no`)
) ENGINE=InnoDB AUTO_INCREMENT=32 DEFAULT CHARSET=utf8 COLLATE=utf8_unicode_ci ;

### Data of table `0_cust_branch` ###

INSERT INTO `0_cust_branch` VALUES
('1', '1', 'Test Customer', 'Test Customer', 'Karachi', '1', '1', 'DEF', '1', '', '402004', '101001', '402004', '1', 'Karachi', '0', '', NULL, '0', NULL, NULL),
('2', '2', 'ALI AHMED ', 'ALI ', '', '1', '1', 'DEF', '3', '', '402004', '101001', '402004', '1', '', '0', '', NULL, '0', NULL, NULL),
('3', '3', 'SHUJAT HYDER ', 'SHUJAT ', '', '1', '1', 'DEF', '1', '', '402004', '101001', '402004', '1', '', '0', '', NULL, '0', NULL, NULL),
('4', '4', 'AMIR MEDICAL  ', 'AAMIR', '', '1', '1', 'DEF', '3', '', '402004', '101001', '402004', '1', '', '0', '', NULL, '0', NULL, NULL),
('5', '5', 'SUPER NOVA LTD ', 'SUPER ', '', '1', '1', 'DEF', '1', '', '402004', '101001', '402004', '1', '', '0', '', NULL, '0', NULL, NULL),
('6', '6', 'AL MAKKAH RESTURENT ', 'MAKKAH ', '', '1', '1', 'DEF', '1', '', '402004', '101001', '402004', '1', '', '0', '', NULL, '0', NULL, NULL),
('7', '7', 'M.M GROUP OF COMPANIES ', 'M.M', '', '1', '1', 'DEF', '1', '', '402004', '101001', '402004', '1', '', '0', '', NULL, '0', NULL, NULL),
('8', '8', 'SOHAIL AND CO PVT LTD ', 'SOHAIL', '', '1', '1', 'DEF', '1', '', '402004', '101001', '402004', '1', '', '0', '', NULL, '0', NULL, NULL),
('9', '9', 'GLOBAL TRADE MARK ', 'GLOBAL ', '', '1', '1', 'DEF', '2', '', '402004', '101001', '402004', '1', '', '0', '', NULL, '0', NULL, NULL),
('10', '10', 'service industries', 'service', '', '1', '1', 'DEF', '2', '', '402004', '101001', '402004', '1', '', '2', '', NULL, '0', NULL, NULL),
('11', '11', 'rehana', 'horizon oil ', 'Lahore\nLahore', '1', '1', 'DEF', '2', '', '402004', '101001', '402004', '1', 'Lahore\nLahore', '2', 'cash', NULL, '0', NULL, NULL),
('13', '13', 'FGFG', 'FDGF', 'FG5434', '1', '1', 'DEF', '1', '', '402004', '101001', '402004', '1', 'FG5434', '0', '', NULL, '0', NULL, NULL),
('14', '14', 'Muhammad Suhaib', 'MS', 'SFC', '1', '1', 'DEF', '1', '', '402004', '101001', '402004', '1', 'SFC', '0', '', NULL, '0', NULL, NULL),
('15', '15', 'ansar', 'ansar', '', '1', '1', 'DEF', '1', '', '402004', '101001', '402004', '1', '', '0', '', NULL, '0', NULL, NULL),
('16', '15', 'Abbbs', 'Abbas', '', '1', '1', 'DEF', '1', '', '402004', '101001', '402004', '1', '', '0', '', NULL, '0', NULL, NULL),
('17', '16', 'NKR', 'NKR', 'KHI', '1', '2', 'DEF', '1', '', '402004', '101001', '402004', '1', 'KHI', '0', '', NULL, '0', NULL, NULL),
('19', '17', 'Daniyal', 'NY', '', '1', '2', 'DEF', '2', '', '402004', '101001', '402004', '1', '', '0', '', NULL, '0', NULL, NULL),
('20', '18', 'Cash Customer', 'Cash Customer', '', '1', '2', 'DEF', '3', '', '402004', '101001', '402004', '1', '', '0', '', NULL, '0', NULL, NULL),
('21', '19', 'Javed Brothers ', 'Javed Brothers', 'Shop No 12 Ground Floor Safa Marwa Market, Lahore Hotel MecLod Road Lahore', '1', '2', 'DEF', '3', '', '402004', '101001', '402004', '1', 'Shop No 12 Ground Floor Safa Marwa Market, Lahore Hotel MecLod Road Lahore', '0', '', NULL, '0', NULL, NULL),
('22', '20', 'Hiba Sheikh', 'hiba', 'Mansehra', '1', '2', 'DEF', '3', '', '402004', '101001', '402004', '1', 'Mansehra', '0', '', NULL, '0', NULL, NULL),
('23', '21', 'ZOHSIR', 'ZS', '', '1', '2', 'DEF', '3', '', '402004', '101001', '402004', '1', '', '0', '', NULL, '0', NULL, NULL),
('24', '22', 'ASIAN CONTINENTAL (PVT) LTD', 'ASIAN ', 'Tipu Sultan Road,\nKarachi.', '1', '3', 'DEF', '3', '', '402004', '101001', '402004', '1', 'Tipu Sultan Road,\nKarachi.', '0', '', NULL, '0', NULL, NULL),
('25', '23', 'WAQAR', 'WAQAR', '', '1', '2', 'DEF', '3', '', '402004', '101001', '402004', '1', '', '0', '', NULL, '0', NULL, NULL),
('26', '24', 'xyz', 'xyz', '', '1', '2', 'DEF', '3', '', '402004', '101001', '402004', '1', '', '0', '', NULL, '0', NULL, NULL),
('27', '25', 'High Q Pharma (Pvt) Ltd', 'High Q', 'Plot No. 23, Sector 24,\nKorangi Industrial Area.\nKarachi', '1', '2', 'DEF', '3', '', '402004', '101001', '402004', '1', 'Plot No. 23, Sector 24,\nKorangi Industrial Area.\nKarachi', '0', '', NULL, '0', NULL, NULL),
('28', '26', 'Opal Laboratories ', 'Opal', 'LC 41,  LITE.\nLadhi.\nKarachi.', '1', '2', 'DEF', '3', '', '402004', '101001', '402004', '1', 'LC 41,  LITE.\nLadhi.\nKarachi.', '0', '', NULL, '0', NULL, NULL),
('29', '27', 'Four Brothers', 'F01', 'Hafeez Center', '1', '2', 'DEF', '2', '', '402004', '101001', '402004', '1', 'Hafeez Center', '0', '', NULL, '0', NULL, NULL),
('30', '28', 'Four Brothers', 'F01', 'Hafeez Center', '1', '2', 'DEF', '2', '', '402004', '101001', '402004', '1', 'Hafeez Center', '0', '', NULL, '0', NULL, NULL),
('31', '29', 'LG 102', 'L01', 'Hafeez Center', '1', '2', 'DEF', '3', '', '402004', '101001', '402004', '1', 'Hafeez Center', '0', '', NULL, '0', NULL, NULL);

### Structure of table `0_daily_attendance` ###

DROP TABLE IF EXISTS `0_daily_attendance`;

CREATE TABLE `0_daily_attendance` (
  `id` int(11) NOT NULL AUTO_INCREMENT,
  `att_date` date NOT NULL,
  `employee` int(11) NOT NULL,
  `check_in` time NOT NULL,
  `check_out` time NOT NULL,
  `fiscal_year` int(11) NOT NULL,
  `division` int(11) NOT NULL,
  `project` int(11) NOT NULL,
  `location` int(11) NOT NULL,
  PRIMARY KEY (`id`)
) ENGINE=InnoDB DEFAULT CHARSET=latin1 ;

### Data of table `0_daily_attendance` ###


### Structure of table `0_dashboard_reminders` ###

DROP TABLE IF EXISTS `0_dashboard_reminders`;

CREATE TABLE `0_dashboard_reminders` (
  `id` int(11) NOT NULL AUTO_INCREMENT,
  `role_id` int(11) NOT NULL,
  `next_date` date NOT NULL,
  `description` text,
  `frequency` varchar(20) NOT NULL,
  `param` text,
  PRIMARY KEY (`id`)
) ENGINE=InnoDB DEFAULT CHARSET=utf8 ;

### Data of table `0_dashboard_reminders` ###


### Structure of table `0_dashboard_widgets` ###

DROP TABLE IF EXISTS `0_dashboard_widgets`;

CREATE TABLE `0_dashboard_widgets` (
  `id` int(11) NOT NULL AUTO_INCREMENT,
  `user_id` int(11) NOT NULL,
  `app` varchar(50) NOT NULL,
  `column_id` int(11) NOT NULL,
  `sort_no` int(11) NOT NULL,
  `collapsed` tinyint(1) NOT NULL,
  `widget` varchar(100) NOT NULL,
  `description` varchar(100) NOT NULL,
  `param` text,
  PRIMARY KEY (`id`)
) ENGINE=InnoDB AUTO_INCREMENT=40 DEFAULT CHARSET=utf8 ;

### Data of table `0_dashboard_widgets` ###

INSERT INTO `0_dashboard_widgets` VALUES
('1', '1', 'AP', '1', '1', '0', 'weeklysales', 'Top 10 Sales Weeks', '{&quot;top&quot;:&quot;10&quot;,&quot;orderby&quot;:&quot;Gross Sales&quot;,&quot;orderby_seq&quot;:&quot;desc&quot;,&quot;graph_type&quot;:&quot;Table&quot;,&quot;data_filter&quot;:&quot;dm.payment_terms = -1&quot;}'),
('2', '1', 'AP', '1', '0', '0', 'weeklysales', 'Weekly Sales', '{&quot;top&quot;:&quot;&quot;,&quot;orderby&quot;:&quot;Week End&quot;,&quot;orderby_seq&quot;:&quot;asc&quot;,&quot;graph_type&quot;:&quot;LineChart&quot;,&quot;data_filter&quot;:&quot;&quot;}'),
('3', '1', 'AP', '2', '1', '0', 'weeklysales', 'Lowest weeks sales', '{&quot;top&quot;:&quot;10&quot;,&quot;orderby&quot;:&quot;Gross Sales&quot;,&quot;orderby_seq&quot;:&quot;asc&quot;,&quot;graph_type&quot;:&quot;Table&quot;,&quot;data_filter&quot;:&quot;&quot;}'),
('6', '1', 'AP', '2', '0', '0', 'dailysales', 'Daily Sales', '{&quot;top&quot;:&quot;10&quot;,&quot;data_filter&quot;:&quot;dm.payment_terms = -1&quot;,&quot;graph_type&quot;:&quot;LineChart&quot;}'),
('7', '1', 'orders', '1', '0', '0', 'customers', 'Top 10 Customers', '{&quot;top&quot;:&quot;10&quot;,&quot;data_filter&quot;:&quot;&quot;,&quot;graph_type&quot;:&quot;Table&quot;}'),
('9', '1', 'orders', '1', '1', '0', 'salesinvoices', 'Overdue invoices', '{&quot;data_filter&quot;:&quot;&quot;}'),
('10', '1', 'AP', '1', '0', '0', 'suppliers', 'Top 10 Suppliers', '{&quot;top&quot;:&quot;&quot;,&quot;data_filter&quot;:&quot;&quot;,&quot;graph_type&quot;:&quot;Table&quot;}'),
('11', '1', 'AP', '2', '0', '0', 'suppliers', 'Top 10 Suppliers', '{&quot;top&quot;:&quot;&quot;,&quot;data_filter&quot;:&quot;&quot;,&quot;graph_type&quot;:&quot;ColumnChart&quot;}'),
('12', '1', 'GL', '2', '1', '0', 'glreturn', 'Return', '{&quot;graph_type&quot;:&quot;Table&quot;,&quot;data_filter&quot;:&quot;&quot;}'),
('13', '1', 'GL', '2', '0', '0', 'glreturn', 'Return', '{&quot;graph_type&quot;:&quot;PieChart&quot;,&quot;data_filter&quot;:&quot;&quot;}'),
('14', '1', 'stock', '1', '0', '0', 'items', 'Top 10 Items', '{&quot;top&quot;:&quot;&quot;,&quot;item_type&quot;:&quot;stock&quot;,&quot;graph_type&quot;:&quot;Table&quot;,&quot;data_filter&quot;:&quot;&quot;}'),
('15', '1', 'stock', '2', '0', '0', 'items', 'Top 10 Items', '{&quot;top&quot;:&quot;&quot;,&quot;item_type&quot;:&quot;stock&quot;,&quot;graph_type&quot;:&quot;PieChart&quot;,&quot;data_filter&quot;:&quot;&quot;}'),
('16', '1', 'manuf', '1', '0', '0', 'items', 'Top 10 items', '{&quot;top&quot;:&quot;&quot;,&quot;item_type&quot;:&quot;manuf&quot;,&quot;graph_type&quot;:&quot;Table&quot;,&quot;data_filter&quot;:&quot;&quot;}'),
('17', '1', 'manuf', '2', '0', '0', 'items', 'Top 10 Items', '{&quot;top&quot;:&quot;&quot;,&quot;item_type&quot;:&quot;manuf&quot;,&quot;graph_type&quot;:&quot;PieChart&quot;,&quot;data_filter&quot;:&quot;&quot;}'),
('18', '1', 'orders', '2', '0', '0', 'customers', 'Top 10 Customers', '{&quot;top&quot;:&quot;&quot;,&quot;data_filter&quot;:&quot;&quot;,&quot;graph_type&quot;:&quot;ColumnChart&quot;}'),
('19', '1', 'GL', '2', '2', '0', 'bankbalances', 'Bank Balances', '{&quot;data_filter&quot;:&quot;&quot;}'),
('20', '1', 'GL', '1', '1', '0', 'dailybankbalances', 'Daily Current Account Balance', '{&quot;days_past&quot;:&quot;&quot;,&quot;days_future&quot;:&quot;&quot;,&quot;bank_act&quot;:&quot;0&quot;,&quot;graph_type&quot;:&quot;ColumnChart&quot;}'),
('21', '1', 'GL', '1', '0', '0', 'banktransactions', 'Current Account Transactions', '{&quot;days_past&quot;:&quot;15&quot;,&quot;days_future&quot;:&quot;15&quot;,&quot;bank_act&quot;:&quot;0&quot;,&quot;data_filter&quot;:&quot;&quot;}'),
('22', '2', 'AP', '1', '1', '0', 'weeklysales', 'Top 10 Sales Weeks', '{&quot;top&quot;:&quot;10&quot;,&quot;orderby&quot;:&quot;Gross Sales&quot;,&quot;orderby_seq&quot;:&quot;desc&quot;,&quot;graph_type&quot;:&quot;Table&quot;,&quot;data_filter&quot;:&quot;dm.payment_terms = -1&quot;}'),
('23', '2', 'AP', '1', '0', '0', 'weeklysales', 'Weekly Sales', '{&quot;top&quot;:&quot;&quot;,&quot;orderby&quot;:&quot;Week End&quot;,&quot;orderby_seq&quot;:&quot;asc&quot;,&quot;graph_type&quot;:&quot;LineChart&quot;,&quot;data_filter&quot;:&quot;&quot;}'),
('24', '2', 'AP', '2', '1', '0', 'weeklysales', 'Lowest weeks sales', '{&quot;top&quot;:&quot;10&quot;,&quot;orderby&quot;:&quot;Gross Sales&quot;,&quot;orderby_seq&quot;:&quot;asc&quot;,&quot;graph_type&quot;:&quot;Table&quot;,&quot;data_filter&quot;:&quot;&quot;}'),
('25', '2', 'AP', '2', '0', '0', 'dailysales', 'Daily Sales', '{&quot;top&quot;:&quot;10&quot;,&quot;data_filter&quot;:&quot;dm.payment_terms = -1&quot;,&quot;graph_type&quot;:&quot;LineChart&quot;}'),
('26', '2', 'orders', '1', '0', '0', 'customers', 'Top 10 Customers', '{&quot;top&quot;:&quot;10&quot;,&quot;data_filter&quot;:&quot;&quot;,&quot;graph_type&quot;:&quot;Table&quot;}'),
('27', '2', 'orders', '1', '1', '0', 'salesinvoices', 'Overdue invoices', '{&quot;data_filter&quot;:&quot;&quot;}'),
('28', '2', 'AP', '1', '0', '0', 'suppliers', 'Top 10 Suppliers', '{&quot;top&quot;:&quot;&quot;,&quot;data_filter&quot;:&quot;&quot;,&quot;graph_type&quot;:&quot;Table&quot;}'),
('29', '2', 'AP', '2', '0', '0', 'suppliers', 'Top 10 Suppliers', '{&quot;top&quot;:&quot;&quot;,&quot;data_filter&quot;:&quot;&quot;,&quot;graph_type&quot;:&quot;ColumnChart&quot;}'),
('30', '2', 'GL', '2', '1', '0', 'glreturn', 'Return', '{&quot;graph_type&quot;:&quot;Table&quot;,&quot;data_filter&quot;:&quot;&quot;}'),
('31', '2', 'GL', '2', '0', '0', 'glreturn', 'Return', '{&quot;graph_type&quot;:&quot;PieChart&quot;,&quot;data_filter&quot;:&quot;&quot;}'),
('32', '2', 'stock', '1', '0', '0', 'items', 'Top 10 Items', '{&quot;top&quot;:&quot;&quot;,&quot;item_type&quot;:&quot;stock&quot;,&quot;graph_type&quot;:&quot;Table&quot;,&quot;data_filter&quot;:&quot;&quot;}'),
('33', '2', 'stock', '2', '0', '0', 'items', 'Top 10 Items', '{&quot;top&quot;:&quot;&quot;,&quot;item_type&quot;:&quot;stock&quot;,&quot;graph_type&quot;:&quot;PieChart&quot;,&quot;data_filter&quot;:&quot;&quot;}'),
('34', '2', 'manuf', '1', '0', '0', 'items', 'Top 10 items', '{&quot;top&quot;:&quot;&quot;,&quot;item_type&quot;:&quot;manuf&quot;,&quot;graph_type&quot;:&quot;Table&quot;,&quot;data_filter&quot;:&quot;&quot;}'),
('35', '2', 'manuf', '2', '0', '0', 'items', 'Top 10 Items', '{&quot;top&quot;:&quot;&quot;,&quot;item_type&quot;:&quot;manuf&quot;,&quot;graph_type&quot;:&quot;PieChart&quot;,&quot;data_filter&quot;:&quot;&quot;}'),
('36', '2', 'orders', '2', '0', '0', 'customers', 'Top 10 Customers', '{&quot;top&quot;:&quot;&quot;,&quot;data_filter&quot;:&quot;&quot;,&quot;graph_type&quot;:&quot;ColumnChart&quot;}'),
('37', '2', 'GL', '2', '2', '0', 'bankbalances', 'Bank Balances', '{&quot;data_filter&quot;:&quot;&quot;}'),
('38', '2', 'GL', '1', '1', '0', 'dailybankbalances', 'Daily Current Account Balance', '{&quot;days_past&quot;:&quot;&quot;,&quot;days_future&quot;:&quot;&quot;,&quot;bank_act&quot;:&quot;0&quot;,&quot;graph_type&quot;:&quot;ColumnChart&quot;}'),
('39', '2', 'GL', '1', '0', '0', 'banktransactions', 'Current Account Transactions', '{&quot;days_past&quot;:&quot;15&quot;,&quot;days_future&quot;:&quot;15&quot;,&quot;bank_act&quot;:&quot;0&quot;,&quot;data_filter&quot;:&quot;&quot;}');

### Structure of table `0_debtor_trans` ###

DROP TABLE IF EXISTS `0_debtor_trans`;

CREATE TABLE `0_debtor_trans` (
  `trans_no` int(11) unsigned NOT NULL DEFAULT '0',
  `type` smallint(6) unsigned NOT NULL DEFAULT '0',
  `version` tinyint(1) unsigned NOT NULL DEFAULT '0',
  `debtor_no` int(11) unsigned NOT NULL DEFAULT '0',
  `branch_code` int(11) NOT NULL DEFAULT '-1',
  `tran_date` date NOT NULL DEFAULT '0000-00-00',
  `due_date` date NOT NULL DEFAULT '0000-00-00',
  `reference` varchar(60) COLLATE utf8_unicode_ci NOT NULL DEFAULT '',
  `tpe` int(11) NOT NULL DEFAULT '0',
  `order_` int(11) NOT NULL DEFAULT '0',
  `ov_amount` double NOT NULL DEFAULT '0',
  `ov_gst` double NOT NULL DEFAULT '0',
  `gst_wh` double NOT NULL,
  `ov_freight` double NOT NULL DEFAULT '0',
  `ov_freight_tax` double NOT NULL DEFAULT '0',
  `ov_discount` double NOT NULL DEFAULT '0',
  `alloc` double NOT NULL DEFAULT '0',
  `prep_amount` double NOT NULL DEFAULT '0',
  `rate` double NOT NULL DEFAULT '1',
  `ship_via` int(11) DEFAULT NULL,
  `dimension_id` int(11) NOT NULL DEFAULT '0',
  `dimension2_id` int(11) NOT NULL DEFAULT '0',
  `payment_terms` int(11) DEFAULT NULL,
  `tax_included` tinyint(1) unsigned NOT NULL DEFAULT '0',
  `supply_disc` int(11) NOT NULL,
  `service_disc` int(11) NOT NULL,
  `fbr_disc` int(11) NOT NULL,
  `srb_disc` int(11) NOT NULL,
  `write_back` int(11) NOT NULL,
  `supply_tax_id` int(11) NOT NULL,
  `service_tax_id` int(11) NOT NULL,
  `fbr_tax_id` int(11) NOT NULL,
  `srb_tax_id` int(11) NOT NULL,
  `discount1` double NOT NULL,
  `discount2` double NOT NULL,
  `cheque_date` date DEFAULT NULL,
  `text_1` varchar(50) COLLATE utf8_unicode_ci DEFAULT NULL,
  `text_2` varchar(50) COLLATE utf8_unicode_ci DEFAULT NULL,
  `cheque_no` varchar(30) COLLATE utf8_unicode_ci NOT NULL,
  `text_3` varchar(30) COLLATE utf8_unicode_ci NOT NULL,
  `text_4` varchar(50) COLLATE utf8_unicode_ci NOT NULL,
  `so_no` int(11) NOT NULL,
  `total_discount` double NOT NULL,
  `opening` varchar(20) COLLATE utf8_unicode_ci DEFAULT NULL,
  `disc1` double DEFAULT NULL,
  `disc2` double DEFAULT NULL,
  `salesman` int(11) NOT NULL,
  `h_amount1` double NOT NULL,
  `chalan` varchar(50) COLLATE utf8_unicode_ci NOT NULL,
  `chalan_date` date NOT NULL,
  `cust_ref` varchar(50) COLLATE utf8_unicode_ci NOT NULL,
  `approval` tinyint(1) NOT NULL DEFAULT '0',
  `tax_group_id` int(11) NOT NULL,
  `st_challan` bigint(11) NOT NULL,
  `st_chalan_date` date NOT NULL,
  PRIMARY KEY (`trans_no`,`type`,`debtor_no`),
  KEY `debtor_no` (`debtor_no`,`branch_code`),
  KEY `tran_date` (`tran_date`),
  KEY `order_` (`order_`)
) ENGINE=InnoDB DEFAULT CHARSET=utf8 COLLATE=utf8_unicode_ci ;

### Data of table `0_debtor_trans` ###

INSERT INTO `0_debtor_trans` VALUES
('1', '2', '0', '4', '4', '2018-11-08', '0000-00-00', 'BRV001/11/2018', '0', '0', '200900', '0', '0', '0', '0', '0', '0', '0', '1', '0', '0', '0', '0', '0', '0', '0', '0', '0', '0', '0', '0', '0', '0', '0', '0', '2018-11-08', NULL, NULL, '', '', '', '0', '0', NULL, NULL, NULL, '0', '0', '', '0000-00-00', '', '0', '0', '0', '0000-00-00'),
('1', '10', '0', '4', '4', '2018-10-20', '2018-10-30', 'SI001/10/2018', '1', '1', '150', '25.5', '0', '0', '0', '0', '175.5', '0', '1', '1', '0', '0', '3', '0', '0', '0', '0', '0', '0', '0', '0', '0', '0', '0', '0', '0000-00-00', NULL, '0', '0', '0', '', '0', '0', NULL, NULL, NULL, '0', '0', '', '0000-00-00', '', '0', '1', '0', '0000-00-00'),
('1', '11', '0', '4', '4', '2018-10-23', '0000-00-00', 'CCN001/10/2018', '1', '0', '10', '1.7', '0', '0', '0', '0', '11.7', '0', '1', '1', '0', '0', '5', '0', '0', '0', '0', '0', '0', '0', '0', '0', '0', '0', '0', '0020-00-00', '0', '0', '0', '0', '', '0', '0', NULL, NULL, NULL, '0', '0', '', '0000-00-00', '', '0', '0', '0', '0000-00-00'),
('1', '12', '1', '4', '4', '2018-10-20', '0000-00-00', 'CP001/10/2018', '0', '0', '100', '0', '0', '0', '0', '0', '100', '0', '1', '0', '0', '0', '0', '0', '0', '0', '0', '0', '0', '0', '0', '0', '0', '0', '0', '0000-00-00', NULL, NULL, '', '', '', '0', '0', NULL, '0', '0', '0', '0', '', '0000-00-00', '', '0', '0', '0', '0000-00-00'),
('1', '13', '1', '4', '4', '2018-10-20', '2018-10-30', 'auto', '1', '1', '150', '25.5', '0', '0', '0', '0', '0', '0', '1', '1', '0', '0', '3', '0', '0', '0', '0', '0', '0', '0', '0', '0', '0', '0', '0', '0020-00-00', NULL, NULL, '0', '0', '', '0', '0', NULL, NULL, NULL, '0', '0', '', '0000-00-00', '', '0', '0', '0', '0000-00-00'),
('1', '41', '1', '4', '4', '2018-10-19', '0000-00-00', 'CPV001/10/2018', '0', '0', '0', '0', '0', '0', '0', '0', '0', '0', '1', '0', '0', '0', '0', '0', '0', '0', '0', '0', '0', '0', '0', '0', '0', '0', '0', '0020-00-00', NULL, NULL, '', '', '', '0', '0', NULL, '0', '0', '0', '0', '', '0000-00-00', '', '0', '0', '0', '0000-00-00'),
('1', '42', '0', '4', '4', '2018-10-24', '0000-00-00', 'CRV001/10/2018', '0', '0', '15000', '0', '0', '0', '0', '0', '0', '0', '1', '0', '0', '0', '0', '0', '0', '0', '0', '0', '0', '0', '0', '0', '0', '0', '0', '0020-00-00', NULL, NULL, '', '', '', '0', '0', NULL, NULL, NULL, '0', '0', '', '0000-00-00', '', '0', '0', '0', '0000-00-00'),
('2', '0', '0', '4', '4', '2018-10-22', '0000-00-00', 'JV002/10/2018', '0', '0', '100', '0', '0', '0', '0', '0', '100', '0', '1', NULL, '0', '0', NULL, '0', '0', '0', '0', '0', '0', '0', '0', '0', '0', '0', '0', NULL, NULL, NULL, '', '', '', '0', '0', NULL, NULL, NULL, '0', '0', '', '0000-00-00', '', '0', '0', '0', '0000-00-00'),
('2', '10', '0', '6', '6', '2018-10-20', '2018-10-20', 'SI002/10/2018', '1', '2', '175000', '29750', '0', '0', '0', '0', '0', '0', '1', '1', '0', '0', '5', '0', '0', '0', '0', '0', '0', '0', '0', '0', '0', '0', '0', '0000-00-00', NULL, '0', '0', '0', '', '0', '0', NULL, NULL, NULL, '0', '0', '', '0000-00-00', '', '0', '1', '0', '0000-00-00'),
('2', '11', '0', '4', '4', '2018-10-22', '0000-00-00', 'CCN002/10/2018', '1', '0', '10', '1.7', '0', '0', '0', '0', '11.7', '0', '1', '1', '0', '0', '5', '0', '0', '0', '0', '0', '0', '0', '0', '0', '0', '0', '0', '0020-00-00', '0', '0', '0', '0', '', '0', '0', NULL, NULL, NULL, '0', '0', '', '0000-00-00', '', '0', '0', '0', '0000-00-00'),
('2', '12', '0', '4', '4', '2018-10-20', '0000-00-00', 'CP002/10/2018', '0', '0', '75', '0', '0', '0', '0', '0', '75', '0', '1', '0', '0', '0', '0', '0', '0', '0', '0', '0', '0', '0', '0', '0', '0', '0', '0', '2018-10-20', NULL, NULL, '', '', '', '0', '0', NULL, NULL, NULL, '0', '0', '', '0000-00-00', '', '0', '0', '0', '0000-00-00'),
('2', '13', '1', '6', '6', '2018-10-20', '2018-10-20', 'auto', '1', '2', '175000', '29750', '0', '0', '0', '0', '0', '0', '1', '1', '0', '0', '5', '0', '0', '0', '0', '0', '0', '0', '0', '0', '0', '0', '0', '0020-00-00', NULL, NULL, '0', '0', '', '0', '0', NULL, NULL, NULL, '0', '0', '', '0000-00-00', '', '0', '0', '0', '0000-00-00'),
('2', '41', '0', '4', '4', '2018-10-20', '0000-00-00', 'CPV001/10/2018', '0', '0', '500', '0', '0', '0', '0', '0', '500', '0', '1', '0', '0', '0', '0', '0', '0', '0', '0', '0', '0', '0', '0', '0', '0', '0', '0', '0020-00-00', NULL, NULL, '', '', '', '0', '0', NULL, NULL, NULL, '0', '0', '', '0000-00-00', '', '0', '0', '0', '0000-00-00'),
('3', '10', '2', '3', '3', '2018-10-22', '2019-01-20', 'SI003/10/2018', '1', '5', '0', '0', '0', '0', '0', '0', '0', '0', '1', '1', '0', '0', '5', '0', '0', '0', '0', '0', '0', '0', '0', '0', '0', '0', '0', '0000-00-00', NULL, '0', '0', '0', '', '0', '0', NULL, '0', '0', '0', '0', '', '0000-00-00', '', '0', '1', '0', '0000-00-00'),
('3', '11', '0', '4', '4', '2018-10-22', '0000-00-00', 'CCN003/10/2018', '1', '0', '500', '85', '0', '0', '0', '0', '0', '0', '1', '1', '0', '0', '5', '0', '0', '0', '0', '0', '0', '0', '0', '0', '0', '0', '0', '0020-00-00', '0', '0', '0', '0', '', '0', '0', NULL, NULL, NULL, '0', '0', '', '0000-00-00', '', '0', '0', '0', '0000-00-00'),
('3', '12', '0', '4', '4', '2018-10-22', '0000-00-00', 'CP003/10/2018', '0', '0', '10000', '0', '0', '0', '0', '0', '0', '0', '1', '0', '0', '0', '0', '0', '0', '0', '0', '0', '0', '0', '0', '0', '0', '0', '0', '2018-10-22', NULL, NULL, '', '', '', '0', '0', NULL, NULL, NULL, '0', '0', '', '0000-00-00', '', '0', '0', '0', '0000-00-00'),
('3', '13', '2', '3', '3', '2018-10-22', '2018-10-23', 'DN001/10/2018', '1', '5', '3000', '510', '0', '0', '0', '0', '0', '0', '1', '1', '0', '0', '5', '0', '0', '0', '0', '0', '0', '0', '0', '0', '0', '0', '0', '0020-00-00', NULL, NULL, '0', '0', '', '0', '0', NULL, NULL, NULL, '0', '0', '', '0000-00-00', '', '0', '0', '0', '0000-00-00'),
('4', '10', '0', '6', '6', '2018-10-22', '2018-10-22', 'SI004/10/2018', '1', '7', '3000', '510', '0', '0', '0', '0', '0', '0', '1', '1', '0', '0', '5', '0', '0', '0', '0', '0', '0', '0', '0', '0', '0', '0', '0', '0000-00-00', NULL, '0', '0', '0', '', '0', '0', NULL, NULL, NULL, '0', '0', '', '0000-00-00', '', '0', '1', '0', '0000-00-00'),
('4', '11', '0', '8', '8', '2018-10-22', '0000-00-00', 'CCN004/10/2018', '1', '0', '3000', '510', '0', '0', '0', '0', '0', '0', '1', '1', '0', '0', '5', '0', '0', '0', '0', '0', '0', '0', '0', '0', '0', '0', '0', '0020-00-00', '0', '0', '0', '0', '', '0', '0', NULL, NULL, NULL, '0', '0', '', '0000-00-00', '', '0', '0', '0', '0000-00-00'),
('4', '12', '0', '4', '4', '2018-10-22', '0000-00-00', 'CP004/10/2018', '0', '0', '100', '0', '0', '0', '0', '0', '100', '0', '1', '0', '0', '0', '0', '0', '0', '0', '0', '0', '0', '0', '0', '0', '0', '0', '0', '2018-10-22', NULL, NULL, '', '', '', '0', '0', NULL, NULL, NULL, '0', '0', '', '0000-00-00', '', '0', '0', '0', '0000-00-00'),
('4', '13', '1', '6', '6', '2018-10-22', '2018-10-22', 'auto', '1', '7', '3000', '510', '0', '0', '0', '0', '0', '0', '1', '1', '0', '0', '5', '0', '0', '0', '0', '0', '0', '0', '0', '0', '0', '0', '0', '0020-00-00', NULL, NULL, '0', '0', '', '0', '0', NULL, NULL, NULL, '0', '0', '', '0000-00-00', '', '0', '0', '0', '0000-00-00'),
('5', '10', '0', '6', '6', '2018-10-22', '2018-10-22', 'SI005/10/2018', '1', '8', '2250', '382.5', '0', '0', '0', '0', '0', '0', '1', '1', '0', '0', '5', '0', '0', '0', '0', '0', '0', '0', '0', '0', '0', '0', '0', '0000-00-00', NULL, '0', '0', '0', '', '0', '0', NULL, NULL, NULL, '0', '0', '', '0000-00-00', '', '0', '1', '0', '0000-00-00'),
('5', '11', '0', '4', '4', '2018-11-03', '0000-00-00', 'CCN001/11/2018', '1', '0', '0', '0', '0', '0', '0', '0', '0', '0', '1', '1', '0', '0', '5', '0', '0', '0', '0', '0', '0', '0', '0', '0', '0', '0', '0', '0020-00-00', '0', '0', '0', '0', '', '0', '0', NULL, NULL, NULL, '0', '0', '', '0000-00-00', '', '0', '0', '0', '0000-00-00'),
('5', '12', '0', '4', '4', '2018-10-22', '0000-00-00', 'CP005/10/2018', '0', '0', '12000', '0', '0', '0', '0', '0', '0', '0', '1', '0', '0', '0', '0', '0', '0', '0', '0', '0', '0', '0', '0', '0', '0', '0', '0', '2018-10-22', NULL, NULL, '', '', '', '0', '0', NULL, NULL, NULL, '0', '0', '', '0000-00-00', '', '0', '0', '0', '0000-00-00'),
('5', '13', '1', '6', '6', '2018-10-22', '2018-10-22', 'auto', '1', '8', '2250', '382.5', '0', '0', '0', '0', '0', '0', '1', '1', '0', '0', '5', '0', '0', '0', '0', '0', '0', '0', '0', '0', '0', '0', '0', '0020-00-00', NULL, NULL, '0', '0', '', '0', '0', NULL, NULL, NULL, '0', '0', '', '0000-00-00', '', '0', '0', '0', '0000-00-00'),
('6', '10', '0', '6', '6', '2018-10-22', '2019-01-20', 'SI006/10/2018', '1', '10', '210', '35.7', '0', '0', '0', '0', '245.7', '0', '1', '1', '0', '0', '5', '0', '0', '0', '0', '0', '0', '0', '0', '0', '0', '0', '0', '0000-00-00', NULL, '0', '0', '0', '', '0', '0', NULL, NULL, NULL, '0', '0', '', '0000-00-00', '', '0', '1', '0', '0000-00-00'),
('6', '11', '0', '4', '4', '2018-11-03', '0000-00-00', 'CCN002/11/2018', '1', '0', '0', '0', '0', '0', '0', '0', '0', '0', '1', '1', '0', '0', '5', '0', '0', '0', '0', '0', '0', '0', '0', '0', '0', '0', '0', '0020-00-00', '0', '0', '0', '0', '', '0', '0', NULL, NULL, NULL, '0', '0', '', '0000-00-00', '', '0', '0', '0', '0000-00-00'),
('6', '12', '0', '6', '6', '2018-10-22', '0000-00-00', 'CP006/10/2018', '0', '0', '245.7', '0', '0', '0', '0', '0', '245.7', '0', '1', '0', '0', '0', '0', '0', '0', '0', '0', '0', '0', '0', '0', '0', '0', '0', '0', '0000-00-00', NULL, NULL, '', '', '', '0', '0', NULL, NULL, NULL, '0', '0', '', '0000-00-00', '', '0', '0', '0', '0000-00-00'),
('6', '13', '1', '6', '6', '2018-10-22', '2018-10-23', 'DN002/10/2018', '1', '10', '210', '35.7', '0', '0', '0', '0', '0', '0', '1', '1', '0', '0', '5', '0', '0', '0', '0', '0', '0', '0', '0', '0', '0', '0', '0', '0020-00-00', NULL, NULL, '0', '0', '', '0', '0', NULL, NULL, NULL, '0', '0', '', '0000-00-00', '', '0', '0', '0', '0000-00-00'),
('7', '0', '0', '2', '2', '2018-10-24', '0000-00-00', 'JV006/10/2018', '0', '0', '50000', '0', '0', '0', '0', '0', '120', '0', '1', NULL, '0', '0', NULL, '0', '0', '0', '0', '0', '0', '0', '0', '0', '0', '0', '0', NULL, NULL, NULL, '', '', '', '0', '0', NULL, NULL, NULL, '0', '0', '', '0000-00-00', '', '0', '0', '0', '0000-00-00'),
('7', '0', '0', '3', '3', '2018-10-24', '0000-00-00', 'JV006/10/2018', '0', '0', '157000', '0', '0', '0', '0', '0', '0', '0', '1', NULL, '0', '0', NULL, '0', '0', '0', '0', '0', '0', '0', '0', '0', '0', '0', '0', NULL, NULL, NULL, '', '', '', '0', '0', NULL, NULL, NULL, '0', '0', '', '0000-00-00', '', '0', '0', '0', '0000-00-00'),
('7', '0', '0', '4', '4', '2018-10-24', '0000-00-00', 'JV006/10/2018', '0', '0', '77000', '0', '0', '0', '0', '0', '77000', '0', '1', NULL, '0', '0', NULL, '0', '0', '0', '0', '0', '0', '0', '0', '0', '0', '0', '0', NULL, NULL, NULL, '', '', '', '0', '0', NULL, NULL, NULL, '0', '0', '', '0000-00-00', '', '0', '0', '0', '0000-00-00'),
('7', '10', '0', '4', '4', '2018-10-23', '2019-01-21', 'SI007/10/2018', '1', '11', '10', '1.7', '0', '0', '0', '0', '11.7', '0', '1', '1', '0', '0', '5', '0', '0', '0', '0', '0', '0', '0', '0', '0', '0', '0', '0', '0000-00-00', NULL, '0', '0', '0', '', '0', '0', NULL, NULL, NULL, '0', '0', '', '0000-00-00', '', '0', '1', '0', '0000-00-00'),
('7', '11', '0', '2', '2', '2018-11-07', '0000-00-00', 'CCN003/11/2018', '1', '0', '750', '165', '0', '0', '0', '0', '0', '0', '1', '1', '0', '0', '5', '0', '0', '0', '0', '0', '0', '0', '0', '0', '0', '0', '0', '0020-00-00', '0', '0', '0', '0', '', '0', '0', NULL, NULL, NULL, '0', '0', '', '0000-00-00', '', '0', '0', '0', '0000-00-00'),
('7', '12', '0', '4', '4', '2018-10-23', '0000-00-00', 'CP007/10/2018', '0', '0', '58.5', '0', '0', '0', '0', '0', '0', '0', '1', '0', '0', '0', '0', '0', '0', '0', '0', '0', '0', '0', '0', '0', '0', '0', '0', '0000-00-00', NULL, NULL, '', '', '', '0', '0', NULL, NULL, NULL, '0', '0', '', '0000-00-00', '', '0', '0', '0', '0000-00-00'),
('7', '13', '1', '4', '4', '2018-10-23', '2019-01-21', 'auto', '1', '11', '10', '1.7', '0', '0', '0', '0', '0', '0', '1', '1', '0', '0', '5', '0', '0', '0', '0', '0', '0', '0', '0', '0', '0', '0', '0', '0020-00-00', NULL, NULL, '0', '0', '', '0', '0', NULL, NULL, NULL, '0', '0', '', '0000-00-00', '', '0', '0', '0', '0000-00-00'),
('8', '10', '0', '4', '4', '2018-10-24', '2019-01-22', 'SI008/10/2018', '1', '13', '18000', '3060', '0', '0', '0', '0', '21060', '0', '1', '1', '0', '0', '5', '0', '0', '0', '0', '0', '0', '0', '0', '0', '0', '0', '0', '0000-00-00', NULL, '0', '0', '0', '', '0', '0', NULL, NULL, NULL, '0', '0', '', '0000-00-00', '', '0', '1', '0', '0000-00-00'),
('8', '11', '0', '28', '30', '2018-11-20', '0000-00-00', 'CCN004/11/2018', '3', '0', '17952', '0', '0', '0', '0', '0', '0', '0', '1', '1', '0', '0', '4', '0', '0', '0', '0', '0', '0', '0', '0', '0', '0', '0', '0', '0020-00-00', '0', '0', '0', '0', '', '0', '0', NULL, NULL, NULL, '0', '0', '', '0000-00-00', '', '0', '0', '0', '0000-00-00'),
('8', '12', '0', '4', '4', '2018-10-24', '0000-00-00', 'CP008/10/2018', '0', '0', '1500', '0', '0', '0', '0', '0', '0', '0', '1', '0', '0', '0', '0', '0', '0', '0', '0', '0', '0', '0', '0', '0', '0', '0', '0', '0020-00-00', '0', '0', '0', '0', '', '14', '0', NULL, NULL, NULL, '0', '0', '', '0000-00-00', '', '0', '0', '0', '0000-00-00'),
('8', '13', '1', '7', '7', '2018-10-24', '2018-10-21', 'DN003/10/2018', '1', '3', '34300', '5831', '0', '0', '0', '0', '0', '0', '1', '1', '0', '0', '5', '0', '0', '0', '0', '0', '0', '0', '0', '0', '0', '0', '0', '0020-00-00', NULL, NULL, '0', '0', '', '0', '0', NULL, NULL, NULL, '0', '0', '', '0000-00-00', '', '0', '0', '0', '0000-00-00'),
('9', '10', '0', '4', '4', '2018-10-24', '2019-01-22', 'GST001/10/2018', '1', '14', '1500', '255', '0', '0', '0', '0', '1755', '0', '1', '1', '0', '0', '5', '0', '0', '0', '0', '0', '0', '0', '0', '0', '0', '0', '0', '0000-00-00', NULL, '0', '0', '0', '', '0', '0', NULL, NULL, NULL, '0', '0', '', '0000-00-00', '', '0', '1', '0', '0000-00-00'),
('9', '11', '0', '28', '30', '2018-11-20', '0000-00-00', 'CCN005/11/2018', '3', '0', '23040', '0', '0', '0', '0', '0', '0', '0', '1', '1', '0', '0', '4', '0', '0', '0', '0', '0', '0', '0', '0', '0', '0', '0', '0', '0020-00-00', '0', '0', '0', '0', '', '0', '0', NULL, NULL, NULL, '0', '0', '', '0000-00-00', '', '0', '0', '0', '0000-00-00'),
('9', '12', '0', '4', '4', '2018-10-22', '0000-00-00', 'CP009/10/2018', '0', '0', '163.7', '0', '0', '0', '0', '0', '12.2', '0', '1', '0', '0', '0', '0', '0', '0', '0', '0', '0', '0', '0', '0', '0', '0', '0', '0', '2018-10-25', NULL, NULL, '', '', '', '0', '0', NULL, NULL, NULL, '0', '0', '', '0000-00-00', '', '0', '0', '0', '0000-00-00'),
('9', '13', '1', '4', '4', '2018-10-24', '2018-10-21', 'DN004/10/2018', '1', '4', '2000', '0', '0', '0', '0', '0', '0', '0', '1', '1', '0', '0', '5', '0', '0', '0', '0', '0', '0', '0', '0', '0', '0', '0', '0', '0020-00-00', NULL, NULL, '0', '0', '', '0', '0', NULL, NULL, NULL, '0', '0', '', '0000-00-00', '', '0', '0', '0', '0000-00-00'),
('10', '0', '0', '4', '4', '2018-10-30', '0000-00-00', 'JV008/10/2018', '0', '0', '5000', '0', '0', '0', '0', '0', '5000', '0', '1', NULL, '0', '0', NULL, '0', '0', '0', '0', '0', '0', '0', '0', '0', '0', '0', '0', NULL, NULL, NULL, '', '', '', '0', '0', NULL, NULL, NULL, '0', '0', '', '0000-00-00', '', '0', '0', '0', '0000-00-00'),
('10', '10', '0', '4', '4', '2018-10-24', '2018-10-24', 'SI009/10/2018', '1', '15', '10', '1.7', '0', '0', '0', '0', '11.7', '0', '1', '1', '0', '0', '5', '0', '0', '0', '0', '0', '0', '0', '0', '0', '0', '0', '0', '0000-00-00', NULL, '0', '0', '0', '', '0', '0', NULL, NULL, NULL, '0', '0', '', '0000-00-00', '', '0', '1', '0', '0000-00-00'),
('10', '12', '0', '15', '16', '2018-10-27', '0000-00-00', 'CP010/10/2018', '0', '0', '1170', '0', '0', '0', '0', '0', '1170', '0', '1', '0', '0', '0', '0', '0', '0', '0', '0', '0', '0', '0', '0', '0', '0', '0', '0', '2018-10-27', NULL, NULL, '', '', '', '0', '0', NULL, NULL, NULL, '0', '0', '', '0000-00-00', '', '0', '0', '0', '0000-00-00'),
('10', '13', '1', '4', '4', '2018-10-24', '2018-10-25', 'DN005/10/2018', '1', '13', '18000', '3060', '0', '0', '0', '0', '0', '0', '1', '1', '0', '0', '5', '0', '0', '0', '0', '0', '0', '0', '0', '0', '0', '0', '0', '0020-00-00', NULL, NULL, '0', '0', '', '0', '0', NULL, NULL, NULL, '0', '0', '', '0000-00-00', '', '0', '0', '0', '0000-00-00'),
('11', '10', '0', '7', '7', '2018-10-22', '2019-01-20', 'SI010/10/2018', '1', '3', '34300', '5831', '0', '0', '0', '0', '40131', '0', '1', '1', '0', '0', '5', '0', '0', '0', '0', '0', '0', '0', '0', '0', '0', '0', '0', '0000-00-00', NULL, '0', '0', '0', '', '0', '0', NULL, NULL, NULL, '0', '0', '', '0000-00-00', '', '0', '1', '0', '0000-00-00'),
('11', '12', '0', '1', '1', '2018-10-28', '0000-00-00', 'CP011/10/2018', '0', '0', '444', '0', '0', '0', '0', '0', '0', '0', '1', '0', '0', '0', '0', '0', '0', '0', '0', '0', '0', '0', '0', '0', '0', '0', '0', '2018-10-28', NULL, NULL, '', '', '', '0', '0', NULL, NULL, NULL, '0', '0', '', '0000-00-00', '', '0', '0', '0', '0000-00-00'),
('11', '13', '1', '4', '4', '2018-10-24', '2018-10-25', 'DN006/10/2018', '1', '14', '3020', '451.86', '0', '0', '0', '0', '0', '0', '1', '1', '0', '0', '5', '0', '0', '0', '0', '0', '0', '0', '0', '0', '0', '302', '60', '0020-00-00', NULL, NULL, '0', '0', '', '0', '0', NULL, NULL, NULL, '0', '0', '', '0000-00-00', '', '0', '0', '0', '0000-00-00'),
('12', '10', '0', '5', '5', '2018-10-22', '2019-01-20', 'SI011/10/2018', '1', '19', '1000', '170', '0', '0', '0', '0', '0', '0', '1', '1', '0', '0', '5', '0', '0', '0', '0', '0', '0', '0', '0', '0', '0', '0', '0', '0000-00-00', NULL, '0', '0', '0', '', '0', '0', NULL, NULL, NULL, '0', '0', '', '0000-00-00', '', '0', '1', '0', '0000-00-00'),
('12', '12', '0', '1', '1', '2018-07-01', '0000-00-00', 'CP001/07/2018', '0', '0', '123', '0', '0', '0', '0', '0', '0', '0', '1', '0', '0', '0', '0', '0', '0', '0', '0', '0', '0', '0', '0', '0', '0', '0', '0', '2018-07-01', NULL, NULL, '', '', '', '0', '0', NULL, NULL, NULL, '0', '0', '', '0000-00-00', '', '0', '0', '0', '0000-00-00'),
('12', '13', '1', '4', '4', '2018-10-24', '2018-10-25', 'DN007/10/2018', '1', '14', '1500', '241.4', '0', '0', '0', '0', '0', '0', '1', '1', '0', '0', '5', '0', '0', '0', '0', '0', '0', '0', '0', '0', '0', '0', '80', '0020-00-00', NULL, NULL, '0', '0', '', '0', '0', NULL, NULL, NULL, '0', '0', '', '0000-00-00', '', '0', '0', '0', '0000-00-00'),
('13', '10', '0', '4', '4', '2018-10-22', '2019-01-20', 'SI012/10/2018', '1', '21', '20', '3.4', '0', '0', '0', '0', '23.4', '0', '1', '1', '0', '0', '5', '0', '0', '0', '0', '0', '0', '0', '0', '0', '0', '0', '0', '0000-00-00', NULL, '0', '0', '0', '', '0', '0', NULL, NULL, NULL, '0', '0', '', '0000-00-00', '', '0', '1', '0', '0000-00-00'),
('13', '12', '0', '13', '13', '2018-10-29', '0000-00-00', 'CP012/10/2018', '0', '0', '46800', '0', '0', '0', '0', '0', '46800', '0', '1', '0', '0', '0', '0', '0', '0', '0', '0', '0', '0', '0', '0', '0', '0', '0', '0', '2018-10-29', NULL, NULL, '', '', '', '0', '0', NULL, NULL, NULL, '0', '0', '', '0000-00-00', '', '0', '0', '0', '0000-00-00'),
('13', '13', '1', '4', '4', '2018-10-24', '2018-10-24', 'auto', '1', '15', '10', '1.7', '0', '0', '0', '0', '0', '0', '1', '1', '0', '0', '5', '0', '0', '0', '0', '0', '0', '0', '0', '0', '0', '0', '0', '0020-00-00', NULL, NULL, '0', '0', '', '0', '0', NULL, NULL, NULL, '0', '0', '', '0000-00-00', '', '0', '0', '0', '0000-00-00'),
('14', '1', '0', '13', '13', '2018-11-09', '0000-00-00', 'BPV002/11/2018', '0', '0', '21000', '0', '0', '0', '0', '0', '0', '0', '1', '0', '0', '0', '0', '0', '0', '0', '0', '0', '0', '0', '0', '0', '0', '0', '0', '2018-11-09', NULL, NULL, '', '', '', '0', '0', NULL, NULL, NULL, '0', '0', '', '0000-00-00', '', '0', '0', '0', '0000-00-00'),
('14', '10', '2', '4', '4', '2018-10-22', '2019-01-20', 'SI013/10/2018', '1', '22', '0', '0', '0', '0', '0', '0', '0', '0', '1', '1', '0', '0', '5', '0', '0', '0', '0', '0', '0', '0', '0', '0', '0', '0', '0', '0000-00-00', NULL, '0', '0', '0', '', '0', '0', NULL, '0', '0', '0', '0', '', '0000-00-00', '', '0', '1', '0', '0000-00-00'),
('14', '12', '0', '15', '16', '2018-10-31', '0000-00-00', 'CP013/10/2018', '0', '0', '100', '0', '0', '0', '0', '0', '0', '0', '1', '0', '0', '0', '0', '0', '0', '0', '0', '0', '0', '0', '0', '0', '0', '0', '0', '2018-10-31', NULL, NULL, '452003', '', '', '0', '0', NULL, NULL, NULL, '0', '0', '', '0000-00-00', '', '0', '0', '0', '0000-00-00'),
('14', '13', '0', '7', '7', '2018-10-22', '2018-10-21', 'DN008/10/2018', '1', '3', '14350', '2439.5', '0', '0', '0', '0', '0', '0', '1', '1', '0', '0', '5', '0', '0', '0', '0', '0', '0', '0', '0', '0', '0', '0', '0', '0020-00-00', NULL, NULL, '0', '0', '', '0', '0', NULL, NULL, NULL, '0', '0', '', '0000-00-00', '', '0', '0', '0', '0000-00-00'),
('15', '10', '0', '14', '14', '2018-10-26', '2018-11-05', 'SI014/10/2018', '1', '23', '0', '0', '0', '1000', '170', '0', '0', '0', '1', '1', '0', '0', '3', '0', '0', '0', '0', '0', '0', '0', '0', '0', '0', '0', '0', '0000-00-00', NULL, '0', '0', '0', '', '0', '0', NULL, NULL, NULL, '0', '0', '', '0000-00-00', '', '0', '1', '0', '0000-00-00'),
('15', '12', '0', '2', '2', '2018-11-01', '0000-00-00', 'CP001/11/2018', '0', '0', '120', '0', '0', '0', '0', '0', '120', '0', '1', '0', '0', '0', '0', '0', '0', '0', '0', '0', '0', '0', '0', '0', '0', '0', '0', '2018-11-01', NULL, NULL, '', '', '', '0', '0', NULL, NULL, NULL, '0', '0', '', '0000-00-00', '', '0', '0', '0', '0000-00-00'),
('15', '13', '1', '5', '5', '2018-10-22', '2018-10-23', 'DN009/10/2018', '1', '19', '1000', '170', '0', '0', '0', '0', '0', '0', '1', '1', '0', '0', '5', '0', '0', '0', '0', '0', '0', '0', '0', '0', '0', '0', '0', '0020-00-00', NULL, NULL, '0', '0', '', '0', '0', NULL, NULL, NULL, '0', '0', '', '0000-00-00', '', '0', '0', '0', '0000-00-00'),
('16', '10', '0', '15', '16', '2018-10-27', '2019-01-25', 'SI015/10/2018', '1', '24', '1000', '170', '0', '0', '0', '0', '1170', '0', '1', '1', '0', '0', '5', '0', '0', '0', '0', '0', '0', '0', '0', '0', '0', '0', '0', '0000-00-00', NULL, '0', '0', '0', '', '0', '0', NULL, NULL, NULL, '0', '0', '', '0000-00-00', '', '0', '1', '0', '0000-00-00'),
('16', '12', '0', '16', '17', '2018-10-15', '0000-00-00', 'CP014/10/2018', '0', '0', '10000', '0', '0', '0', '0', '0', '10000', '0', '1', '0', '0', '0', '0', '0', '0', '0', '0', '0', '0', '0', '0', '0', '0', '0', '0', '0000-00-00', NULL, NULL, '', '', '', '0', '0', NULL, NULL, NULL, '0', '0', '', '0000-00-00', '', '0', '0', '0', '0000-00-00'),
('16', '13', '0', '5', '5', '2018-10-22', '2018-10-23', 'DN010/10/2018', '1', '20', '500', '85', '0', '0', '0', '0', '0', '0', '1', '1', '0', '0', '5', '0', '0', '0', '0', '0', '0', '0', '0', '0', '0', '0', '0', '0020-00-00', NULL, NULL, '0', '0', '', '0', '0', NULL, NULL, NULL, '0', '0', '', '0000-00-00', '', '0', '0', '0', '0000-00-00'),
('17', '10', '0', '4', '4', '2018-10-27', '2019-01-25', 'SI016/10/2018', '2', '25', '8000', '1360', '0', '0', '0', '0', '9360', '0', '1', '1', '0', '0', '5', '0', '0', '0', '0', '0', '0', '0', '0', '0', '0', '0', '0', '0000-00-00', NULL, '0', '0', '0', '', '0', '0', NULL, NULL, NULL, '0', '0', '', '0000-00-00', '', '0', '1', '0', '0000-00-00'),
('17', '12', '0', '16', '17', '2018-10-14', '0000-00-00', 'CP015/10/2018', '0', '0', '2200', '0', '0', '0', '0', '0', '2200', '0', '1', '0', '0', '0', '0', '0', '0', '0', '0', '0', '0', '0', '0', '0', '0', '0', '0', '2018-11-02', NULL, NULL, '', '', '', '0', '0', NULL, NULL, NULL, '0', '0', '', '0000-00-00', '', '0', '0', '0', '0000-00-00'),
('17', '13', '1', '4', '4', '2018-10-22', '2018-10-23', 'DN011/10/2018', '1', '21', '20', '3.4', '0', '0', '0', '0', '0', '0', '1', '1', '0', '0', '5', '0', '0', '0', '0', '0', '0', '0', '0', '0', '0', '0', '0', '0020-00-00', NULL, NULL, '0', '0', '', '0', '0', NULL, NULL, NULL, '0', '0', '', '0000-00-00', '', '0', '0', '0', '0000-00-00'),
('18', '10', '0', '4', '4', '2018-10-27', '2019-01-25', 'SI017/10/2018', '1', '26', '10', '1.7', '0', '0', '0', '0', '11.7', '0', '1', '1', '0', '0', '5', '0', '0', '0', '0', '0', '0', '0', '0', '0', '0', '0', '0', '0000-00-00', NULL, '0', '0', '0', '', '0', '0', NULL, NULL, NULL, '0', '0', '', '0000-00-00', '', '0', '1', '0', '0000-00-00'),
('18', '12', '0', '7', '7', '2018-11-07', '0000-00-00', 'CP002/11/2018', '0', '0', '166462', '0', '0', '0', '0', '0', '166462', '0', '1', '0', '0', '0', '0', '0', '0', '0', '0', '0', '0', '0', '0', '0', '0', '0', '0', '0000-00-00', NULL, NULL, '', '', '', '0', '0', NULL, NULL, NULL, '0', '0', '', '0000-00-00', '', '0', '0', '0', '0000-00-00'),
('18', '13', '2', '4', '4', '2018-10-22', '2018-10-23', 'DN012/10/2018', '1', '22', '5000', '850', '0', '0', '0', '0', '0', '0', '1', '1', '0', '0', '5', '0', '0', '0', '0', '0', '0', '0', '0', '0', '0', '0', '0', '0020-00-00', NULL, NULL, '0', '0', '', '0', '0', NULL, NULL, NULL, '0', '0', '', '0000-00-00', '', '0', '0', '0', '0000-00-00'),
('19', '10', '0', '1', '1', '2018-10-28', '2019-01-26', 'SI018/10/2018', '1', '27', '1000', '170', '0', '0', '0', '0', '0', '0', '1', '1', '0', '0', '5', '0', '0', '0', '0', '0', '0', '0', '0', '0', '0', '0', '0', '0000-00-00', NULL, '0', '0', '0', '', '0', '0', NULL, NULL, NULL, '0', '0', '', '0000-00-00', '', '0', '1', '0', '0000-00-00'),
('19', '12', '0', '18', '20', '2018-11-07', '0000-00-00', 'CP003/11/2018', '0', '0', '1170', '0', '0', '0', '0', '0', '0', '0', '1', '0', '0', '0', '0', '0', '0', '0', '0', '0', '0', '0', '0', '0', '0', '0', '0', '2018-11-07', NULL, NULL, '', '', '', '0', '0', NULL, NULL, NULL, '0', '0', '', '0000-00-00', '', '0', '0', '0', '0000-00-00'),
('19', '13', '0', '7', '7', '2018-10-26', '2018-10-21', 'DN013/10/2018', '1', '3', '2600', '442', '0', '0', '0', '0', '0', '0', '1', '1', '0', '0', '5', '0', '0', '0', '0', '0', '0', '0', '0', '0', '0', '0', '0', '0020-00-00', NULL, NULL, '0', '0', '', '0', '0', NULL, NULL, NULL, '0', '0', '', '0000-00-00', '', '0', '0', '0', '0000-00-00'),
('20', '10', '0', '3', '3', '2018-10-29', '2019-01-27', 'SI019/10/2018', '1', '29', '500', '85', '0', '0', '0', '0', '585', '0', '1', '1', '0', '0', '5', '0', '0', '0', '0', '0', '0', '0', '0', '0', '0', '0', '0', '0000-00-00', NULL, '0', '0', '0', '', '0', '0', NULL, NULL, NULL, '0', '0', '', '0000-00-00', '', '0', '1', '0', '0000-00-00'),
('20', '12', '0', '3', '3', '2018-11-08', '0000-00-00', 'CP004/11/2018', '0', '0', '12000', '0', '0', '0', '0', '0', '4757.4', '0', '1', '0', '0', '0', '0', '0', '0', '0', '0', '0', '0', '0', '0', '0', '0', '0', '0', '0000-00-00', NULL, NULL, '', '', '', '0', '0', NULL, NULL, NULL, '0', '0', '', '0000-00-00', '', '0', '0', '0', '0000-00-00'),
('20', '13', '0', '4', '4', '2018-10-26', '2018-10-23', 'DN014/10/2018', '1', '6', '5200', '884', '0', '0', '0', '0', '0', '0', '1', '1', '0', '0', '5', '0', '0', '0', '0', '0', '0', '0', '0', '0', '0', '0', '0', '0020-00-00', NULL, NULL, '0', '0', '', '0', '0', NULL, NULL, NULL, '0', '0', '', '0000-00-00', '', '0', '0', '0', '0000-00-00'),
('21', '0', '0', '2', '2', '2018-11-17', '0000-00-00', 'JV009/11/2018', '0', '0', '3456', '0', '0', '0', '0', '0', '0', '0', '1', NULL, '0', '0', NULL, '0', '0', '0', '0', '0', '0', '0', '0', '0', '0', '0', '0', NULL, NULL, NULL, '', '', '', '0', '0', NULL, NULL, NULL, '0', '0', '', '0000-00-00', '', '0', '0', '0', '0000-00-00'),
('21', '10', '0', '13', '13', '2018-10-29', '2019-01-27', 'SI020/10/2018', '1', '30', '40000', '6800', '0', '0', '0', '0', '46800', '0', '1', '1', '0', '0', '5', '0', '0', '0', '0', '0', '0', '0', '0', '0', '0', '0', '0', '0000-00-00', NULL, '0', '0', '0', '', '0', '0', NULL, NULL, NULL, '0', '0', '', '0000-00-00', '', '0', '1', '0', '0000-00-00'),
('21', '12', '0', '3', '3', '2018-11-08', '0000-00-00', 'CP005/11/2018', '0', '0', '610', '0', '0', '0', '0', '0', '610', '0', '1', '0', '0', '0', '0', '0', '0', '0', '0', '0', '0', '0', '0', '0', '0', '0', '0', '2018-11-08', NULL, NULL, '', '', '', '0', '0', NULL, NULL, NULL, '0', '0', '', '0000-00-00', '', '0', '0', '0', '0000-00-00'),
('21', '13', '1', '14', '14', '2018-10-26', '2018-11-05', 'auto', '1', '23', '0', '0', '0', '1000', '170', '0', '0', '0', '1', '1', '0', '0', '3', '0', '0', '0', '0', '0', '0', '0', '0', '0', '0', '0', '0', '0020-00-00', NULL, NULL, '0', '0', '', '0', '0', NULL, NULL, NULL, '0', '0', '', '0000-00-00', '', '0', '0', '0', '0000-00-00'),
('22', '10', '0', '13', '13', '2018-10-29', '2019-01-27', 'SI021/10/2018', '1', '31', '1000', '170', '0', '0', '0', '0', '0', '0', '1', '1', '0', '0', '5', '0', '0', '0', '0', '0', '0', '0', '0', '0', '0', '0', '0', '0000-00-00', NULL, '0', '0', '0', '', '0', '0', NULL, NULL, NULL, '0', '0', '', '0000-00-00', '', '0', '1', '0', '0000-00-00'),
('22', '12', '0', '3', '3', '2018-11-09', '0000-00-00', 'CP006/11/2018', '0', '0', '3660', '0', '0', '0', '0', '0', '3660', '0', '1', '0', '0', '0', '0', '0', '0', '0', '0', '0', '0', '0', '0', '0', '0', '0', '0', '0000-00-00', NULL, NULL, '', '', '', '0', '0', NULL, NULL, NULL, '0', '0', '', '0000-00-00', '', '0', '0', '0', '0000-00-00'),
('22', '13', '1', '15', '16', '2018-10-27', '2019-01-25', 'auto', '1', '24', '1000', '170', '0', '0', '0', '0', '0', '0', '1', '1', '0', '0', '5', '0', '0', '0', '0', '0', '0', '0', '0', '0', '0', '0', '0', '0020-00-00', NULL, NULL, '0', '0', '', '0', '0', NULL, NULL, NULL, '0', '0', '', '0000-00-00', '', '0', '0', '0', '0000-00-00'),
('23', '0', '0', '23', '25', '2018-11-20', '0000-00-00', 'JV011/11/2018', '0', '0', '5000', '0', '0', '0', '0', '0', '0', '0', '1', NULL, '0', '0', NULL, '0', '0', '0', '0', '0', '0', '0', '0', '0', '0', '0', '0', NULL, NULL, NULL, '', '', '', '0', '0', NULL, NULL, NULL, '0', '0', '', '0000-00-00', '', '0', '0', '0', '0000-00-00'),
('23', '10', '0', '7', '7', '2018-10-30', '2019-01-28', 'SI022/10/2018', '1', '3', '200', '44', '0', '500', '85', '0', '0', '0', '1', '1', '0', '0', '5', '0', '0', '0', '0', '0', '0', '0', '0', '0', '0', '0', '0', '0000-00-00', NULL, '0', '0', '0', '', '0', '0', NULL, NULL, NULL, '0', '0', '', '0000-00-00', '', '0', '1', '0', '0000-00-00'),
('23', '12', '0', '2', '2', '2018-11-09', '0000-00-00', 'CP007/11/2018', '0', '0', '100000', '0', '0', '0', '0', '0', '100000', '0', '1', '0', '0', '0', '0', '0', '0', '0', '0', '0', '0', '0', '0', '0', '0', '0', '0', '0000-00-00', NULL, NULL, '', '', '', '0', '0', NULL, NULL, NULL, '0', '0', '', '0000-00-00', '', '0', '0', '0', '0000-00-00'),
('23', '13', '1', '4', '4', '2018-10-27', '2018-10-28', 'DN015/10/2018', '2', '25', '8000', '1360', '0', '0', '0', '0', '0', '0', '1', '1', '0', '0', '5', '0', '0', '0', '0', '0', '0', '0', '0', '0', '0', '0', '0', '0020-00-00', NULL, NULL, '0', '0', '', '0', '0', NULL, NULL, NULL, '0', '0', '', '0000-00-00', '', '0', '0', '0', '0000-00-00'),
('24', '0', '1', '24', '26', '2018-11-20', '0000-00-00', 'JV012/11/2018', '0', '0', '0', '0', '0', '0', '0', '0', '0', '0', '1', NULL, '0', '0', NULL, '0', '0', '0', '0', '0', '0', '0', '0', '0', '0', '0', '0', NULL, NULL, NULL, '', '', '', '0', '0', NULL, '0', '0', '0', '0', '', '0000-00-00', '', '0', '0', '0', '0000-00-00'),
('24', '10', '2', '15', '16', '2018-10-31', '2019-01-29', 'SI023/10/2018', '1', '33', '0', '0', '0', '0', '0', '0', '0', '0', '1', '1', '0', '0', '5', '0', '0', '0', '0', '0', '0', '0', '0', '0', '0', '0', '0', '0000-00-00', NULL, '0', '0', '0', '', '0', '0', NULL, '0', '0', '0', '0', '', '0000-00-00', '', '0', '1', '0', '0000-00-00'),
('24', '12', '0', '4', '4', '2018-11-20', '0000-00-00', 'CP008/11/2018', '0', '0', '12200', '0', '0', '0', '0', '0', '12200', '0', '1', '0', '0', '0', '0', '0', '0', '0', '0', '0', '0', '0', '0', '0', '0', '0', '0', '2018-11-20', NULL, NULL, '', '', '', '0', '0', NULL, NULL, NULL, '0', '0', '', '0000-00-00', '', '0', '0', '0', '0000-00-00'),
('24', '13', '1', '4', '4', '2018-10-27', '2019-01-25', 'auto', '1', '26', '10', '1.7', '0', '0', '0', '0', '0', '0', '1', '1', '0', '0', '5', '0', '0', '0', '0', '0', '0', '0', '0', '0', '0', '0', '0', '0020-00-00', NULL, NULL, '0', '0', '', '0', '0', NULL, NULL, NULL, '0', '0', '', '0000-00-00', '', '0', '0', '0', '0000-00-00'),
('25', '0', '0', '24', '26', '2018-07-30', '0000-00-00', 'JV001/07/2018', '0', '0', '1200', '0', '0', '0', '0', '0', '0', '0', '1', NULL, '0', '0', NULL, '0', '0', '0', '0', '0', '0', '0', '0', '0', '0', '0', '0', NULL, NULL, NULL, '', '', '', '0', '0', NULL, NULL, NULL, '0', '0', '', '0000-00-00', '', '0', '0', '0', '0000-00-00'),
('25', '10', '0', '15', '16', '2018-10-31', '2019-01-29', 'SI024/10/2018', '1', '34', '120', '26.4', '0', '0', '0', '0', '0', '0', '1', '1', '0', '0', '5', '0', '0', '0', '0', '0', '0', '0', '0', '0', '0', '0', '0', '0000-00-00', NULL, '0', '0', '0', '', '0', '0', NULL, NULL, NULL, '0', '0', '', '0000-00-00', '', '0', '1', '0', '0000-00-00'),
('25', '12', '0', '28', '30', '2018-11-20', '0000-00-00', 'CP009/11/2018', '0', '0', '47280', '0', '0', '0', '0', '0', '47280', '0', '1', '0', '0', '0', '0', '0', '0', '0', '0', '0', '0', '0', '0', '0', '0', '0', '0', '0000-00-00', NULL, NULL, '', '', '', '0', '0', NULL, NULL, NULL, '0', '0', '', '0000-00-00', '', '0', '0', '0', '0000-00-00'),
('25', '13', '1', '1', '1', '2018-10-28', '2019-01-26', 'auto', '1', '27', '1000', '170', '0', '0', '0', '0', '0', '0', '1', '1', '0', '0', '5', '0', '0', '0', '0', '0', '0', '0', '0', '0', '0', '0', '0', '0020-00-00', NULL, NULL, '0', '0', '', '0', '0', NULL, NULL, NULL, '0', '0', '', '0000-00-00', '', '0', '0', '0', '0000-00-00'),
('26', '10', '0', '16', '17', '2018-10-01', '2018-12-30', 'SI025/10/2018', '1', '35', '10000', '2200', '0', '0', '0', '0', '12200', '0', '1', '1', '0', '0', '5', '0', '0', '0', '0', '0', '0', '0', '0', '0', '0', '0', '0', '0000-00-00', NULL, '0', '0', '0', '', '0', '0', NULL, NULL, NULL, '0', '0', '', '0000-00-00', '', '0', '1', '0', '0000-00-00'),
('26', '12', '0', '27', '29', '2018-11-20', '0000-00-00', 'CP010/11/2018', '0', '0', '402000', '0', '0', '0', '0', '0', '402000', '0', '1', '0', '0', '0', '0', '0', '0', '0', '0', '0', '0', '0', '0', '0', '0', '0', '0', '0020-00-00', '0', '0', '0', '0', '', '0', '0', NULL, NULL, NULL, '0', '0', '', '0000-00-00', '', '0', '0', '0', '0000-00-00'),
('26', '13', '1', '3', '3', '2018-10-29', '2019-01-27', 'auto', '1', '29', '500', '85', '0', '0', '0', '0', '0', '0', '1', '1', '0', '0', '5', '0', '0', '0', '0', '0', '0', '0', '0', '0', '0', '0', '0', '0020-00-00', NULL, NULL, '0', '0', '', '0', '0', NULL, NULL, NULL, '0', '0', '', '0000-00-00', '', '0', '0', '0', '0000-00-00'),
('27', '10', '0', '4', '4', '2018-11-03', '2019-02-01', 'SI001/11/2018', '1', '39', '700', '119', '0', '0', '0', '0', '819', '0', '1', '1', '0', '0', '5', '0', '0', '0', '0', '0', '0', '0', '0', '0', '0', '0', '0', '0000-00-00', NULL, '0', '0', '0', '', '0', '0', NULL, NULL, NULL, '0', '0', '', '0000-00-00', '', '0', '3', '0', '0000-00-00'),
('27', '12', '0', '28', '30', '2018-11-20', '0000-00-00', 'CP011/11/2018', '0', '0', '39200', '0', '0', '0', '0', '0', '39200', '0', '1', '0', '0', '0', '0', '0', '0', '0', '0', '0', '0', '0', '0', '0', '0', '0', '0', '0020-00-00', '0', '0', '0', '0', '', '0', '0', NULL, NULL, NULL, '0', '0', '', '0000-00-00', '', '0', '0', '0', '0000-00-00'),
('27', '13', '1', '13', '13', '2018-10-29', '2019-01-27', 'auto', '1', '30', '40000', '6800', '0', '0', '0', '0', '0', '0', '1', '1', '0', '0', '5', '0', '0', '0', '0', '0', '0', '0', '0', '0', '0', '0', '0', '0020-00-00', NULL, NULL, '0', '0', '', '0', '0', NULL, NULL, NULL, '0', '0', '', '0000-00-00', '', '0', '0', '0', '0000-00-00'),
('28', '10', '0', '4', '4', '2018-11-03', '2019-02-01', 'SI002/11/2018', '1', '40', '700', '119', '0', '0', '0', '0', '819', '0', '1', '1', '0', '0', '5', '0', '0', '0', '0', '0', '0', '0', '0', '0', '0', '0', '0', '0000-00-00', NULL, '0', '0', '0', '', '0', '0', NULL, NULL, NULL, '0', '0', '', '0000-00-00', '', '0', '3', '0', '0000-00-00'),
('28', '12', '0', '28', '30', '2018-11-20', '0000-00-00', 'CP012/11/2018', '0', '0', '17952', '0', '0', '0', '0', '0', '0', '0', '1', '0', '0', '0', '0', '0', '0', '0', '0', '0', '0', '0', '0', '0', '0', '0', '0', '0000-00-00', NULL, NULL, '', '', '', '0', '0', NULL, NULL, NULL, '0', '0', '', '0000-00-00', '', '0', '0', '0', '0000-00-00'),
('28', '13', '1', '13', '13', '2018-10-29', '2019-01-27', 'auto', '1', '31', '1000', '170', '0', '0', '0', '0', '0', '0', '1', '1', '0', '0', '5', '0', '0', '0', '0', '0', '0', '0', '0', '0', '0', '0', '0', '0020-00-00', NULL, NULL, '0', '0', '', '0', '0', NULL, NULL, NULL, '0', '0', '', '0000-00-00', '', '0', '0', '0', '0000-00-00'),
('29', '10', '0', '7', '7', '2018-11-07', '2019-02-05', 'SI003/11/2018', '1', '3', '103550', '22781', '0', '0', '0', '0', '126331', '0', '1', '1', '0', '0', '5', '0', '0', '0', '0', '0', '0', '0', '0', '0', '0', '0', '0', '0000-00-00', NULL, '0', '0', '0', '', '0', '0', NULL, NULL, NULL, '0', '0', '', '0000-00-00', '', '0', '1', '0', '0000-00-00'),
('29', '12', '0', '28', '30', '2018-11-20', '0000-00-00', 'CP013/11/2018', '0', '0', '86208', '0', '0', '0', '0', '0', '86208', '0', '1', '0', '0', '0', '0', '0', '0', '0', '0', '0', '0', '0', '0', '0', '0', '0', '0', '0000-00-00', NULL, NULL, '', '', '', '0', '0', NULL, NULL, NULL, '0', '0', '', '0000-00-00', '', '0', '0', '0', '0000-00-00'),
('29', '13', '1', '7', '7', '2018-10-30', '2018-10-21', 'DN016/10/2018', '1', '3', '200', '44', '0', '0', '0', '0', '0', '0', '1', '1', '0', '0', '5', '0', '0', '0', '0', '0', '0', '0', '0', '0', '0', '0', '0', '0020-00-00', NULL, NULL, '0', '0', '', '0', '0', NULL, NULL, NULL, '0', '0', '', '0000-00-00', '', '0', '0', '0', '0000-00-00'),
('30', '10', '0', '3', '3', '2018-11-07', '2019-02-05', 'SI004/11/2018', '1', '42', '10', '2.2', '0', '0', '0', '0', '12.2', '0', '1', '1', '0', '0', '5', '0', '0', '0', '0', '0', '0', '0', '0', '0', '0', '0', '0', '0000-00-00', NULL, '0', '0', '0', '', '0', '0', NULL, NULL, NULL, '0', '0', '', '0000-00-00', '', '0', '1', '0', '0000-00-00'),
('30', '12', '0', '28', '30', '2018-11-20', '0000-00-00', 'CP014/11/2018', '0', '0', '6240', '0', '0', '0', '0', '0', '6240', '0', '1', '0', '0', '0', '0', '0', '0', '0', '0', '0', '0', '0', '0', '0', '0', '0', '0', '0020-00-00', '0', '0', '0', '0', '', '0', '0', NULL, NULL, NULL, '0', '0', '', '0000-00-00', '', '0', '0', '0', '0000-00-00'),
('30', '13', '2', '15', '16', '2018-10-31', '2019-01-29', 'auto', '1', '33', '0', '0', '0', '0', '0', '0', '0', '0', '1', '1', '0', '0', '5', '0', '0', '0', '0', '0', '0', '0', '0', '0', '0', '0', '0', '0020-00-00', NULL, NULL, '0', '0', '', '0', '0', NULL, '0', '0', '0', '0', '', '0000-00-00', '', '0', '0', '0', '0000-00-00'),
('31', '10', '0', '4', '4', '2018-11-07', '2019-02-05', 'SI005/11/2018', '1', '43', '110502.36', '18785.4', '0', '0', '0', '0', '129287.76', '0', '1', '1', '0', '0', '5', '0', '0', '0', '0', '0', '0', '0', '0', '0', '0', '0', '0', '0000-00-00', NULL, '0', '0', '0', '', '0', '0', NULL, NULL, NULL, '0', '0', '', '0000-00-00', '', '0', '3', '0', '0000-00-00'),
('31', '12', '0', '4', '4', '2018-10-22', '0000-00-00', 'CP016/10/2018', '0', '0', '254478.06', '0', '0', '0', '0', '0', '265081.06', '0', '1', '0', '0', '0', '0', '0', '10603', '0', '0', '0', '0', '10', '0', '0', '0', '0', '0', '0000-00-00', NULL, NULL, '', '', '', '0', '0', NULL, NULL, NULL, '0', '0', '', '0000-00-00', '', '0', '0', '0', '0000-00-00'),
('31', '13', '1', '15', '16', '2018-10-31', '2019-01-29', 'auto', '1', '34', '120', '26.4', '0', '0', '0', '0', '0', '0', '1', '1', '0', '0', '5', '0', '0', '0', '0', '0', '0', '0', '0', '0', '0', '0', '0', '0020-00-00', NULL, NULL, '0', '0', '', '0', '0', NULL, NULL, NULL, '0', '0', '', '0000-00-00', '', '0', '0', '0', '0000-00-00'),
('32', '10', '0', '4', '4', '2018-11-07', '2019-02-05', 'SI006/11/2018', '1', '12', '3000', '0', '0', '0', '0', '0', '3000', '0', '1', '1', '0', '0', '5', '0', '0', '0', '0', '0', '0', '0', '0', '0', '0', '0', '0', '0000-00-00', NULL, '0', '0', '0', '', '0', '0', NULL, NULL, NULL, '0', '0', '', '0000-00-00', '', '0', '2', '0', '0000-00-00'),
('32', '13', '1', '4', '4', '2018-11-02', '2018-10-28', 'DN001/11/2018', '2', '25', '10000', '1700', '0', '0', '0', '0', '0', '0', '1', '1', '0', '0', '5', '0', '0', '0', '0', '0', '0', '0', '0', '0', '0', '0', '0', '0020-00-00', NULL, NULL, '0', '0', '', '0', '0', NULL, NULL, NULL, '0', '0', '', '0000-00-00', '', '0', '0', '0', '0000-00-00'),
('33', '10', '0', '4', '4', '2018-11-07', '2019-02-05', 'SI007/11/2018', '1', '44', '2.5', '0', '0', '0', '0', '0', '2.5', '0', '1', '1', '0', '0', '5', '0', '0', '0', '0', '0', '0', '0', '0', '0', '0', '0', '0', '0000-00-00', NULL, '0', '0', '0', '', '0', '0', NULL, NULL, NULL, '0', '0', '', '0000-00-00', '', '0', '2', '0', '0000-00-00'),
('33', '13', '1', '16', '17', '2018-10-01', '2018-12-30', 'auto', '1', '35', '10000', '2200', '0', '0', '0', '0', '0', '0', '1', '1', '0', '0', '5', '0', '0', '0', '0', '0', '0', '0', '0', '0', '0', '0', '0', '0020-00-00', NULL, NULL, '0', '0', '', '0', '0', NULL, NULL, NULL, '0', '0', '', '0000-00-00', '', '0', '0', '0', '0000-00-00'),
('34', '10', '0', '4', '4', '2018-11-07', '2019-02-05', 'GST001/11/2018', '2', '45', '250', '0', '0', '0', '0', '0', '125', '0', '1', '1', '0', '0', '5', '0', '0', '0', '0', '0', '0', '0', '0', '0', '0', '125', '0', '0000-00-00', NULL, '0', '0', '0', '', '0', '0', NULL, NULL, NULL, '0', '0', '', '0000-00-00', '', '0', '2', '0', '0000-00-00'),
('34', '13', '1', '4', '4', '2018-11-03', '2019-02-01', 'auto', '1', '39', '700', '119', '0', '0', '0', '0', '0', '0', '1', '1', '0', '0', '5', '0', '0', '0', '0', '0', '0', '0', '0', '0', '0', '0', '0', '0020-00-00', NULL, NULL, '0', '0', '', '0', '0', NULL, NULL, NULL, '0', '0', '', '0000-00-00', '', '0', '0', '0', '0000-00-00'),
('35', '10', '0', '18', '20', '2018-11-07', '2018-11-07', 'SI008/11/2018', '1', '46', '1000', '170', '0', '0', '0', '0', '0', '0', '1', '1', '0', '0', '4', '0', '0', '0', '0', '0', '0', '0', '0', '0', '0', '0', '0', '0000-00-00', NULL, '0', '0', '0', '', '0', '0', NULL, NULL, NULL, '0', '0', '', '0000-00-00', '', '0', '3', '0', '0000-00-00'),
('35', '13', '1', '4', '4', '2018-11-03', '2019-02-01', 'auto', '1', '40', '700', '119', '0', '0', '0', '0', '0', '0', '1', '1', '0', '0', '5', '0', '0', '0', '0', '0', '0', '0', '0', '0', '0', '0', '0', '0020-00-00', NULL, NULL, '0', '0', '', '0', '0', NULL, NULL, NULL, '0', '0', '', '0000-00-00', '', '0', '0', '0', '0000-00-00'),
('36', '10', '0', '3', '3', '2018-11-08', '2019-02-06', 'SI009/11/2018', '1', '47', '3410', '750.2', '0', '0', '0', '0', '4160.2', '0', '1', '1', '0', '0', '5', '0', '0', '0', '0', '0', '0', '0', '0', '0', '0', '0', '0', '0000-00-00', NULL, '0', '0', '0', '', '0', '0', NULL, NULL, NULL, '0', '0', '', '0000-00-00', '', '0', '1', '0', '0000-00-00'),
('36', '13', '1', '7', '7', '2018-11-07', '2018-10-21', 'DN002/11/2018', '1', '3', '103550', '22781', '0', '0', '0', '0', '0', '0', '1', '1', '0', '0', '5', '0', '0', '0', '0', '0', '0', '0', '0', '0', '0', '0', '0', '0020-00-00', NULL, NULL, '0', '0', '', '0', '0', NULL, NULL, NULL, '0', '0', '', '0000-00-00', '', '0', '0', '0', '0000-00-00'),
('37', '10', '0', '3', '3', '2018-11-08', '2018-11-08', 'GST002/11/2018', '1', '48', '500', '110', '0', '0', '0', '0', '610', '0', '1', '1', '0', '0', '4', '0', '0', '0', '0', '0', '0', '0', '0', '0', '0', '0', '0', '0000-00-00', NULL, '0', '0', '0', '', '0', '0', NULL, NULL, NULL, '0', '0', '', '0000-00-00', '', '0', '1', '0', '0000-00-00'),
('37', '13', '1', '3', '3', '2018-11-07', '2019-02-05', 'auto', '1', '42', '10', '2.2', '0', '0', '0', '0', '0', '0', '1', '1', '0', '0', '5', '0', '0', '0', '0', '0', '0', '0', '0', '0', '0', '0', '0', '0020-00-00', NULL, NULL, '0', '0', '', '0', '0', NULL, NULL, NULL, '0', '0', '', '0000-00-00', '', '0', '0', '0', '0000-00-00'),
('38', '10', '0', '4', '4', '2018-11-09', '2019-02-07', 'SI010/11/2018', '2', '25', '10000', '0', '0', '0', '0', '0', '10000', '0', '1', '1', '0', '0', '5', '0', '0', '0', '0', '0', '0', '0', '0', '0', '0', '0', '0', '0000-00-00', NULL, '0', '0', '0', '', '0', '0', NULL, NULL, NULL, '0', '0', '', '0000-00-00', '', '0', '2', '0', '0000-00-00'),
('38', '13', '1', '4', '4', '2018-11-07', '2019-02-05', 'auto', '1', '43', '110502.36', '18785.4', '0', '0', '0', '0', '0', '0', '1', '1', '0', '0', '5', '0', '0', '0', '0', '0', '0', '0', '0', '0', '0', '0', '0', '0020-00-00', NULL, NULL, '0', '0', '', '0', '0', NULL, NULL, NULL, '0', '0', '', '0000-00-00', '', '0', '0', '0', '0000-00-00'),
('39', '10', '0', '9', '9', '2018-11-09', '2019-02-07', 'SI011/11/2018', '1', '49', '100', '22', '0', '0', '0', '0', '0', '0', '1', '1', '0', '0', '5', '0', '0', '0', '0', '0', '0', '0', '0', '0', '0', '0', '0', '0000-00-00', NULL, '0', '0', '0', '', '0', '0', NULL, NULL, NULL, '0', '0', '', '0000-00-00', '', '0', '1', '0', '0000-00-00'),
('39', '13', '1', '4', '4', '2018-11-07', '2018-10-25', 'DN003/11/2018', '1', '12', '3000', '0', '0', '0', '0', '0', '0', '0', '1', '1', '0', '0', '5', '0', '0', '0', '0', '0', '0', '0', '0', '0', '0', '0', '0', '0020-00-00', NULL, NULL, '0', '0', '', '0', '0', NULL, NULL, NULL, '0', '0', '', '0000-00-00', '', '0', '0', '0', '0000-00-00'),
('40', '10', '0', '3', '3', '2018-11-09', '2019-02-07', 'SI012/11/2018', '1', '5', '3000', '660', '0', '0', '0', '0', '3660', '0', '1', '1', '0', '0', '5', '0', '0', '0', '0', '0', '0', '0', '0', '0', '0', '0', '0', '0000-00-00', NULL, '0', '0', '0', '', '0', '0', NULL, NULL, NULL, '0', '0', '', '0000-00-00', '', '0', '1', '0', '0000-00-00'),
('40', '13', '1', '4', '4', '2018-11-07', '2019-02-05', 'auto', '1', '44', '2.5', '0', '0', '0', '0', '0', '0', '0', '1', '1', '0', '0', '5', '0', '0', '0', '0', '0', '0', '0', '0', '0', '0', '0', '0', '0020-00-00', NULL, NULL, '0', '0', '', '0', '0', NULL, NULL, NULL, '0', '0', '', '0000-00-00', '', '0', '0', '0', '0000-00-00'),
('41', '10', '0', '2', '2', '2018-11-09', '2018-11-09', 'SI013/11/2018', '1', '50', '150000', '32999.66', '0', '200', '34', '0', '100000', '0', '1', '1', '0', '0', '4', '0', '0', '0', '0', '0', '0', '0', '0', '0', '0', '2', '0', '0000-00-00', NULL, '0', '0', '0', '', '0', '0', NULL, NULL, NULL, '0', '0', '', '0000-00-00', '', '0', '1', '0', '0000-00-00'),
('41', '13', '1', '4', '4', '2018-11-07', '2019-02-05', 'auto', '2', '45', '250', '0', '0', '0', '0', '0', '0', '0', '1', '1', '0', '0', '5', '0', '0', '0', '0', '0', '0', '0', '0', '0', '0', '125', '0', '0020-00-00', NULL, NULL, '0', '0', '', '0', '0', NULL, NULL, NULL, '0', '0', '', '0000-00-00', '', '0', '0', '0', '0000-00-00'),
('42', '10', '0', '4', '4', '2018-11-09', '2018-11-09', 'SI014/11/2018', '1', '51', '0', '0', '0', '0', '0', '0', '0', '0', '1', '1', '0', '0', '5', '0', '0', '0', '0', '0', '0', '0', '0', '0', '0', '0', '0', '0000-00-00', NULL, '0', '0', '0', '', '0', '0', NULL, NULL, NULL, '0', '0', '', '0000-00-00', '', '0', '2', '0', '0000-00-00'),
('42', '13', '1', '18', '20', '2018-11-07', '2018-11-08', 'DN004/11/2018', '1', '46', '1000', '170', '0', '0', '0', '0', '0', '0', '1', '1', '0', '0', '5', '0', '0', '0', '0', '0', '0', '0', '0', '0', '0', '0', '0', '0020-00-00', NULL, NULL, '0', '0', '', '0', '0', NULL, NULL, NULL, '0', '0', '', '0000-00-00', '', '0', '0', '0', '0000-00-00'),
('43', '10', '0', '9', '9', '2018-11-10', '2019-02-08', 'SI015/11/2018', '1', '53', '33000', '0', '0', '500', '0', '0', '0', '0', '1', '1', '0', '0', '5', '0', '0', '0', '0', '0', '0', '0', '0', '0', '0', '1320', '0', '0000-00-00', NULL, '0', '0', '0', '', '0', '0', NULL, NULL, NULL, '0', '0', '', '0000-00-00', '', '0', '2', '0', '0000-00-00'),
('43', '13', '1', '3', '3', '2018-11-08', '2018-11-09', 'DN005/11/2018', '1', '47', '3410', '750.2', '0', '0', '0', '0', '0', '0', '1', '1', '0', '0', '5', '0', '0', '0', '0', '0', '0', '0', '0', '0', '0', '0', '0', '0020-00-00', NULL, NULL, '0', '0', '', '0', '0', NULL, NULL, NULL, '0', '0', '', '0000-00-00', '', '0', '0', '0', '0000-00-00'),
('44', '10', '0', '18', '20', '2018-11-12', '2019-02-10', 'SI016/11/2018', '1', '54', '3000', '510', '0', '0', '0', '0', '0', '0', '1', '1', '0', '0', '5', '0', '0', '0', '0', '0', '0', '0', '0', '0', '0', '0', '0', '0000-00-00', NULL, '0', '0', '0', '', '0', '0', NULL, NULL, NULL, '0', '0', '', '0000-00-00', '', '0', '3', '0', '0000-00-00'),
('44', '13', '0', '6', '6', '2018-11-08', '2018-10-23', 'DN006/11/2018', '1', '9', '1200000', '264000', '0', '0', '0', '0', '0', '0', '1', '1', '0', '0', '5', '0', '0', '0', '0', '0', '0', '0', '0', '0', '0', '0', '0', '0020-00-00', NULL, NULL, '0', '0', '', '0', '0', NULL, NULL, NULL, '0', '0', '', '0000-00-00', '', '0', '0', '0', '0000-00-00'),
('45', '10', '0', '4', '4', '2018-11-12', '2019-02-10', 'SI017/11/2018', '1', '55', '100', '0', '0', '0', '0', '0', '100', '0', '1', '1', '0', '0', '5', '0', '0', '0', '0', '0', '0', '0', '0', '0', '0', '0', '0', '0000-00-00', NULL, '0', '0', '0', '', '0', '0', NULL, NULL, NULL, '0', '0', '', '0000-00-00', '', '0', '2', '0', '0000-00-00'),
('45', '13', '1', '3', '3', '2018-11-08', '2018-11-08', 'auto', '1', '48', '500', '110', '0', '0', '0', '0', '0', '0', '1', '1', '0', '0', '4', '0', '0', '0', '0', '0', '0', '0', '0', '0', '0', '0', '0', '0020-00-00', NULL, NULL, '0', '0', '', '0', '0', NULL, NULL, NULL, '0', '0', '', '0000-00-00', '', '0', '0', '0', '0000-00-00'),
('46', '10', '0', '4', '4', '2018-11-13', '2019-02-11', 'SI018/11/2018', '1', '22', '5000', '-8250', '0', '0', '0', '0', '0', '0', '1', '1', '0', '0', '5', '0', '0', '0', '0', '0', '0', '0', '0', '0', '0', '55000', '0', '0000-00-00', NULL, '0', '0', '0', '', '0', '0', NULL, NULL, NULL, '0', '0', '', '0000-00-00', '', '0', '1', '0', '0000-00-00'),
('46', '13', '1', '9', '9', '2018-11-09', '2019-02-07', 'auto', '1', '49', '100', '22', '0', '0', '0', '0', '0', '0', '1', '1', '0', '0', '5', '0', '0', '0', '0', '0', '0', '0', '0', '0', '0', '0', '0', '0020-00-00', NULL, NULL, '0', '0', '', '0', '0', NULL, NULL, NULL, '0', '0', '', '0000-00-00', '', '0', '0', '0', '0000-00-00'),
('47', '10', '0', '4', '4', '2018-11-15', '2019-02-13', 'SI019/11/2018', '1', '56', '100', '22', '0', '0', '0', '0', '122', '0', '1', '1', '0', '0', '5', '0', '0', '0', '0', '0', '0', '0', '0', '0', '0', '0', '0', '0000-00-00', NULL, '0', '0', '0', '', '0', '0', NULL, NULL, NULL, '0', '0', '', '0000-00-00', '', '0', '1', '0', '0000-00-00');
INSERT INTO `0_debtor_trans` VALUES
('47', '13', '1', '2', '2', '2018-11-09', '2018-11-09', 'DN007/11/2018', '1', '50', '150000', '33000', '0', '200', '34', '0', '0', '0', '1', '1', '0', '0', '4', '0', '0', '0', '0', '0', '0', '0', '0', '0', '0', '0', '0', '0020-00-00', NULL, NULL, '0', '0', '', '0', '0', NULL, NULL, NULL, '0', '0', '', '0000-00-00', '', '0', '0', '0', '0000-00-00'),
('48', '10', '0', '4', '4', '2018-11-15', '2019-02-13', 'SI020/11/2018', '1', '57', '0', '0', '0', '0', '0', '0', '0', '0', '1', '1', '0', '0', '5', '0', '0', '0', '0', '0', '0', '0', '0', '0', '0', '0', '0', '0000-00-00', NULL, '0', '0', '0', '', '0', '0', NULL, NULL, NULL, '0', '0', '', '0000-00-00', '', '0', '1', '0', '0000-00-00'),
('48', '13', '1', '4', '4', '2018-11-09', '2018-11-09', 'auto', '1', '51', '0', '0', '0', '0', '0', '0', '0', '0', '1', '1', '0', '0', '5', '0', '0', '0', '0', '0', '0', '0', '0', '0', '0', '0', '0', '0020-00-00', NULL, NULL, '0', '0', '', '0', '0', NULL, NULL, NULL, '0', '0', '', '0000-00-00', '', '0', '0', '0', '0000-00-00'),
('49', '10', '0', '4', '4', '2018-11-17', '2019-02-15', 'SI021/11/2018', '1', '58', '0', '0', '0', '0', '0', '0', '0', '0', '1', '1', '0', '0', '5', '0', '0', '0', '0', '0', '0', '0', '0', '0', '0', '0', '0', '0000-00-00', NULL, '0', '0', '0', '', '0', '0', NULL, NULL, NULL, '0', '0', '', '0000-00-00', '', '0', '1', '0', '0000-00-00'),
('49', '13', '1', '9', '9', '2018-11-10', '2019-02-08', 'auto', '1', '53', '33000', '0', '0', '500', '0', '0', '0', '0', '1', '1', '0', '0', '5', '0', '0', '0', '0', '0', '0', '0', '0', '0', '0', '1320', '0', '0020-00-00', NULL, NULL, '0', '0', '', '0', '0', NULL, NULL, NULL, '0', '0', '', '0000-00-00', '', '0', '0', '0', '0000-00-00'),
('50', '10', '0', '4', '4', '2018-11-20', '2019-02-18', 'SI022/11/2018', '1', '59', '10000', '2200', '0', '0', '0', '0', '12200', '0', '1', '1', '0', '0', '5', '0', '0', '0', '0', '0', '0', '0', '0', '0', '0', '0', '0', '0000-00-00', NULL, '0', '0', '0', '', '0', '0', NULL, NULL, NULL, '0', '0', '', '0000-00-00', '', '0', '1', '0', '0000-00-00'),
('50', '13', '1', '18', '20', '2018-11-12', '2019-02-10', 'auto', '1', '54', '3000', '510', '0', '0', '0', '0', '0', '0', '1', '1', '0', '0', '5', '0', '0', '0', '0', '0', '0', '0', '0', '0', '0', '0', '0', '0020-00-00', NULL, NULL, '0', '0', '', '0', '0', NULL, NULL, NULL, '0', '0', '', '0000-00-00', '', '0', '0', '0', '0000-00-00'),
('51', '10', '0', '28', '30', '2018-11-20', '2018-11-20', 'SI023/11/2018', '3', '60', '47280', '0', '0', '0', '0', '0', '47280', '0', '1', '1', '0', '0', '4', '0', '0', '0', '0', '0', '0', '0', '0', '0', '0', '0', '0', '0000-00-00', NULL, '0', '0', '0', '', '0', '0', NULL, NULL, NULL, '0', '0', '', '0000-00-00', '', '0', '2', '0', '0000-00-00'),
('51', '13', '1', '4', '4', '2018-11-12', '2019-02-10', 'auto', '1', '55', '100', '0', '0', '0', '0', '0', '0', '0', '1', '1', '0', '0', '5', '0', '0', '0', '0', '0', '0', '0', '0', '0', '0', '0', '0', '0020-00-00', NULL, NULL, '0', '0', '', '0', '0', NULL, NULL, NULL, '0', '0', '', '0000-00-00', '', '0', '0', '0', '0000-00-00'),
('52', '10', '0', '27', '29', '2018-11-20', '2018-11-20', 'SI024/11/2018', '2', '61', '402000', '0', '0', '0', '0', '0', '402000', '0', '1', '1', '0', '0', '4', '0', '0', '0', '0', '0', '0', '0', '0', '0', '0', '0', '0', '0000-00-00', NULL, '0', '0', '0', '', '0', '0', NULL, NULL, NULL, '0', '0', '', '0000-00-00', '', '0', '2', '0', '0000-00-00'),
('52', '13', '1', '4', '4', '2018-11-15', '2019-02-13', 'auto', '1', '56', '100', '22', '0', '0', '0', '0', '0', '0', '1', '1', '0', '0', '5', '0', '0', '0', '0', '0', '0', '0', '0', '0', '0', '0', '0', '0020-00-00', NULL, NULL, '0', '0', '', '0', '0', NULL, NULL, NULL, '0', '0', '', '0000-00-00', '', '0', '0', '0', '0000-00-00'),
('53', '10', '0', '28', '30', '2018-11-20', '2018-11-20', 'SI025/11/2018', '2', '62', '39200', '0', '0', '0', '0', '0', '39200', '0', '1', '1', '0', '0', '4', '0', '0', '0', '0', '0', '0', '0', '0', '0', '0', '0', '0', '0000-00-00', NULL, '0', '0', '0', '', '0', '0', NULL, NULL, NULL, '0', '0', '', '0000-00-00', '', '0', '2', '0', '0000-00-00'),
('53', '13', '1', '4', '4', '2018-11-15', '2019-02-13', 'auto', '1', '57', '0', '0', '0', '0', '0', '0', '0', '0', '1', '1', '0', '0', '5', '0', '0', '0', '0', '0', '0', '0', '0', '0', '0', '0', '0', '0020-00-00', NULL, NULL, '0', '0', '', '0', '0', NULL, NULL, NULL, '0', '0', '', '0000-00-00', '', '0', '0', '0', '0000-00-00'),
('54', '10', '0', '28', '30', '2018-11-20', '2018-11-20', 'SI026/11/2018', '3', '63', '145152', '0', '0', '0', '0', '0', '86208', '0', '1', '1', '0', '0', '4', '0', '0', '0', '0', '0', '0', '0', '0', '0', '0', '0', '0', '0000-00-00', NULL, '0', '0', '0', '', '0', '0', NULL, NULL, NULL, '0', '0', '', '0000-00-00', '', '0', '2', '0', '0000-00-00'),
('54', '13', '0', '9', '9', '2018-11-16', '2018-11-10', 'DN008/11/2018', '3', '52', '22700', '0', '0', '200', '0', '0', '0', '0', '1', '1', '0', '0', '4', '0', '0', '0', '0', '0', '0', '0', '0', '0', '0', '0', '0', '0020-00-00', NULL, NULL, '0', '0', '', '0', '0', NULL, NULL, NULL, '0', '0', '', '0000-00-00', '', '0', '0', '0', '0000-00-00'),
('55', '10', '0', '28', '30', '2018-11-20', '2018-11-20', 'SI027/11/2018', '3', '64', '6240', '0', '0', '0', '0', '0', '6240', '0', '1', '1', '0', '0', '4', '0', '0', '0', '0', '0', '0', '0', '0', '0', '0', '0', '0', '0000-00-00', NULL, '0', '0', '0', '', '0', '0', NULL, NULL, NULL, '0', '0', '', '0000-00-00', '', '0', '2', '0', '0000-00-00'),
('55', '13', '1', '4', '4', '2018-11-17', '2019-02-15', 'auto', '1', '58', '0', '0', '0', '0', '0', '0', '0', '0', '1', '1', '0', '0', '5', '0', '0', '0', '0', '0', '0', '0', '0', '0', '0', '0', '0', '0020-00-00', NULL, NULL, '0', '0', '', '0', '0', NULL, NULL, NULL, '0', '0', '', '0000-00-00', '', '0', '0', '0', '0000-00-00'),
('56', '10', '0', '4', '4', '2018-11-21', '2019-02-19', 'SI028/11/2018', '1', '65', '200', '34', '0', '0', '0', '0', '234', '0', '1', '1', '0', '0', '5', '0', '0', '0', '0', '0', '0', '0', '0', '0', '0', '0', '0', '0000-00-00', NULL, '0', '0', '0', '', '0', '0', NULL, NULL, NULL, '0', '0', '', '0000-00-00', '', '0', '3', '0', '0000-00-00'),
('56', '13', '1', '4', '4', '2018-11-20', '2019-02-18', 'auto', '1', '59', '10000', '2200', '0', '0', '0', '0', '0', '0', '1', '1', '0', '0', '5', '0', '0', '0', '0', '0', '0', '0', '0', '0', '0', '0', '0', '0020-00-00', NULL, NULL, '0', '0', '', '0', '0', NULL, NULL, NULL, '0', '0', '', '0000-00-00', '', '0', '0', '0', '0000-00-00'),
('57', '10', '0', '4', '4', '2018-10-22', '2019-01-20', 'SI026/10/2018', '1', '4', '5020', '853.4', '0', '0', '0', '0', '5873.4', '0', '1', '1', '0', '0', '5', '0', '0', '0', '0', '0', '0', '0', '0', '0', '0', '0', '0', '0000-00-00', NULL, '0', '0', '0', '', '0', '0', NULL, NULL, NULL, '0', '0', '', '0000-00-00', '', '0', '3', '0', '0000-00-00'),
('57', '13', '1', '28', '30', '2018-11-20', '2018-11-21', 'DN009/11/2018', '3', '60', '47280', '0', '0', '0', '0', '0', '0', '0', '1', '1', '0', '0', '4', '0', '0', '0', '0', '0', '0', '0', '0', '0', '0', '0', '0', '0020-00-00', NULL, NULL, '0', '0', '', '0', '0', NULL, NULL, NULL, '0', '0', '', '0000-00-00', '', '0', '0', '0', '0000-00-00'),
('58', '13', '1', '27', '29', '2018-11-20', '2018-11-20', 'auto', '2', '61', '402000', '0', '0', '0', '0', '0', '0', '0', '1', '1', '0', '0', '4', '0', '0', '0', '0', '0', '0', '0', '0', '0', '0', '0', '0', '0020-00-00', NULL, NULL, '0', '0', '', '0', '0', NULL, NULL, NULL, '0', '0', '', '0000-00-00', '', '0', '0', '0', '0000-00-00'),
('59', '13', '1', '28', '30', '2018-11-20', '2018-11-20', 'auto', '2', '62', '39200', '0', '0', '0', '0', '0', '0', '0', '1', '1', '0', '0', '4', '0', '0', '0', '0', '0', '0', '0', '0', '0', '0', '0', '0', '0020-00-00', NULL, NULL, '0', '0', '', '0', '0', NULL, NULL, NULL, '0', '0', '', '0000-00-00', '', '0', '0', '0', '0000-00-00'),
('60', '13', '1', '28', '30', '2018-11-20', '2018-11-21', 'DN010/11/2018', '3', '63', '145152', '0', '0', '0', '0', '0', '0', '0', '1', '1', '0', '0', '4', '0', '0', '0', '0', '0', '0', '0', '0', '0', '0', '0', '0', '0020-00-00', NULL, NULL, '0', '0', '', '0', '0', NULL, NULL, NULL, '0', '0', '', '0000-00-00', '', '0', '0', '0', '0000-00-00'),
('61', '13', '1', '28', '30', '2018-11-20', '2018-11-20', 'auto', '3', '64', '6240', '0', '0', '0', '0', '0', '0', '0', '1', '1', '0', '0', '4', '0', '0', '0', '0', '0', '0', '0', '0', '0', '0', '0', '0', '0020-00-00', NULL, NULL, '0', '0', '', '0', '0', NULL, NULL, NULL, '0', '0', '', '0000-00-00', '', '0', '0', '0', '0000-00-00'),
('62', '13', '1', '4', '4', '2018-11-21', '2018-12-21', 'DN011/11/2018', '1', '65', '200', '34', '0', '0', '0', '0', '0', '0', '1', '1', '0', '0', '5', '0', '0', '0', '0', '0', '0', '0', '0', '0', '0', '0', '0', '0020-00-00', NULL, NULL, '0', '0', '', '0', '0', NULL, NULL, NULL, '0', '0', '', '0000-00-00', '', '0', '0', '0', '0000-00-00'),
('63', '13', '0', '9', '9', '2018-10-22', '2018-10-23', 'DN017/10/2018', '1', '17', '1000', '0', '0', '0', '0', '0', '0', '0', '1', '1', '0', '0', '5', '0', '0', '0', '0', '0', '0', '0', '0', '0', '0', '0', '0', '0020-00-00', NULL, NULL, '0', '0', '', '0', '0', NULL, NULL, NULL, '0', '0', '', '0000-00-00', '', '0', '0', '0', '0000-00-00'),
('64', '13', '0', '7', '7', '2018-10-22', '2018-10-23', 'DN018/10/2018', '1', '18', '1000', '154', '0', '0', '0', '0', '0', '0', '1', '1', '0', '0', '5', '0', '0', '0', '0', '0', '0', '0', '0', '0', '0', '300', '0', '0020-00-00', NULL, NULL, '0', '0', '', '0', '0', NULL, NULL, NULL, '0', '0', '', '0000-00-00', '', '0', '0', '0', '0000-00-00'),
('65', '13', '0', '3', '3', '2018-10-22', '2018-10-30', 'DN019/10/2018', '1', '28', '500', '110', '0', '0', '0', '0', '0', '0', '1', '1', '0', '0', '5', '0', '0', '0', '0', '0', '0', '0', '0', '0', '0', '0', '0', '0020-00-00', NULL, NULL, '0', '0', '', '0', '0', NULL, NULL, NULL, '0', '0', '', '0000-00-00', '', '0', '0', '0', '0000-00-00'),
('66', '13', '0', '6', '6', '2018-10-22', '2018-10-30', 'DN020/10/2018', '1', '32', '112', '24.64', '0', '0', '0', '0', '0', '0', '1', '1', '1', '0', '5', '0', '0', '0', '0', '0', '0', '0', '0', '0', '0', '0', '0', '0020-00-00', NULL, NULL, '0', '0', '', '0', '0', NULL, NULL, NULL, '0', '0', '', '0000-00-00', '', '0', '0', '0', '0000-00-00'),
('67', '13', '0', '9', '9', '2018-10-22', '2018-11-04', 'DN021/10/2018', '1', '36', '800', '0', '0', '0', '0', '0', '0', '0', '1', '1', '0', '0', '5', '0', '0', '0', '0', '0', '0', '0', '0', '0', '0', '0', '0', '0020-00-00', NULL, NULL, '0', '0', '', '0', '0', NULL, NULL, NULL, '0', '0', '', '0000-00-00', '', '0', '0', '0', '0000-00-00'),
('68', '13', '0', '4', '4', '2018-10-22', '2018-11-04', 'DN022/10/2018', '1', '37', '450', '76.5', '0', '0', '0', '0', '0', '0', '1', '1', '0', '0', '5', '0', '0', '0', '0', '0', '0', '0', '0', '0', '0', '0', '0', '0020-00-00', NULL, NULL, '0', '0', '', '0', '0', NULL, NULL, NULL, '0', '0', '', '0000-00-00', '', '0', '0', '0', '0000-00-00'),
('69', '13', '0', '8', '8', '2018-10-22', '2018-11-04', 'DN023/10/2018', '1', '38', '1500', '330', '0', '0', '0', '0', '0', '0', '1', '1', '0', '0', '5', '0', '0', '0', '0', '0', '0', '0', '0', '0', '0', '0', '0', '0020-00-00', NULL, NULL, '0', '0', '', '0', '0', NULL, NULL, NULL, '0', '0', '', '0000-00-00', '', '0', '0', '0', '0000-00-00'),
('70', '13', '0', '5', '5', '2018-10-22', '2018-11-08', 'DN024/10/2018', '1', '41', '800000', '176000', '0', '0', '0', '0', '0', '0', '1', '1', '0', '0', '5', '0', '0', '0', '0', '0', '0', '0', '0', '0', '0', '0', '0', '0020-00-00', NULL, NULL, '0', '0', '', '0', '0', NULL, NULL, NULL, '0', '0', '', '0000-00-00', '', '0', '0', '0', '0000-00-00');

### Structure of table `0_debtor_trans_details` ###

DROP TABLE IF EXISTS `0_debtor_trans_details`;

CREATE TABLE `0_debtor_trans_details` (
  `id` int(11) NOT NULL AUTO_INCREMENT,
  `debtor_trans_no` int(11) DEFAULT NULL,
  `debtor_trans_type` int(11) DEFAULT NULL,
  `stock_id` varchar(20) COLLATE utf8_unicode_ci NOT NULL DEFAULT '',
  `description` tinytext COLLATE utf8_unicode_ci,
  `unit_price` double NOT NULL DEFAULT '0',
  `unit_tax` double NOT NULL DEFAULT '0',
  `quantity` double NOT NULL DEFAULT '0',
  `discount_percent` double NOT NULL DEFAULT '0',
  `standard_cost` double NOT NULL DEFAULT '0',
  `qty_done` double NOT NULL DEFAULT '0',
  `src_id` int(11) NOT NULL,
  `units_id` varchar(20) COLLATE utf8_unicode_ci NOT NULL,
  `con_factor` double NOT NULL,
  `text1` varchar(55) COLLATE utf8_unicode_ci NOT NULL,
  `text2` varchar(55) COLLATE utf8_unicode_ci NOT NULL,
  `text3` varchar(55) COLLATE utf8_unicode_ci NOT NULL,
  `text4` varchar(55) COLLATE utf8_unicode_ci NOT NULL,
  `text5` varchar(55) COLLATE utf8_unicode_ci NOT NULL,
  `text6` text COLLATE utf8_unicode_ci NOT NULL,
  `text7` text COLLATE utf8_unicode_ci NOT NULL,
  `amount1` double NOT NULL,
  `amount2` double NOT NULL,
  `amount3` double NOT NULL,
  `amount4` double NOT NULL,
  `amount5` double NOT NULL,
  `amount6` double NOT NULL,
  `date1` date NOT NULL DEFAULT '0000-00-00',
  `date2` date NOT NULL DEFAULT '0000-00-00',
  `date3` date NOT NULL DEFAULT '0000-00-00',
  `combo1` int(11) NOT NULL,
  `combo2` int(11) NOT NULL,
  `combo3` int(11) NOT NULL,
  `combo4` int(11) NOT NULL,
  `combo5` int(11) NOT NULL,
  `combo6` int(11) NOT NULL,
  `batch` int(11) NOT NULL,
  `opening` varchar(20) COLLATE utf8_unicode_ci DEFAULT NULL,
  `item_location` char(5) COLLATE utf8_unicode_ci NOT NULL,
  `stk_id` int(11) NOT NULL,
  `bonus` double NOT NULL,
  PRIMARY KEY (`id`),
  KEY `Transaction` (`debtor_trans_type`,`debtor_trans_no`),
  KEY `src_id` (`src_id`)
) ENGINE=InnoDB AUTO_INCREMENT=184 DEFAULT CHARSET=utf8 COLLATE=utf8_unicode_ci ;

### Data of table `0_debtor_trans_details` ###

INSERT INTO `0_debtor_trans_details` VALUES
('1', '1', '13', '1006', 'panadol ', '50', '8.5', '3', '0', '30', '3', '1', 'boxes', '0', '', '', '', '', '', '', '', '0', '0', '0', '0', '0', '0', '0000-00-00', '0000-00-00', '0000-00-00', '0', '0', '0', '0', '0', '0', '0', NULL, 'DEF', '0', '0'),
('2', '1', '10', '1006', 'panadol ', '50', '8.5', '3', '0', '30', '0', '1', 'boxes', '0', '', '', '', '', '', '', '', '0', '0', '0', '0', '0', '0', '0000-00-00', '0000-00-00', '0000-00-00', '0', '0', '0', '0', '0', '0', '0', NULL, 'DEF', '0', '0'),
('3', '2', '13', '1005', 'RIBBON FISH ', '500', '85', '350', '0', '435', '350', '2', 'boxes', '0', '', '', '', '', '', '', '', '0', '0', '0', '0', '0', '0', '0000-00-00', '0000-00-00', '0000-00-00', '0', '0', '0', '0', '0', '0', '0', NULL, 'DEF', '0', '0'),
('4', '2', '10', '1005', 'RIBBON FISH ', '500', '85', '350', '0', '435', '0', '3', 'boxes', '0', '', '', '', '', '', '', '', '0', '0', '0', '0', '0', '0', '0000-00-00', '0000-00-00', '0000-00-00', '0', '0', '0', '0', '0', '0', '0', NULL, 'DEF', '0', '0'),
('5', '3', '13', '1002', 'Sugar Free (Vanilla) (Double Scoop)', '300', '51', '10', '0', '250', '10', '6', 'boxes', '0', '', '', '', '', '', '', '', '0', '0', '0', '0', '0', '0', '0000-00-00', '0000-00-00', '0000-00-00', '0', '0', '0', '0', '0', '0', '0', NULL, 'DEF', '0', '0'),
('6', '3', '10', '1002', 'Sugar Free (Vanilla) (Double Scoop)', '0', '0', '0', '0', '0', '0', '0', 'boxes', '0', '', '', '', '', '', '', '', '0', '0', '0', '0', '0', '0', '0000-00-00', '0000-00-00', '0000-00-00', '0', '0', '0', '0', '0', '0', '0', NULL, 'DEF', '0', '0'),
('7', '4', '13', '1002', 'Sugar Free (Vanilla) (Double Scoop)', '150', '25.5', '20', '0', '250', '20', '8', 'boxes', '0', '', '', '', '', '', '', '', '0', '0', '0', '0', '0', '0', '0000-00-00', '0000-00-00', '0000-00-00', '0', '0', '0', '0', '0', '0', '0', NULL, 'DEF', '0', '0'),
('8', '4', '10', '1002', 'Sugar Free (Vanilla) (Double Scoop)', '150', '25.5', '20', '0', '250', '0', '7', 'boxes', '0', '', '', '', '', '', '', '', '0', '0', '0', '0', '0', '0', '0000-00-00', '0000-00-00', '0000-00-00', '0', '0', '0', '0', '0', '0', '0', NULL, 'DEF', '0', '0'),
('9', '5', '13', '11122220000', 'Coconut (Double Scoop)', '150', '25.5', '15', '0', '150', '15', '9', 'boxes', '0', '', '', '', '', '', '', '', '0', '0', '0', '0', '0', '0', '0000-00-00', '0000-00-00', '0000-00-00', '0', '0', '0', '0', '0', '0', '0', NULL, 'DEF', '0', '0'),
('10', '5', '10', '11122220000', 'Coconut (Double Scoop)', '150', '25.5', '15', '0', '150', '0', '9', 'boxes', '0', '', '', '', '', '', '', '', '0', '0', '0', '0', '0', '0', '0000-00-00', '0000-00-00', '0000-00-00', '0', '0', '0', '0', '0', '0', '0', NULL, 'DEF', '0', '0'),
('11', '6', '13', '11122220000', 'Coconut (Double Scoop)', '210', '35.7', '1', '0', '150', '1', '11', 'boxes', '0', '', '', '', '', '', '', '', '0', '0', '0', '0', '0', '0', '0000-00-00', '0000-00-00', '0000-00-00', '0', '0', '0', '0', '0', '0', '0', NULL, 'DEF', '0', '0'),
('12', '6', '10', '11122220000', 'Coconut (Double Scoop)', '210', '35.7', '1', '0', '150', '0', '11', 'boxes', '0', '', '', '', '', '', '', '', '0', '0', '0', '0', '0', '0', '0000-00-00', '0000-00-00', '0000-00-00', '0', '0', '0', '0', '0', '0', '0', NULL, 'DEF', '0', '0'),
('13', '7', '13', '1002', 'Sugar Free (Vanilla) (Double Scoop)', '10', '1.7', '1', '0', '1654.9295774648', '1', '12', 'boxes', '0', '', '', '', '', '', '', '', '0', '0', '0', '0', '0', '0', '0000-00-00', '0000-00-00', '0000-00-00', '0', '0', '0', '0', '0', '0', '0', NULL, 'DEF', '0', '0'),
('14', '7', '10', '1002', 'Sugar Free (Vanilla) (Double Scoop)', '10', '1.7', '1', '0', '1654.9295774648', '0', '13', 'boxes', '0', '', '', '', '', '', '', '', '0', '0', '0', '0', '0', '0', '0000-00-00', '0000-00-00', '0000-00-00', '0', '0', '0', '0', '0', '0', '0', NULL, 'DEF', '0', '0'),
('15', '1', '11', '1002', 'Sugar Free (Vanilla) (Double Scoop)', '10', '1.7', '1', '0', '0', '0', '0', 'boxes', '0', '', '', '', '', '', '', '', '0', '0', '0', '0', '0', '0', '0000-00-00', '0000-00-00', '0000-00-00', '0', '0', '0', '0', '0', '0', '0', NULL, '', '0', '0'),
('16', '8', '13', '11122220000', 'Coconut (Double Scoop)', '150', '25.5', '134', '0', '150', '134', '3', 'boxes', '0', '', '', '', '', '', '', '', '0', '0', '0', '0', '0', '0', '0000-00-00', '0000-00-00', '0000-00-00', '0', '0', '0', '0', '0', '0', '0', NULL, 'DEF', '0', '0'),
('17', '8', '13', '1002', 'Sugar Free (Vanilla) (Double Scoop)', '200', '34', '71', '0', '1654.9295774648', '71', '4', 'boxes', '0', '', '', '', '', '', '', '', '0', '0', '0', '0', '0', '0', '0000-00-00', '0000-00-00', '0000-00-00', '0', '0', '0', '0', '0', '0', '0', NULL, 'DEF', '0', '0'),
('18', '9', '13', '1002', 'Sugar Free (Vanilla) (Double Scoop)', '2000', '0', '1', '0', '7936246.7558272', '1', '5', 'boxes', '0', '', '', '', '', '', '', '', '0', '0', '0', '0', '0', '0', '0020-00-00', '0020-00-00', '0020-00-00', '0', '0', '0', '0', '0', '0', '0', NULL, 'DEF', '0', '0'),
('19', '10', '13', '1002', 'Sugar Free (Vanilla) (Double Scoop)', '1500', '255', '12', '0', '1000', '12', '15', 'boxes', '0', '', '', '', '', '', '', '', '0', '0', '0', '0', '0', '0', '0000-00-00', '0000-00-00', '0000-00-00', '0', '0', '0', '0', '0', '0', '0', NULL, 'DEF', '0', '0'),
('20', '8', '10', '1002', 'Sugar Free (Vanilla) (Double Scoop)', '1500', '255', '12', '0', '1000', '0', '19', 'boxes', '0', '', '', '', '', '', '', '', '0', '0', '0', '0', '0', '0', '0000-00-00', '0000-00-00', '0000-00-00', '0', '0', '0', '0', '0', '0', '0', NULL, 'DEF', '0', '0'),
('21', '11', '13', '1002', 'Sugar Free (Vanilla) (Double Scoop)', '1500', '255', '2', '0', '1000', '2', '16', 'boxes', '0', '', '', '', '', '', '', '', '0', '0', '0', '0', '0', '0', '0000-00-00', '0000-00-00', '0000-00-00', '0', '0', '0', '0', '0', '0', '0', NULL, 'DEF', '0', '0'),
('22', '11', '13', '1004', 'A-HO 20/30 SEA BREAM', '20', '3.4', '1', '0', '1500', '1', '17', 'boxes', '0', '', '', '', '', '', '', '', '0', '0', '0', '0', '0', '0', '0000-00-00', '0000-00-00', '0000-00-00', '0', '0', '0', '0', '0', '0', '0', NULL, 'DEF', '0', '0'),
('23', '12', '13', '1002', 'Sugar Free (Vanilla) (Double Scoop)', '1500', '255', '1', '0', '1000', '1', '16', 'boxes', '0', '', '', '', '', '', '', '', '0', '0', '0', '0', '0', '0', '0000-00-00', '0000-00-00', '0000-00-00', '0', '0', '0', '0', '0', '0', '0', NULL, 'DEF', '0', '0'),
('24', '12', '13', '1004', 'A-HO 20/30 SEA BREAM', '0', '0', '0', '0', '1500', '0', '17', 'boxes', '0', '', '', '', '', '', '', '', '0', '0', '0', '0', '0', '0', '0000-00-00', '0000-00-00', '0000-00-00', '0', '0', '0', '0', '0', '0', '0', NULL, 'DEF', '0', '0'),
('25', '9', '10', '1002', 'Sugar Free (Vanilla) (Double Scoop)', '1500', '0', '0', '0', '1000', '0', '21', 'boxes', '0', '', '', '', '', '', '', '', '0', '0', '0', '0', '0', '0', '0000-00-00', '0000-00-00', '0000-00-00', '0', '0', '0', '0', '0', '0', '0', NULL, 'DEF', '0', '0'),
('26', '9', '10', '1004', 'A-HO 20/30 SEA BREAM', '20', '0', '0', '0', '1500', '0', '22', 'boxes', '0', '', '', '', '', '', '', '', '0', '0', '0', '0', '0', '0', '0000-00-00', '0000-00-00', '0000-00-00', '0', '0', '0', '0', '0', '0', '0', NULL, 'DEF', '0', '0'),
('27', '9', '10', '1002', 'Sugar Free (Vanilla) (Double Scoop)', '1500', '255', '1', '0', '1000', '0', '23', 'boxes', '0', '', '', '', '', '', '', '', '0', '0', '0', '0', '0', '0', '0000-00-00', '0000-00-00', '0000-00-00', '0', '0', '0', '0', '0', '0', '0', NULL, 'DEF', '0', '0'),
('28', '9', '10', '1004', 'A-HO 20/30 SEA BREAM', '0', '0', '0', '0', '1500', '0', '24', 'boxes', '0', '', '', '', '', '', '', '', '0', '0', '0', '0', '0', '0', '0000-00-00', '0000-00-00', '0000-00-00', '0', '0', '0', '0', '0', '0', '0', NULL, 'DEF', '0', '0'),
('29', '13', '13', '500166666', 'Test Item', '0', '0', '1', '0', '1000', '1', '18', 'boxes', '1', '', '', '', '', '', '', '', '0', '0', '0', '0', '0', '0', '0000-00-00', '0000-00-00', '0000-00-00', '0', '0', '0', '0', '0', '0', '0', NULL, 'DEF', '0', '0'),
('30', '13', '13', '1006', 'panadol ', '10', '1.7', '1', '0', '96.87898089172', '1', '19', 'boxes', '0', '', '', '', '', '', '', '', '0', '0', '0', '0', '0', '0', '0000-00-00', '0000-00-00', '0000-00-00', '0', '0', '0', '0', '0', '0', '0', NULL, 'DEF', '0', '0'),
('31', '13', '13', '1004', 'A-HO 20/30 SEA BREAM', '0', '0', '1', '0', '1500', '1', '20', 'boxes', '0', '', '', '', '', '', '', '', '0', '0', '0', '0', '0', '0', '0000-00-00', '0000-00-00', '0000-00-00', '0', '0', '0', '0', '0', '0', '0', NULL, 'DEF', '0', '0'),
('32', '13', '13', '1005', 'RIBBON FISH ', '0', '0', '1', '0', '435', '1', '21', 'boxes', '0', '', '', '', '', '', '', '', '0', '0', '0', '0', '0', '0', '0000-00-00', '0000-00-00', '0000-00-00', '0', '0', '0', '0', '0', '0', '0', NULL, 'DEF', '0', '0'),
('33', '10', '10', '500166666', 'Test Item', '0', '0', '1', '0', '1000', '0', '29', 'boxes', '1', '', '', '', '', '', '', '', '0', '0', '0', '0', '0', '0', '0000-00-00', '0000-00-00', '0000-00-00', '0', '0', '0', '0', '0', '0', '0', NULL, 'DEF', '0', '0'),
('34', '10', '10', '1006', 'panadol ', '10', '1.7', '1', '0', '96.87898089172', '0', '30', 'boxes', '0', '', '', '', '', '', '', '', '0', '0', '0', '0', '0', '0', '0000-00-00', '0000-00-00', '0000-00-00', '0', '0', '0', '0', '0', '0', '0', NULL, 'DEF', '0', '0'),
('35', '10', '10', '1004', 'A-HO 20/30 SEA BREAM', '0', '0', '1', '0', '1500', '0', '31', 'boxes', '0', '', '', '', '', '', '', '', '0', '0', '0', '0', '0', '0', '0000-00-00', '0000-00-00', '0000-00-00', '0', '0', '0', '0', '0', '0', '0', NULL, 'DEF', '0', '0'),
('36', '10', '10', '1005', 'RIBBON FISH ', '0', '0', '1', '0', '435', '0', '32', 'boxes', '0', '', '', '', '', '', '', '', '0', '0', '0', '0', '0', '0', '0000-00-00', '0000-00-00', '0000-00-00', '0', '0', '0', '0', '0', '0', '0', NULL, 'DEF', '0', '0'),
('37', '14', '13', '11122220000', 'Coconut (Double Scoop)', '150', '25.5', '1', '0', '0', '0', '3', 'boxes', '0', '', '', '', '', '', '', '', '0', '0', '0', '0', '0', '0', '0000-00-00', '0000-00-00', '0000-00-00', '0', '0', '0', '0', '0', '0', '0', NULL, 'DEF', '0', '0'),
('38', '14', '13', '1002', 'Sugar Free (Vanilla) (Double Scoop)', '200', '34', '71', '0', '1000', '0', '4', 'boxes', '0', '', '', '', '', '', '', '', '0', '0', '0', '0', '0', '0', '0000-00-00', '0000-00-00', '0000-00-00', '0', '0', '0', '0', '0', '0', '0', NULL, 'DEF', '0', '0'),
('39', '11', '10', '11122220000', 'Coconut (Double Scoop)', '150', '25.5', '134', '0', '150', '0', '16', 'boxes', '0', '', '', '', '', '', '', '', '0', '0', '0', '0', '0', '0', '0000-00-00', '0000-00-00', '0000-00-00', '0', '0', '0', '0', '0', '0', '0', NULL, 'DEF', '0', '0'),
('40', '11', '10', '1002', 'Sugar Free (Vanilla) (Double Scoop)', '200', '34', '71', '0', '1654.9295774648', '0', '17', 'boxes', '0', '', '', '', '', '', '', '', '0', '0', '0', '0', '0', '0', '0000-00-00', '0000-00-00', '0000-00-00', '0', '0', '0', '0', '0', '0', '0', NULL, 'DEF', '0', '0'),
('41', '15', '13', '101240', 'Testing Item 2', '500', '85', '2', '0', '10', '2', '27', 'boxes', '0', '', '', '', '', '', '', '', '0', '0', '0', '0', '0', '0', '0000-00-00', '0000-00-00', '0000-00-00', '0', '0', '0', '0', '0', '0', '0', NULL, 'DEF', '0', '0'),
('42', '12', '10', '101240', 'Testing Item 2', '500', '85', '2', '0', '10', '0', '41', 'boxes', '0', '', '', '', '', '', '', '', '0', '0', '0', '0', '0', '0', '0000-00-00', '0000-00-00', '0000-00-00', '0', '0', '0', '0', '0', '0', '0', NULL, 'DEF', '0', '0'),
('43', '16', '13', '101240', 'Testing Item 2', '500', '85', '1', '0', '10', '0', '28', 'boxes', '0', '', '', '', '', '', '', '', '0', '0', '0', '0', '0', '0', '0000-00-00', '0000-00-00', '0000-00-00', '0', '0', '0', '0', '0', '0', '0', NULL, 'DEF', '0', '0'),
('44', '2', '11', '500166666', 'Test Item', '10', '1.7', '1', '0', '0', '0', '0', 'boxes', '1', '', '', '', '', '', '', '', '0', '0', '0', '0', '0', '0', '0000-00-00', '0000-00-00', '0000-00-00', '0', '0', '0', '0', '0', '0', '0', NULL, '', '0', '0'),
('45', '17', '13', '500166666', 'Test Item', '10', '1.7', '2', '0', '1000', '2', '29', 'boxes', '1', '', '', '', '', '', '', '', '0', '0', '0', '0', '0', '0', '0000-00-00', '0000-00-00', '0000-00-00', '0', '0', '0', '0', '0', '0', '0', NULL, 'DEF', '0', '0'),
('46', '13', '10', '500166666', 'Test Item', '10', '1.7', '2', '0', '1000', '0', '45', 'boxes', '1', '', '', '', '', '', '', '', '0', '0', '0', '0', '0', '0', '0000-00-00', '0000-00-00', '0000-00-00', '0', '0', '0', '0', '0', '0', '0', NULL, 'DEF', '0', '0'),
('47', '3', '11', '101240', 'Testing Item 2', '500', '85', '1', '0', '0', '0', '0', 'boxes', '0', '', '', '', '', '', '', '', '0', '0', '0', '0', '0', '0', '0000-00-00', '0000-00-00', '0000-00-00', '0', '0', '0', '0', '0', '0', '0', NULL, '', '0', '0'),
('48', '18', '13', '2001', 'Item 9', '1000', '170', '5', '0', '0', '5', '30', 'boxes', '0', '', '', '', '', '', '', '', '0', '0', '0', '0', '0', '0', '0000-00-00', '0000-00-00', '0000-00-00', '0', '0', '0', '0', '0', '0', '0', NULL, 'DEF', '0', '0'),
('49', '14', '10', '2001', 'Item 9', '0', '0', '0', '0', '0', '0', '0', 'boxes', '0', '', '', '', '', '', '', '', '0', '0', '0', '0', '0', '0', '0000-00-00', '0000-00-00', '0000-00-00', '0', '0', '0', '0', '0', '0', '0', NULL, 'DEF', '0', '0'),
('50', '4', '11', '2001', 'Item 9', '1000', '170', '3', '0', '0', '0', '0', 'boxes', '0', '', '', '', '', '', '', '', '0', '0', '0', '0', '0', '0', '0000-00-00', '0000-00-00', '0000-00-00', '0', '0', '0', '0', '0', '0', '0', NULL, '', '0', '0'),
('51', '19', '13', '11122220000', 'Coconut (Double Scoop)', '150', '25.5', '0', '0', '0', '0', '3', 'boxes', '0', '', '', '', '', '', '', '', '0', '0', '0', '0', '0', '0', '0000-00-00', '0000-00-00', '0000-00-00', '0', '0', '0', '0', '0', '0', '0', NULL, 'DEF', '0', '0'),
('52', '19', '13', '1002', 'Sugar Free (Vanilla) (Double Scoop)', '200', '34', '13', '0', '1000', '0', '4', 'boxes', '0', '', '', '', '', '', '', '', '0', '0', '0', '0', '0', '0', '0000-00-00', '0000-00-00', '0000-00-00', '0', '0', '0', '0', '0', '0', '0', NULL, 'DEF', '0', '0'),
('53', '20', '13', '1006', 'panadol ', '200', '34', '26', '0', '96.87898089172', '0', '7', 'boxes', '0', '', '', '', '', '', '', '', '0', '0', '0', '0', '0', '0', '0000-00-00', '0000-00-00', '0000-00-00', '0', '0', '0', '0', '0', '0', '0', NULL, 'DEF', '0', '0'),
('54', '21', '13', '1010', 'ROYAL FAN', '0', '0', '5', '0', '4000', '5', '32', 'boxes', '0', '', '', '', '', '', '', '', '0', '0', '0', '0', '0', '0', '0000-00-00', '0000-00-00', '0000-00-00', '0', '0', '0', '0', '0', '0', '0', NULL, 'DEF', '0', '0'),
('55', '15', '10', '1010', 'ROYAL FAN', '0', '0', '5', '0', '4000', '0', '54', 'boxes', '0', '', '', '', '', '', '', '', '0', '0', '0', '0', '0', '0', '0000-00-00', '0000-00-00', '0000-00-00', '0', '0', '0', '0', '0', '0', '0', NULL, 'DEF', '0', '0'),
('56', '22', '13', '2001', 'Item 9', '1000', '170', '1', '0', '0', '1', '33', 'boxes', '0', '', '', '', '', '', '', '', '0', '0', '0', '0', '0', '0', '0000-00-00', '0000-00-00', '0000-00-00', '0', '0', '0', '0', '0', '0', '0', NULL, 'DEF', '0', '0'),
('57', '16', '10', '2001', 'Item 9', '1000', '170', '1', '0', '0', '0', '56', 'boxes', '0', '', '', '', '', '', '', '', '0', '0', '0', '0', '0', '0', '0000-00-00', '0000-00-00', '0000-00-00', '0', '0', '0', '0', '0', '0', '0', NULL, 'DEF', '0', '0'),
('58', '23', '13', '500166666', 'Test Item', '2000', '340', '4', '0', '1000', '4', '34', 'boxes', '1', '', '', '', '', '', '', '', '0', '0', '0', '0', '0', '0', '0000-00-00', '0000-00-00', '0000-00-00', '0', '0', '0', '0', '0', '0', '0', NULL, 'DEF', '0', '0'),
('59', '23', '13', '1002', 'Sugar Free (Vanilla) (Double Scoop)', '1000', '170', '0', '0', '1000', '0', '35', 'boxes', '0', '', '', '', '', '', '', '', '0', '0', '0', '0', '0', '0', '0000-00-00', '0000-00-00', '0000-00-00', '0', '0', '0', '0', '0', '0', '0', NULL, 'DEF', '0', '0'),
('60', '17', '10', '500166666', 'Test Item', '2000', '340', '4', '0', '1000', '0', '58', 'boxes', '1', '', '', '', '', '', '', '', '0', '0', '0', '0', '0', '0', '0000-00-00', '0000-00-00', '0000-00-00', '0', '0', '0', '0', '0', '0', '0', NULL, 'DEF', '0', '0'),
('61', '17', '10', '1002', 'Sugar Free (Vanilla) (Double Scoop)', '1000', '0', '0', '0', '1000', '0', '59', 'boxes', '0', '', '', '', '', '', '', '', '0', '0', '0', '0', '0', '0', '0000-00-00', '0000-00-00', '0000-00-00', '0', '0', '0', '0', '0', '0', '0', NULL, 'DEF', '0', '0'),
('62', '24', '13', '500166666', 'Test Item', '10', '1.7', '1', '0', '1000', '1', '36', 'boxes', '1', '', '', '', '', '', '', '', '0', '0', '0', '0', '0', '0', '0000-00-00', '0000-00-00', '0000-00-00', '0', '0', '0', '0', '0', '0', '0', NULL, 'DEF', '0', '0'),
('63', '18', '10', '500166666', 'Test Item', '10', '1.7', '1', '0', '1000', '0', '62', 'boxes', '1', '', '', '', '', '', '', '', '0', '0', '0', '0', '0', '0', '0000-00-00', '0000-00-00', '0000-00-00', '0', '0', '0', '0', '0', '0', '0', NULL, 'DEF', '0', '0'),
('64', '25', '13', '500166666', 'Test Item', '500', '85', '2', '0', '1000', '2', '37', 'boxes', '1', '', '', '', '', '', '', '', '0', '0', '0', '0', '0', '0', '0000-00-00', '0000-00-00', '0000-00-00', '0', '0', '0', '0', '0', '0', '0', NULL, 'DEF', '0', '0'),
('65', '19', '10', '500166666', 'Test Item', '500', '85', '2', '0', '1000', '0', '64', 'boxes', '1', '', '', '', '', '', '', '', '0', '0', '0', '0', '0', '0', '0000-00-00', '0000-00-00', '0000-00-00', '0', '0', '0', '0', '0', '0', '0', NULL, 'DEF', '0', '0'),
('66', '26', '13', '1005', 'RIBBON FISH ', '2', '0.34', '250', '0', '435', '250', '39', 'boxes', '0', '', '', '', '', '', '', '', '0', '0', '0', '0', '0', '0', '0000-00-00', '0000-00-00', '0000-00-00', '0', '0', '0', '0', '0', '0', '0', NULL, 'DEF', '0', '0'),
('67', '20', '10', '1005', 'RIBBON FISH ', '2', '0.34', '250', '0', '435', '0', '66', 'boxes', '0', '', '', '', '', '', '', '', '0', '0', '0', '0', '0', '0', '0000-00-00', '0000-00-00', '0000-00-00', '0', '0', '0', '0', '0', '0', '0', NULL, 'DEF', '0', '0'),
('68', '27', '13', '3009', 'Branded SMS', '0.4', '0.07', '100000', '0', '0', '100000', '40', 'boxes', '0', '', '', '', '', '', '', '', '0', '0', '0', '0', '0', '0', '0000-00-00', '0000-00-00', '0000-00-00', '0', '0', '0', '0', '0', '0', '0', NULL, 'DEF', '0', '0'),
('69', '21', '10', '3009', 'Branded SMS', '0.4', '0.068', '100000', '0', '0', '0', '68', 'boxes', '0', '', '', '', '', '', '', '', '0', '0', '0', '0', '0', '0', '0000-00-00', '0000-00-00', '0000-00-00', '0', '0', '0', '0', '0', '0', '0', NULL, 'DEF', '0', '0'),
('70', '28', '13', '3009', 'Branded SMS', '1000', '170', '1', '0', '0', '1', '41', 'boxes', '0', '', '', '', '', '', '', '', '0', '0', '0', '0', '0', '0', '0000-00-00', '0000-00-00', '0000-00-00', '0', '0', '0', '0', '0', '0', '0', NULL, 'DEF', '0', '0'),
('71', '22', '10', '3009', 'Branded SMS', '1000', '170', '1', '0', '0', '0', '70', 'boxes', '0', '', '', '', '', '', '', '', '0', '0', '0', '0', '0', '0', '0000-00-00', '0000-00-00', '0000-00-00', '0', '0', '0', '0', '0', '0', '0', NULL, 'DEF', '0', '0'),
('72', '29', '13', '11122220000', 'Coconut (Double Scoop)', '150', '33', '0', '0', '0', '0', '3', 'boxes', '0', '', '', '', '', '', '', '', '0', '0', '0', '0', '0', '0', '0000-00-00', '0000-00-00', '0000-00-00', '0', '0', '0', '0', '0', '0', '0', NULL, 'DEF', '0', '0'),
('73', '29', '13', '1002', 'Sugar Free (Vanilla) (Double Scoop)', '200', '44', '1', '0', '480000', '1', '4', 'boxes', '0', '', '', '', '', '', '', '', '0', '0', '0', '0', '0', '0', '0000-00-00', '0000-00-00', '0000-00-00', '0', '0', '0', '0', '0', '0', '1', NULL, 'DEF', '0', '0'),
('74', '23', '10', '11122220000', 'Coconut (Double Scoop)', '150', '0', '0', '0', '0', '0', '72', 'boxes', '0', '', '', '', '', '', '', '', '0', '0', '0', '0', '0', '0', '0000-00-00', '0000-00-00', '0000-00-00', '0', '0', '0', '0', '0', '0', '0', NULL, 'DEF', '0', '0'),
('75', '23', '10', '1002', 'Sugar Free (Vanilla) (Double Scoop)', '200', '44', '1', '0', '480000', '0', '73', 'boxes', '0', '', '', '', '', '', '', '', '0', '0', '0', '0', '0', '0', '0000-00-00', '0000-00-00', '0000-00-00', '0', '0', '0', '0', '0', '0', '1', NULL, 'DEF', '0', '0'),
('76', '30', '13', '500166666', 'Test Item', '0', '0', '0', '0', '0', '1', '0', 'boxes', '1', '', '', '', '', '', '', '', '0', '0', '0', '0', '0', '0', '0000-00-00', '0000-00-00', '0000-00-00', '0', '0', '0', '0', '0', '0', '0', NULL, 'DEF', '0', '0'),
('77', '24', '10', '500166666', 'Test Item', '0', '0', '0', '0', '0', '0', '0', 'boxes', '1', '', '', '', '', '', '', '', '0', '0', '0', '0', '0', '0', '0000-00-00', '0000-00-00', '0000-00-00', '0', '0', '0', '0', '0', '0', '0', NULL, 'DEF', '0', '0'),
('78', '31', '13', '500166666', 'Test Item', '120', '26.4', '1', '0', '58333.333333333', '1', '44', 'boxes', '1', '', '', '', '', '', '', '', '0', '0', '0', '0', '0', '0', '0000-00-00', '0000-00-00', '0000-00-00', '0', '0', '0', '0', '0', '0', '0', NULL, 'DEF', '0', '0'),
('79', '25', '10', '500166666', 'Test Item', '120', '26.4', '1', '0', '58333.333333333', '0', '78', 'boxes', '1', '', '', '', '', '', '', '', '0', '0', '0', '0', '0', '0', '0000-00-00', '0000-00-00', '0000-00-00', '0', '0', '0', '0', '0', '0', '0', NULL, 'DEF', '0', '0'),
('80', '32', '13', '500166666', 'Test Item', '0', '0', '0', '0', '57765.676567656', '0', '34', 'boxes', '1', '', '', '', '', '', '', '', '0', '0', '0', '0', '0', '0', '0000-00-00', '0000-00-00', '0000-00-00', '0', '0', '0', '0', '0', '0', '0', NULL, 'DEF', '0', '0'),
('81', '32', '13', '1002', 'Sugar Free (Vanilla) (Double Scoop)', '1000', '170', '10', '0', '150', '10', '35', 'boxes', '0', '', '', '', '', '', '', '', '0', '0', '0', '0', '0', '0', '0000-00-00', '0000-00-00', '0000-00-00', '0', '0', '0', '0', '0', '0', '0', NULL, 'DEF', '0', '0'),
('82', '33', '13', '500166666', 'Test Item', '10000', '2200', '1', '0', '57771.241830065', '1', '45', 'boxes', '0', '', '', '', '', '', '', '', '0', '0', '0', '0', '0', '0', '0000-00-00', '0000-00-00', '0000-00-00', '0', '0', '0', '0', '0', '0', '0', NULL, 'DEF', '0', '0'),
('83', '26', '10', '500166666', 'Test Item', '10000', '2200', '1', '0', '57771.241830065', '0', '82', 'boxes', '0', '', '', '', '', '', '', '', '0', '0', '0', '0', '0', '0', '0000-00-00', '0000-00-00', '0000-00-00', '0', '0', '0', '0', '0', '0', '0', NULL, 'DEF', '0', '0'),
('84', '5', '11', '3021', 'Gold 24k', '0', '0', '50', '0', '0', '0', '0', 'boxes', '0', '', '', '', '', '', '', '', '0', '0', '0', '0', '0', '0', '0000-00-00', '0000-00-00', '0000-00-00', '0', '0', '0', '0', '0', '0', '0', NULL, '', '0', '0'),
('85', '6', '11', '3021', 'Gold 24k', '0', '0', '30', '0', '0', '0', '0', 'boxes', '0', '', '', '', '', '', '', '', '0', '0', '0', '0', '0', '0', '0000-00-00', '0000-00-00', '0000-00-00', '0', '0', '0', '0', '0', '0', '0', NULL, '', '0', '0'),
('86', '34', '13', '3020', 'Service Charges', '700', '119', '1', '0', '0', '1', '49', 'boxes', '0', '', '', '', '', '', '', '', '0', '0', '0', '0', '0', '0', '0000-00-00', '0000-00-00', '0000-00-00', '0', '0', '0', '0', '0', '0', '0', NULL, 'DEF', '0', '0'),
('87', '27', '10', '3020', 'Service Charges', '700', '119', '1', '0', '0', '0', '86', 'boxes', '0', '', '', '', '', '', '', '', '0', '0', '0', '0', '0', '0', '0000-00-00', '0000-00-00', '0000-00-00', '0', '0', '0', '0', '0', '0', '0', NULL, 'DEF', '0', '0'),
('88', '35', '13', '3021', 'Gold 24k', '0', '0', '80', '0', '0', '80', '50', 'boxes', '0', '', '', '', '', '', '', '', '0', '0', '0', '0', '0', '0', '0000-00-00', '0000-00-00', '0000-00-00', '0', '0', '0', '0', '0', '0', '0', NULL, 'DEF', '0', '0'),
('89', '35', '13', '3020', 'Service Charges', '700', '119', '1', '0', '0', '1', '51', 'boxes', '0', '', '', '', '', '', '', '', '0', '0', '0', '0', '0', '0', '0000-00-00', '0000-00-00', '0000-00-00', '0', '0', '0', '0', '0', '0', '0', NULL, 'DEF', '0', '0'),
('90', '28', '10', '3021', 'Gold 24k', '0', '0', '80', '0', '0', '0', '88', 'boxes', '0', '', '', '', '', '', '', '', '0', '0', '0', '0', '0', '0', '0000-00-00', '0000-00-00', '0000-00-00', '0', '0', '0', '0', '0', '0', '0', NULL, 'DEF', '0', '0'),
('91', '28', '10', '3020', 'Service Charges', '700', '119', '1', '0', '0', '0', '89', 'boxes', '0', '', '', '', '', '', '', '', '0', '0', '0', '0', '0', '0', '0000-00-00', '0000-00-00', '0000-00-00', '0', '0', '0', '0', '0', '0', '0', NULL, 'DEF', '0', '0'),
('92', '36', '13', '11122220000', 'Coconut (Double Scoop)', '150', '33', '365', '0', '100', '365', '3', 'boxes', '0', '', '', '', '', '', '', '', '0', '0', '0', '0', '0', '0', '0000-00-00', '0000-00-00', '0000-00-00', '0', '0', '0', '0', '0', '0', '0', NULL, 'DEF', '0', '0'),
('93', '36', '13', '1002', 'Sugar Free (Vanilla) (Double Scoop)', '200', '44', '244', '0', '602.82046516733', '244', '4', 'boxes', '0', '', '', '', '', '', '', '', '0', '0', '0', '0', '0', '0', '0000-00-00', '0000-00-00', '0000-00-00', '0', '0', '0', '0', '0', '0', '0', NULL, 'DEF', '0', '0'),
('94', '29', '10', '11122220000', 'Coconut (Double Scoop)', '150', '33', '365', '0', '100', '0', '92', 'boxes', '0', '', '', '', '', '', '', '', '0', '0', '0', '0', '0', '0', '0000-00-00', '0000-00-00', '0000-00-00', '0', '0', '0', '0', '0', '0', '0', NULL, 'DEF', '0', '0'),
('95', '29', '10', '1002', 'Sugar Free (Vanilla) (Double Scoop)', '200', '44', '244', '0', '602.82046516733', '0', '93', 'boxes', '0', '', '', '', '', '', '', '', '0', '0', '0', '0', '0', '0', '0000-00-00', '0000-00-00', '0000-00-00', '0', '0', '0', '0', '0', '0', '0', NULL, 'DEF', '0', '0'),
('96', '37', '13', '500166666', 'Test Item', '10', '2.2', '1', '0', '29031.410073814', '1', '53', 'boxes', '0', '', '', '', '', '', '', '', '0', '0', '0', '0', '0', '0', '0000-00-00', '0000-00-00', '0000-00-00', '0', '0', '0', '0', '0', '0', '0', NULL, 'DEF', '0', '0'),
('97', '30', '10', '500166666', 'Test Item', '10', '2.2', '1', '0', '29031.410073814', '0', '96', 'boxes', '0', '', '', '', '', '', '', '', '0', '0', '0', '0', '0', '0', '0000-00-00', '0000-00-00', '0000-00-00', '0', '0', '0', '0', '0', '0', '0', NULL, 'DEF', '0', '0'),
('98', '38', '13', '1002', 'Sugar Free (Vanilla) (Double Scoop)', '110502.36', '18785.4', '1', '0', '602.82046516733', '1', '54', 'boxes', '0', '', '', '', '', '', '', '', '0', '0', '0', '0', '0', '0', '0000-00-00', '0000-00-00', '0000-00-00', '0', '0', '0', '0', '0', '0', '0', NULL, 'DEF', '0', '0'),
('99', '31', '10', '1002', 'Sugar Free (Vanilla) (Double Scoop)', '110502.36', '18785.4', '1', '0', '602.82046516733', '0', '98', 'boxes', '0', '', '', '', '', '', '', '', '0', '0', '0', '0', '0', '0', '0000-00-00', '0000-00-00', '0000-00-00', '0', '0', '0', '0', '0', '0', '0', NULL, 'DEF', '0', '0'),
('100', '39', '13', '1006', 'panadol ', '150', '0', '20', '0', '419.38254274801', '20', '13', 'boxes', '0', '', '', '', '', '', '', '', '0', '0', '0', '0', '0', '0', '0000-00-00', '0000-00-00', '0000-00-00', '0', '0', '0', '0', '0', '0', '0', NULL, 'DEF', '0', '0'),
('101', '32', '10', '1006', 'panadol ', '150', '0', '20', '0', '419.38254274801', '0', '100', 'boxes', '0', '', '', '', '', '', '', '', '0', '0', '0', '0', '0', '0', '0000-00-00', '0000-00-00', '0000-00-00', '0', '0', '0', '0', '0', '0', '0', NULL, 'DEF', '0', '0'),
('102', '7', '11', '1007', 'NATURE WATER ', '150', '33', '5', '0', '0', '0', '0', 'ltr', '0', '', '', '', '', '', '', '', '0', '0', '0', '0', '0', '0', '0000-00-00', '0000-00-00', '0000-00-00', '0', '0', '0', '0', '0', '0', '0', NULL, '', '0', '0'),
('103', '40', '13', '500166666', 'Test Item', '2.5', '0', '1', '0', '29031.410073814', '1', '55', 'boxes', '0', '', '', '', '', '', '', '', '0', '0', '0', '0', '0', '0', '0000-00-00', '0000-00-00', '0000-00-00', '0', '0', '0', '0', '0', '0', '0', NULL, 'DEF', '0', '0'),
('104', '33', '10', '500166666', 'Test Item', '2.5', '0', '1', '0', '29031.410073814', '0', '103', 'boxes', '0', '', '', '', '', '', '', '', '0', '0', '0', '0', '0', '0', '0000-00-00', '0000-00-00', '0000-00-00', '0', '0', '0', '0', '0', '0', '0', NULL, 'DEF', '0', '0'),
('105', '41', '13', '1002', 'Sugar Free (Vanilla) (Double Scoop)', '50', '0', '5', '0', '602.82046516733', '5', '56', 'boxes', '0', '', '', '', '', '', '', '', '0', '0', '0', '0', '0', '0', '0000-00-00', '0000-00-00', '0000-00-00', '0', '0', '0', '0', '0', '0', '0', NULL, 'DEF', '0', '0'),
('106', '34', '10', '1002', 'Sugar Free (Vanilla) (Double Scoop)', '50', '0', '5', '0', '602.82046516733', '0', '105', 'boxes', '0', '', '', '', '', '', '', '', '0', '0', '0', '0', '0', '0', '0000-00-00', '0000-00-00', '0000-00-00', '0', '0', '0', '0', '0', '0', '0', NULL, 'DEF', '0', '0'),
('107', '42', '13', '1005', 'RIBBON FISH ', '500', '85', '2', '0', '435', '2', '57', 'boxes', '0', '', '', '', '', '', '', '', '0', '0', '0', '0', '0', '0', '0000-00-00', '0000-00-00', '0000-00-00', '0', '0', '0', '0', '0', '0', '0', NULL, 'DEF', '0', '0'),
('108', '35', '10', '1005', 'RIBBON FISH ', '500', '85', '2', '0', '435', '0', '107', 'boxes', '0', '', '', '', '', '', '', '', '0', '0', '0', '0', '0', '0', '0000-00-00', '0000-00-00', '0000-00-00', '0', '0', '0', '0', '0', '0', '0', NULL, 'DEF', '0', '0'),
('109', '43', '13', '30010', 'Haldi', '1000', '220', '2', '0', '100', '2', '58', 'boxes', '0', '', '', '', '', '', '', '', '0', '0', '0', '0', '0', '0', '0000-00-00', '0000-00-00', '0000-00-00', '0', '0', '0', '0', '0', '0', '0', NULL, 'DEF', '0', '0'),
('110', '43', '13', '30011', 'Zera', '1410', '310.2', '1', '0', '100', '1', '59', 'boxes', '0', '', '', '', '', '', '', '', '0', '0', '0', '0', '0', '0', '0000-00-00', '0000-00-00', '0000-00-00', '0', '0', '0', '0', '0', '0', '0', NULL, 'DEF', '0', '0'),
('111', '36', '10', '30010', 'Haldi', '1000', '220', '2', '0', '100', '0', '109', 'boxes', '0', '', '', '', '', '', '', '', '0', '0', '0', '0', '0', '0', '0000-00-00', '0000-00-00', '0000-00-00', '0', '0', '0', '0', '0', '0', '0', NULL, 'DEF', '0', '0'),
('112', '36', '10', '30011', 'Zera', '1410', '310.2', '1', '0', '100', '0', '110', 'boxes', '0', '', '', '', '', '', '', '', '0', '0', '0', '0', '0', '0', '0000-00-00', '0000-00-00', '0000-00-00', '0', '0', '0', '0', '0', '0', '0', NULL, 'DEF', '0', '0'),
('113', '44', '13', '1007', 'NATURE WATER ', '100', '22', '12000', '0', '447.68552967441', '0', '10', 'ltr', '0', '', '', '', '', '', '', '', '0', '0', '0', '0', '0', '0', '0000-00-00', '0000-00-00', '0000-00-00', '0', '0', '0', '0', '0', '0', '0', NULL, 'DEF', '0', '0'),
('114', '45', '13', '500166666', 'Test Item', '100', '22', '5', '0', '29729.483651136', '5', '60', 'boxes', '0', '', '', '', '', '', '', '', '0', '0', '0', '0', '0', '0', '0000-00-00', '0000-00-00', '0000-00-00', '0', '0', '0', '0', '0', '0', '0', NULL, 'DEF', '0', '0'),
('115', '37', '10', '500166666', 'Test Item', '100', '22', '5', '0', '29729.483651136', '0', '114', 'boxes', '0', '', '', '', '', '', '', '', '0', '0', '0', '0', '0', '0', '0000-00-00', '0000-00-00', '0000-00-00', '0', '0', '0', '0', '0', '0', '0', NULL, 'DEF', '0', '0'),
('116', '38', '10', '500166666', 'Test Item', '0', '0', '0', '0', '57765.676567656', '0', '80', 'boxes', '1', '', '', '', '', '', '', '', '0', '0', '0', '0', '0', '0', '0000-00-00', '0000-00-00', '0000-00-00', '0', '0', '0', '0', '0', '0', '0', NULL, 'DEF', '0', '0'),
('117', '38', '10', '1002', 'Sugar Free (Vanilla) (Double Scoop)', '1000', '0', '10', '0', '150', '0', '81', 'boxes', '0', '', '', '', '', '', '', '', '0', '0', '0', '0', '0', '0', '0000-00-00', '0000-00-00', '0000-00-00', '0', '0', '0', '0', '0', '0', '0', NULL, 'DEF', '0', '0'),
('118', '46', '13', '500166666', 'Test Item', '100', '22', '1', '0', '29729.483651136', '1', '61', 'boxes', '0', '', '', '', '', '', '', '', '0', '0', '0', '0', '0', '0', '0000-00-00', '0000-00-00', '0000-00-00', '0', '0', '0', '0', '0', '0', '0', NULL, 'DEF', '0', '0'),
('119', '39', '10', '500166666', 'Test Item', '100', '22', '1', '0', '29729.483651136', '0', '118', 'boxes', '0', '', '', '', '', '', '', '', '0', '0', '0', '0', '0', '0', '0000-00-00', '0000-00-00', '0000-00-00', '0', '0', '0', '0', '0', '0', '0', NULL, 'DEF', '0', '0'),
('120', '40', '10', '1002', 'Sugar Free (Vanilla) (Double Scoop)', '300', '66', '10', '0', '250', '0', '5', 'boxes', '0', '', '', '', '', '', '', '', '0', '0', '0', '0', '0', '0', '0000-00-00', '0000-00-00', '0000-00-00', '0', '0', '0', '0', '0', '0', '0', NULL, 'DEF', '0', '0'),
('121', '47', '13', '1002', 'Sugar Free (Vanilla) (Double Scoop)', '7500', '1650', '20', '0', '602.82046516733', '20', '63', 'boxes', '0', '', '', '', '', '', '', '', '0', '0', '0', '0', '0', '0', '0000-00-00', '0000-00-00', '0000-00-00', '0', '0', '0', '0', '0', '0', '0', NULL, 'DEF', '0', '0'),
('122', '41', '10', '1002', 'Sugar Free (Vanilla) (Double Scoop)', '7500', '1650', '20', '0', '602.82046516733', '0', '121', 'boxes', '0', '', '', '', '', '', '', '', '0', '0', '0', '0', '0', '0', '0000-00-00', '0000-00-00', '0000-00-00', '0', '0', '0', '0', '0', '0', '0', NULL, 'DEF', '0', '0'),
('123', '48', '13', '1005', 'RIBBON FISH ', '0', '0', '1', '0', '435', '1', '64', 'boxes', '0', '', '', '', '', '', '', '', '0', '0', '0', '0', '0', '0', '0000-00-00', '0000-00-00', '0000-00-00', '0', '0', '0', '0', '0', '0', '0', NULL, 'DEF', '0', '0'),
('124', '42', '10', '1005', 'RIBBON FISH ', '0', '0', '1', '0', '435', '0', '123', 'boxes', '0', '', '', '', '', '', '', '', '0', '0', '0', '0', '0', '0', '0000-00-00', '0000-00-00', '0000-00-00', '0', '0', '0', '0', '0', '0', '0', NULL, 'DEF', '0', '0'),
('125', '49', '13', '1002', 'Sugar Free (Vanilla) (Double Scoop)', '2200', '0', '15', '0', '7936246.7558272', '15', '67', 'boxes', '0', '', '', '', '', '', '', '', '0', '0', '0', '0', '0', '0', '0000-00-00', '0000-00-00', '0000-00-00', '0', '0', '0', '0', '0', '0', '0', NULL, 'DEF', '0', '0'),
('126', '43', '10', '1002', 'Sugar Free (Vanilla) (Double Scoop)', '2200', '0', '15', '0', '7936246.7558272', '0', '125', 'boxes', '0', '', '', '', '', '', '', '', '0', '0', '0', '0', '0', '0', '0000-00-00', '0000-00-00', '0000-00-00', '0', '0', '0', '0', '0', '0', '0', NULL, 'DEF', '0', '0'),
('127', '50', '13', '1005', 'RIBBON FISH ', '1000', '170', '1', '0', '435', '1', '68', 'boxes', '0', '', '', '', '', '', '', '', '0', '0', '0', '0', '0', '0', '0000-00-00', '0000-00-00', '0000-00-00', '0', '0', '0', '0', '0', '0', '0', NULL, 'DEF', '0', '0'),
('128', '50', '13', '1006', 'panadol ', '2000', '340', '1', '0', '2287.5895994023', '1', '69', 'boxes', '0', '', '', '', '', '', '', '', '0', '0', '0', '0', '0', '0', '0000-00-00', '0000-00-00', '0000-00-00', '0', '0', '0', '0', '0', '0', '0', NULL, 'DEF', '0', '0'),
('129', '44', '10', '1005', 'RIBBON FISH ', '1000', '170', '1', '0', '435', '0', '127', 'boxes', '0', '', '', '', '', '', '', '', '0', '0', '0', '0', '0', '0', '0000-00-00', '0000-00-00', '0000-00-00', '0', '0', '0', '0', '0', '0', '0', NULL, 'DEF', '0', '0'),
('130', '44', '10', '1006', 'panadol ', '2000', '340', '1', '0', '2287.5895994023', '0', '128', 'boxes', '0', '', '', '', '', '', '', '', '0', '0', '0', '0', '0', '0', '0000-00-00', '0000-00-00', '0000-00-00', '0', '0', '0', '0', '0', '0', '0', NULL, 'DEF', '0', '0'),
('131', '51', '13', '3024', 'nova pipes testing', '100', '0', '1', '0', '100', '1', '70', 'boxes', '0', '', '', '', '', '', '', '', '0', '0', '0', '0', '0', '0', '0000-00-00', '0000-00-00', '0000-00-00', '0', '0', '0', '0', '0', '0', '4', NULL, 'DEF', '0', '0'),
('132', '45', '10', '3024', 'nova pipes testing', '100', '0', '1', '0', '100', '0', '131', 'boxes', '0', '', '', '', '', '', '', '', '0', '0', '0', '0', '0', '0', '0000-00-00', '0000-00-00', '0000-00-00', '0', '0', '0', '0', '0', '0', '4', NULL, 'DEF', '0', '0'),
('133', '46', '10', '2001', 'Item 9', '1000', '220', '5', '0', '0', '0', '48', 'boxes', '0', '', '', '', '', '', '', '', '0', '0', '0', '0', '0', '0', '0000-00-00', '0000-00-00', '0000-00-00', '0', '0', '0', '0', '0', '0', '0', NULL, 'DEF', '0', '0'),
('134', '52', '13', '3028', 'Batch testing 44', '100', '22', '1', '0', '0', '1', '71', 'boxes', '0', '', '', '', '', '', '', '', '0', '0', '0', '0', '0', '0', '0000-00-00', '0000-00-00', '0000-00-00', '0', '0', '0', '0', '0', '0', '12', NULL, 'DEF', '0', '0'),
('135', '47', '10', '3028', 'Batch testing 44', '100', '22', '1', '0', '0', '0', '134', 'boxes', '0', '', '', '', '', '', '', '', '0', '0', '0', '0', '0', '0', '0000-00-00', '0000-00-00', '0000-00-00', '0', '0', '0', '0', '0', '0', '12', NULL, 'DEF', '0', '0'),
('136', '53', '13', '3028', 'Batch testing 44', '0', '0', '9', '0', '0', '9', '72', 'boxes', '0', '', '', '', '', '', '', '', '0', '0', '0', '0', '0', '0', '0000-00-00', '0000-00-00', '0000-00-00', '0', '0', '0', '0', '0', '0', '12', NULL, 'DEF', '0', '0'),
('137', '48', '10', '3028', 'Batch testing 44', '0', '0', '9', '0', '0', '0', '136', 'boxes', '0', '', '', '', '', '', '', '', '0', '0', '0', '0', '0', '0', '0000-00-00', '0000-00-00', '0000-00-00', '0', '0', '0', '0', '0', '0', '12', NULL, 'DEF', '0', '0'),
('138', '54', '13', '1002', 'Sugar Free (Vanilla) (Double Scoop)', '1500', '0', '15', '0', '7936246.7558272', '0', '65', 'boxes', '0', '', '', '', '', '', '', '', '0', '0', '0', '0', '0', '0', '0000-00-00', '0000-00-00', '0000-00-00', '0', '0', '0', '0', '0', '0', '0', NULL, 'DEF', '0', '0'),
('139', '54', '13', '1006', 'panadol ', '10', '0', '20', '0', '2287.5895994023', '0', '66', 'boxes', '0', '', '', '', '', '', '', '', '0', '0', '0', '0', '0', '0', '0000-00-00', '0000-00-00', '0000-00-00', '0', '0', '0', '0', '0', '0', '2', NULL, 'DEF', '0', '0'),
('140', '55', '13', '1002', 'Sugar Free (Vanilla) (Double Scoop)', '0', '0', '1', '0', '7928139.7455898', '1', '73', 'boxes', '0', '', '', '', '', '', '', '', '0', '0', '0', '0', '0', '0', '0000-00-00', '0000-00-00', '0000-00-00', '0', '0', '0', '0', '0', '0', '1', NULL, 'DEF', '0', '0'),
('141', '49', '10', '1002', 'Sugar Free (Vanilla) (Double Scoop)', '0', '0', '1', '0', '7928139.7455898', '0', '140', 'boxes', '0', '', '', '', '', '', '', '', '0', '0', '0', '0', '0', '0', '0000-00-00', '0000-00-00', '0000-00-00', '0', '0', '0', '0', '0', '0', '1', NULL, 'DEF', '0', '0'),
('142', '56', '13', '1004', 'A-HO 20/30 SEA BREAM', '1000', '220', '10', '0', '2000', '10', '74', 'boxes', '0', '', '', '', '', '', '', '', '0', '0', '0', '0', '0', '0', '0000-00-00', '0000-00-00', '0000-00-00', '0', '0', '0', '0', '0', '0', '0', NULL, 'DEF', '0', '0'),
('143', '50', '10', '1004', 'A-HO 20/30 SEA BREAM', '1000', '220', '10', '0', '2000', '0', '142', 'boxes', '0', '', '', '300', '', '', '', '', '0', '0', '0', '0', '0', '0', '0000-00-00', '0000-00-00', '0000-00-00', '0', '0', '0', '0', '0', '0', '0', NULL, 'DEF', '0', '0'),
('144', '57', '13', '3011', 'AIR MOUSE C120 FOR ANDROID AND SMART TV', '420', '0', '50', '0.04', '643.97831694', '50', '75', 'boxes', '0', '', '', '', '', '', '', '', '0', '0', '0', '0', '0', '0', '0000-00-00', '0000-00-00', '0000-00-00', '0', '0', '0', '0', '0', '0', '0', NULL, 'DEF', '0', '0'),
('145', '57', '13', '3012', 'RS 232 ZTEK CABLE', '240', '0', '50', '0.04', '367.98760968', '50', '76', 'boxes', '0', '', '', '', '', '', '', '', '0', '0', '0', '0', '0', '0', '0000-00-00', '0000-00-00', '0000-00-00', '0', '0', '0', '0', '0', '0', '0', NULL, 'DEF', '0', '0'),
('146', '57', '13', '3013', 'CAR DVR MIRROR DUAL CAMERA FRONT/BACK 1080P', '3000', '0', '2', '0', '4599.845121', '2', '77', 'boxes', '0', '', '', '', '', '', '', '', '0', '0', '0', '0', '0', '0', '0000-00-00', '0000-00-00', '0000-00-00', '0', '0', '0', '0', '0', '0', '0', NULL, 'DEF', '0', '0'),
('147', '57', '13', '3014', 'CASH DRAWER', '5000', '0', '2', '0.04', '7359.7521936', '2', '78', 'boxes', '0', '', '', '', '', '', '', '', '0', '0', '0', '0', '0', '0', '0000-00-00', '0000-00-00', '0000-00-00', '0', '0', '0', '0', '0', '0', '0', NULL, 'DEF', '0', '0'),
('148', '51', '10', '3011', 'AIR MOUSE C120 FOR ANDROID AND SMART TV', '420', '0', '50', '0.04', '643.97831694', '0', '144', 'boxes', '0', '', '', '', '', '', '', '', '0', '0', '0', '0', '0', '0', '0000-00-00', '0000-00-00', '0000-00-00', '0', '0', '0', '0', '0', '0', '0', NULL, 'DEF', '0', '0'),
('149', '51', '10', '3012', 'RS 232 ZTEK CABLE', '240', '0', '50', '0.04', '367.98760968', '0', '145', 'boxes', '0', '', '', '', '', '', '', '', '0', '0', '0', '0', '0', '0', '0000-00-00', '0000-00-00', '0000-00-00', '0', '0', '0', '0', '0', '0', '0', NULL, 'DEF', '0', '0'),
('150', '51', '10', '3013', 'CAR DVR MIRROR DUAL CAMERA FRONT/BACK 1080P', '3000', '0', '2', '0', '4599.845121', '0', '146', 'boxes', '0', '', '', '', '', '', '', '', '0', '0', '0', '0', '0', '0', '0000-00-00', '0000-00-00', '0000-00-00', '0', '0', '0', '0', '0', '0', '0', NULL, 'DEF', '0', '0'),
('151', '51', '10', '3014', 'CASH DRAWER', '5000', '0', '2', '0.04', '7359.7521936', '0', '147', 'boxes', '0', '', '', '', '', '', '', '', '0', '0', '0', '0', '0', '0', '0000-00-00', '0000-00-00', '0000-00-00', '0', '0', '0', '0', '0', '0', '0', NULL, 'DEF', '0', '0'),
('152', '58', '13', '3011', 'AIR MOUSE C120 FOR ANDROID AND SMART TV', '420', '0', '100', '0', '643.97831694', '100', '79', 'boxes', '0', '', '', '', '', '', '', '', '0', '0', '0', '0', '0', '0', '0000-00-00', '0000-00-00', '0000-00-00', '0', '0', '0', '0', '0', '0', '0', NULL, 'DEF', '0', '0'),
('153', '58', '13', '3012', 'RS 232 ZTEK CABLE', '240', '0', '75', '0', '367.98760968', '75', '80', 'boxes', '0', '', '', '', '', '', '', '', '0', '0', '0', '0', '0', '0', '0000-00-00', '0000-00-00', '0000-00-00', '0', '0', '0', '0', '0', '0', '0', NULL, 'DEF', '0', '0'),
('154', '58', '13', '3013', 'CAR DVR MIRROR DUAL CAMERA FRONT/BACK 1080P', '3000', '0', '50', '0', '4599.845121', '50', '81', 'boxes', '0', '', '', '', '', '', '', '', '0', '0', '0', '0', '0', '0', '0000-00-00', '0000-00-00', '0000-00-00', '0', '0', '0', '0', '0', '0', '0', NULL, 'DEF', '0', '0'),
('155', '58', '13', '3014', 'CASH DRAWER', '5000', '0', '40', '0.04', '7359.7521936', '40', '82', 'boxes', '0', '', '', '', '', '', '', '', '0', '0', '0', '0', '0', '0', '0000-00-00', '0000-00-00', '0000-00-00', '0', '0', '0', '0', '0', '0', '0', NULL, 'DEF', '0', '0'),
('156', '52', '10', '3011', 'AIR MOUSE C120 FOR ANDROID AND SMART TV', '420', '0', '100', '0', '643.97831694', '0', '152', 'boxes', '0', '', '', '', '', '', '', '', '0', '0', '0', '0', '0', '0', '0000-00-00', '0000-00-00', '0000-00-00', '0', '0', '0', '0', '0', '0', '0', NULL, 'DEF', '0', '0'),
('157', '52', '10', '3012', 'RS 232 ZTEK CABLE', '240', '0', '75', '0', '367.98760968', '0', '153', 'boxes', '0', '', '', '', '', '', '', '', '0', '0', '0', '0', '0', '0', '0000-00-00', '0000-00-00', '0000-00-00', '0', '0', '0', '0', '0', '0', '0', NULL, 'DEF', '0', '0'),
('158', '52', '10', '3013', 'CAR DVR MIRROR DUAL CAMERA FRONT/BACK 1080P', '3000', '0', '50', '0', '4599.845121', '0', '154', 'boxes', '0', '', '', '', '', '', '', '', '0', '0', '0', '0', '0', '0', '0000-00-00', '0000-00-00', '0000-00-00', '0', '0', '0', '0', '0', '0', '0', NULL, 'DEF', '0', '0'),
('159', '52', '10', '3014', 'CASH DRAWER', '5000', '0', '40', '0.04', '7359.7521936', '0', '155', 'boxes', '0', '', '', '', '', '', '', '', '0', '0', '0', '0', '0', '0', '0000-00-00', '0000-00-00', '0000-00-00', '0', '0', '0', '0', '0', '0', '0', NULL, 'DEF', '0', '0'),
('160', '8', '11', '3011', 'AIR MOUSE C120 FOR ANDROID AND SMART TV', '700', '0', '25', '0.04', '0', '0', '0', 'boxes', '0', '', '', '', '', '', '', '', '0', '0', '0', '0', '0', '0', '0000-00-00', '0000-00-00', '0000-00-00', '0', '0', '0', '0', '0', '0', '0', NULL, '', '0', '0'),
('161', '8', '11', '3012', 'RS 232 ZTEK CABLE', '240', '0', '5', '0.04', '0', '0', '0', 'boxes', '0', '', '', '', '', '', '', '', '0', '0', '0', '0', '0', '0', '0000-00-00', '0000-00-00', '0000-00-00', '0', '0', '0', '0', '0', '0', '0', NULL, '', '0', '0'),
('162', '59', '13', '3014', 'CASH DRAWER', '5000', '0', '8', '0.02', '7359.7521936', '8', '83', 'boxes', '0', '', '', '', '', '', '', '', '0', '0', '0', '0', '0', '0', '0000-00-00', '0000-00-00', '0000-00-00', '0', '0', '0', '0', '0', '0', '0', NULL, 'DEF', '0', '0'),
('163', '53', '10', '3014', 'CASH DRAWER', '5000', '0', '8', '0.02', '7359.7521936', '0', '162', 'boxes', '0', '', '', '', '', '', '', '', '0', '0', '0', '0', '0', '0', '0000-00-00', '0000-00-00', '0000-00-00', '0', '0', '0', '0', '0', '0', '0', NULL, 'DEF', '0', '0'),
('164', '60', '13', '3012', 'RS 232 ZTEK CABLE', '240', '0', '30', '0.04', '367.98760968', '30', '84', 'boxes', '0', '', '', '', '', '', '', '', '0', '0', '0', '0', '0', '0', '0000-00-00', '0000-00-00', '0000-00-00', '0', '0', '0', '0', '0', '0', '0', NULL, 'DEF', '0', '0'),
('165', '60', '13', '3013', 'CAR DVR MIRROR DUAL CAMERA FRONT/BACK 1080P', '3000', '0', '48', '0.04', '4599.845121', '48', '85', 'boxes', '0', '', '', '', '', '', '', '', '0', '0', '0', '0', '0', '0', '0000-00-00', '0000-00-00', '0000-00-00', '0', '0', '0', '0', '0', '0', '0', NULL, 'DEF', '0', '0'),
('166', '54', '10', '3012', 'RS 232 ZTEK CABLE', '240', '0', '30', '0.04', '367.98760968', '0', '164', 'boxes', '0', '', '', '', '', '', '', '', '0', '0', '0', '0', '0', '0', '0000-00-00', '0000-00-00', '0000-00-00', '0', '0', '0', '0', '0', '0', '0', NULL, 'DEF', '0', '0'),
('167', '54', '10', '3013', 'CAR DVR MIRROR DUAL CAMERA FRONT/BACK 1080P', '3000', '0', '48', '0.04', '4599.845121', '0', '165', 'boxes', '0', '', '', '', '', '', '', '', '0', '0', '0', '0', '0', '0', '0000-00-00', '0000-00-00', '0000-00-00', '0', '0', '0', '0', '0', '0', '0', NULL, 'DEF', '0', '0'),
('168', '9', '11', '3013', 'CAR DVR MIRROR DUAL CAMERA FRONT/BACK 1080P', '3000', '0', '8', '0.04', '0', '0', '0', 'boxes', '0', '', '', '', '', '', '', '', '0', '0', '0', '0', '0', '0', '0000-00-00', '0000-00-00', '0000-00-00', '0', '0', '0', '0', '0', '0', '0', NULL, '', '0', '0'),
('169', '61', '13', '3011', 'AIR MOUSE C120 FOR ANDROID AND SMART TV', '650', '0', '10', '0.04', '544.25728142083', '10', '86', 'boxes', '0', '', '', '', '', '', '', '', '0', '0', '0', '0', '0', '0', '0000-00-00', '0000-00-00', '0000-00-00', '0', '0', '0', '0', '0', '0', '0', NULL, 'DEF', '0', '0'),
('170', '55', '10', '3011', 'AIR MOUSE C120 FOR ANDROID AND SMART TV', '650', '0', '10', '0.04', '544.25728142083', '0', '169', 'boxes', '0', '', '', '', '', '', '', '', '0', '0', '0', '0', '0', '0', '0000-00-00', '0000-00-00', '0000-00-00', '0', '0', '0', '0', '0', '0', '0', NULL, 'DEF', '0', '0'),
('171', '62', '13', '1002', 'Sugar Free (Vanilla) (Double Scoop)', '200', '34', '1', '0', '7928139.7455898', '1', '88', 'boxes', '0', '', '', '', '', '', '', '', '0', '0', '0', '0', '0', '0', '0000-00-00', '0000-00-00', '0000-00-00', '0', '0', '0', '0', '0', '0', '0', NULL, 'DEF', '0', '0'),
('172', '56', '10', '1002', 'Sugar Free (Vanilla) (Double Scoop)', '200', '34', '1', '0', '7928139.7455898', '0', '171', 'boxes', '0', '', '', '', '', '', '', '', '0', '0', '0', '0', '0', '0', '0000-00-00', '0000-00-00', '0000-00-00', '0', '0', '0', '0', '0', '0', '0', NULL, 'DEF', '0', '0'),
('173', '63', '13', '101240', 'Testing Item 2', '500', '0', '2', '0', '10', '0', '25', 'boxes', '0', '', '', '', '', '', '', '', '0', '0', '0', '0', '0', '0', '0000-00-00', '0000-00-00', '0000-00-00', '0', '0', '0', '0', '0', '0', '0', NULL, 'DEF', '0', '0'),
('174', '64', '13', '101240', 'Testing Item 2', '500', '110', '2', '0', '10', '0', '26', 'boxes', '0', '', '', '', '', '', '', '', '0', '0', '0', '0', '0', '0', '0000-00-00', '0000-00-00', '0000-00-00', '0', '0', '0', '0', '0', '0', '0', NULL, 'DEF', '0', '0'),
('175', '65', '13', '1005', 'RIBBON FISH ', '2', '0.44', '250', '0', '499.07454032308', '0', '38', 'boxes', '0', '', '', '', '', '', '', '', '0', '0', '0', '0', '0', '0', '0000-00-00', '0000-00-00', '0000-00-00', '0', '0', '0', '0', '0', '0', '0', NULL, 'DEF', '0', '0'),
('176', '66', '13', '1002', 'Sugar Free (Vanilla) (Double Scoop)', '14', '3.08', '8', '0', '7928139.7455898', '0', '42', 'boxes', '0', '', '', '', '', '', '', '', '0', '0', '0', '0', '0', '0', '0000-00-00', '0000-00-00', '0000-00-00', '0', '0', '0', '0', '0', '0', '0', NULL, 'DEF', '0', '0'),
('177', '67', '13', '1008', 'NESCAFEE COFEE ', '400', '0', '2', '0', '350', '0', '46', 'boxes', '0', '', '', '', '', '', '', '', '0', '0', '0', '0', '0', '0', '0000-00-00', '0000-00-00', '0000-00-00', '0', '0', '0', '0', '0', '0', '0', NULL, 'DEF', '0', '0'),
('178', '68', '13', '1006', 'panadol ', '450', '76.5', '1', '0', '2287.5895994023', '0', '47', 'boxes', '0', '', '', '', '', '', '', '', '0', '0', '0', '0', '0', '0', '0000-00-00', '0000-00-00', '0000-00-00', '0', '0', '0', '0', '0', '0', '0', NULL, 'DEF', '0', '0'),
('179', '69', '13', '3002', 'Daikool 5685', '1500', '330', '1', '0', '0', '0', '48', 'pcs', '0', '', '', '', '', '', '', '', '0', '0', '0', '0', '0', '0', '0000-00-00', '0000-00-00', '0000-00-00', '0', '0', '0', '0', '0', '0', '0', NULL, 'DEF', '0', '0'),
('180', '70', '13', '1009', 'HP LAPTOP', '40000', '8800', '20', '0', '34149.758454106', '0', '52', 'boxes', '0', '', '', '', '', '', '', '', '0', '0', '0', '0', '0', '0', '0000-00-00', '0000-00-00', '0000-00-00', '0', '0', '0', '0', '0', '0', '0', NULL, 'DEF', '0', '0'),
('181', '57', '10', '1002', 'Sugar Free (Vanilla) (Double Scoop)', '2000', '340', '1', '0', '7936246.7558272', '0', '18', 'boxes', '0', '', '', '', '', '', '', '', '0', '0', '0', '0', '0', '0', '0000-00-00', '0000-00-00', '0000-00-00', '0', '0', '0', '0', '0', '0', '0', NULL, 'DEF', '0', '0'),
('182', '57', '10', '1002', 'Sugar Free (Vanilla) (Double Scoop)', '1500', '255', '2', '0', '1000', '0', '21', 'boxes', '0', '', '', '', '', '', '', '', '0', '0', '0', '0', '0', '0', '0000-00-00', '0000-00-00', '0000-00-00', '0', '0', '0', '0', '0', '0', '0', NULL, 'DEF', '0', '0'),
('183', '57', '10', '1004', 'A-HO 20/30 SEA BREAM', '20', '3.4', '1', '0', '1500', '0', '22', 'boxes', '0', '', '', '', '', '', '', '', '0', '0', '0', '0', '0', '0', '0000-00-00', '0000-00-00', '0000-00-00', '0', '0', '0', '0', '0', '0', '0', NULL, 'DEF', '0', '0');

### Structure of table `0_debtors_master` ###

DROP TABLE IF EXISTS `0_debtors_master`;

CREATE TABLE `0_debtors_master` (
  `debtor_no` int(11) NOT NULL AUTO_INCREMENT,
  `name` varchar(100) COLLATE utf8_unicode_ci NOT NULL DEFAULT '',
  `debtor_ref` varchar(30) COLLATE utf8_unicode_ci NOT NULL,
  `address` tinytext COLLATE utf8_unicode_ci,
  `tax_id` varchar(55) COLLATE utf8_unicode_ci NOT NULL DEFAULT '',
  `ntn_no` varchar(55) COLLATE utf8_unicode_ci NOT NULL,
  `curr_code` char(3) COLLATE utf8_unicode_ci NOT NULL DEFAULT '',
  `sales_type` int(11) NOT NULL DEFAULT '1',
  `dimension_id` int(11) NOT NULL DEFAULT '0',
  `dimension2_id` int(11) NOT NULL DEFAULT '0',
  `credit_status` int(11) NOT NULL DEFAULT '0',
  `payment_terms` int(11) DEFAULT NULL,
  `discount` double NOT NULL DEFAULT '0',
  `pymt_discount` double NOT NULL DEFAULT '0',
  `credit_limit` float NOT NULL DEFAULT '1000',
  `notes` tinytext COLLATE utf8_unicode_ci NOT NULL,
  `credit_allowed` double NOT NULL,
  `inactive` tinyint(1) NOT NULL DEFAULT '0',
  `table_type` int(11) NOT NULL,
  `service_text` varchar(60) COLLATE utf8_unicode_ci NOT NULL,
  `DOB` date NOT NULL DEFAULT '0000-00-00',
  PRIMARY KEY (`debtor_no`),
  UNIQUE KEY `debtor_ref` (`debtor_ref`),
  KEY `name` (`name`)
) ENGINE=InnoDB AUTO_INCREMENT=30 DEFAULT CHARSET=utf8 COLLATE=utf8_unicode_ci ;

### Data of table `0_debtors_master` ###

INSERT INTO `0_debtors_master` VALUES
('1', 'Test Customer', 'Test Customer', 'Karachi', '', '', 'PKR', '1', '0', '0', '1', '5', '0', '0', '0', '', '0', '0', '0', '', '0000-00-00'),
('2', 'ALI AHMED SUPER STORE ', 'ALI ', NULL, '', '', 'PKR', '1', '0', '0', '1', '5', '0', '0', '0', '', '0', '0', '0', '', '2018-10-19'),
('3', ' HYDER  SUPER MART', 'HYDER ', NULL, '', '', 'PKR', '1', '0', '0', '1', '5', '0', '0', '0', '', '0', '0', '0', '', '2018-10-19'),
('4', 'AMIR MEDICAL  ', 'AAMIR', NULL, '', '', 'PKR', '1', '0', '0', '1', '5', '0', '0', '0', '', '0', '0', '0', '', '2018-10-19'),
('5', 'SUPER NOVA LTD ', 'SUPER ', NULL, '', '', 'PKR', '1', '0', '0', '1', '5', '0', '0', '0', '', '0', '0', '0', '', '2018-10-19'),
('6', 'AL MAKKAH RESTURENT ', 'MAKKAH ', NULL, '', '', 'PKR', '1', '0', '0', '1', '5', '0', '0', '0', '', '0', '0', '0', '', '2018-10-19'),
('7', 'M.M GROUP OF COMPANIES ', 'M.M', NULL, '', '', 'PKR', '1', '0', '0', '1', '5', '0', '0', '0', '', '0', '0', '0', '', '2018-10-19'),
('8', 'SOHAIL AND CO PVT LTD ', 'SOHAIL', NULL, '', '', 'PKR', '1', '0', '0', '1', '5', '0', '0', '0', '', '0', '0', '0', '', '2018-10-22'),
('9', 'GLOBAL TRADE MARK ', 'GLOBAL ', NULL, '', '', 'PKR', '1', '0', '0', '1', '5', '0', '0', '0', '', '0', '0', '0', '', '2018-10-22'),
('10', 'service industries', 'service', NULL, '', '', 'PKR', '1', '0', '0', '1', '5', '0', '0', '0', '', '0', '0', '0', '', '2018-10-23'),
('11', 'rehana', 'horizon oil ', 'Lahore\nLahore', '', '1236548785465', 'PKR', '1', '0', '0', '1', '5', '0', '0', '0', 'credir', '0', '0', '0', '', '2018-10-23'),
('13', 'FGFG', 'FDGF', 'FG5434', '', '', 'PKR', '1', '0', '0', '1', '5', '0', '0', '0', '', '0', '0', '0', '', '2018-10-25'),
('14', 'Muhammad Suhaib', 'MS', 'SFC', '', '4220195847403', 'PKR', '1', '0', '0', '1', '3', '0', '0', '100000', '', '0', '0', '0', '', '1992-12-07'),
('15', 'ansar', 'ansar', NULL, '', '', 'PKR', '1', '0', '0', '1', '5', '0', '0', '0', '', '0', '0', '0', '', '2018-10-27'),
('16', 'NKR', 'NKR', 'KHI', '', '', 'PKR', '1', '0', '0', '1', '5', '0', '0', '0', '', '0', '0', '0', '', '2018-10-30'),
('17', 'Daniyal', 'NY', NULL, '', '', 'PKR', '3', '0', '0', '1', '5', '0', '0', '0', '', '0', '0', '0', '', '2018-10-31'),
('18', 'Cash Customer', 'Cash Customer', NULL, '', '', 'PKR', '1', '0', '0', '1', '5', '0', '0', '0', '', '0', '0', '0', '', '2018-11-07'),
('19', 'Javed Brothers ', 'Javed Brothers', 'Shop No 12 Ground Floor Safa Marwa Market, Lahore Hotel MecLod Road Lahore', '', '', 'PKR', '3', '0', '0', '1', '3', '0', '0', '0', '', '170000', '0', '0', '', '2018-11-12'),
('20', 'Hiba Sheikh', 'hiba', 'Mansehra', '', '', 'PKR', '3', '0', '0', '1', '5', '0', '0', '0', '', '0', '0', '0', '', '2018-11-12'),
('21', 'ZOHSIR', 'ZS', NULL, '', '', 'PKR', '3', '0', '0', '1', '5', '0', '0', '0', '', '0', '0', '0', '', '2018-11-17'),
('22', 'ASIAN CONTINENTAL (PVT) LTD', 'ASIAN ', 'Tipu Sultan Road,\nKarachi.', '', '', 'PKR', '3', '2', '0', '1', '5', '0', '0', '100000', '', '150000', '0', '0', '', '2018-11-19'),
('23', 'WAQAR', 'WAQAR', NULL, '', '', 'PKR', '3', '0', '0', '1', '5', '0', '0', '0', '', '0', '0', '0', '', '2018-11-20'),
('24', 'xyz', 'xyz', NULL, '', '', 'PKR', '3', '0', '0', '1', '5', '0', '0', '0', '', '0', '0', '0', '', '2018-11-20'),
('25', 'High Q Pharma (Pvt) Ltd', 'High Q', 'Plot No. 23, Sector 24,\nKorangi Industrial Area.\nKarachi', '', '', 'PKR', '3', '0', '0', '1', '5', '0', '0', '0', '', '0', '0', '0', '', '2018-11-20'),
('26', 'Opal Laboratories ', 'Opal', 'LC 41,  LITE.\nLadhi.\nKarachi.', '', '', 'PKR', '3', '0', '0', '1', '5', '0', '0', '0', '', '0', '0', '0', '', '2018-11-20'),
('27', 'Dynsol HC', 'D01', 'Hafeez Center', '', '', 'PKR', '1', '0', '0', '1', '4', '0', '0', '0', '', '0', '0', '0', '', '2018-11-20'),
('28', 'Four Brothers', 'F01', 'Hafeez Center', '', '', 'PKR', '3', '0', '0', '1', '4', '0.04', '0', '0', '', '0', '0', '0', '', '2018-11-20'),
('29', 'LG 102', 'L01', 'Hafeez Center', '', '', 'PKR', '3', '0', '0', '1', '5', '0', '0', '0', '', '0', '0', '0', '', '2018-11-20');

### Structure of table `0_deduction` ###

DROP TABLE IF EXISTS `0_deduction`;

CREATE TABLE `0_deduction` (
  `id` int(11) NOT NULL AUTO_INCREMENT,
  `description` varchar(100) NOT NULL,
  `inactive` tinyint(4) NOT NULL DEFAULT '0',
  PRIMARY KEY (`id`)
) ENGINE=InnoDB AUTO_INCREMENT=8 DEFAULT CHARSET=latin1 ;

### Data of table `0_deduction` ###

INSERT INTO `0_deduction` VALUES
('1', 'Hypotax', '0'),
('2', 'CDAC', '0'),
('3', 'Cpf', '0'),
('4', 'E.O.B.I', '0'),
('5', 'Adv. AG.Salary', '0'),
('7', 'SALARY INCOME TAX', '0');

### Structure of table `0_dept` ###

DROP TABLE IF EXISTS `0_dept`;

CREATE TABLE `0_dept` (
  `id` smallint(6) unsigned NOT NULL AUTO_INCREMENT,
  `description` varchar(60) COLLATE utf8_unicode_ci NOT NULL DEFAULT '',
  `inactive` tinyint(1) NOT NULL DEFAULT '0',
  PRIMARY KEY (`id`),
  UNIQUE KEY `description` (`description`)
) ENGINE=InnoDB AUTO_INCREMENT=8 DEFAULT CHARSET=utf8 COLLATE=utf8_unicode_ci ;

### Data of table `0_dept` ###

INSERT INTO `0_dept` VALUES
('6', 'Finance', '0'),
('7', 'Supply Chain', '0');

### Structure of table `0_desg` ###

DROP TABLE IF EXISTS `0_desg`;

CREATE TABLE `0_desg` (
  `id` smallint(6) unsigned NOT NULL AUTO_INCREMENT,
  `description` varchar(60) COLLATE utf8_unicode_ci NOT NULL DEFAULT '',
  `inactive` tinyint(1) NOT NULL DEFAULT '0',
  PRIMARY KEY (`id`),
  UNIQUE KEY `description` (`description`)
) ENGINE=InnoDB AUTO_INCREMENT=27 DEFAULT CHARSET=utf8 COLLATE=utf8_unicode_ci ;

### Data of table `0_desg` ###

INSERT INTO `0_desg` VALUES
('25', 'Account Officer ', '0'),
('26', 'Accounts Receivable Officer', '0');

### Structure of table `0_dimensions` ###

DROP TABLE IF EXISTS `0_dimensions`;

CREATE TABLE `0_dimensions` (
  `id` int(11) NOT NULL AUTO_INCREMENT,
  `reference` varchar(60) COLLATE utf8_unicode_ci NOT NULL DEFAULT '',
  `name` varchar(60) COLLATE utf8_unicode_ci NOT NULL DEFAULT '',
  `type_` tinyint(1) NOT NULL DEFAULT '1',
  `closed` tinyint(1) NOT NULL DEFAULT '0',
  `date_` date NOT NULL DEFAULT '0000-00-00',
  `due_date` date NOT NULL DEFAULT '0000-00-00',
  `cust_name` int(11) NOT NULL,
  `sales_person` int(11) NOT NULL,
  `area` int(11) NOT NULL,
  `ref_1` varchar(50) COLLATE utf8_unicode_ci NOT NULL,
  `ref_2` varchar(50) COLLATE utf8_unicode_ci NOT NULL,
  `ref_3` varchar(50) COLLATE utf8_unicode_ci NOT NULL,
  `main_division` int(11) NOT NULL,
  `main_project` int(11) NOT NULL,
  `prefix` varchar(55) COLLATE utf8_unicode_ci NOT NULL,
  PRIMARY KEY (`id`),
  UNIQUE KEY `reference` (`reference`),
  KEY `date_` (`date_`),
  KEY `due_date` (`due_date`),
  KEY `type_` (`type_`)
) ENGINE=InnoDB AUTO_INCREMENT=3 DEFAULT CHARSET=utf8 COLLATE=utf8_unicode_ci ;

### Data of table `0_dimensions` ###

INSERT INTO `0_dimensions` VALUES
('1', 'CC001', 'import 1', '1', '0', '2018-10-23', '2018-11-07', '0', '0', '0', '', '', '', '0', '0', ''),
('2', 'CC002', 'Asf', '1', '0', '2018-11-07', '2018-11-27', '0', '0', '0', '', '', '', '0', '0', '');

### Structure of table `0_discount` ###

DROP TABLE IF EXISTS `0_discount`;

CREATE TABLE `0_discount` (
  `id` int(11) NOT NULL AUTO_INCREMENT,
  `discount` double NOT NULL,
  `dis_account` int(11) NOT NULL,
  `inactive` tinyint(1) NOT NULL DEFAULT '0',
  PRIMARY KEY (`id`)
) ENGINE=InnoDB DEFAULT CHARSET=utf8 COLLATE=utf8_unicode_ci ;

### Data of table `0_discount` ###


### Structure of table `0_divison` ###

DROP TABLE IF EXISTS `0_divison`;

CREATE TABLE `0_divison` (
  `id` int(11) NOT NULL AUTO_INCREMENT,
  `description` varchar(50) NOT NULL,
  `project` int(11) NOT NULL,
  `inactive` tinyint(4) NOT NULL DEFAULT '0',
  PRIMARY KEY (`id`)
) ENGINE=InnoDB AUTO_INCREMENT=8 DEFAULT CHARSET=latin1 ;

### Data of table `0_divison` ###

INSERT INTO `0_divison` VALUES
('3', 'Water Division', '0', '0'),
('4', 'Highways Division', '0', '0'),
('5', 'Maritime Division', '0', '0'),
('6', 'Gis Division', '0', '0'),
('7', 'Head Office ', '0', '0');

### Structure of table `0_document_type` ###

DROP TABLE IF EXISTS `0_document_type`;

CREATE TABLE `0_document_type` (
  `id` int(11) NOT NULL AUTO_INCREMENT,
  `description` varchar(30) NOT NULL,
  `inactive` tinyint(4) NOT NULL DEFAULT '0',
  PRIMARY KEY (`id`)
) ENGINE=InnoDB AUTO_INCREMENT=6 DEFAULT CHARSET=latin1 ;

### Data of table `0_document_type` ###

INSERT INTO `0_document_type` VALUES
('1', 'Visa', '0'),
('2', 'Passport', '0'),
('3', 'exercise', '0'),
('4', 'certificate', '0'),
('5', 'CNIC', '0');

### Structure of table `0_duration` ###

DROP TABLE IF EXISTS `0_duration`;

CREATE TABLE `0_duration` (
  `id` int(11) NOT NULL AUTO_INCREMENT,
  `duration` varchar(50) NOT NULL,
  `inactive` tinyint(1) NOT NULL,
  PRIMARY KEY (`id`)
) ENGINE=InnoDB AUTO_INCREMENT=38 DEFAULT CHARSET=latin1 ;

### Data of table `0_duration` ###

INSERT INTO `0_duration` VALUES
('25', '00', '0'),
('26', '01', '0'),
('27', '02', '0'),
('28', '03', '0'),
('29', '04', '0'),
('30', '05', '0'),
('31', '06', '0'),
('32', '07', '0'),
('33', '08', '0'),
('34', '09', '0'),
('35', '10', '0'),
('36', '11', '0'),
('37', '12', '0');

### Structure of table `0_duration_min` ###

DROP TABLE IF EXISTS `0_duration_min`;

CREATE TABLE `0_duration_min` (
  `id` int(11) NOT NULL AUTO_INCREMENT,
  `duration` varchar(50) NOT NULL,
  `inactive` tinyint(1) NOT NULL,
  PRIMARY KEY (`id`)
) ENGINE=InnoDB AUTO_INCREMENT=14 DEFAULT CHARSET=latin1 ;

### Data of table `0_duration_min` ###

INSERT INTO `0_duration_min` VALUES
('2', '00', '0'),
('3', '05', '0'),
('4', '10', '0'),
('5', '15', '0'),
('6', '20', '0'),
('7', '25', '0'),
('8', '30', '0'),
('9', '35', '0'),
('10', '40', '0'),
('11', '45', '0'),
('12', '50', '0'),
('13', '55', '0');

### Structure of table `0_emp_allowance` ###

DROP TABLE IF EXISTS `0_emp_allowance`;

CREATE TABLE `0_emp_allowance` (
  `id` int(11) NOT NULL AUTO_INCREMENT,
  `emp_id` tinyint(6) NOT NULL DEFAULT '0',
  `allow_id` tinyint(6) NOT NULL DEFAULT '0',
  `amount` double NOT NULL DEFAULT '0',
  PRIMARY KEY (`id`)
) ENGINE=InnoDB DEFAULT CHARSET=latin1 ;

### Data of table `0_emp_allowance` ###


### Structure of table `0_emp_attendance` ###

DROP TABLE IF EXISTS `0_emp_attendance`;

CREATE TABLE `0_emp_attendance` (
  `id` int(11) NOT NULL AUTO_INCREMENT,
  `month_id` int(11) NOT NULL,
  `fiscal_year` int(11) NOT NULL,
  `dept_id` int(11) NOT NULL,
  `empl_id` int(11) NOT NULL,
  `_type` varchar(60) COLLATE utf8_unicode_ci NOT NULL,
  `check_in` time NOT NULL,
  `check_out` time NOT NULL,
  `att_date` date NOT NULL,
  `division` int(11) NOT NULL,
  `project` int(11) NOT NULL,
  `location` int(11) NOT NULL,
  `present` int(11) NOT NULL,
  `sick_leave` int(11) NOT NULL,
  `casual_leave` int(11) NOT NULL,
  `pay_leave` int(11) NOT NULL,
  `official_leave` int(11) NOT NULL,
  PRIMARY KEY (`id`)
) ENGINE=InnoDB DEFAULT CHARSET=utf8 COLLATE=utf8_unicode_ci ;

### Data of table `0_emp_attendance` ###


### Structure of table `0_emp_deduction` ###

DROP TABLE IF EXISTS `0_emp_deduction`;

CREATE TABLE `0_emp_deduction` (
  `id` int(11) NOT NULL AUTO_INCREMENT,
  `emp_id` tinyint(6) NOT NULL DEFAULT '0',
  `deduc_id` tinyint(6) NOT NULL DEFAULT '0',
  `amount` double NOT NULL DEFAULT '0',
  PRIMARY KEY (`id`)
) ENGINE=InnoDB DEFAULT CHARSET=latin1 ;

### Data of table `0_emp_deduction` ###


### Structure of table `0_employee` ###

DROP TABLE IF EXISTS `0_employee`;

CREATE TABLE `0_employee` (
  `employee_id` int(11) NOT NULL AUTO_INCREMENT,
  `emp_code` varchar(60) COLLATE utf8_unicode_ci NOT NULL,
  `emp_name` varchar(30) COLLATE utf8_unicode_ci NOT NULL,
  `emp_father` varchar(50) COLLATE utf8_unicode_ci NOT NULL,
  `emp_cnic` varchar(20) COLLATE utf8_unicode_ci NOT NULL,
  `DOB` date NOT NULL,
  `j_date` date NOT NULL,
  `l_date` date NOT NULL,
  `emp_reference` varchar(50) COLLATE utf8_unicode_ci NOT NULL,
  `emp_home_phone` varchar(60) COLLATE utf8_unicode_ci NOT NULL,
  `emp_mobile` varchar(20) COLLATE utf8_unicode_ci NOT NULL,
  `emp_email` varchar(30) COLLATE utf8_unicode_ci DEFAULT NULL,
  `emp_bank` varchar(30) COLLATE utf8_unicode_ci NOT NULL,
  `company_bank` varchar(15) COLLATE utf8_unicode_ci NOT NULL,
  `basic_salary` double NOT NULL DEFAULT '0',
  `prev_salary` double NOT NULL DEFAULT '0',
  `duty_hours` double NOT NULL DEFAULT '0',
  `ot_hours` varchar(55) COLLATE utf8_unicode_ci NOT NULL,
  `social_sec` varchar(20) COLLATE utf8_unicode_ci NOT NULL,
  `emp_ntn` varchar(10) COLLATE utf8_unicode_ci NOT NULL,
  `emp_eobi` varchar(20) COLLATE utf8_unicode_ci NOT NULL,
  `emp_address` longtext COLLATE utf8_unicode_ci NOT NULL,
  `notes` varchar(100) COLLATE utf8_unicode_ci NOT NULL,
  `emp_title` varchar(11) COLLATE utf8_unicode_ci NOT NULL,
  `emp_gen` varchar(10) COLLATE utf8_unicode_ci NOT NULL,
  `emp_dept` tinyint(15) NOT NULL DEFAULT '0',
  `emp_desig` varchar(15) COLLATE utf8_unicode_ci NOT NULL,
  `emp_grade` varchar(15) COLLATE utf8_unicode_ci NOT NULL,
  `cpf` double NOT NULL DEFAULT '0',
  `employer_cpf` double NOT NULL DEFAULT '0',
  `inactive` tinyint(1) NOT NULL DEFAULT '0',
  `division` varchar(60) COLLATE utf8_unicode_ci NOT NULL,
  `project` int(11) NOT NULL,
  `age` int(11) NOT NULL,
  `report` varchar(40) COLLATE utf8_unicode_ci NOT NULL,
  `location` int(11) NOT NULL,
  `vehicle` int(11) NOT NULL,
  `status` int(11) NOT NULL,
  `tax_deduction` int(11) NOT NULL,
  `applicable` int(11) NOT NULL,
  `leave_applicable` int(11) NOT NULL,
  `sessi_applicable` int(11) NOT NULL,
  `eobi_applicable` int(11) NOT NULL,
  `mb_flag` char(1) COLLATE utf8_unicode_ci NOT NULL DEFAULT 'N',
  `dur_period1` date NOT NULL DEFAULT '0000-00-00',
  `dur_period2` date NOT NULL DEFAULT '0000-00-00',
  `active_filer` tinyint(4) NOT NULL DEFAULT '0',
  `bank_name` varchar(50) COLLATE utf8_unicode_ci NOT NULL,
  `bank_branch` varchar(60) COLLATE utf8_unicode_ci NOT NULL,
  `salary` int(50) NOT NULL,
  `cnic_expiry_date` date NOT NULL DEFAULT '0000-00-00',
  `pec_no` varchar(60) COLLATE utf8_unicode_ci NOT NULL,
  `pec_expiry_date` date NOT NULL DEFAULT '0000-00-00',
  `license_no` varchar(60) COLLATE utf8_unicode_ci NOT NULL,
  `license_expiry_date` date NOT NULL DEFAULT '0000-00-00',
  `text_filer` tinyint(1) NOT NULL DEFAULT '0',
  `text_non_filer` tinyint(4) NOT NULL,
  `loan_account` int(11) NOT NULL,
  `advance_account` int(11) NOT NULL,
  `salary_account` int(11) NOT NULL,
  `bonus_account` int(11) NOT NULL,
  `payroll_expenses` int(11) NOT NULL,
  `payroll_liabilty` int(11) NOT NULL,
  `advance_receivable` int(11) NOT NULL,
  `payment_account` int(11) NOT NULL,
  `tax_liability` int(11) NOT NULL,
  `deduction_account` int(11) NOT NULL,
  `over_time` tinyint(1) DEFAULT '0',
  `curr_code` char(3) COLLATE utf8_unicode_ci NOT NULL,
  `blood_group` tinyint(1) NOT NULL,
  PRIMARY KEY (`employee_id`),
  KEY `supp_ref` (`emp_name`),
  KEY `emp_code` (`emp_code`) USING BTREE
) ENGINE=InnoDB AUTO_INCREMENT=2 DEFAULT CHARSET=utf8 COLLATE=utf8_unicode_ci ;

### Data of table `0_employee` ###

INSERT INTO `0_employee` VALUES
('1', '1234', 'Gandhi Patel', 'Patel Sachwani', '123456789', '1994-01-01', '2017-07-01', '0000-00-00', 'Minister-Rural Development', '123456789', '987654321', 'xyz@gmail.com', '56789', '', '50000', '0', '40', '20', '23456789', '999987654', '5876986', 'xyz, karachi', '', '4', '4', '6', '25', '6', '0', '0', '0', '4', '0', '10', 'Sanaullah', '10', '0', '1', '1', '1', '1', '1', '1', 'N', '0000-00-00', '0000-00-00', '0', 'Bank Al-Habib', 'Kavish Crown ', '4', '2021-07-15', '23456789', '2020-04-16', '765986987', '2020-04-11', '1', '0', '0', '0', '0', '0', '0', '0', '0', '0', '0', '0', '1', '', '0');

### Structure of table `0_employee_doc` ###

DROP TABLE IF EXISTS `0_employee_doc`;

CREATE TABLE `0_employee_doc` (
  `id` int(11) NOT NULL AUTO_INCREMENT,
  `employee_id` int(11) NOT NULL,
  `document_name` varchar(100) NOT NULL,
  `document_type` int(11) NOT NULL,
  `document_no` double NOT NULL DEFAULT '0',
  `expiry_date` date NOT NULL DEFAULT '0000-00-00',
  `remarks` varchar(100) NOT NULL,
  `doc_upload_date` date NOT NULL,
  `img_name` varchar(60) NOT NULL,
  `inactive` tinyint(1) NOT NULL,
  `unique_name` varchar(60) NOT NULL,
  `tran_date` int(11) NOT NULL,
  `filename` varchar(60) NOT NULL,
  `filesize` int(11) NOT NULL,
  `filetype` varchar(60) NOT NULL,
  PRIMARY KEY (`id`)
) ENGINE=InnoDB DEFAULT CHARSET=latin1 ;

### Data of table `0_employee_doc` ###


### Structure of table `0_employee_evaluation` ###

DROP TABLE IF EXISTS `0_employee_evaluation`;

CREATE TABLE `0_employee_evaluation` (
  `employee_id` int(11) NOT NULL AUTO_INCREMENT,
  `curr_date` date NOT NULL DEFAULT '0000-00-00',
  `quality_work` int(11) NOT NULL,
  `job_knwoledge` int(11) NOT NULL,
  `quantity_work` int(11) NOT NULL,
  `result_orientation` int(11) NOT NULL,
  `depentability` int(11) NOT NULL,
  `initiative` int(11) NOT NULL,
  `team_work` int(11) NOT NULL,
  `adaptability` int(11) NOT NULL,
  `conformance` int(11) NOT NULL,
  `final_result` int(11) NOT NULL,
  `remarks` varchar(50) NOT NULL,
  `inactive` tinyint(6) NOT NULL DEFAULT '0',
  PRIMARY KEY (`employee_id`)
) ENGINE=InnoDB DEFAULT CHARSET=latin1 ;

### Data of table `0_employee_evaluation` ###


### Structure of table `0_employee_location` ###

DROP TABLE IF EXISTS `0_employee_location`;

CREATE TABLE `0_employee_location` (
  `id` int(11) NOT NULL AUTO_INCREMENT,
  `description` varchar(50) NOT NULL,
  `division` int(11) NOT NULL,
  `inactive` tinyint(4) NOT NULL DEFAULT '0',
  PRIMARY KEY (`id`)
) ENGINE=InnoDB DEFAULT CHARSET=latin1 ;

### Data of table `0_employee_location` ###


### Structure of table `0_employee_log` ###

DROP TABLE IF EXISTS `0_employee_log`;

CREATE TABLE `0_employee_log` (
  `employee_id` int(11) NOT NULL AUTO_INCREMENT,
  `emp_code` varchar(60) COLLATE utf8_unicode_ci NOT NULL,
  `emp_name` varchar(30) COLLATE utf8_unicode_ci NOT NULL,
  `emp_father` varchar(50) COLLATE utf8_unicode_ci NOT NULL,
  `emp_cnic` varchar(20) COLLATE utf8_unicode_ci NOT NULL,
  `DOB` date NOT NULL,
  `j_date` date NOT NULL,
  `l_date` date NOT NULL,
  `emp_reference` varchar(50) COLLATE utf8_unicode_ci NOT NULL,
  `emp_home_phone` varchar(60) COLLATE utf8_unicode_ci NOT NULL,
  `emp_mobile` varchar(20) COLLATE utf8_unicode_ci NOT NULL,
  `emp_email` varchar(30) COLLATE utf8_unicode_ci DEFAULT NULL,
  `emp_bank` varchar(30) COLLATE utf8_unicode_ci NOT NULL,
  `company_bank` varchar(15) COLLATE utf8_unicode_ci NOT NULL,
  `basic_salary` double NOT NULL DEFAULT '0',
  `prev_salary` double NOT NULL DEFAULT '0',
  `duty_hours` double NOT NULL DEFAULT '0',
  `ot_hours` varchar(55) COLLATE utf8_unicode_ci NOT NULL,
  `social_sec` varchar(20) COLLATE utf8_unicode_ci NOT NULL,
  `emp_ntn` varchar(10) COLLATE utf8_unicode_ci NOT NULL,
  `emp_eobi` varchar(20) COLLATE utf8_unicode_ci NOT NULL,
  `emp_address` longtext COLLATE utf8_unicode_ci NOT NULL,
  `notes` varchar(100) COLLATE utf8_unicode_ci NOT NULL,
  `emp_title` varchar(11) COLLATE utf8_unicode_ci NOT NULL,
  `emp_gen` varchar(10) COLLATE utf8_unicode_ci NOT NULL,
  `emp_dept` tinyint(15) NOT NULL DEFAULT '0',
  `emp_desig` varchar(15) COLLATE utf8_unicode_ci NOT NULL,
  `emp_grade` varchar(15) COLLATE utf8_unicode_ci NOT NULL,
  `cpf` double NOT NULL DEFAULT '0',
  `employer_cpf` double NOT NULL DEFAULT '0',
  `inactive` tinyint(1) NOT NULL DEFAULT '0',
  `division` varchar(60) COLLATE utf8_unicode_ci NOT NULL,
  `project` int(11) NOT NULL,
  `age` int(11) NOT NULL,
  `report` int(11) NOT NULL,
  `location` int(11) NOT NULL,
  `vehicle` int(11) NOT NULL,
  `status` int(11) NOT NULL,
  `tax_deduction` int(11) NOT NULL,
  `applicable` int(11) NOT NULL,
  `leave_applicable` int(11) NOT NULL,
  `sessi_applicable` int(11) NOT NULL,
  `eobi_applicable` int(11) NOT NULL,
  `mb_flag` char(1) COLLATE utf8_unicode_ci NOT NULL DEFAULT 'N',
  `dur_period1` date NOT NULL DEFAULT '0000-00-00',
  `dur_period2` date NOT NULL DEFAULT '0000-00-00',
  `active_filer` tinyint(4) NOT NULL DEFAULT '0',
  `bank_name` varchar(50) COLLATE utf8_unicode_ci NOT NULL,
  `bank_branch` varchar(60) COLLATE utf8_unicode_ci NOT NULL,
  `salary` int(50) NOT NULL,
  `cnic_expiry_date` date NOT NULL DEFAULT '0000-00-00',
  `pec_no` varchar(60) COLLATE utf8_unicode_ci NOT NULL,
  `pec_expiry_date` date NOT NULL DEFAULT '0000-00-00',
  `license_no` varchar(60) COLLATE utf8_unicode_ci NOT NULL,
  `license_expiry_date` date NOT NULL DEFAULT '0000-00-00',
  `text_filer` tinyint(4) NOT NULL,
  `text_non_filer` tinyint(4) NOT NULL,
  `loan_account` int(11) NOT NULL,
  `advance_account` int(11) NOT NULL,
  `salary_account` int(11) NOT NULL,
  `bonus_account` int(11) NOT NULL,
  `payroll_expenses` int(11) NOT NULL,
  `payroll_liabilty` int(11) NOT NULL,
  `advance_receivable` int(11) NOT NULL,
  `payment_account` int(11) NOT NULL,
  `tax_liability` int(11) NOT NULL,
  `deduction_account` int(11) NOT NULL,
  `over_time` tinyint(1) DEFAULT '0',
  `curr_code` char(3) COLLATE utf8_unicode_ci NOT NULL,
  `blood_group` tinyint(1) NOT NULL,
  PRIMARY KEY (`employee_id`),
  KEY `supp_ref` (`emp_name`),
  FULLTEXT KEY `emp_code` (`emp_code`)
) ENGINE=InnoDB AUTO_INCREMENT=2 DEFAULT CHARSET=utf8 COLLATE=utf8_unicode_ci ;

### Data of table `0_employee_log` ###

INSERT INTO `0_employee_log` VALUES
('1', '1234', 'Gandhi Patel', 'Patel Sachwani', '123456789', '1994-01-01', '2018-03-10', '2018-03-10', 'Minister-Rural Development', '123456789', '987654321', 'xyz@gmail.com', '56789', '', '50000', '0', '40', '20', '23456789', '999987654', '5876986', 'xyz, karachi', '', '4', '4', '6', '25', '6', '0', '0', '0', '4', '0', '10', '0', '10', '0', '1', '1', '1', '1', '1', '0', '', '0000-00-00', '0000-00-00', '0', 'Kavish Crown ', '4', '15', '0000-00-00', '16-04-2020', '0000-00-00', '11-04-2020', '0000-00-00', '0', '1', '0', '0', '0', '0', '0', '0', '0', '0', '0', '0', '0', '', '0');

### Structure of table `0_employee_nomination` ###

DROP TABLE IF EXISTS `0_employee_nomination`;

CREATE TABLE `0_employee_nomination` (
  `id` int(11) NOT NULL AUTO_INCREMENT,
  `nominee_name` varchar(150) COLLATE utf8_unicode_ci NOT NULL,
  `relation` varchar(150) COLLATE utf8_unicode_ci NOT NULL,
  `age` int(3) NOT NULL,
  `share` double NOT NULL,
  `remarks` varchar(200) COLLATE utf8_unicode_ci NOT NULL,
  `employee_id` int(11) NOT NULL,
  PRIMARY KEY (`id`)
) ENGINE=InnoDB DEFAULT CHARSET=utf8 COLLATE=utf8_unicode_ci ;

### Data of table `0_employee_nomination` ###


### Structure of table `0_employment_history` ###

DROP TABLE IF EXISTS `0_employment_history`;

CREATE TABLE `0_employment_history` (
  `id` int(11) NOT NULL AUTO_INCREMENT,
  `company_name` varchar(200) COLLATE utf8_unicode_ci NOT NULL,
  `date_from` date NOT NULL,
  `date_to` date NOT NULL,
  `designation` varchar(200) COLLATE utf8_unicode_ci NOT NULL,
  `remarks` varchar(200) COLLATE utf8_unicode_ci NOT NULL,
  `employee_id` int(11) NOT NULL,
  PRIMARY KEY (`id`)
) ENGINE=InnoDB DEFAULT CHARSET=utf8 COLLATE=utf8_unicode_ci ;

### Data of table `0_employment_history` ###


### Structure of table `0_exchange_rates` ###

DROP TABLE IF EXISTS `0_exchange_rates`;

CREATE TABLE `0_exchange_rates` (
  `id` int(11) NOT NULL AUTO_INCREMENT,
  `curr_code` char(3) COLLATE utf8_unicode_ci NOT NULL DEFAULT '',
  `rate_buy` double NOT NULL DEFAULT '0',
  `rate_sell` double NOT NULL DEFAULT '0',
  `date_` date NOT NULL DEFAULT '0000-00-00',
  PRIMARY KEY (`id`),
  UNIQUE KEY `curr_code` (`curr_code`,`date_`)
) ENGINE=InnoDB AUTO_INCREMENT=7 DEFAULT CHARSET=utf8 COLLATE=utf8_unicode_ci ;

### Data of table `0_exchange_rates` ###

INSERT INTO `0_exchange_rates` VALUES
('2', 'USD', '105', '105', '2017-02-17'),
('3', 'USD', '120', '120', '2018-10-22'),
('4', 'USD', '120', '120', '2018-10-23'),
('5', 'USD', '120', '120', '2018-10-29'),
('6', 'USD', '120', '120', '2018-10-30');

### Structure of table `0_experience` ###

DROP TABLE IF EXISTS `0_experience`;

CREATE TABLE `0_experience` (
  `id` int(11) NOT NULL AUTO_INCREMENT,
  `description` varchar(50) NOT NULL,
  `inactive` tinyint(4) NOT NULL DEFAULT '0',
  PRIMARY KEY (`id`)
) ENGINE=InnoDB DEFAULT CHARSET=latin1 ;

### Data of table `0_experience` ###


### Structure of table `0_f_combo1` ###

DROP TABLE IF EXISTS `0_f_combo1`;

CREATE TABLE `0_f_combo1` (
  `combo_code` int(11) NOT NULL AUTO_INCREMENT,
  `description` varchar(60) COLLATE utf8_unicode_ci NOT NULL DEFAULT '',
  `inactive` tinyint(1) NOT NULL DEFAULT '0',
  PRIMARY KEY (`combo_code`),
  UNIQUE KEY `description` (`description`)
) ENGINE=InnoDB DEFAULT CHARSET=utf8 COLLATE=utf8_unicode_ci ;

### Data of table `0_f_combo1` ###


### Structure of table `0_f_combo2` ###

DROP TABLE IF EXISTS `0_f_combo2`;

CREATE TABLE `0_f_combo2` (
  `combo_code` int(11) NOT NULL AUTO_INCREMENT,
  `description` varchar(60) COLLATE utf8_unicode_ci NOT NULL DEFAULT '',
  `inactive` tinyint(1) NOT NULL DEFAULT '0',
  PRIMARY KEY (`combo_code`),
  UNIQUE KEY `description` (`description`)
) ENGINE=InnoDB DEFAULT CHARSET=utf8 COLLATE=utf8_unicode_ci ;

### Data of table `0_f_combo2` ###


### Structure of table `0_f_combo3` ###

DROP TABLE IF EXISTS `0_f_combo3`;

CREATE TABLE `0_f_combo3` (
  `combo_code` int(11) NOT NULL AUTO_INCREMENT,
  `description` varchar(60) COLLATE utf8_unicode_ci NOT NULL DEFAULT '',
  `inactive` tinyint(1) NOT NULL DEFAULT '0',
  PRIMARY KEY (`combo_code`),
  UNIQUE KEY `description` (`description`)
) ENGINE=InnoDB DEFAULT CHARSET=utf8 COLLATE=utf8_unicode_ci ;

### Data of table `0_f_combo3` ###


### Structure of table `0_fiscal_year` ###

DROP TABLE IF EXISTS `0_fiscal_year`;

CREATE TABLE `0_fiscal_year` (
  `id` int(11) NOT NULL AUTO_INCREMENT,
  `begin` date DEFAULT '0000-00-00',
  `end` date DEFAULT '0000-00-00',
  `closed` tinyint(1) NOT NULL DEFAULT '0',
  PRIMARY KEY (`id`),
  UNIQUE KEY `begin` (`begin`),
  UNIQUE KEY `end` (`end`)
) ENGINE=InnoDB AUTO_INCREMENT=5 DEFAULT CHARSET=utf8 COLLATE=utf8_unicode_ci ;

### Data of table `0_fiscal_year` ###

INSERT INTO `0_fiscal_year` VALUES
('2', '2016-07-01', '2017-06-30', '1'),
('3', '2017-07-01', '2018-06-30', '0'),
('4', '2018-07-01', '2019-06-30', '0');

### Structure of table `0_follow_ups` ###

DROP TABLE IF EXISTS `0_follow_ups`;

CREATE TABLE `0_follow_ups` (
  `id` int(11) NOT NULL AUTO_INCREMENT,
  `date` date NOT NULL,
  `time` time NOT NULL DEFAULT '00:00:00',
  `days` varchar(60) NOT NULL,
  `query_id` int(11) NOT NULL,
  `inactive` int(11) NOT NULL,
  PRIMARY KEY (`id`)
) ENGINE=InnoDB DEFAULT CHARSET=latin1 ;

### Data of table `0_follow_ups` ###


### Structure of table `0_gazetted_holidays` ###

DROP TABLE IF EXISTS `0_gazetted_holidays`;

CREATE TABLE `0_gazetted_holidays` (
  `id` int(11) NOT NULL AUTO_INCREMENT,
  `description` varchar(50) NOT NULL,
  `date` date NOT NULL DEFAULT '0000-00-00',
  `inactive` tinyint(6) NOT NULL DEFAULT '0',
  PRIMARY KEY (`id`)
) ENGINE=InnoDB AUTO_INCREMENT=7 DEFAULT CHARSET=latin1 ;

### Data of table `0_gazetted_holidays` ###

INSERT INTO `0_gazetted_holidays` VALUES
('1', 'Quaid&#039;s Birthday/Christmas', '2014-07-03', '0'),
('2', 'Kashmir Day', '2014-02-05', '0'),
('3', 'Pakistan Day', '2017-03-23', '0'),
('4', 'Labour Day', '2014-05-01', '0'),
('5', 'Independence Day', '2014-08-14', '0'),
('6', 'Iqbal Day', '2014-11-09', '0');

### Structure of table `0_gen` ###

DROP TABLE IF EXISTS `0_gen`;

CREATE TABLE `0_gen` (
  `id` smallint(6) unsigned NOT NULL AUTO_INCREMENT,
  `description` varchar(60) COLLATE utf8_unicode_ci NOT NULL DEFAULT '',
  `inactive` tinyint(1) NOT NULL DEFAULT '0',
  PRIMARY KEY (`id`),
  UNIQUE KEY `description` (`description`)
) ENGINE=InnoDB AUTO_INCREMENT=6 DEFAULT CHARSET=utf8 COLLATE=utf8_unicode_ci ;

### Data of table `0_gen` ###

INSERT INTO `0_gen` VALUES
('4', 'Male ', '0'),
('5', 'Female', '0');

### Structure of table `0_gl_trans` ###

DROP TABLE IF EXISTS `0_gl_trans`;

CREATE TABLE `0_gl_trans` (
  `counter` int(11) NOT NULL AUTO_INCREMENT,
  `type` smallint(6) NOT NULL DEFAULT '0',
  `type_no` int(11) NOT NULL DEFAULT '0',
  `tran_date` date NOT NULL DEFAULT '0000-00-00',
  `account` varchar(15) COLLATE utf8_unicode_ci NOT NULL DEFAULT '',
  `memo_` tinytext COLLATE utf8_unicode_ci NOT NULL,
  `amount` double NOT NULL DEFAULT '0',
  `dimension_id` int(11) NOT NULL DEFAULT '0',
  `dimension2_id` int(11) NOT NULL DEFAULT '0',
  `person_type_id` int(11) DEFAULT NULL,
  `person_id` tinyblob,
  `cheque` int(11) NOT NULL,
  `inactive` tinyint(4) NOT NULL,
  `cheque_date` date DEFAULT NULL,
  `text_1` varchar(50) COLLATE utf8_unicode_ci DEFAULT NULL,
  `text_2` varchar(50) COLLATE utf8_unicode_ci DEFAULT NULL,
  `text_3` varchar(30) COLLATE utf8_unicode_ci NOT NULL,
  `cheque_no` varchar(30) COLLATE utf8_unicode_ci NOT NULL,
  `opening` tinyint(4) DEFAULT NULL,
  `approval` tinyint(1) NOT NULL DEFAULT '0',
  PRIMARY KEY (`counter`),
  KEY `Type_and_Number` (`type`,`type_no`),
  KEY `dimension_id` (`dimension_id`),
  KEY `dimension2_id` (`dimension2_id`),
  KEY `tran_date` (`tran_date`),
  KEY `account_and_tran_date` (`account`,`tran_date`)
) ENGINE=InnoDB AUTO_INCREMENT=1066 DEFAULT CHARSET=utf8 COLLATE=utf8_unicode_ci ;

### Data of table `0_gl_trans` ###

INSERT INTO `0_gl_trans` VALUES
('1', '41', '1', '2018-10-19', '101001', '', '0', '0', '0', '2', '4', '0', '0', '0020-00-00', NULL, NULL, '', '0', NULL, '0'),
('2', '41', '1', '2018-10-19', '101002', '', '0', '0', '0', NULL, NULL, '0', '0', '0020-00-00', NULL, NULL, '', '0', NULL, '0'),
('3', '41', '1', '2018-10-19', '101003', '', '0', '0', '0', NULL, NULL, '0', '0', '0020-00-00', NULL, NULL, '', '0', NULL, '0'),
('4', '41', '1', '2018-10-19', '101005', '', '0', '0', '0', NULL, NULL, '0', '0', '0020-00-00', NULL, NULL, '', '0', NULL, '0'),
('5', '41', '1', '2018-10-19', '102003', '', '0', '0', '0', NULL, NULL, '0', '0', '0020-00-00', NULL, NULL, '', '0', NULL, '0'),
('6', '41', '1', '2018-10-19', '103001', '', '0', '0', '0', NULL, NULL, '0', '0', '0020-00-00', NULL, NULL, '', '0', NULL, '0'),
('7', '41', '1', '2018-10-19', '102002', '', '0', '0', '0', NULL, NULL, '0', '0', '0020-00-00', NULL, NULL, '', '0', NULL, '0'),
('8', '41', '1', '2018-10-19', '402003', '', '0', '0', '0', NULL, NULL, '0', '0', '0020-00-00', NULL, NULL, '', '0', NULL, '0'),
('9', '41', '1', '2018-10-19', '302001', '', '0', '0', '0', NULL, NULL, '0', '0', '0020-00-00', NULL, NULL, '', '0', NULL, '0'),
('10', '41', '1', '2018-10-19', '103004', '', '0', '0', '0', NULL, NULL, '0', '0', '0020-00-00', NULL, NULL, '', '0', NULL, '0'),
('11', '41', '1', '2018-10-19', '302001', '', '0', '0', '0', NULL, NULL, '0', '0', '0020-00-00', NULL, NULL, '', '0', NULL, '0'),
('12', '41', '1', '2018-10-19', '301001', '', '0', '0', '0', NULL, NULL, '0', '0', '0020-00-00', NULL, NULL, '', '0', NULL, '0'),
('13', '41', '1', '2018-10-19', '402001', '', '0', '0', '0', NULL, NULL, '0', '0', '0020-00-00', NULL, NULL, '', '0', NULL, '0'),
('14', '41', '1', '2018-10-19', '1011001', '', '0', '0', '0', NULL, NULL, '0', '0', '0020-00-00', NULL, NULL, '', '', NULL, '0'),
('15', '13', '1', '2018-10-20', '501001', '', '90', '0', '0', NULL, NULL, '0', '0', '0000-00-00', NULL, NULL, '', '', NULL, '0'),
('16', '13', '1', '2018-10-20', '102001', '', '-90', '0', '0', NULL, NULL, '0', '0', '0000-00-00', NULL, NULL, '', '', NULL, '0'),
('17', '10', '1', '2018-10-20', '403001', '', '-150', '0', '0', NULL, NULL, '0', '0', '0000-00-00', NULL, NULL, '', '0', NULL, '0'),
('18', '10', '1', '2018-10-20', '101001', '', '175.5', '0', '0', '2', '4', '0', '0', '0000-00-00', NULL, NULL, '', '0', NULL, '0'),
('19', '10', '1', '2018-10-20', '201004', '', '-25.5', '0', '0', NULL, NULL, '0', '0', '0000-00-00', NULL, NULL, '', '0', NULL, '0'),
('20', '12', '1', '2018-10-20', '1011001', '', '0', '0', '0', NULL, NULL, '0', '0', '0000-00-00', NULL, NULL, '', '', NULL, '0'),
('21', '12', '1', '2018-10-20', '101001', '', '0', '0', '0', '2', '4', '0', '0', '0000-00-00', NULL, NULL, '', '0', NULL, '0'),
('22', '12', '1', '2018-10-20', '1011001', '', '100', '0', '0', NULL, NULL, '0', '0', '0000-00-00', NULL, NULL, '', '', NULL, '0'),
('23', '12', '1', '2018-10-20', '101001', '', '-100', '0', '0', '2', '4', '0', '0', '0000-00-00', NULL, NULL, '', '0', NULL, '0'),
('24', '12', '2', '2018-10-20', '1012003', '', '75', '0', '0', NULL, NULL, '0', '0', '2018-10-20', NULL, NULL, '', '', NULL, '0'),
('25', '12', '2', '2018-10-20', '101001', '', '-75', '0', '0', '2', '4', '0', '0', '2018-10-20', NULL, NULL, '', '0', NULL, '0'),
('26', '4', '1', '2018-10-20', '1012002', 'From Bank Alhabib To Bank 2', '-75', '0', '0', NULL, NULL, '0', '0', '0000-00-00', NULL, NULL, '', '', NULL, '0'),
('27', '4', '1', '2018-10-20', '1012003', 'From Bank Alhabib To Bank 2', '75', '0', '0', NULL, NULL, '0', '0', '0000-00-00', NULL, NULL, '', '', NULL, '0'),
('28', '13', '2', '2018-10-20', '1012002', '', '152250', '0', '0', NULL, NULL, '0', '0', '0000-00-00', NULL, NULL, '', '', NULL, '0'),
('29', '13', '2', '2018-10-20', '102001', '', '-152250', '0', '0', NULL, NULL, '0', '0', '0000-00-00', NULL, NULL, '', '', NULL, '0'),
('30', '10', '2', '2018-10-20', '403001', '', '-175000', '0', '0', NULL, NULL, '0', '0', '0000-00-00', NULL, NULL, '', '0', NULL, '0'),
('31', '10', '2', '2018-10-20', '101001', '', '204750', '0', '0', '2', '6', '0', '0', '0000-00-00', NULL, NULL, '', '0', NULL, '0'),
('32', '10', '2', '2018-10-20', '201004', '', '-29750', '0', '0', NULL, NULL, '0', '0', '0000-00-00', NULL, NULL, '', '0', NULL, '0'),
('33', '41', '2', '2018-10-20', '102001', '', '500', '0', '0', NULL, NULL, '0', '0', '0020-00-00', NULL, NULL, '', '0', NULL, '0'),
('34', '41', '2', '2018-10-20', '1011002', '', '-500', '0', '0', NULL, NULL, '0', '0', '0020-00-00', NULL, NULL, '', '', NULL, '0'),
('35', '0', '1', '2018-10-22', '101002', '', '100', '0', '0', NULL, NULL, '0', '0', '0000-00-00', NULL, NULL, '', '', NULL, '0'),
('36', '0', '1', '2018-10-22', '101004', '', '-100', '0', '0', NULL, NULL, '0', '0', '0000-00-00', NULL, NULL, '', '', NULL, '0'),
('37', '0', '2', '2018-10-22', '101001', '', '100', '0', '0', '2', '4', '0', '0', '0000-00-00', NULL, NULL, '', '', NULL, '0'),
('38', '0', '2', '2018-10-22', '101003', '', '-100', '0', '0', NULL, NULL, '0', '0', '0000-00-00', NULL, NULL, '', '', NULL, '0'),
('39', '22', '1', '2018-10-22', '201001', '0', '10000', '0', '0', '3', '5', '0', '0', '2018-10-22', NULL, NULL, '', '0', NULL, '0'),
('40', '22', '1', '2018-10-22', '503007', '', '-1000', '0', '0', NULL, NULL, '0', '0', '2018-10-22', NULL, NULL, '', '', NULL, '0'),
('41', '22', '1', '2018-10-22', '1011001', '', '-9000', '0', '0', NULL, NULL, '0', '0', '2018-10-22', NULL, NULL, '', '', NULL, '0'),
('42', '22', '2', '2018-10-22', '201001', '0', '10000', '0', '0', '3', '3', '0', '0', '2018-10-22', NULL, NULL, '', '0', NULL, '0'),
('43', '22', '2', '2018-10-22', '503007', '', '-2000', '0', '0', NULL, NULL, '0', '0', '2018-10-22', NULL, NULL, '', '', NULL, '0'),
('44', '22', '2', '2018-10-22', '1011001', '', '-8000', '0', '0', NULL, NULL, '0', '0', '2018-10-22', NULL, NULL, '', '', NULL, '0'),
('45', '12', '3', '2018-10-22', '1012003', '', '8000', '0', '0', NULL, NULL, '0', '0', '2018-10-22', NULL, NULL, '', '', NULL, '0'),
('46', '12', '3', '2018-10-22', '101001', '', '-10000', '0', '0', '2', '4', '0', '0', '2018-10-22', NULL, NULL, '', '0', NULL, '0'),
('47', '12', '3', '2018-10-22', '503007', '', '2000', '0', '0', NULL, NULL, '0', '0', '2018-10-22', NULL, NULL, '', '', NULL, '0'),
('48', '22', '3', '2018-10-22', '201001', '0', '10000', '0', '0', '3', '5', '0', '0', '2018-10-22', NULL, NULL, '', '0', NULL, '0'),
('49', '22', '3', '2018-10-22', '503007', '', '-2000', '0', '0', NULL, NULL, '0', '0', '2018-10-22', NULL, NULL, '', '', NULL, '0'),
('50', '22', '3', '2018-10-22', '1011001', '', '-8000', '0', '0', NULL, NULL, '0', '0', '2018-10-22', NULL, NULL, '', '', NULL, '0'),
('51', '12', '4', '2018-10-22', '1012003', '', '100', '0', '0', NULL, NULL, '0', '0', '2018-10-22', NULL, NULL, '', '', NULL, '0'),
('52', '12', '4', '2018-10-22', '101001', '', '-100', '0', '0', '2', '4', '0', '0', '2018-10-22', NULL, NULL, '', '0', NULL, '0'),
('53', '1', '1', '2018-10-22', '503012', '', '10000', '0', '0', NULL, NULL, '0', '0', '2018-10-22', NULL, NULL, '', '0', NULL, '0'),
('54', '1', '1', '2018-10-22', '1012003', '', '-10000', '0', '0', NULL, NULL, '0', '0', '2018-10-22', NULL, NULL, '', '', NULL, '0'),
('55', '22', '4', '2018-10-22', '201001', '0', '50000', '0', '0', '3', '5', '0', '0', '2018-10-22', NULL, NULL, '', '0', NULL, '0'),
('56', '22', '4', '2018-10-22', '1011001', '', '-50000', '0', '0', NULL, NULL, '0', '0', '2018-10-22', NULL, NULL, '', '', NULL, '0'),
('57', '20', '1', '2018-10-22', '201003', '', '170', '0', '0', NULL, NULL, '0', '0', '0000-00-00', NULL, NULL, '', '0', NULL, '0'),
('58', '20', '1', '2018-10-22', '201001', '', '-1170', '0', '0', '3', '5', '0', '0', '0000-00-00', NULL, NULL, '', '0', NULL, '0'),
('59', '20', '1', '2018-10-22', '102001', '', '1000', '0', '0', NULL, NULL, '0', '0', '0000-00-00', NULL, NULL, '', '0', NULL, '0'),
('60', '20', '2', '2018-10-22', '201003', '', '170', '0', '0', NULL, NULL, '0', '0', '0000-00-00', NULL, NULL, '', '0', NULL, '0'),
('61', '20', '2', '2018-10-22', '201001', '', '-1170', '0', '0', '3', '5', '0', '0', '0000-00-00', NULL, NULL, '', '0', NULL, '0'),
('62', '20', '2', '2018-10-22', '102001', '', '1000', '0', '0', NULL, NULL, '0', '0', '0000-00-00', NULL, NULL, '', '0', NULL, '0'),
('63', '0', '3', '2018-10-22', '503013', '', '0', '0', '0', NULL, NULL, '0', '0', '0000-00-00', NULL, NULL, '', '', NULL, '0'),
('64', '0', '3', '2018-10-22', '101012', '', '0', '0', '0', NULL, NULL, '0', '0', '0000-00-00', NULL, NULL, '', '', NULL, '0'),
('65', '20', '3', '2018-10-22', '201003', '', '33575', '0', '0', NULL, NULL, '0', '0', '0000-00-00', NULL, NULL, '', '0', NULL, '0'),
('66', '20', '3', '2018-10-22', '201001', '', '-231075', '0', '0', '3', '2', '0', '0', '0000-00-00', NULL, NULL, '', '0', NULL, '0'),
('67', '20', '3', '2018-10-22', '102001', '', '135000', '0', '0', NULL, NULL, '0', '0', '0000-00-00', NULL, NULL, '', '0', NULL, '0'),
('68', '20', '3', '2018-10-22', '102001', '', '25000', '0', '0', NULL, NULL, '0', '0', '0000-00-00', NULL, NULL, '', '0', NULL, '0'),
('69', '20', '3', '2018-10-22', '102001', '', '15000', '0', '0', NULL, NULL, '0', '0', '0000-00-00', NULL, NULL, '', '0', NULL, '0'),
('70', '20', '3', '2018-10-22', '102001', '', '22500', '0', '0', NULL, NULL, '0', '0', '0000-00-00', NULL, NULL, '', '0', NULL, '0'),
('71', '13', '3', '2018-10-22', '501001', '', '2500', '0', '0', NULL, NULL, '0', '0', '0000-00-00', NULL, NULL, '', '', NULL, '0'),
('72', '13', '3', '2018-10-22', '102001', '', '-2500', '0', '0', NULL, NULL, '0', '0', '0000-00-00', NULL, NULL, '', '', NULL, '0'),
('73', '10', '3', '2018-10-22', '403001', '', '0', '0', '0', NULL, NULL, '0', '0', '0000-00-00', NULL, NULL, '', '0', NULL, '0'),
('74', '10', '3', '2018-10-22', '101001', '', '0', '0', '0', '2', '3', '0', '0', '0000-00-00', NULL, NULL, '', '0', NULL, '0'),
('75', '10', '3', '2018-10-22', '201004', '', '0', '0', '0', NULL, NULL, '0', '0', '0000-00-00', NULL, NULL, '', '0', NULL, '0'),
('76', '22', '5', '2018-10-22', '201001', '0', '12000', '0', '0', '3', '5', '0', '0', '2018-10-22', NULL, NULL, '', '0', NULL, '0'),
('77', '22', '5', '2018-10-22', '503007', '', '-2000', '0', '0', NULL, NULL, '0', '0', '2018-10-22', NULL, NULL, '', '', NULL, '0'),
('78', '22', '5', '2018-10-22', '1011001', '', '-10000', '0', '0', NULL, NULL, '0', '0', '2018-10-22', NULL, NULL, '', '', NULL, '0'),
('79', '12', '5', '2018-10-22', '1012003', '', '9000', '0', '0', NULL, NULL, '0', '0', '2018-10-22', NULL, NULL, '', '', NULL, '0'),
('80', '12', '5', '2018-10-22', '101001', '', '-12000', '0', '0', '2', '4', '0', '0', '2018-10-22', NULL, NULL, '', '0', NULL, '0'),
('81', '12', '5', '2018-10-22', '503007', '', '3000', '0', '0', NULL, NULL, '0', '0', '2018-10-22', NULL, NULL, '', '', NULL, '0'),
('82', '20', '4', '2018-10-22', '201001', '', '-50100', '0', '0', '3', '2', '0', '0', '0000-00-00', NULL, NULL, '', '0', NULL, '0'),
('83', '20', '4', '2018-10-22', '502001', '', '50100', '0', '0', NULL, NULL, '0', '0', '0000-00-00', NULL, NULL, '', '0', NULL, '0'),
('84', '22', '6', '2018-10-22', '201001', '0', '15000', '0', '0', '3', '3', '0', '0', '2018-10-22', NULL, NULL, '', '0', NULL, '0'),
('85', '22', '6', '2018-10-22', '1012004', '', '-15000', '0', '0', NULL, NULL, '0', '0', '2018-10-22', NULL, NULL, '', '', NULL, '0'),
('86', '20', '5', '2018-10-22', '201003', '', '884000', '0', '0', NULL, NULL, '0', '0', '0000-00-00', NULL, NULL, '', '0', NULL, '0'),
('87', '20', '5', '2018-10-22', '201001', '', '-6084000', '0', '0', '3', '6', '0', '0', '0000-00-00', NULL, NULL, '', '0', NULL, '0'),
('88', '20', '5', '2018-10-22', '102001', '', '4800000', '0', '0', NULL, NULL, '0', '0', '0000-00-00', NULL, NULL, '', '0', NULL, '0'),
('89', '20', '5', '2018-10-22', '102001', '', '400000', '0', '0', NULL, NULL, '0', '0', '0000-00-00', NULL, NULL, '', '0', NULL, '0'),
('90', '13', '4', '2018-10-22', '501001', '', '5000', '0', '0', NULL, NULL, '0', '0', '0000-00-00', NULL, NULL, '', '', NULL, '0'),
('91', '13', '4', '2018-10-22', '102001', '', '-5000', '0', '0', NULL, NULL, '0', '0', '0000-00-00', NULL, NULL, '', '', NULL, '0'),
('92', '10', '4', '2018-10-22', '403001', '', '-3000', '0', '0', NULL, NULL, '0', '0', '0000-00-00', NULL, NULL, '', '0', NULL, '0'),
('93', '10', '4', '2018-10-22', '101001', '', '3510', '0', '0', '2', '6', '0', '0', '0000-00-00', NULL, NULL, '', '0', NULL, '0'),
('94', '10', '4', '2018-10-22', '201004', '', '-510', '0', '0', NULL, NULL, '0', '0', '0000-00-00', NULL, NULL, '', '0', NULL, '0'),
('95', '20', '6', '2018-10-22', '201003', '', '3060000', '0', '0', NULL, NULL, '0', '0', '0000-00-00', NULL, NULL, '', '0', NULL, '0'),
('96', '20', '6', '2018-10-22', '201001', '', '-21060000', '0', '0', '3', '3', '0', '0', '0000-00-00', NULL, NULL, '', '0', NULL, '0'),
('97', '20', '6', '2018-10-22', '102001', '', '18000000', '0', '0', NULL, NULL, '0', '0', '0000-00-00', NULL, NULL, '', '0', NULL, '0'),
('98', '13', '5', '2018-10-22', '501001', '', '2250', '0', '0', NULL, NULL, '0', '0', '0000-00-00', NULL, NULL, '', '', NULL, '0'),
('99', '13', '5', '2018-10-22', '102001', '', '-2250', '0', '0', NULL, NULL, '0', '0', '0000-00-00', NULL, NULL, '', '', NULL, '0'),
('100', '10', '5', '2018-10-22', '403001', '', '-2250', '0', '0', NULL, NULL, '0', '0', '0000-00-00', NULL, NULL, '', '0', NULL, '0'),
('101', '10', '5', '2018-10-22', '101001', '', '2632.5', '0', '0', '2', '6', '0', '0', '0000-00-00', NULL, NULL, '', '0', NULL, '0'),
('102', '10', '5', '2018-10-22', '201004', '', '-382.5', '0', '0', NULL, NULL, '0', '0', '0000-00-00', NULL, NULL, '', '0', NULL, '0'),
('103', '13', '6', '2018-10-22', '501001', '', '150', '0', '0', NULL, NULL, '0', '0', '0000-00-00', NULL, NULL, '', '', NULL, '0'),
('104', '13', '6', '2018-10-22', '102001', '', '-150', '0', '0', NULL, NULL, '0', '0', '0000-00-00', NULL, NULL, '', '', NULL, '0'),
('105', '10', '6', '2018-10-22', '403001', '', '-210', '0', '0', NULL, NULL, '0', '0', '0000-00-00', NULL, NULL, '', '0', NULL, '0'),
('106', '10', '6', '2018-10-22', '101001', '', '245.7', '0', '0', '2', '6', '0', '0', '0000-00-00', NULL, NULL, '', '0', NULL, '0'),
('107', '10', '6', '2018-10-22', '201004', '', '-35.7', '0', '0', NULL, NULL, '0', '0', '0000-00-00', NULL, NULL, '', '0', NULL, '0'),
('108', '12', '6', '2018-10-22', '1011001', '', '245.7', '0', '0', NULL, NULL, '0', '0', '0000-00-00', NULL, NULL, '', '', NULL, '0'),
('109', '12', '6', '2018-10-22', '101001', '', '-245.7', '0', '0', '2', '6', '0', '0', '0000-00-00', NULL, NULL, '', '0', NULL, '0'),
('110', '20', '7', '2018-10-22', '201003', '', '5100', '0', '0', NULL, NULL, '0', '0', '0000-00-00', NULL, NULL, '', '0', NULL, '0'),
('111', '20', '7', '2018-10-22', '201001', '', '-35100', '0', '0', '3', '7', '0', '0', '0000-00-00', NULL, NULL, '', '0', NULL, '0'),
('112', '20', '7', '2018-10-22', '102001', '', '30000', '0', '0', NULL, NULL, '0', '0', '0000-00-00', NULL, NULL, '', '0', NULL, '0'),
('113', '22', '7', '2018-10-22', '201001', '0', '20000', '0', '0', '3', '7', '0', '0', '2018-10-22', NULL, NULL, '', '0', NULL, '0'),
('114', '22', '7', '2018-10-22', '1011001', '', '-20000', '0', '0', NULL, NULL, '0', '0', '2018-10-22', NULL, NULL, '', '', NULL, '0'),
('115', '20', '8', '2018-10-22', '201003', '', '17000', '0', '0', NULL, NULL, '0', '0', '0000-00-00', NULL, NULL, '', '0', NULL, '0'),
('116', '20', '8', '2018-10-22', '201001', '', '-117000', '0', '0', '3', '8', '0', '0', '0000-00-00', NULL, NULL, '', '0', NULL, '0'),
('117', '20', '8', '2018-10-22', '102001', '', '100000', '0', '0', NULL, NULL, '0', '0', '0000-00-00', NULL, NULL, '', '0', NULL, '0'),
('118', '22', '8', '2018-10-22', '201001', '0', '10000', '0', '0', '3', '8', '0', '0', '2018-10-22', NULL, NULL, '', '0', NULL, '0'),
('119', '22', '8', '2018-10-22', '1011001', '', '-10000', '0', '0', NULL, NULL, '0', '0', '2018-10-22', NULL, NULL, '', '', NULL, '0'),
('120', '43', '1', '2018-10-22', '102005', '', '-192000', '0', '0', NULL, NULL, '0', '0', NULL, NULL, NULL, '', '', NULL, '0'),
('121', '43', '1', '2018-10-22', '102001', '', '160000', '0', '0', NULL, NULL, '0', '0', '0000-00-00', NULL, NULL, '', '0', NULL, '0'),
('122', '43', '1', '2018-10-22', '102001', '', '0', '0', '0', NULL, NULL, '0', '0', NULL, NULL, NULL, '', '', NULL, '0'),
('123', '43', '1', '2018-10-22', '102001', '', '0', '0', '0', NULL, NULL, '0', '0', NULL, NULL, NULL, '', '', NULL, '0'),
('124', '43', '1', '2018-10-22', '102001', '', '0', '0', '0', NULL, NULL, '0', '0', NULL, NULL, NULL, '', '', NULL, '0'),
('125', '43', '1', '2018-10-22', '102001', '', '32000', '0', '0', NULL, NULL, '0', '0', NULL, NULL, NULL, '', '', NULL, '0'),
('126', '43', '1', '2018-10-22', '102001', '', '0', '0', '0', NULL, NULL, '0', '0', NULL, NULL, NULL, '', '', NULL, '0'),
('127', '43', '1', '2018-10-22', '101001', '', '0', '0', '0', NULL, NULL, '0', '0', NULL, NULL, NULL, '', '', NULL, '0'),
('128', '43', '1', '2018-10-22', '102001', '', '0', '0', '0', NULL, NULL, '0', '0', NULL, NULL, NULL, '', '', NULL, '0'),
('129', '43', '1', '2018-10-22', '102001', '', '0', '0', '0', NULL, NULL, '0', '0', NULL, NULL, NULL, '', '', NULL, '0'),
('130', '43', '2', '2018-10-23', '101004', '', '-12000000', '0', '0', NULL, NULL, '0', '0', NULL, NULL, NULL, '', '', NULL, '0'),
('131', '43', '2', '2018-10-23', '102001', '', '12000000', '0', '0', NULL, NULL, '0', '0', '0000-00-00', NULL, NULL, '', '0', NULL, '0'),
('132', '43', '3', '2018-10-23', '101005', '', '-42561', '0', '0', NULL, NULL, '0', '0', NULL, NULL, NULL, '', '', NULL, '0'),
('133', '43', '3', '2018-10-23', '102001', '', '24000', '0', '0', NULL, NULL, '0', '0', '0000-00-00', NULL, NULL, '', '0', NULL, '0'),
('134', '43', '3', '2018-10-23', '102001', '', '192', '0', '0', NULL, NULL, '0', '0', NULL, NULL, NULL, '', '', NULL, '0'),
('135', '43', '3', '2018-10-23', '102001', '', '194', '0', '0', NULL, NULL, '0', '0', NULL, NULL, NULL, '', '', NULL, '0'),
('136', '43', '3', '2018-10-23', '102001', '', '1567', '0', '0', NULL, NULL, '0', '0', NULL, NULL, NULL, '', '', NULL, '0'),
('137', '43', '3', '2018-10-23', '102001', '', '979', '0', '0', NULL, NULL, '0', '0', NULL, NULL, NULL, '', '', NULL, '0'),
('138', '43', '3', '2018-10-23', '102001', '', '3762', '0', '0', NULL, NULL, '0', '0', NULL, NULL, NULL, '', '', NULL, '0'),
('139', '43', '3', '2018-10-23', '101001', '', '1424', '0', '0', NULL, NULL, '0', '0', NULL, NULL, NULL, '', '', NULL, '0'),
('140', '43', '3', '2018-10-23', '102001', '', '443', '0', '0', NULL, NULL, '0', '0', NULL, NULL, NULL, '', '', NULL, '0'),
('141', '43', '3', '2018-10-23', '102001', '', '10000', '0', '0', NULL, NULL, '0', '0', NULL, NULL, NULL, '', '', NULL, '0'),
('142', '0', '4', '2018-10-23', '201001', '', '1000', '0', '0', '3', '8', '0', '0', '0000-00-00', NULL, NULL, '', '', NULL, '0'),
('143', '0', '4', '2018-10-23', '301001', '', '-1000', '0', '0', NULL, NULL, '0', '0', '0000-00-00', NULL, NULL, '', '', NULL, '0'),
('144', '0', '5', '2018-10-23', '201001', '', '1000', '0', '0', '3', '7', '0', '0', '0000-00-00', NULL, NULL, '', '', NULL, '0'),
('145', '0', '5', '2018-10-23', '301002', '', '-1000', '0', '0', NULL, NULL, '0', '0', '0000-00-00', NULL, NULL, '', '', NULL, '0'),
('146', '20', '9', '2018-10-23', '201003', '', '170', '0', '0', NULL, NULL, '0', '0', '0000-00-00', NULL, NULL, '', '0', NULL, '0'),
('147', '20', '9', '2018-10-23', '201001', '', '-1170', '0', '0', '3', '5', '0', '0', '0000-00-00', NULL, NULL, '', '0', NULL, '0'),
('148', '20', '9', '2018-10-23', '102001', '', '1000', '0', '0', NULL, NULL, '0', '0', '0000-00-00', NULL, NULL, '', '0', NULL, '0'),
('149', '22', '9', '2018-10-23', '201001', '0', '1170', '0', '0', '3', '5', '0', '0', '2018-10-23', NULL, NULL, '', '0', NULL, '0'),
('150', '22', '9', '2018-10-23', '1011001', '', '-1170', '0', '0', NULL, NULL, '0', '0', '2018-10-23', NULL, NULL, '', '', NULL, '0'),
('151', '13', '7', '2018-10-23', '501001', '', '1654.93', '0', '0', NULL, NULL, '0', '0', '0000-00-00', NULL, NULL, '', '', NULL, '0'),
('152', '13', '7', '2018-10-23', '102001', '', '-1654.93', '0', '0', NULL, NULL, '0', '0', '0000-00-00', NULL, NULL, '', '', NULL, '0'),
('153', '10', '7', '2018-10-23', '403001', '', '-10', '0', '0', NULL, NULL, '0', '0', '0000-00-00', NULL, NULL, '', '0', NULL, '0'),
('154', '10', '7', '2018-10-23', '101001', '', '11.7', '0', '0', '2', '4', '0', '0', '0000-00-00', NULL, NULL, '', '0', NULL, '0'),
('155', '10', '7', '2018-10-23', '201004', '', '-1.7', '0', '0', NULL, NULL, '0', '0', '0000-00-00', NULL, NULL, '', '0', NULL, '0'),
('156', '12', '7', '2018-10-23', '1011001', '', '58.5', '0', '0', NULL, NULL, '0', '0', '0000-00-00', NULL, NULL, '', '', NULL, '0'),
('157', '12', '7', '2018-10-23', '101001', '', '-58.5', '0', '0', '2', '4', '0', '0', '0000-00-00', NULL, NULL, '', '0', NULL, '0'),
('158', '11', '1', '2018-10-23', '501001', '', '-1654.93', '0', '0', NULL, NULL, '0', '0', '0000-00-00', NULL, NULL, '', '', NULL, '0'),
('159', '11', '1', '2018-10-23', '102001', '', '1654.93', '0', '0', NULL, NULL, '0', '0', '0000-00-00', NULL, NULL, '', '', NULL, '0'),
('160', '11', '1', '2018-10-23', '403001', '', '10', '0', '0', NULL, NULL, '0', '0', '0000-00-00', NULL, NULL, '', '0', NULL, '0'),
('161', '11', '1', '2018-10-23', '101001', '', '-11.7', '0', '0', '2', '4', '0', '0', '0000-00-00', NULL, NULL, '', '0', NULL, '0'),
('162', '11', '1', '2018-10-23', '201004', '', '1.7', '0', '0', NULL, NULL, '0', '0', '0000-00-00', NULL, NULL, '', '0', NULL, '0'),
('163', '13', '8', '2018-10-24', '501001', '', '20100', '0', '0', NULL, NULL, '0', '0', '0000-00-00', NULL, NULL, '', '', NULL, '0'),
('164', '13', '8', '2018-10-24', '102001', '', '-20100', '0', '0', NULL, NULL, '0', '0', '0000-00-00', NULL, NULL, '', '', NULL, '0'),
('165', '13', '8', '2018-10-24', '501001', '', '117500', '0', '0', NULL, NULL, '0', '0', '0000-00-00', NULL, NULL, '', '', NULL, '0'),
('166', '13', '8', '2018-10-24', '102001', '', '-117500', '0', '0', NULL, NULL, '0', '0', '0000-00-00', NULL, NULL, '', '', NULL, '0'),
('167', '13', '9', '2018-10-24', '501001', '', '0', '0', '0', NULL, NULL, '0', '0', '0000-00-00', NULL, NULL, '', '', NULL, '0'),
('168', '13', '9', '2018-10-24', '102001', '', '0', '0', '0', NULL, NULL, '0', '0', '0000-00-00', NULL, NULL, '', '', NULL, '0'),
('169', '42', '1', '2018-10-24', '101001', '', '-15000', '0', '0', '2', '4', '0', '0', '0020-00-00', NULL, NULL, '', '0', NULL, '0'),
('170', '42', '1', '2018-10-24', '1011001', '', '15000', '0', '0', NULL, NULL, '0', '0', '0020-00-00', NULL, NULL, '', '', NULL, '0'),
('171', '20', '10', '2018-10-24', '201003', '', '15640', '0', '0', NULL, NULL, '0', '0', '0000-00-00', NULL, NULL, '', '0', NULL, '0'),
('172', '20', '10', '2018-10-24', '201001', '', '-107640', '0', '0', '3', '8', '0', '0', '0000-00-00', NULL, NULL, '', '0', NULL, '0'),
('173', '20', '10', '2018-10-24', '102001', '', '92000', '0', '0', NULL, NULL, '0', '0', '0000-00-00', NULL, NULL, '', '0', NULL, '0'),
('174', '22', '10', '2018-10-24', '201001', '0', '25000', '0', '0', '3', '8', '0', '0', '2018-10-24', NULL, NULL, '', '0', NULL, '0'),
('175', '22', '10', '2018-10-24', '1011001', '', '-25000', '0', '0', NULL, NULL, '0', '0', '2018-10-24', NULL, NULL, '', '', NULL, '0'),
('176', '13', '10', '2018-10-24', '501001', '', '12000', '0', '0', NULL, NULL, '0', '0', '0000-00-00', NULL, NULL, '', '', NULL, '0'),
('177', '13', '10', '2018-10-24', '102001', '', '-12000', '0', '0', NULL, NULL, '0', '0', '0000-00-00', NULL, NULL, '', '', NULL, '0'),
('178', '10', '8', '2018-10-24', '403001', '', '-18000', '0', '0', NULL, NULL, '0', '0', '0000-00-00', NULL, NULL, '', '0', NULL, '0'),
('179', '10', '8', '2018-10-24', '101001', '', '21060', '0', '0', '2', '4', '0', '0', '0000-00-00', NULL, NULL, '', '0', NULL, '0'),
('180', '10', '8', '2018-10-24', '201004', '', '-3060', '0', '0', NULL, NULL, '0', '0', '0000-00-00', NULL, NULL, '', '0', NULL, '0'),
('181', '43', '4', '2018-10-24', '101004', '', '-34148', '1', '0', NULL, NULL, '0', '0', NULL, NULL, NULL, '', '', NULL, '0'),
('182', '43', '4', '2018-10-24', '102001', '', '24000', '1', '0', NULL, NULL, '0', '0', '0000-00-00', NULL, NULL, '', '0', NULL, '0'),
('183', '43', '4', '2018-10-24', '102001', '', '240', '1', '0', NULL, NULL, '0', '0', NULL, NULL, NULL, '', '', NULL, '0'),
('184', '43', '4', '2018-10-24', '102001', '', '242', '1', '0', NULL, NULL, '0', '0', NULL, NULL, NULL, '', '', NULL, '0'),
('185', '43', '4', '2018-10-24', '102001', '', '1959', '1', '0', NULL, NULL, '0', '0', NULL, NULL, NULL, '', '', NULL, '0'),
('186', '43', '4', '2018-10-24', '102001', '', '1224', '1', '0', NULL, NULL, '0', '0', NULL, NULL, NULL, '', '', NULL, '0'),
('187', '43', '4', '2018-10-24', '102001', '', '4703', '1', '0', NULL, NULL, '0', '0', NULL, NULL, NULL, '', '', NULL, '0'),
('188', '43', '4', '2018-10-24', '101001', '', '1780', '1', '0', NULL, NULL, '0', '0', NULL, NULL, NULL, '', '', NULL, '0'),
('189', '43', '4', '2018-10-24', '102001', '', '0', '1', '0', NULL, NULL, '0', '0', NULL, NULL, NULL, '', '', NULL, '0'),
('190', '43', '4', '2018-10-24', '102001', '', '0', '1', '0', NULL, NULL, '0', '0', NULL, NULL, NULL, '', '', NULL, '0'),
('191', '20', '11', '2018-10-24', '201001', '', '0', '0', '0', '3', '5', '0', '0', '0000-00-00', NULL, NULL, '', '0', NULL, '0'),
('192', '20', '11', '2018-10-24', '102001', '', '0', '0', '0', NULL, NULL, '0', '0', '0000-00-00', NULL, NULL, '', '0', NULL, '0'),
('193', '20', '12', '2018-10-24', '201003', '', '0', '0', '0', NULL, NULL, '0', '0', '0000-00-00', NULL, NULL, '', '0', NULL, '0'),
('194', '20', '12', '2018-10-24', '201001', '', '-1000', '0', '0', '3', '5', '0', '0', '0000-00-00', NULL, NULL, '', '0', NULL, '0'),
('195', '20', '12', '2018-10-24', '102001', '', '1000', '0', '0', NULL, NULL, '0', '0', '0000-00-00', NULL, NULL, '', '0', NULL, '0'),
('196', '0', '7', '2018-10-24', '101001', '', '15000', '0', '0', '2', '4', '0', '0', '0000-00-00', NULL, NULL, '', '', NULL, '0'),
('197', '0', '7', '2018-10-24', '101001', '', '50000', '0', '0', '2', '2', '0', '0', '0000-00-00', NULL, NULL, '', '', NULL, '0'),
('198', '0', '7', '2018-10-24', '101001', '', '157000', '0', '0', '2', '3', '0', '0', '0000-00-00', NULL, NULL, '', '', NULL, '0'),
('199', '0', '7', '2018-10-24', '101001', '', '24000', '0', '0', '2', '4', '0', '0', '0000-00-00', NULL, NULL, '', '', NULL, '0'),
('200', '0', '7', '2018-10-24', '101001', '', '38000', '0', '0', '2', '4', '0', '0', '0000-00-00', NULL, NULL, '', '', NULL, '0'),
('201', '0', '7', '2018-10-24', '301002', '', '-284000', '0', '0', NULL, NULL, '0', '0', '0000-00-00', NULL, NULL, '', '', NULL, '0'),
('202', '20', '13', '2018-10-24', '201003', '', '313480', '0', '0', NULL, NULL, '0', '0', '0000-00-00', NULL, NULL, '', '0', NULL, '0'),
('203', '20', '13', '2018-10-24', '201001', '', '-2157480', '0', '0', '3', '8', '0', '0', '0000-00-00', NULL, NULL, '', '0', NULL, '0'),
('204', '20', '13', '2018-10-24', '102001', '', '144000', '0', '0', NULL, NULL, '0', '0', '0000-00-00', NULL, NULL, '', '0', NULL, '0'),
('205', '20', '13', '2018-10-24', '102001', '', '1700000', '0', '0', NULL, NULL, '0', '0', '0000-00-00', NULL, NULL, '', '0', NULL, '0'),
('206', '22', '11', '2018-10-24', '201001', '0', '350000', '0', '0', '3', '8', '0', '0', '2018-10-24', NULL, NULL, '', '0', NULL, '0'),
('207', '22', '11', '2018-10-24', '1011001', '', '-350000', '0', '0', NULL, NULL, '0', '0', '2018-10-24', NULL, NULL, '', '', NULL, '0'),
('208', '20', '14', '2018-10-24', '201003', '', '6460', '0', '0', NULL, NULL, '0', '0', '0000-00-00', NULL, NULL, '', '0', NULL, '0'),
('209', '20', '14', '2018-10-24', '201001', '', '-44460', '0', '0', '3', '6', '0', '0', '0000-00-00', NULL, NULL, '', '0', NULL, '0'),
('210', '20', '14', '2018-10-24', '102001', '', '38000', '0', '0', NULL, NULL, '0', '0', '0000-00-00', NULL, NULL, '', '0', NULL, '0'),
('211', '20', '15', '2018-10-24', '201003', '', '17000', '0', '0', NULL, NULL, '0', '0', '0000-00-00', NULL, NULL, '', '0', NULL, '0'),
('212', '20', '15', '2018-10-24', '201001', '', '-117000', '0', '0', '3', '5', '0', '0', '0000-00-00', NULL, NULL, '', '0', NULL, '0'),
('213', '20', '15', '2018-10-24', '102001', '', '100000', '0', '0', NULL, NULL, '0', '0', '0000-00-00', NULL, NULL, '', '0', NULL, '0'),
('214', '20', '16', '2018-10-24', '201003', '', '34000', '0', '0', NULL, NULL, '0', '0', '0000-00-00', NULL, NULL, '', '0', NULL, '0'),
('215', '20', '16', '2018-10-24', '201001', '', '-234000', '0', '0', '3', '5', '0', '0', '0000-00-00', NULL, NULL, '', '0', NULL, '0'),
('216', '20', '16', '2018-10-24', '102001', '', '200000', '0', '0', NULL, NULL, '0', '0', '0000-00-00', NULL, NULL, '', '0', NULL, '0'),
('217', '12', '8', '2018-10-24', '1011002', '', '1500', '0', '0', NULL, NULL, '0', '0', '0020-00-00', '0', '0', '0', '0', NULL, '0'),
('218', '12', '8', '2018-10-24', '101001', '', '-1500', '0', '0', '2', '4', '0', '0', '0020-00-00', '0', '0', '0', '0', NULL, '0'),
('219', '13', '11', '2018-10-24', '501001', '', '2000', '0', '0', NULL, NULL, '0', '0', '0000-00-00', NULL, NULL, '', '', NULL, '0'),
('220', '13', '11', '2018-10-24', '102001', '', '-2000', '0', '0', NULL, NULL, '0', '0', '0000-00-00', NULL, NULL, '', '', NULL, '0'),
('221', '13', '11', '2018-10-24', '501001', '', '1500', '0', '0', NULL, NULL, '0', '0', '0000-00-00', NULL, NULL, '', '', NULL, '0'),
('222', '13', '11', '2018-10-24', '102001', '', '-1500', '0', '0', NULL, NULL, '0', '0', '0000-00-00', NULL, NULL, '', '', NULL, '0'),
('223', '13', '12', '2018-10-24', '501001', '', '1000', '0', '0', NULL, NULL, '0', '0', '0000-00-00', NULL, NULL, '', '', NULL, '0'),
('224', '13', '12', '2018-10-24', '102001', '', '-1000', '0', '0', NULL, NULL, '0', '0', '0000-00-00', NULL, NULL, '', '', NULL, '0'),
('225', '10', '9', '2018-10-24', '403001', '', '-1500', '0', '0', NULL, NULL, '0', '0', '0000-00-00', NULL, NULL, '', '0', NULL, '0'),
('226', '10', '9', '2018-10-24', '101001', '', '1755', '0', '0', '2', '4', '0', '0', '0000-00-00', NULL, NULL, '', '0', NULL, '0'),
('227', '10', '9', '2018-10-24', '201004', '', '-255', '0', '0', NULL, NULL, '0', '0', '0000-00-00', NULL, NULL, '', '0', NULL, '0'),
('228', '13', '13', '2018-10-24', '501001', '', '1000', '0', '0', NULL, NULL, '0', '0', '0000-00-00', NULL, NULL, '', '', NULL, '0'),
('229', '13', '13', '2018-10-24', '102001', '', '-1000', '0', '0', NULL, NULL, '0', '0', '0000-00-00', NULL, NULL, '', '', NULL, '0'),
('230', '13', '13', '2018-10-24', '501001', '', '96.88', '0', '0', NULL, NULL, '0', '0', '0000-00-00', NULL, NULL, '', '', NULL, '0'),
('231', '13', '13', '2018-10-24', '102001', '', '-96.88', '0', '0', NULL, NULL, '0', '0', '0000-00-00', NULL, NULL, '', '', NULL, '0'),
('232', '13', '13', '2018-10-24', '501001', '', '1500', '0', '0', NULL, NULL, '0', '0', '0000-00-00', NULL, NULL, '', '', NULL, '0'),
('233', '13', '13', '2018-10-24', '102001', '', '-1500', '0', '0', NULL, NULL, '0', '0', '0000-00-00', NULL, NULL, '', '', NULL, '0'),
('234', '13', '13', '2018-10-24', '501001', '', '435', '0', '0', NULL, NULL, '0', '0', '0000-00-00', NULL, NULL, '', '', NULL, '0'),
('235', '13', '13', '2018-10-24', '102001', '', '-435', '0', '0', NULL, NULL, '0', '0', '0000-00-00', NULL, NULL, '', '', NULL, '0'),
('236', '10', '10', '2018-10-24', '403001', '', '-10', '0', '0', NULL, NULL, '0', '0', '0000-00-00', NULL, NULL, '', '0', NULL, '0'),
('237', '10', '10', '2018-10-24', '101001', '', '11.7', '0', '0', '2', '4', '0', '0', '0000-00-00', NULL, NULL, '', '0', NULL, '0'),
('238', '10', '10', '2018-10-24', '201004', '', '-1.7', '0', '0', NULL, NULL, '0', '0', '0000-00-00', NULL, NULL, '', '0', NULL, '0'),
('239', '0', '8', '2018-10-22', '503009', 'cash paid for rent.', '5000', '0', '0', NULL, NULL, '0', '0', '0000-00-00', NULL, NULL, '', '', NULL, '0'),
('240', '0', '8', '2018-10-22', '101012', 'cash paid for rent', '-5000', '0', '0', NULL, NULL, '0', '0', '0000-00-00', NULL, NULL, '', '', NULL, '0'),
('241', '0', '9', '2018-10-25', '201001', '', '500', '0', '0', '3', '1', '0', '0', '0000-00-00', NULL, NULL, '', '', NULL, '0'),
('242', '0', '9', '2018-10-25', '101009', '', '-500', '0', '0', NULL, NULL, '0', '0', '0000-00-00', NULL, NULL, '', '', NULL, '0'),
('243', '13', '14', '2018-10-22', '501001', '', '71000', '0', '0', NULL, NULL, '0', '0', '0000-00-00', NULL, NULL, '', '', NULL, '0'),
('244', '13', '14', '2018-10-22', '102001', '', '-71000', '0', '0', NULL, NULL, '0', '0', '0000-00-00', NULL, NULL, '', '', NULL, '0'),
('245', '10', '11', '2018-10-22', '403001', '', '-20100', '0', '0', NULL, NULL, '0', '0', '0000-00-00', NULL, NULL, '', '0', NULL, '0'),
('246', '10', '11', '2018-10-22', '403001', '', '-14200', '0', '0', NULL, NULL, '0', '0', '0000-00-00', NULL, NULL, '', '0', NULL, '0'),
('247', '10', '11', '2018-10-22', '101001', '', '40131', '0', '0', '2', '7', '0', '0', '0000-00-00', NULL, NULL, '', '0', NULL, '0'),
('248', '10', '11', '2018-10-22', '201004', '', '-5831', '0', '0', NULL, NULL, '0', '0', '0000-00-00', NULL, NULL, '', '0', NULL, '0'),
('249', '12', '9', '2018-10-22', '1012005', '', '163.7', '0', '0', NULL, NULL, '0', '0', '2018-10-25', NULL, NULL, '', '', NULL, '0'),
('250', '12', '9', '2018-10-22', '101001', '', '-163.7', '0', '0', '2', '4', '0', '0', '2018-10-25', NULL, NULL, '', '0', NULL, '0'),
('251', '20', '17', '2018-10-22', '201003', '', '17', '0', '0', NULL, NULL, '0', '0', '0000-00-00', NULL, NULL, '', '0', NULL, '0'),
('252', '20', '17', '2018-10-22', '201001', '', '-117', '0', '0', '3', '5', '0', '0', '0000-00-00', NULL, NULL, '', '0', NULL, '0'),
('253', '20', '17', '2018-10-22', '102001', '', '100', '0', '0', NULL, NULL, '0', '0', '0000-00-00', NULL, NULL, '', '0', NULL, '0'),
('254', '13', '15', '2018-10-22', '501001', '', '20', '0', '0', NULL, NULL, '0', '0', '0000-00-00', NULL, NULL, '', '', NULL, '0'),
('255', '13', '15', '2018-10-22', '102001', '', '-20', '0', '0', NULL, NULL, '0', '0', '0000-00-00', NULL, NULL, '', '', NULL, '0'),
('256', '10', '12', '2018-10-22', '403001', '', '-1000', '0', '0', NULL, NULL, '0', '0', '0000-00-00', NULL, NULL, '', '0', NULL, '0'),
('257', '10', '12', '2018-10-22', '101001', '', '1170', '0', '0', '2', '5', '0', '0', '0000-00-00', NULL, NULL, '', '0', NULL, '0'),
('258', '10', '12', '2018-10-22', '201004', '', '-170', '0', '0', NULL, NULL, '0', '0', '0000-00-00', NULL, NULL, '', '0', NULL, '0'),
('259', '13', '16', '2018-10-22', '501001', '', '10', '0', '0', NULL, NULL, '0', '0', '0000-00-00', NULL, NULL, '', '', NULL, '0'),
('260', '13', '16', '2018-10-22', '102001', '', '-10', '0', '0', NULL, NULL, '0', '0', '0000-00-00', NULL, NULL, '', '', NULL, '0'),
('261', '11', '2', '2018-10-22', '501001', '', '-1000', '0', '0', NULL, NULL, '0', '0', '0000-00-00', NULL, NULL, '', '', NULL, '0'),
('262', '11', '2', '2018-10-22', '102001', '', '1000', '0', '0', NULL, NULL, '0', '0', '0000-00-00', NULL, NULL, '', '', NULL, '0'),
('263', '11', '2', '2018-10-22', '403001', '', '10', '0', '0', NULL, NULL, '0', '0', '0000-00-00', NULL, NULL, '', '0', NULL, '0'),
('264', '11', '2', '2018-10-22', '101001', '', '-11.7', '0', '0', '2', '4', '0', '0', '0000-00-00', NULL, NULL, '', '0', NULL, '0'),
('265', '11', '2', '2018-10-22', '201004', '', '1.7', '0', '0', NULL, NULL, '0', '0', '0000-00-00', NULL, NULL, '', '0', NULL, '0'),
('266', '13', '17', '2018-10-22', '501001', '', '2000', '0', '0', NULL, NULL, '0', '0', '0000-00-00', NULL, NULL, '', '', NULL, '0'),
('267', '13', '17', '2018-10-22', '102001', '', '-2000', '0', '0', NULL, NULL, '0', '0', '0000-00-00', NULL, NULL, '', '', NULL, '0'),
('268', '10', '13', '2018-10-22', '403001', '', '-20', '0', '0', NULL, NULL, '0', '0', '0000-00-00', NULL, NULL, '', '0', NULL, '0'),
('269', '10', '13', '2018-10-22', '101001', '', '23.4', '0', '0', '2', '4', '0', '0', '0000-00-00', NULL, NULL, '', '0', NULL, '0'),
('270', '10', '13', '2018-10-22', '201004', '', '-3.4', '0', '0', NULL, NULL, '0', '0', '0000-00-00', NULL, NULL, '', '0', NULL, '0'),
('271', '11', '3', '2018-10-22', '501001', '', '-10', '0', '0', NULL, NULL, '0', '0', '0000-00-00', NULL, NULL, '', '', NULL, '0'),
('272', '11', '3', '2018-10-22', '102001', '', '10', '0', '0', NULL, NULL, '0', '0', '0000-00-00', NULL, NULL, '', '', NULL, '0'),
('273', '11', '3', '2018-10-22', '403001', '', '500', '0', '0', NULL, NULL, '0', '0', '0000-00-00', NULL, NULL, '', '0', NULL, '0'),
('274', '11', '3', '2018-10-22', '101001', '', '-585', '0', '0', '2', '4', '0', '0', '0000-00-00', NULL, NULL, '', '0', NULL, '0'),
('275', '11', '3', '2018-10-22', '201004', '', '85', '0', '0', NULL, NULL, '0', '0', '0000-00-00', NULL, NULL, '', '0', NULL, '0'),
('276', '10', '14', '2018-10-22', '403001', '', '0', '0', '0', NULL, NULL, '0', '0', '0000-00-00', NULL, NULL, '', '0', NULL, '0'),
('277', '10', '14', '2018-10-22', '101001', '', '0', '0', '0', '2', '4', '0', '0', '0000-00-00', NULL, NULL, '', '0', NULL, '0'),
('278', '10', '14', '2018-10-22', '201004', '', '0', '0', '0', NULL, NULL, '0', '0', '0000-00-00', NULL, NULL, '', '0', NULL, '0'),
('279', '11', '4', '2018-10-22', '403001', '', '3000', '0', '0', NULL, NULL, '0', '0', '0000-00-00', NULL, NULL, '', '0', NULL, '0'),
('280', '11', '4', '2018-10-22', '101001', '', '-3510', '0', '0', '2', '8', '0', '0', '0000-00-00', NULL, NULL, '', '0', NULL, '0'),
('281', '11', '4', '2018-10-22', '201004', '', '510', '0', '0', NULL, NULL, '0', '0', '0000-00-00', NULL, NULL, '', '0', NULL, '0'),
('282', '13', '19', '2018-10-26', '501001', '', '13000', '0', '0', NULL, NULL, '0', '0', '0000-00-00', NULL, NULL, '', '', NULL, '0'),
('283', '13', '19', '2018-10-26', '102001', '', '-13000', '0', '0', NULL, NULL, '0', '0', '0000-00-00', NULL, NULL, '', '', NULL, '0'),
('284', '13', '20', '2018-10-26', '501001', '', '2518.85', '0', '0', NULL, NULL, '0', '0', '0000-00-00', NULL, NULL, '', '', NULL, '0'),
('285', '13', '20', '2018-10-26', '102001', '', '-2518.85', '0', '0', NULL, NULL, '0', '0', '0000-00-00', NULL, NULL, '', '', NULL, '0'),
('286', '13', '21', '2018-10-26', '501001', '', '20000', '0', '0', NULL, NULL, '0', '0', '0000-00-00', NULL, NULL, '', '', NULL, '0'),
('287', '13', '21', '2018-10-26', '102001', '', '-20000', '0', '0', NULL, NULL, '0', '0', '0000-00-00', NULL, NULL, '', '', NULL, '0'),
('288', '10', '15', '2018-10-26', '101001', '', '1170', '0', '0', '2', '14', '0', '0', '0000-00-00', NULL, NULL, '', '0', NULL, '0'),
('289', '10', '15', '2018-10-26', '402001', '', '-1000', '0', '0', NULL, NULL, '0', '0', '0000-00-00', NULL, NULL, '', '0', NULL, '0'),
('290', '10', '15', '2018-10-26', '201004', '', '-170', '0', '0', NULL, NULL, '0', '0', '0000-00-00', NULL, NULL, '', '0', NULL, '0'),
('291', '20', '18', '2018-10-26', '201003', '', '117671.45', '0', '0', NULL, NULL, '0', '0', '0000-00-00', NULL, NULL, '', '0', NULL, '0'),
('292', '20', '18', '2018-10-26', '201001', '', '-809856.45', '0', '0', '3', '5', '0', '0', '0000-00-00', NULL, NULL, '', '0', NULL, '0'),
('293', '20', '18', '2018-10-26', '102001', '', '300', '0', '0', NULL, NULL, '0', '0', '0000-00-00', NULL, NULL, '', '0', NULL, '0'),
('294', '20', '18', '2018-10-26', '102001', '', '291885', '0', '0', NULL, NULL, '0', '0', '0000-00-00', NULL, NULL, '', '0', NULL, '0'),
('295', '20', '18', '2018-10-26', '102001', '', '100000', '0', '0', NULL, NULL, '0', '0', '0000-00-00', NULL, NULL, '', '0', NULL, '0'),
('296', '20', '18', '2018-10-26', '102001', '', '200000', '0', '0', NULL, NULL, '0', '0', '0000-00-00', NULL, NULL, '', '0', NULL, '0'),
('297', '20', '18', '2018-10-26', '102001', '', '100000', '0', '0', NULL, NULL, '0', '0', '0000-00-00', NULL, NULL, '', '0', NULL, '0'),
('298', '10', '16', '2018-10-27', '403001', '', '-1000', '0', '0', NULL, NULL, '0', '0', '0000-00-00', NULL, NULL, '', '0', NULL, '0'),
('299', '10', '16', '2018-10-27', '101001', '', '1170', '0', '0', '2', '15', '0', '0', '0000-00-00', NULL, NULL, '', '0', NULL, '0'),
('300', '10', '16', '2018-10-27', '201004', '', '-170', '0', '0', NULL, NULL, '0', '0', '0000-00-00', NULL, NULL, '', '0', NULL, '0'),
('301', '12', '10', '2018-10-27', '1012005', '', '1170', '0', '0', NULL, NULL, '0', '0', '2018-10-27', NULL, NULL, '', '', NULL, '0'),
('302', '12', '10', '2018-10-27', '101001', '', '-1170', '0', '0', '2', '15', '0', '0', '2018-10-27', NULL, NULL, '', '0', NULL, '0'),
('303', '20', '19', '2018-10-27', '201001', '', '-222', '0', '0', '3', '5', '0', '0', '0000-00-00', NULL, NULL, '', '0', NULL, '0'),
('304', '20', '19', '2018-10-27', '501001', '', '222', '0', '0', NULL, NULL, '0', '0', '0000-00-00', NULL, NULL, '', '0', NULL, '0'),
('305', '1', '2', '2018-10-27', '201001', '', '1333', '0', '0', '3', '5', '0', '0', '2018-11-30', NULL, NULL, '', '0', NULL, '0'),
('306', '1', '2', '2018-10-27', '1012005', '', '-1333', '0', '0', NULL, NULL, '0', '0', '2018-11-30', NULL, NULL, '', '', NULL, '0'),
('307', '20', '20', '2018-10-27', '201001', '', '0', '0', '0', '3', '5', '0', '0', '0000-00-00', NULL, NULL, '', '0', NULL, '0'),
('308', '20', '20', '2018-10-27', '501001', '', '0', '0', '0', NULL, NULL, '0', '0', '0000-00-00', NULL, NULL, '', '0', NULL, '0'),
('309', '20', '21', '2018-10-27', '201003', '', '170', '0', '0', NULL, NULL, '0', '0', '0000-00-00', NULL, NULL, '', '0', NULL, '0'),
('310', '20', '21', '2018-10-27', '201001', '', '-1170', '0', '0', '3', '5', '0', '0', '0000-00-00', NULL, NULL, '', '0', NULL, '0'),
('311', '20', '21', '2018-10-27', '102001', '', '1000', '0', '0', NULL, NULL, '0', '0', '0000-00-00', NULL, NULL, '', '0', NULL, '0'),
('312', '20', '22', '2018-10-27', '201001', '', '-657', '0', '0', '3', '5', '0', '0', '0000-00-00', NULL, NULL, '', '0', NULL, '0'),
('313', '20', '22', '2018-10-27', '501001', '', '657', '0', '0', NULL, NULL, '0', '0', '0000-00-00', NULL, NULL, '', '0', NULL, '0'),
('314', '20', '23', '2018-10-27', '201003', '', '170', '0', '0', NULL, NULL, '0', '0', '0000-00-00', NULL, NULL, '', '0', NULL, '0'),
('315', '20', '23', '2018-10-27', '201001', '', '-1170', '0', '0', '3', '5', '0', '0', '0000-00-00', NULL, NULL, '', '0', NULL, '0'),
('316', '20', '23', '2018-10-27', '102001', '', '1000', '0', '0', NULL, NULL, '0', '0', '0000-00-00', NULL, NULL, '', '0', NULL, '0'),
('317', '20', '24', '2018-10-27', '201003', '', '170', '0', '0', NULL, NULL, '0', '0', '0000-00-00', NULL, NULL, '', '0', NULL, '0'),
('318', '20', '24', '2018-10-27', '201001', '', '-1170', '0', '0', '3', '5', '0', '0', '0000-00-00', NULL, NULL, '', '0', NULL, '0'),
('319', '20', '24', '2018-10-27', '102001', '', '1000', '0', '0', NULL, NULL, '0', '0', '0000-00-00', NULL, NULL, '', '0', NULL, '0'),
('320', '20', '25', '2018-10-27', '201001', '', '-500', '0', '0', '3', '5', '0', '0', '0000-00-00', NULL, NULL, '', '0', NULL, '0'),
('321', '20', '25', '2018-10-27', '501001', '', '500', '0', '0', NULL, NULL, '0', '0', '0000-00-00', NULL, NULL, '', '0', NULL, '0'),
('322', '20', '26', '2018-10-27', '201001', '', '-600', '0', '0', '3', '5', '0', '0', '0000-00-00', NULL, NULL, '', '0', NULL, '0'),
('323', '20', '26', '2018-10-27', '501001', '', '600', '0', '0', NULL, NULL, '0', '0', '0000-00-00', NULL, NULL, '', '0', NULL, '0'),
('324', '20', '27', '2018-10-27', '201001', '', '-500', '0', '0', '3', '5', '0', '0', '0000-00-00', NULL, NULL, '', '0', NULL, '0'),
('325', '20', '27', '2018-10-27', '501001', '', '500', '0', '0', NULL, NULL, '0', '0', '0000-00-00', NULL, NULL, '', '0', NULL, '0'),
('326', '20', '28', '2018-10-27', '201003', '', '170', '0', '0', NULL, NULL, '0', '0', '0000-00-00', NULL, NULL, '', '0', NULL, '0'),
('327', '20', '28', '2018-10-27', '201001', '', '-1170', '0', '0', '3', '5', '0', '0', '0000-00-00', NULL, NULL, '', '0', NULL, '0'),
('328', '20', '28', '2018-10-27', '102001', '', '1000', '0', '0', NULL, NULL, '0', '0', '0000-00-00', NULL, NULL, '', '0', NULL, '0'),
('329', '20', '29', '2018-10-27', '201003', '', '85', '0', '0', NULL, NULL, '0', '0', '0000-00-00', NULL, NULL, '', '0', NULL, '0'),
('330', '20', '29', '2018-10-27', '201001', '', '-585', '0', '0', '3', '5', '0', '0', '0000-00-00', NULL, NULL, '', '0', NULL, '0'),
('331', '20', '29', '2018-10-27', '102001', '', '500', '0', '0', NULL, NULL, '0', '0', '0000-00-00', NULL, NULL, '', '0', NULL, '0'),
('332', '20', '30', '2018-10-27', '201003', '', '170', '0', '0', NULL, NULL, '0', '0', '0000-00-00', NULL, NULL, '', '0', NULL, '0'),
('333', '20', '30', '2018-10-27', '201001', '', '-1170', '0', '0', '3', '5', '0', '0', '0000-00-00', NULL, NULL, '', '0', NULL, '0'),
('334', '20', '30', '2018-10-27', '102001', '', '1000', '0', '0', NULL, NULL, '0', '0', '0000-00-00', NULL, NULL, '', '0', NULL, '0'),
('335', '13', '23', '2018-10-27', '501001', '', '4000', '0', '0', NULL, NULL, '0', '0', '0000-00-00', NULL, NULL, '', '', NULL, '0'),
('336', '13', '23', '2018-10-27', '102001', '', '-4000', '0', '0', NULL, NULL, '0', '0', '0000-00-00', NULL, NULL, '', '', NULL, '0'),
('337', '10', '17', '2018-10-27', '403001', '', '-8000', '0', '0', NULL, NULL, '0', '0', '0000-00-00', NULL, NULL, '', '0', NULL, '0'),
('338', '10', '17', '2018-10-27', '101001', '', '9360', '0', '0', '2', '4', '0', '0', '0000-00-00', NULL, NULL, '', '0', NULL, '0'),
('339', '10', '17', '2018-10-27', '201004', '', '-1360', '0', '0', NULL, NULL, '0', '0', '0000-00-00', NULL, NULL, '', '0', NULL, '0'),
('340', '13', '24', '2018-10-27', '501001', '', '1000', '0', '0', NULL, NULL, '0', '0', '0000-00-00', NULL, NULL, '', '', NULL, '0'),
('341', '13', '24', '2018-10-27', '102001', '', '-1000', '0', '0', NULL, NULL, '0', '0', '0000-00-00', NULL, NULL, '', '', NULL, '0'),
('342', '10', '18', '2018-10-27', '403001', '', '-10', '0', '0', NULL, NULL, '0', '0', '0000-00-00', NULL, NULL, '', '0', NULL, '0'),
('343', '10', '18', '2018-10-27', '101001', '', '11.7', '0', '0', '2', '4', '0', '0', '0000-00-00', NULL, NULL, '', '0', NULL, '0'),
('344', '10', '18', '2018-10-27', '201004', '', '-1.7', '0', '0', NULL, NULL, '0', '0', '0000-00-00', NULL, NULL, '', '0', NULL, '0'),
('345', '13', '25', '2018-10-28', '501001', '', '2000', '0', '0', NULL, NULL, '0', '0', '0000-00-00', NULL, NULL, '', '', NULL, '0'),
('346', '13', '25', '2018-10-28', '102001', '', '-2000', '0', '0', NULL, NULL, '0', '0', '0000-00-00', NULL, NULL, '', '', NULL, '0'),
('347', '10', '19', '2018-10-28', '403001', '', '-1000', '0', '0', NULL, NULL, '0', '0', '0000-00-00', NULL, NULL, '', '0', NULL, '0'),
('348', '10', '19', '2018-10-28', '101001', '', '1170', '0', '0', '2', '1', '0', '0', '0000-00-00', NULL, NULL, '', '0', NULL, '0'),
('349', '10', '19', '2018-10-28', '201004', '', '-170', '0', '0', NULL, NULL, '0', '0', '0000-00-00', NULL, NULL, '', '0', NULL, '0'),
('350', '12', '11', '2018-10-28', '1012008', '', '444', '0', '0', NULL, NULL, '0', '0', '2018-10-28', NULL, NULL, '', '', NULL, '0'),
('351', '12', '11', '2018-10-28', '101001', '', '-444', '0', '0', '2', '1', '0', '0', '2018-10-28', NULL, NULL, '', '0', NULL, '0'),
('352', '12', '12', '2018-07-01', '1012005', '', '123', '0', '0', NULL, NULL, '0', '0', '2018-07-01', NULL, NULL, '', '', NULL, '0'),
('353', '12', '12', '2018-07-01', '101001', '', '-123', '0', '0', '2', '1', '0', '0', '2018-07-01', NULL, NULL, '', '0', NULL, '0'),
('354', '13', '26', '2018-10-29', '501001', '', '108750', '0', '0', NULL, NULL, '0', '0', '0000-00-00', NULL, NULL, '', '', NULL, '0'),
('355', '13', '26', '2018-10-29', '102001', '', '-108750', '0', '0', NULL, NULL, '0', '0', '0000-00-00', NULL, NULL, '', '', NULL, '0'),
('356', '10', '20', '2018-10-29', '403001', '', '-500', '0', '0', NULL, NULL, '0', '0', '0000-00-00', NULL, NULL, '', '0', NULL, '0'),
('357', '10', '20', '2018-10-29', '101001', '', '585', '0', '0', '2', '3', '0', '0', '0000-00-00', NULL, NULL, '', '0', NULL, '0'),
('358', '10', '20', '2018-10-29', '201004', '', '-85', '0', '0', NULL, NULL, '0', '0', '0000-00-00', NULL, NULL, '', '0', NULL, '0'),
('359', '10', '21', '2018-10-29', '403001', '', '-40000', '0', '0', NULL, NULL, '0', '0', '0000-00-00', NULL, NULL, '', '0', NULL, '0'),
('360', '10', '21', '2018-10-29', '101001', '', '46800', '0', '0', '2', '13', '0', '0', '0000-00-00', NULL, NULL, '', '0', NULL, '0'),
('361', '10', '21', '2018-10-29', '201004', '', '-6800', '0', '0', NULL, NULL, '0', '0', '0000-00-00', NULL, NULL, '', '0', NULL, '0'),
('362', '10', '22', '2018-10-29', '403001', '', '-1000', '0', '0', NULL, NULL, '0', '0', '0000-00-00', NULL, NULL, '', '0', NULL, '0'),
('363', '10', '22', '2018-10-29', '101001', '', '1170', '0', '0', '2', '13', '0', '0', '0000-00-00', NULL, NULL, '', '0', NULL, '0'),
('364', '10', '22', '2018-10-29', '201004', '', '-170', '0', '0', NULL, NULL, '0', '0', '0000-00-00', NULL, NULL, '', '0', NULL, '0'),
('365', '12', '13', '2018-10-29', '1012005', '', '46800', '0', '0', NULL, NULL, '0', '0', '2018-10-29', NULL, NULL, '', '', NULL, '0'),
('366', '12', '13', '2018-10-29', '101001', '', '-46800', '0', '0', '2', '13', '0', '0', '2018-10-29', NULL, NULL, '', '0', NULL, '0'),
('367', '20', '31', '2018-10-29', '201003', '', '3400', '0', '0', NULL, NULL, '0', '0', '0000-00-00', NULL, NULL, '', '0', NULL, '0'),
('368', '20', '31', '2018-10-29', '201001', '', '-23400', '0', '0', '3', '5', '0', '0', '0000-00-00', NULL, NULL, '', '0', NULL, '0'),
('369', '20', '31', '2018-10-29', '501001', '', '20000', '0', '0', NULL, NULL, '0', '0', '0000-00-00', NULL, NULL, '', '0', NULL, '0'),
('370', '20', '32', '2018-10-29', '201003', '', '340000', '0', '0', NULL, NULL, '0', '0', '0000-00-00', NULL, NULL, '', '0', NULL, '0'),
('371', '20', '32', '2018-10-29', '201001', '', '-2340000', '0', '0', '3', '5', '0', '0', '0000-00-00', NULL, NULL, '', '0', NULL, '0'),
('372', '20', '32', '2018-10-29', '102001', '', '2000000', '0', '0', NULL, NULL, '0', '0', '0000-00-00', NULL, NULL, '', '0', NULL, '0'),
('373', '22', '12', '2018-10-29', '201001', '0', '2340000', '0', '0', '3', '5', '0', '0', '2018-10-29', NULL, NULL, '', '0', NULL, '0'),
('374', '22', '12', '2018-10-29', '1011001', '', '-2340000', '0', '0', NULL, NULL, '0', '0', '2018-10-29', NULL, NULL, '', '', NULL, '0'),
('375', '1', '3', '2018-10-29', '503003', '', '10000', '0', '0', NULL, NULL, '0', '0', '2018-10-29', NULL, NULL, '', '0', NULL, '0'),
('376', '1', '3', '2018-10-29', '1012003', '', '-10000', '0', '0', NULL, NULL, '0', '0', '2018-10-29', NULL, NULL, '', '', NULL, '0'),
('377', '1', '4', '2018-10-29', '501001', '', '4321432', '0', '0', NULL, NULL, '0', '0', '2018-10-29', NULL, NULL, '', '0', NULL, '0'),
('378', '1', '4', '2018-10-29', '1012005', '', '-4321432', '0', '0', NULL, NULL, '0', '0', '2018-10-29', NULL, NULL, '', '', NULL, '0'),
('379', '1', '5', '2018-10-29', '501001', '', '576576', '0', '0', NULL, NULL, '0', '0', '2018-10-29', NULL, NULL, '', '0', NULL, '0'),
('380', '1', '5', '2018-10-29', '1012005', '', '-576576', '0', '0', NULL, NULL, '0', '0', '2018-10-29', NULL, NULL, '', '', NULL, '0');
INSERT INTO `0_gl_trans` VALUES
('381', '43', '5', '2018-10-29', '101001', '', '-211988', '0', '0', NULL, NULL, '0', '0', NULL, NULL, NULL, '', '', NULL, '1'),
('382', '43', '5', '2018-10-29', '102001', '', '120955', '0', '0', NULL, NULL, '0', '0', '0000-00-00', NULL, NULL, '', '0', NULL, '1'),
('383', '43', '5', '2018-10-29', '102001', '', '508', '0', '0', NULL, NULL, '0', '0', NULL, NULL, NULL, '', '', NULL, '1'),
('384', '43', '5', '2018-10-29', '102001', '', '513', '0', '0', NULL, NULL, '0', '0', NULL, NULL, NULL, '', '', NULL, '1'),
('385', '43', '5', '2018-10-29', '102001', '', '11402', '0', '0', NULL, NULL, '0', '0', NULL, NULL, NULL, '', '', NULL, '1'),
('386', '43', '5', '2018-10-29', '102001', '', '10365', '0', '0', NULL, NULL, '0', '0', NULL, NULL, NULL, '', '', NULL, '1'),
('387', '43', '5', '2018-10-29', '102001', '', '12511', '0', '0', NULL, NULL, '0', '0', NULL, NULL, NULL, '', '', NULL, '1'),
('388', '43', '5', '2018-10-29', '101001', '', '5166', '0', '0', NULL, NULL, '0', '0', NULL, NULL, NULL, '', '', NULL, '1'),
('389', '43', '5', '2018-10-29', '102001', '', '2208', '0', '0', NULL, NULL, '0', '0', NULL, NULL, NULL, '', '', NULL, '1'),
('390', '43', '5', '2018-10-29', '102001', '', '48358.95', '0', '0', NULL, NULL, '0', '0', NULL, NULL, NULL, '', '', NULL, '1'),
('391', '43', '5', '2018-10-29', '402003', '', '1.05', '0', '0', NULL, NULL, '0', '0', '0000-00-00', NULL, NULL, '', '', NULL, '1'),
('392', '1', '6', '2018-10-30', '503019', '', '10000', '0', '0', NULL, NULL, '0', '0', '2018-10-30', NULL, NULL, '', '0', NULL, '0'),
('393', '1', '6', '2018-10-30', '1012002', '', '-10000', '0', '0', NULL, NULL, '0', '0', '2018-10-30', NULL, NULL, '', '', NULL, '0'),
('394', '28', '1', '2018-10-30', '102001', '30-10-2018: Issue of RIBBON FISH ', '-870', '0', '0', NULL, NULL, '0', '0', '0000-00-00', NULL, NULL, '', '', NULL, '0'),
('395', '28', '1', '2018-10-30', '102003', '30-10-2018: Issue to Daikool 5685', '870', '0', '0', NULL, NULL, '0', '0', '0000-00-00', NULL, NULL, '', '', NULL, '0'),
('396', '20', '33', '2018-10-30', '201001', '', '-725400', '0', '0', '3', '9', '0', '0', '0000-00-00', NULL, NULL, '', '0', NULL, '0'),
('397', '20', '33', '2018-10-30', '102001', '', '24000', '1', '0', NULL, NULL, '0', '0', '0000-00-00', NULL, NULL, '', '0', NULL, '0'),
('398', '20', '33', '2018-10-30', '102001', '', '102000', '1', '0', NULL, NULL, '0', '0', '0000-00-00', NULL, NULL, '', '0', NULL, '0'),
('399', '20', '33', '2018-10-30', '102001', '', '599400', '1', '0', NULL, NULL, '0', '0', '0000-00-00', NULL, NULL, '', '0', NULL, '0'),
('400', '13', '29', '2018-10-30', '501001', '', '480000', '0', '0', NULL, NULL, '0', '0', '0000-00-00', NULL, NULL, '', '', NULL, '0'),
('401', '13', '29', '2018-10-30', '102001', '', '-480000', '0', '0', NULL, NULL, '0', '0', '0000-00-00', NULL, NULL, '', '', NULL, '0'),
('402', '10', '23', '2018-10-30', '403001', '', '-200', '0', '0', NULL, NULL, '0', '0', '0000-00-00', NULL, NULL, '', '0', NULL, '0'),
('403', '10', '23', '2018-10-30', '101001', '', '829', '0', '0', '2', '7', '0', '0', '0000-00-00', NULL, NULL, '', '0', NULL, '0'),
('404', '10', '23', '2018-10-30', '402001', '', '-500', '0', '0', NULL, NULL, '0', '0', '0000-00-00', NULL, NULL, '', '0', NULL, '0'),
('405', '10', '23', '2018-10-30', '201004', '', '-119', '0', '0', NULL, NULL, '0', '0', '0000-00-00', NULL, NULL, '', '0', NULL, '0'),
('406', '10', '23', '2018-10-30', '101001', '', '-10', '0', '0', '2', '7', '0', '0', '0000-00-00', NULL, NULL, '', '0', NULL, '0'),
('407', '1', '7', '2018-10-30', '501001', '', '500', '1', '0', NULL, NULL, '0', '0', '2018-10-30', NULL, NULL, '', '0', NULL, '0'),
('408', '1', '7', '2018-10-30', '301002', '', '500', '0', '0', NULL, NULL, '0', '0', '2018-10-30', NULL, NULL, '', '0', NULL, '0'),
('409', '1', '7', '2018-10-30', '1012005', '', '-1000', '0', '0', NULL, NULL, '0', '0', '2018-10-30', NULL, NULL, '', '', NULL, '0'),
('410', '1', '8', '2018-10-30', '201001', '', '5000', '0', '0', '3', '5', '0', '0', '2018-10-30', NULL, NULL, '', '0', NULL, '0'),
('411', '1', '8', '2018-10-30', '503003', '', '5000', '0', '0', NULL, NULL, '0', '0', '2018-10-30', NULL, NULL, '', '0', NULL, '0'),
('412', '1', '8', '2018-10-30', '1012005', '', '-10000', '0', '0', NULL, NULL, '0', '0', '2018-10-30', NULL, NULL, '', '', NULL, '0'),
('413', '0', '10', '2018-10-30', '101001', '', '5000', '0', '0', '2', '4', '0', '0', '0000-00-00', NULL, NULL, '', '', NULL, '0'),
('414', '0', '10', '2018-10-30', '301002', '', '-5000', '0', '0', NULL, NULL, '0', '0', '0000-00-00', NULL, NULL, '', '', NULL, '0'),
('415', '20', '34', '2018-10-30', '201003', '', '1700', '0', '0', NULL, NULL, '0', '0', '0000-00-00', NULL, NULL, '', '0', NULL, '0'),
('416', '20', '34', '2018-10-30', '101001', '', '500', '0', '0', '3', '5', '0', '0', '0000-00-00', NULL, NULL, '', '0', NULL, '0'),
('417', '20', '34', '2018-10-30', '201001', '', '-12200', '0', '0', '3', '5', '0', '0', '0000-00-00', NULL, NULL, '', '0', NULL, '0'),
('418', '20', '34', '2018-10-30', '102001', '', '10000', '0', '0', NULL, NULL, '0', '0', '0000-00-00', NULL, NULL, '', '0', NULL, '0'),
('419', '20', '35', '2018-10-30', '201001', '', '0', '0', '0', '3', '11', '0', '0', '0000-00-00', NULL, NULL, '', '0', NULL, '1'),
('420', '20', '35', '2018-10-30', '102001', '', '0', '0', '0', NULL, NULL, '0', '0', '0000-00-00', NULL, NULL, '', '0', NULL, '1'),
('421', '20', '35', '2018-10-30', '102001', '', '0', '0', '0', NULL, NULL, '0', '0', '0000-00-00', NULL, NULL, '', '0', NULL, '1'),
('422', '20', '36', '2018-10-30', '201001', '', '-2550', '0', '0', '3', '11', '0', '0', '0000-00-00', NULL, NULL, '', '0', NULL, '0'),
('423', '20', '36', '2018-10-30', '102001', '', '0', '0', '0', NULL, NULL, '0', '0', '0000-00-00', NULL, NULL, '', '0', NULL, '0'),
('424', '20', '36', '2018-10-30', '102001', '', '2500', '0', '0', NULL, NULL, '0', '0', '0000-00-00', NULL, NULL, '', '0', NULL, '0'),
('425', '20', '36', '2018-10-30', '102001', 'GRN Provision', '50', '0', '0', NULL, NULL, '0', '0', '0000-00-00', NULL, NULL, '', '', NULL, '0'),
('426', '22', '13', '2018-10-30', '201001', '0', '2550', '0', '0', '3', '11', '0', '0', '2018-10-30', NULL, NULL, '', '0', NULL, '1'),
('427', '22', '13', '2018-10-30', '1012001', '', '-2550', '0', '0', NULL, NULL, '0', '0', '2018-10-30', NULL, NULL, '', '', NULL, '1'),
('428', '42', '2', '2018-10-30', '403001', '', '-10000', '0', '0', NULL, NULL, '0', '0', '0020-00-00', NULL, NULL, '', '0', NULL, '1'),
('429', '42', '2', '2018-10-30', '1011001', '', '10000', '0', '0', NULL, NULL, '0', '0', '0020-00-00', NULL, NULL, '', '', NULL, '1'),
('430', '41', '3', '2018-10-30', '501001', '', '80000', '0', '0', NULL, NULL, '0', '0', '0020-00-00', NULL, NULL, '', '0', NULL, '0'),
('431', '41', '3', '2018-10-30', '1011001', '', '-80000', '0', '0', NULL, NULL, '0', '0', '0020-00-00', NULL, NULL, '', '', NULL, '0'),
('432', '0', '11', '2018-10-31', '201001', '', '-500', '1', '0', '3', '1', '0', '0', '0000-00-00', NULL, NULL, '', '', NULL, '0'),
('433', '0', '11', '2018-10-31', '301002', '', '500', '0', '0', NULL, NULL, '0', '0', '0000-00-00', NULL, NULL, '', '', NULL, '0'),
('434', '22', '14', '2018-10-31', '201001', '0', '785', '0', '0', '3', '5', '0', '0', '2018-10-31', NULL, NULL, '', '0', NULL, '0'),
('435', '22', '14', '2018-10-31', '1011001', '', '-785', '0', '0', NULL, NULL, '0', '0', '2018-10-31', NULL, NULL, '', '', NULL, '0'),
('436', '35', '1', '2018-10-31', '501004', '', '-49000', '0', '0', NULL, NULL, '0', '0', '0000-00-00', NULL, NULL, '', '', NULL, '0'),
('437', '35', '1', '2018-10-31', '102001', '', '49000', '0', '0', NULL, NULL, '0', '0', '0000-00-00', NULL, NULL, '', '', NULL, '0'),
('438', '28', '2', '2018-10-31', '102001', '31-10-2018: Issue of A-HO 20/30 SEA BREAM', '-2000', '0', '0', NULL, NULL, '0', '0', '0000-00-00', NULL, NULL, '', '', NULL, '0'),
('439', '28', '2', '2018-10-31', '102001', '31-10-2018: Issue of ROYAL FAN', '-4000', '0', '0', NULL, NULL, '0', '0', '0000-00-00', NULL, NULL, '', '', NULL, '0'),
('440', '28', '2', '2018-10-31', '102003', '31-10-2018: Issue to AUX DAIKOOL 1 TON INV, SET', '6000', '0', '0', NULL, NULL, '0', '0', '0000-00-00', NULL, NULL, '', '', NULL, '0'),
('441', '29', '1', '2018-10-31', '102001', '31-10-2018: 4 * A-HO 20/30 SEA BREAM', '-160000', '0', '0', NULL, NULL, '0', '0', '0000-00-00', NULL, NULL, '', '', NULL, '0'),
('442', '29', '1', '2018-10-31', '102001', '31-10-2018: 1 * ROYAL FAN', '-80000', '0', '0', NULL, NULL, '0', '0', '0000-00-00', NULL, NULL, '', '', NULL, '0'),
('443', '29', '1', '2018-10-31', '102003', '31-10-2018: 50 * COPPER TUBE 3/8', '240000', '0', '0', NULL, NULL, '0', '0', '0000-00-00', NULL, NULL, '', '', NULL, '0'),
('444', '13', '30', '2018-10-31', '501001', '', '0', '0', '0', NULL, NULL, '0', '0', '0000-00-00', NULL, NULL, '', '', NULL, '0'),
('445', '13', '30', '2018-10-31', '102001', '', '0', '0', '0', NULL, NULL, '0', '0', '0000-00-00', NULL, NULL, '', '', NULL, '0'),
('446', '10', '24', '2018-10-31', '403001', '', '0', '0', '0', NULL, NULL, '0', '0', '0000-00-00', NULL, NULL, '', '0', NULL, '0'),
('447', '10', '24', '2018-10-31', '101001', '', '0', '0', '0', '2', '15', '0', '0', '0000-00-00', NULL, NULL, '', '0', NULL, '0'),
('448', '10', '24', '2018-10-31', '201004', '', '0', '0', '0', NULL, NULL, '0', '0', '0000-00-00', NULL, NULL, '', '0', NULL, '0'),
('449', '10', '24', '2018-10-31', '101001', '', '0', '0', '0', '2', '15', '0', '0', '0000-00-00', NULL, NULL, '', '0', NULL, '0'),
('450', '12', '14', '2018-10-31', '1012009', '', '100', '0', '0', NULL, NULL, '0', '0', '2018-10-31', NULL, NULL, '', '452003', NULL, '0'),
('451', '12', '14', '2018-10-31', '101001', '', '-100', '0', '0', '2', '15', '452003', '0', '2018-10-31', NULL, NULL, '', '0', NULL, '0'),
('452', '4', '2', '2018-10-31', '1012009', 'From Cheque in Hand To Petty Cash', '-100', '0', '0', NULL, NULL, '452003', '0', '2018-10-31', NULL, NULL, '', '', NULL, '0'),
('453', '4', '2', '2018-10-31', '1011002', 'From Cheque in Hand To Petty Cash', '100', '0', '0', NULL, NULL, '452003', '0', '2018-10-31', NULL, NULL, '', '', NULL, '0'),
('454', '4', '3', '2018-10-31', '1011002', 'From Petty Cash To Cheque in Hand', '-100', '0', '0', NULL, NULL, '452003', '0', '2018-10-31', NULL, NULL, '', '', NULL, '0'),
('455', '4', '3', '2018-10-31', '1012009', 'From Petty Cash To Cheque in Hand', '100', '0', '0', NULL, NULL, '452003', '0', '2018-10-31', NULL, NULL, '', '', NULL, '0'),
('456', '1', '9', '2018-10-31', '501001', '', '100', '0', '0', NULL, NULL, '452003', '0', '2018-10-31', NULL, NULL, '', '0', NULL, '0'),
('457', '1', '9', '2018-10-31', '1012009', '', '-100', '0', '0', NULL, NULL, '452003', '0', '2018-10-31', NULL, NULL, '', '', NULL, '0'),
('458', '1', '10', '2018-10-31', '501001', '', '1200', '0', '0', NULL, NULL, '2003', '0', '2018-10-31', NULL, NULL, '', '0', NULL, '0'),
('459', '1', '10', '2018-10-31', '1012005', '', '-1200', '0', '0', NULL, NULL, '2003', '0', '2018-10-31', NULL, NULL, '', '', NULL, '0'),
('460', '1', '11', '2018-10-31', '501001', '', '500', '0', '0', NULL, NULL, '4562', '0', '2018-10-31', NULL, NULL, '', '0', NULL, '0'),
('461', '1', '11', '2018-10-31', '1012005', '', '-500', '0', '0', NULL, NULL, '4562', '0', '2018-10-31', NULL, NULL, '', '', NULL, '0'),
('462', '1', '12', '2018-10-31', '501001', '', '1520', '0', '0', NULL, NULL, '3005', '0', '2018-10-31', NULL, NULL, '', '0', NULL, '0'),
('463', '1', '12', '2018-10-31', '1012005', '', '-1520', '0', '0', NULL, NULL, '3005', '0', '2018-10-31', NULL, NULL, '', '', NULL, '0'),
('464', '13', '31', '2018-10-31', '501001', '', '58333.33', '0', '0', NULL, NULL, '0', '0', '0000-00-00', NULL, NULL, '', '', NULL, '0'),
('465', '13', '31', '2018-10-31', '102001', '', '-58333.33', '0', '0', NULL, NULL, '0', '0', '0000-00-00', NULL, NULL, '', '', NULL, '0'),
('466', '10', '25', '2018-10-31', '403001', '', '-120', '0', '0', NULL, NULL, '0', '0', '0000-00-00', NULL, NULL, '', '0', NULL, '0'),
('467', '10', '25', '2018-10-31', '101001', '', '146.4', '0', '0', '2', '15', '0', '0', '0000-00-00', NULL, NULL, '', '0', NULL, '0'),
('468', '10', '25', '2018-10-31', '201004', '', '-20.4', '0', '0', NULL, NULL, '0', '0', '0000-00-00', NULL, NULL, '', '0', NULL, '0'),
('469', '10', '25', '2018-10-31', '101001', '', '-6', '0', '0', '2', '15', '0', '0', '0000-00-00', NULL, NULL, '', '0', NULL, '0'),
('470', '29', '2', '2018-10-31', '102001', '31-10-2018: 4 * A-HO 20/30 SEA BREAM', '-640000', '0', '0', NULL, NULL, '0', '0', '0000-00-00', NULL, NULL, '', '', NULL, '0'),
('471', '29', '2', '2018-10-31', '102001', '31-10-2018: 1 * ROYAL FAN', '-320000', '0', '0', NULL, NULL, '0', '0', '0000-00-00', NULL, NULL, '', '', NULL, '0'),
('472', '29', '2', '2018-10-31', '102003', '31-10-2018: 50 * COPPER TUBE 3/8', '960000', '0', '0', NULL, NULL, '0', '0', '0000-00-00', NULL, NULL, '', '', NULL, '0'),
('473', '26', '2', '2018-10-31', '102003', '', '-1206000', '0', '0', NULL, NULL, '0', '0', '0000-00-00', NULL, NULL, '', '', NULL, '0'),
('474', '26', '2', '2018-10-31', '102001', '', '1206000', '0', '0', NULL, NULL, '0', '0', '0000-00-00', NULL, NULL, '', '', NULL, '0'),
('475', '20', '37', '2018-11-01', '201003', '', '170', '0', '0', NULL, NULL, '0', '0', '0000-00-00', NULL, NULL, '', '0', NULL, '0'),
('476', '20', '37', '2018-11-01', '101001', '', '50', '0', '0', '3', '5', '0', '0', '0000-00-00', NULL, NULL, '', '0', NULL, '0'),
('477', '20', '37', '2018-11-01', '201001', '', '-1220', '0', '0', '3', '5', '0', '0', '0000-00-00', NULL, NULL, '', '0', NULL, '0'),
('478', '20', '37', '2018-11-01', '102001', '', '1000', '0', '0', NULL, NULL, '0', '0', '0000-00-00', NULL, NULL, '', '0', NULL, '0'),
('479', '12', '15', '2018-11-01', '1012002', '', '120', '0', '0', NULL, NULL, '0', '0', '2018-11-01', NULL, NULL, '', '', NULL, '0'),
('480', '12', '15', '2018-11-01', '101001', '', '-120', '0', '0', '2', '2', '0', '0', '2018-11-01', NULL, NULL, '', '0', NULL, '0'),
('481', '17', '1', '2018-11-01', '501004', '', '-1100', '0', '0', NULL, NULL, '0', '0', '0000-00-00', NULL, NULL, '', '', NULL, '0'),
('482', '17', '1', '2018-11-01', '102001', '', '1100', '0', '0', NULL, NULL, '0', '0', '0000-00-00', NULL, NULL, '', '', NULL, '0'),
('483', '17', '2', '2018-11-01', '501004', '', '-2000', '0', '0', NULL, NULL, '0', '0', '0000-00-00', NULL, NULL, '', '', NULL, '0'),
('484', '17', '2', '2018-11-01', '102001', '', '2000', '0', '0', NULL, NULL, '0', '0', '0000-00-00', NULL, NULL, '', '', NULL, '0'),
('485', '22', '15', '2018-11-01', '201001', '0', '357669', '0', '0', '3', '5', '0', '0', '2018-11-16', NULL, NULL, '', '0', NULL, '0'),
('486', '22', '15', '2018-11-01', '503007', '', '357669', '0', '0', NULL, NULL, '0', '0', '2018-11-16', NULL, NULL, '', '', NULL, '0'),
('487', '22', '15', '2018-11-01', '1012003', '', '0', '0', '0', NULL, NULL, '0', '0', '2018-11-16', NULL, NULL, '', '', NULL, '0'),
('488', '22', '15', '2018-11-01', '402003', '', '-715338', '0', '0', NULL, NULL, '0', '0', '2018-11-16', NULL, NULL, '', '', NULL, '0'),
('489', '1', '13', '2018-11-01', '201001', '', '500000', '1', '0', '3', '4', '1895331', '0', '2018-11-01', NULL, NULL, '', '0', NULL, '0'),
('490', '1', '13', '2018-11-01', '201001', '', '200000', '1', '0', '3', '4', '1895331', '0', '2018-11-01', NULL, NULL, '', '0', NULL, '0'),
('491', '1', '13', '2018-11-01', '1012001', '', '-700000', '0', '0', NULL, NULL, '1895331', '0', '2018-11-01', NULL, NULL, '', '', NULL, '0'),
('492', '17', '3', '2018-11-01', '501004', '', '-500', '0', '0', NULL, NULL, '0', '0', '0000-00-00', NULL, NULL, '', '', NULL, '0'),
('493', '17', '3', '2018-11-01', '102001', '', '500', '0', '0', NULL, NULL, '0', '0', '0000-00-00', NULL, NULL, '', '', NULL, '0'),
('494', '29', '3', '2018-11-01', '102001', '01-11-2018: 10 * Haldi', '-1000', '0', '0', NULL, NULL, '0', '0', '0000-00-00', NULL, NULL, '', '', NULL, '0'),
('495', '29', '3', '2018-11-01', '102001', '01-11-2018: 12 * Zera', '-1200', '0', '0', NULL, NULL, '0', '0', '0000-00-00', NULL, NULL, '', '', NULL, '0'),
('496', '29', '3', '2018-11-01', '102003', '01-11-2018: 12 * Zera', '2200', '0', '0', NULL, NULL, '0', '0', '0000-00-00', NULL, NULL, '', '', NULL, '0'),
('497', '26', '4', '2018-11-01', '102003', '', '-2200', '0', '0', NULL, NULL, '0', '0', '0000-00-00', NULL, NULL, '', '', NULL, '0'),
('498', '26', '4', '2018-11-01', '102001', '', '2200', '0', '0', NULL, NULL, '0', '0', '0000-00-00', NULL, NULL, '', '', NULL, '0'),
('499', '28', '3', '2018-11-01', '102001', '01-11-2018: Issue of panadol ', '-4403.44', '0', '0', NULL, NULL, '0', '0', '0000-00-00', NULL, NULL, '', '', NULL, '0'),
('500', '28', '3', '2018-11-01', '102003', '01-11-2018: Issue to Daikool 5685', '4403.44', '0', '0', NULL, NULL, '0', '0', '0000-00-00', NULL, NULL, '', '', NULL, '0'),
('501', '20', '38', '2018-11-02', '201003', '', '17000', '0', '0', NULL, NULL, '0', '0', '0000-00-00', NULL, NULL, '', '0', NULL, '0'),
('502', '20', '38', '2018-11-02', '101001', '', '5000', '0', '0', '3', '5', '0', '0', '0000-00-00', NULL, NULL, '', '0', NULL, '0'),
('503', '20', '38', '2018-11-02', '201001', '', '-122000', '0', '0', '3', '5', '0', '0', '0000-00-00', NULL, NULL, '', '0', NULL, '0'),
('504', '20', '38', '2018-11-02', '102001', '', '100000', '0', '0', NULL, NULL, '0', '0', '0000-00-00', NULL, NULL, '', '0', NULL, '0'),
('505', '20', '39', '2018-11-02', '201003', '', '85000', '0', '0', NULL, NULL, '0', '0', '0000-00-00', NULL, NULL, '', '0', NULL, '0'),
('506', '20', '39', '2018-11-02', '101001', '', '25000', '0', '0', '3', '5', '0', '0', '0000-00-00', NULL, NULL, '', '0', NULL, '0'),
('507', '20', '39', '2018-11-02', '201001', '', '-610000', '0', '0', '3', '5', '0', '0', '0000-00-00', NULL, NULL, '', '0', NULL, '0'),
('508', '20', '39', '2018-11-02', '102001', '', '500000', '0', '0', NULL, NULL, '0', '0', '0000-00-00', NULL, NULL, '', '0', NULL, '0'),
('509', '17', '4', '2018-11-02', '501004', '', '-150000', '0', '0', NULL, NULL, '0', '0', '0000-00-00', NULL, NULL, '', '', NULL, '0'),
('510', '17', '4', '2018-11-02', '102001', '', '150000', '0', '0', NULL, NULL, '0', '0', '0000-00-00', NULL, NULL, '', '', NULL, '0'),
('511', '17', '4', '2018-11-02', '501004', '', '-75000', '0', '0', NULL, NULL, '0', '0', '0000-00-00', NULL, NULL, '', '', NULL, '0'),
('512', '17', '4', '2018-11-02', '102001', '', '75000', '0', '0', NULL, NULL, '0', '0', '0000-00-00', NULL, NULL, '', '', NULL, '0'),
('513', '13', '32', '2018-11-02', '501001', '', '1500', '0', '0', NULL, NULL, '0', '0', '0000-00-00', NULL, NULL, '', '', NULL, '0'),
('514', '13', '32', '2018-11-02', '102001', '', '-1500', '0', '0', NULL, NULL, '0', '0', '0000-00-00', NULL, NULL, '', '', NULL, '0'),
('515', '13', '33', '2018-10-01', '501001', '', '57771.24', '0', '0', NULL, NULL, '0', '0', '0000-00-00', NULL, NULL, '', '', NULL, '0'),
('516', '13', '33', '2018-10-01', '102001', '', '-57771.24', '0', '0', NULL, NULL, '0', '0', '0000-00-00', NULL, NULL, '', '', NULL, '0'),
('517', '10', '26', '2018-10-01', '403001', '', '-10000', '0', '0', NULL, NULL, '0', '0', '0000-00-00', NULL, NULL, '', '0', NULL, '0'),
('518', '10', '26', '2018-10-01', '101001', '', '12200', '0', '0', '2', '16', '0', '0', '0000-00-00', NULL, NULL, '', '0', NULL, '0'),
('519', '10', '26', '2018-10-01', '201004', '', '-1700', '0', '0', NULL, NULL, '0', '0', '0000-00-00', NULL, NULL, '', '0', NULL, '0'),
('520', '10', '26', '2018-10-01', '101001', '', '-500', '0', '0', '2', '16', '0', '0', '0000-00-00', NULL, NULL, '', '0', NULL, '0'),
('521', '12', '16', '2018-10-15', '1011001', '', '10000', '0', '0', NULL, NULL, '0', '0', '0000-00-00', NULL, NULL, '', '', NULL, '0'),
('522', '12', '16', '2018-10-15', '101001', '', '-10000', '0', '0', '2', '16', '0', '0', '0000-00-00', NULL, NULL, '', '0', NULL, '0'),
('523', '0', '12', '2018-11-02', '101006', '', '120', '0', '0', NULL, NULL, '0', '0', '0000-00-00', NULL, NULL, '', '', NULL, '0'),
('524', '0', '12', '2018-11-02', '101010', '', '-120', '0', '0', NULL, NULL, '0', '0', '0000-00-00', NULL, NULL, '', '', NULL, '0'),
('525', '0', '13', '2018-11-02', '1011002', '', '0', '0', '0', NULL, NULL, '0', '0', '0000-00-00', NULL, NULL, '', '', NULL, '0'),
('526', '0', '13', '2018-11-02', '1013003', '', '0', '0', '0', NULL, NULL, '0', '0', '0000-00-00', NULL, NULL, '', '', NULL, '0'),
('527', '0', '14', '2018-11-02', '1011002', '', '120', '0', '0', NULL, NULL, '0', '0', '0000-00-00', NULL, NULL, '', '', NULL, '0'),
('528', '0', '14', '2018-11-02', '1013003', '', '-120', '0', '0', NULL, NULL, '0', '0', '0000-00-00', NULL, NULL, '', '', NULL, '0'),
('529', '0', '15', '2018-11-02', '101010', '', '120', '0', '0', NULL, NULL, '0', '0', '0000-00-00', NULL, NULL, '', '', NULL, '0'),
('530', '0', '15', '2018-11-02', '101005', '', '-120', '0', '0', NULL, NULL, '0', '0', '0000-00-00', NULL, NULL, '', '', NULL, '0'),
('531', '0', '16', '2018-11-02', '101012', '', '120', '0', '0', NULL, NULL, '0', '0', '0000-00-00', NULL, NULL, '', '', NULL, '0'),
('532', '0', '16', '2018-11-02', '101010', '', '-120', '0', '0', NULL, NULL, '0', '0', '0000-00-00', NULL, NULL, '', '', NULL, '0'),
('533', '0', '17', '2018-11-02', '101013', '', '12000', '0', '0', NULL, NULL, '0', '0', '0000-00-00', NULL, NULL, '', '', NULL, '0'),
('534', '0', '17', '2018-11-02', '1013007', '', '-12000', '0', '0', NULL, NULL, '0', '0', '0000-00-00', NULL, NULL, '', '', NULL, '0'),
('535', '0', '18', '2018-11-02', '1012004', '', '0.76', '0', '0', NULL, NULL, '0', '0', '0000-00-00', NULL, NULL, '', '', NULL, '0'),
('536', '0', '18', '2018-11-02', '102002', '', '-0.76', '0', '0', NULL, NULL, '0', '0', '0000-00-00', NULL, NULL, '', '', NULL, '0'),
('537', '0', '19', '2018-11-02', '1012001', '', '114', '0', '0', NULL, NULL, '0', '0', '0000-00-00', NULL, NULL, '', '', NULL, '0'),
('538', '0', '19', '2018-11-02', '1012006', '', '-114', '0', '0', NULL, NULL, '0', '0', '0000-00-00', NULL, NULL, '', '', NULL, '0'),
('539', '12', '17', '2018-10-14', '1012005', '', '2200', '0', '0', NULL, NULL, '0', '0', '2018-11-02', NULL, NULL, '', '', NULL, '0'),
('540', '12', '17', '2018-10-14', '101001', '', '-2200', '0', '0', '2', '16', '0', '0', '2018-11-02', NULL, NULL, '', '0', NULL, '0'),
('541', '10', '27', '2018-11-03', '403001', '', '-700', '0', '0', NULL, NULL, '0', '0', '0000-00-00', NULL, NULL, '', '0', NULL, '0'),
('542', '10', '27', '2018-11-03', '101001', '', '819', '0', '0', '2', '4', '0', '0', '0000-00-00', NULL, NULL, '', '0', NULL, '0'),
('543', '10', '27', '2018-11-03', '201004', '', '-119', '0', '0', NULL, NULL, '0', '0', '0000-00-00', NULL, NULL, '', '0', NULL, '0'),
('544', '10', '28', '2018-11-03', '403001', '', '-700', '0', '0', NULL, NULL, '0', '0', '0000-00-00', NULL, NULL, '', '0', NULL, '0'),
('545', '10', '28', '2018-11-03', '101001', '', '819', '0', '0', '2', '4', '0', '0', '0000-00-00', NULL, NULL, '', '0', NULL, '0'),
('546', '10', '28', '2018-11-03', '201004', '', '-119', '0', '0', NULL, NULL, '0', '0', '0000-00-00', NULL, NULL, '', '0', NULL, '0'),
('547', '20', '40', '2018-11-06', '201003', '', '1088', '0', '0', NULL, NULL, '0', '0', '0000-00-00', NULL, NULL, '', '0', NULL, '0'),
('548', '20', '40', '2018-11-06', '201001', '', '-7488', '0', '0', '3', '14', '0', '0', '0000-00-00', NULL, NULL, '', '0', NULL, '0'),
('549', '20', '40', '2018-11-06', '102001', '', '6410', '0', '0', NULL, NULL, '0', '0', '0000-00-00', NULL, NULL, '', '0', NULL, '0'),
('550', '20', '40', '2018-11-06', '102001', 'GRN Provision', '-10', '0', '0', NULL, NULL, '0', '0', '0000-00-00', NULL, NULL, '', '', NULL, '0'),
('551', '22', '16', '2018-11-06', '201001', '0', '0', '0', '0', '3', '14', '0', '0', '2018-11-06', NULL, NULL, '', '0', NULL, '0'),
('552', '22', '16', '2018-11-06', '1012007', '', '0', '0', '0', NULL, NULL, '0', '0', '2018-11-06', NULL, NULL, '', '', NULL, '0'),
('553', '22', '17', '2018-11-06', '201001', '0', '5000', '0', '0', '3', '14', '43543', '0', '2018-11-06', NULL, NULL, '', '0', NULL, '0'),
('554', '22', '17', '2018-11-06', '1011001', '', '-5000', '0', '0', NULL, NULL, '43543', '0', '2018-11-06', NULL, NULL, '', '43543', NULL, '0'),
('555', '4', '4', '2018-11-06', '1012005', 'From APNA SANK  To Petty Cash', '-100000', '0', '0', NULL, NULL, '0', '0', '2018-11-06', NULL, NULL, '', '', NULL, '0'),
('556', '4', '4', '2018-11-06', '1011002', 'From APNA SANK  To Petty Cash', '100000', '0', '0', NULL, NULL, '0', '0', '2018-11-06', NULL, NULL, '', '', NULL, '0'),
('557', '41', '4', '2018-11-06', '50319', 'chair repair', '0', '0', '0', NULL, NULL, '0', '0', '0020-00-00', NULL, NULL, '', '0', NULL, '0'),
('558', '41', '4', '2018-11-06', '1011002', '', '0', '0', '0', NULL, NULL, '0', '0', '0020-00-00', NULL, NULL, '', '', NULL, '0'),
('559', '41', '5', '2018-11-06', '50319', 'chair repair', '2000', '0', '0', NULL, NULL, '0', '0', '0020-00-00', NULL, NULL, '', '0', NULL, '0'),
('560', '41', '5', '2018-11-06', '1011002', 'chair repair	', '-2000', '0', '0', NULL, NULL, '0', '0', '0020-00-00', NULL, NULL, '', '', NULL, '0'),
('561', '43', '6', '2018-11-06', '101002', '', '-211988', '0', '0', NULL, NULL, '0', '0', NULL, NULL, NULL, '', '', NULL, '0'),
('562', '43', '6', '2018-11-06', '102001', '', '120955', '0', '0', NULL, NULL, '0', '0', '0000-00-00', NULL, NULL, '', '0', NULL, '0'),
('563', '43', '6', '2018-11-06', '102001', '', '508', '0', '0', NULL, NULL, '0', '0', NULL, NULL, NULL, '', '', NULL, '0'),
('564', '43', '6', '2018-11-06', '102001', '', '513', '0', '0', NULL, NULL, '0', '0', NULL, NULL, NULL, '', '', NULL, '0'),
('565', '43', '6', '2018-11-06', '102001', '', '11402', '0', '0', NULL, NULL, '0', '0', NULL, NULL, NULL, '', '', NULL, '0'),
('566', '43', '6', '2018-11-06', '102001', '', '10365', '0', '0', NULL, NULL, '0', '0', NULL, NULL, NULL, '', '', NULL, '0'),
('567', '43', '6', '2018-11-06', '102001', '', '12511', '0', '0', NULL, NULL, '0', '0', NULL, NULL, NULL, '', '', NULL, '0'),
('568', '43', '6', '2018-11-06', '101001', '', '5166', '0', '0', NULL, NULL, '0', '0', NULL, NULL, NULL, '', '', NULL, '0'),
('569', '43', '6', '2018-11-06', '102001', '', '2208', '0', '0', NULL, NULL, '0', '0', NULL, NULL, NULL, '', '', NULL, '0'),
('570', '43', '6', '2018-11-06', '102001', '', '48358.95', '0', '0', NULL, NULL, '0', '0', NULL, NULL, NULL, '', '', NULL, '0'),
('571', '43', '6', '2018-11-06', '402003', '', '1.05', '0', '0', NULL, NULL, '0', '0', '0000-00-00', NULL, NULL, '', '', NULL, '0'),
('572', '20', '41', '2018-11-07', '201003', '', '382500', '0', '0', NULL, NULL, '0', '0', '0000-00-00', NULL, NULL, '', '0', NULL, '0'),
('573', '20', '41', '2018-11-07', '101001', '', '112500', '0', '0', '3', '4', '0', '0', '0000-00-00', NULL, NULL, '', '0', NULL, '0'),
('574', '20', '41', '2018-11-07', '201001', '', '-2745000', '0', '0', '3', '4', '0', '0', '0000-00-00', NULL, NULL, '', '0', NULL, '0'),
('575', '20', '41', '2018-11-07', '102001', '', '2250000', '0', '0', NULL, NULL, '0', '0', '0000-00-00', NULL, NULL, '', '0', NULL, '0'),
('576', '22', '18', '2018-11-07', '201001', '0', '2745183', '0', '0', '3', '4', '0', '0', '2018-11-07', NULL, NULL, '', '0', NULL, '0'),
('577', '22', '18', '2018-11-07', '1012004', '', '-2745183', '0', '0', NULL, NULL, '0', '0', '2018-11-07', NULL, NULL, '', '', NULL, '0'),
('578', '20', '42', '2018-11-07', '201001', '', '-68400', '0', '0', '3', '11', '0', '0', '0000-00-00', NULL, NULL, '', '0', NULL, '0'),
('579', '20', '42', '2018-11-07', '102001', '', '67200', '0', '0', NULL, NULL, '0', '0', '0000-00-00', NULL, NULL, '', '0', NULL, '0'),
('580', '20', '42', '2018-11-07', '102001', '', '1200', '0', '0', NULL, NULL, '0', '0', '0000-00-00', NULL, NULL, '', '0', NULL, '0'),
('581', '22', '19', '2018-11-07', '201001', '0', '1000', '0', '0', '3', '5', '0', '0', '2018-11-07', NULL, NULL, '', '0', NULL, '0'),
('582', '22', '19', '2018-11-07', '1011001', '', '-1000', '0', '0', NULL, NULL, '0', '0', '2018-11-07', NULL, NULL, '', '', NULL, '0'),
('583', '20', '43', '2018-11-07', '201003', '', '179', '0', '0', NULL, NULL, '0', '0', '0000-00-00', NULL, NULL, '', '0', NULL, '0'),
('584', '20', '43', '2018-11-07', '101001', '', '53', '0', '0', '3', '5', '0', '0', '0000-00-00', NULL, NULL, '', '0', NULL, '0'),
('585', '20', '43', '2018-11-07', '201001', '', '-1281', '0', '0', '3', '5', '0', '0', '0000-00-00', NULL, NULL, '', '0', NULL, '0'),
('586', '20', '43', '2018-11-07', '102001', '', '1050', '0', '0', NULL, NULL, '0', '0', '0000-00-00', NULL, NULL, '', '0', NULL, '0'),
('587', '20', '43', '2018-11-07', '402003', '', '-1', '0', '0', NULL, NULL, '0', '0', '0000-00-00', NULL, NULL, '', '', NULL, '0'),
('588', '22', '20', '2018-11-07', '201001', '0', '117000', '0', '0', '3', '5', '0', '0', '2018-11-07', NULL, NULL, '', '0', NULL, '0'),
('589', '22', '20', '2018-11-07', '1011001', '', '-117000', '0', '0', NULL, NULL, '0', '0', '2018-11-07', NULL, NULL, '', '', NULL, '0'),
('590', '13', '36', '2018-11-07', '501001', '', '36500', '0', '0', NULL, NULL, '0', '0', '0000-00-00', NULL, NULL, '', '', NULL, '0'),
('591', '13', '36', '2018-11-07', '102001', '', '-36500', '0', '0', NULL, NULL, '0', '0', '0000-00-00', NULL, NULL, '', '', NULL, '0'),
('592', '13', '36', '2018-11-07', '501001', '', '147088.19', '0', '0', NULL, NULL, '0', '0', '0000-00-00', NULL, NULL, '', '', NULL, '0'),
('593', '13', '36', '2018-11-07', '102001', '', '-147088.19', '0', '0', NULL, NULL, '0', '0', '0000-00-00', NULL, NULL, '', '', NULL, '0'),
('594', '10', '29', '2018-11-07', '403001', '', '-54750', '0', '0', NULL, NULL, '0', '0', '0000-00-00', NULL, NULL, '', '0', NULL, '0'),
('595', '10', '29', '2018-11-07', '403001', '', '-48800', '0', '0', NULL, NULL, '0', '0', '0000-00-00', NULL, NULL, '', '0', NULL, '0'),
('596', '10', '29', '2018-11-07', '101001', '', '126331', '0', '0', '2', '7', '0', '0', '0000-00-00', NULL, NULL, '', '0', NULL, '0'),
('597', '10', '29', '2018-11-07', '201004', '', '-17604', '0', '0', NULL, NULL, '0', '0', '0000-00-00', NULL, NULL, '', '0', NULL, '0'),
('598', '10', '29', '2018-11-07', '101001', '', '-5178', '0', '0', '2', '7', '0', '0', '0000-00-00', NULL, NULL, '', '0', NULL, '0'),
('599', '10', '29', '2018-11-07', '402003', '', '1', '0', '0', NULL, NULL, '0', '0', '0000-00-00', NULL, NULL, '', '', NULL, '0'),
('600', '12', '18', '2018-11-07', '1011001', '', '166462', '0', '0', NULL, NULL, '0', '0', '0000-00-00', NULL, NULL, '', '', NULL, '0'),
('601', '12', '18', '2018-11-07', '101001', '', '-166462', '0', '0', '2', '7', '0', '0', '0000-00-00', NULL, NULL, '', '0', NULL, '0'),
('602', '22', '21', '2018-11-07', '201001', '0', '234000', '0', '0', '3', '5', '0', '0', '2018-11-07', NULL, NULL, '', '0', NULL, '0'),
('603', '22', '21', '2018-11-07', '1011001', '', '-234000', '0', '0', NULL, NULL, '0', '0', '2018-11-07', NULL, NULL, '', '', NULL, '0'),
('604', '13', '37', '2018-11-07', '501001', '', '29031.41', '0', '0', NULL, NULL, '0', '0', '0000-00-00', NULL, NULL, '', '', NULL, '0'),
('605', '13', '37', '2018-11-07', '102001', '', '-29031.41', '0', '0', NULL, NULL, '0', '0', '0000-00-00', NULL, NULL, '', '', NULL, '0'),
('606', '10', '30', '2018-11-07', '403001', '', '-10', '0', '0', NULL, NULL, '0', '0', '0000-00-00', NULL, NULL, '', '0', NULL, '0'),
('607', '10', '30', '2018-11-07', '101001', '', '12', '0', '0', '2', '3', '0', '0', '0000-00-00', NULL, NULL, '', '0', NULL, '0'),
('608', '10', '30', '2018-11-07', '201004', '', '-2', '0', '0', NULL, NULL, '0', '0', '0000-00-00', NULL, NULL, '', '0', NULL, '0'),
('609', '10', '30', '2018-11-07', '101001', '', '-1', '0', '0', '2', '3', '0', '0', '0000-00-00', NULL, NULL, '', '0', NULL, '0'),
('610', '10', '30', '2018-11-07', '402003', '', '1', '0', '0', NULL, NULL, '0', '0', '0000-00-00', NULL, NULL, '', '', NULL, '0'),
('611', '13', '38', '2018-11-07', '501001', '', '602.82', '0', '0', NULL, NULL, '0', '0', '0000-00-00', NULL, NULL, '', '', NULL, '0'),
('612', '13', '38', '2018-11-07', '102001', '', '-602.82', '0', '0', NULL, NULL, '0', '0', '0000-00-00', NULL, NULL, '', '', NULL, '0'),
('613', '10', '31', '2018-11-07', '403001', '', '-110502', '0', '0', NULL, NULL, '0', '0', '0000-00-00', NULL, NULL, '', '0', NULL, '0'),
('614', '10', '31', '2018-11-07', '101001', '', '129288', '0', '0', '2', '4', '0', '0', '0000-00-00', NULL, NULL, '', '0', NULL, '0'),
('615', '10', '31', '2018-11-07', '201004', '', '-18785', '0', '0', NULL, NULL, '0', '0', '0000-00-00', NULL, NULL, '', '0', NULL, '0'),
('616', '10', '31', '2018-11-07', '402003', '', '-1', '0', '0', NULL, NULL, '0', '0', '0000-00-00', NULL, NULL, '', '', NULL, '0'),
('617', '20', '44', '2018-11-07', '201003', '', '34000', '0', '0', NULL, NULL, '0', '0', '0000-00-00', NULL, NULL, '', '0', NULL, '0'),
('618', '20', '44', '2018-11-07', '201001', '', '-234000', '0', '0', '3', '13', '0', '0', '0000-00-00', NULL, NULL, '', '0', NULL, '0'),
('619', '20', '44', '2018-11-07', '102001', '', '200000', '0', '0', NULL, NULL, '0', '0', '0000-00-00', NULL, NULL, '', '0', NULL, '0'),
('620', '22', '22', '2018-11-07', '201001', '0', '400000', '0', '0', '3', '13', '0', '0', '2018-11-07', NULL, NULL, '', '0', NULL, '0'),
('621', '22', '22', '2018-11-07', '1011001', '', '-400000', '0', '0', NULL, NULL, '0', '0', '2018-11-07', NULL, NULL, '', '', NULL, '0'),
('622', '13', '39', '2018-11-07', '501001', '', '8387.65', '0', '0', NULL, NULL, '0', '0', '0000-00-00', NULL, NULL, '', '', NULL, '0'),
('623', '13', '39', '2018-11-07', '102001', '', '-8387.65', '0', '0', NULL, NULL, '0', '0', '0000-00-00', NULL, NULL, '', '', NULL, '0'),
('624', '10', '32', '2018-11-07', '403001', '', '-3000', '0', '0', NULL, NULL, '0', '0', '0000-00-00', NULL, NULL, '', '0', NULL, '0'),
('625', '10', '32', '2018-11-07', '101001', '', '3000', '0', '0', '2', '4', '0', '0', '0000-00-00', NULL, NULL, '', '0', NULL, '0'),
('626', '11', '7', '2018-11-07', '501001', '', '-2242.13', '0', '0', NULL, NULL, '0', '0', '0000-00-00', NULL, NULL, '', '', NULL, '0'),
('627', '11', '7', '2018-11-07', '102001', '', '2242.13', '0', '0', NULL, NULL, '0', '0', '0000-00-00', NULL, NULL, '', '', NULL, '0'),
('628', '11', '7', '2018-11-07', '403001', '', '750', '0', '0', NULL, NULL, '0', '0', '0000-00-00', NULL, NULL, '', '0', NULL, '0'),
('629', '11', '7', '2018-11-07', '101001', '', '-915', '0', '0', '2', '2', '0', '0', '0000-00-00', NULL, NULL, '', '0', NULL, '0'),
('630', '11', '7', '2018-11-07', '201004', '', '128', '0', '0', NULL, NULL, '0', '0', '0000-00-00', NULL, NULL, '', '0', NULL, '0'),
('631', '11', '7', '2018-11-07', '101001', '', '38', '0', '0', '2', '2', '0', '0', '0000-00-00', NULL, NULL, '', '0', NULL, '0'),
('632', '11', '7', '2018-11-07', '402003', '', '-1', '0', '0', NULL, NULL, '0', '0', '0000-00-00', NULL, NULL, '', '', NULL, '0'),
('633', '13', '40', '2018-11-07', '501001', '', '29031.41', '0', '0', NULL, NULL, '0', '0', '0000-00-00', NULL, NULL, '', '', NULL, '0'),
('634', '13', '40', '2018-11-07', '102001', '', '-29031.41', '0', '0', NULL, NULL, '0', '0', '0000-00-00', NULL, NULL, '', '', NULL, '0'),
('635', '10', '33', '2018-11-07', '403001', '', '-2.5', '0', '0', NULL, NULL, '0', '0', '0000-00-00', NULL, NULL, '', '0', NULL, '0'),
('636', '10', '33', '2018-11-07', '101001', '', '2.5', '0', '0', '2', '4', '0', '0', '0000-00-00', NULL, NULL, '', '0', NULL, '0'),
('637', '13', '41', '2018-11-07', '501001', '', '3014.1', '0', '0', NULL, NULL, '0', '0', '0000-00-00', NULL, NULL, '', '', NULL, '0'),
('638', '13', '41', '2018-11-07', '102001', '', '-3014.1', '0', '0', NULL, NULL, '0', '0', '0000-00-00', NULL, NULL, '', '', NULL, '0'),
('639', '10', '34', '2018-11-07', '403001', '', '-250', '0', '0', NULL, NULL, '0', '0', '0000-00-00', NULL, NULL, '', '0', NULL, '0'),
('640', '10', '34', '2018-11-07', '101001', '', '125', '0', '0', '2', '4', '0', '0', '0000-00-00', NULL, NULL, '', '0', NULL, '0'),
('641', '10', '34', '2018-11-07', '402004', '', '125', '0', '0', NULL, NULL, '0', '0', '0000-00-00', NULL, NULL, '', '0', NULL, '0'),
('642', '13', '42', '2018-11-07', '501001', '', '870', '0', '0', NULL, NULL, '0', '0', '0000-00-00', NULL, NULL, '', '', NULL, '0'),
('643', '13', '42', '2018-11-07', '102001', '', '-870', '0', '0', NULL, NULL, '0', '0', '0000-00-00', NULL, NULL, '', '', NULL, '0'),
('644', '10', '35', '2018-11-07', '403001', '', '-1000', '0', '0', NULL, NULL, '0', '0', '0000-00-00', NULL, NULL, '', '0', NULL, '0'),
('645', '10', '35', '2018-11-07', '101001', '', '1170', '0', '0', '2', '18', '0', '0', '0000-00-00', NULL, NULL, '', '0', NULL, '0'),
('646', '10', '35', '2018-11-07', '201004', '', '-170', '0', '0', NULL, NULL, '0', '0', '0000-00-00', NULL, NULL, '', '0', NULL, '0'),
('647', '12', '19', '2018-11-07', '1012004', '', '1170', '0', '0', NULL, NULL, '0', '0', '2018-11-07', NULL, NULL, '', '', NULL, '0'),
('648', '12', '19', '2018-11-07', '101001', '', '-1170', '0', '0', '2', '18', '0', '0', '2018-11-07', NULL, NULL, '', '0', NULL, '0'),
('649', '43', '7', '2018-11-07', '101001', '', '-211988', '0', '0', NULL, NULL, '0', '0', NULL, NULL, NULL, '', '', NULL, '0'),
('650', '43', '7', '2018-11-07', '102001', '', '120955', '0', '0', NULL, NULL, '0', '0', '0000-00-00', NULL, NULL, '', '0', NULL, '0'),
('651', '43', '7', '2018-11-07', '102001', '', '508', '0', '0', NULL, NULL, '0', '0', NULL, NULL, NULL, '', '', NULL, '0'),
('652', '43', '7', '2018-11-07', '102001', '', '513', '0', '0', NULL, NULL, '0', '0', NULL, NULL, NULL, '', '', NULL, '0'),
('653', '43', '7', '2018-11-07', '102001', '', '11402', '0', '0', NULL, NULL, '0', '0', NULL, NULL, NULL, '', '', NULL, '0'),
('654', '43', '7', '2018-11-07', '102001', '', '10365', '0', '0', NULL, NULL, '0', '0', NULL, NULL, NULL, '', '', NULL, '0'),
('655', '43', '7', '2018-11-07', '102001', '', '12511', '0', '0', NULL, NULL, '0', '0', NULL, NULL, NULL, '', '', NULL, '0'),
('656', '43', '7', '2018-11-07', '101001', '', '5166', '0', '0', NULL, NULL, '0', '0', NULL, NULL, NULL, '', '', NULL, '0'),
('657', '43', '7', '2018-11-07', '102001', '', '2208', '0', '0', NULL, NULL, '0', '0', NULL, NULL, NULL, '', '', NULL, '0'),
('658', '43', '7', '2018-11-07', '102001', '', '48358.95', '0', '0', NULL, NULL, '0', '0', NULL, NULL, NULL, '', '', NULL, '0'),
('659', '43', '7', '2018-11-07', '402003', '', '1.05', '0', '0', NULL, NULL, '0', '0', '0000-00-00', NULL, NULL, '', '', NULL, '0'),
('660', '20', '45', '2018-11-08', '201003', '', '2550', '0', '0', NULL, NULL, '0', '0', '0000-00-00', NULL, NULL, '', '0', NULL, '0'),
('661', '20', '45', '2018-11-08', '101001', '', '750', '0', '0', '3', '7', '0', '0', '0000-00-00', NULL, NULL, '', '0', NULL, '0'),
('662', '20', '45', '2018-11-08', '201001', '', '-18300', '0', '0', '3', '7', '0', '0', '0000-00-00', NULL, NULL, '', '0', NULL, '0'),
('663', '20', '45', '2018-11-08', '102001', '', '15000', '0', '0', NULL, NULL, '0', '0', '0000-00-00', NULL, NULL, '', '0', NULL, '0'),
('664', '22', '23', '2018-11-08', '201001', '0', '91500', '0', '0', '3', '7', '0', '0', '2018-11-08', NULL, NULL, '', '0', NULL, '0'),
('665', '22', '23', '2018-11-08', '1011001', '', '-91500', '0', '0', NULL, NULL, '0', '0', '2018-11-08', NULL, NULL, '', '', NULL, '0'),
('666', '13', '43', '2018-11-08', '501001', '', '200', '0', '0', NULL, NULL, '0', '0', '0000-00-00', NULL, NULL, '', '', NULL, '0'),
('667', '13', '43', '2018-11-08', '102001', '', '-200', '0', '0', NULL, NULL, '0', '0', '0000-00-00', NULL, NULL, '', '', NULL, '0'),
('668', '13', '43', '2018-11-08', '501001', '', '100', '0', '0', NULL, NULL, '0', '0', '0000-00-00', NULL, NULL, '', '', NULL, '0'),
('669', '13', '43', '2018-11-08', '102001', '', '-100', '0', '0', NULL, NULL, '0', '0', '0000-00-00', NULL, NULL, '', '', NULL, '0'),
('670', '10', '36', '2018-11-08', '403001', '', '-2000', '0', '0', NULL, NULL, '0', '0', '0000-00-00', NULL, NULL, '', '0', NULL, '0'),
('671', '10', '36', '2018-11-08', '403001', '', '-1410', '0', '0', NULL, NULL, '0', '0', '0000-00-00', NULL, NULL, '', '0', NULL, '0'),
('672', '10', '36', '2018-11-08', '101001', '', '4160.2', '0', '0', '2', '3', '0', '0', '0000-00-00', NULL, NULL, '', '0', NULL, '0'),
('673', '10', '36', '2018-11-08', '201004', '', '-579.7', '0', '0', NULL, NULL, '0', '0', '0000-00-00', NULL, NULL, '', '0', NULL, '0'),
('674', '10', '36', '2018-11-08', '101001', '', '-170.5', '0', '0', '2', '3', '0', '0', '0000-00-00', NULL, NULL, '', '0', NULL, '0'),
('675', '12', '20', '2018-11-08', '1011001', '', '12000', '0', '0', NULL, NULL, '0', '0', '0000-00-00', NULL, NULL, '', '', NULL, '0'),
('676', '12', '20', '2018-11-08', '101001', '', '-12000', '0', '0', '2', '3', '0', '0', '0000-00-00', NULL, NULL, '', '0', NULL, '0'),
('677', '29', '4', '2018-11-08', '102001', '08-11-2018: 1 * NESCAFEE COFEE ', '-1050', '0', '0', NULL, NULL, '0', '0', '0000-00-00', NULL, NULL, '', '', NULL, '0'),
('678', '29', '4', '2018-11-08', '102003', '08-11-2018: 1 * NESCAFEE COFEE ', '1050', '0', '0', NULL, NULL, '0', '0', '0000-00-00', NULL, NULL, '', '', NULL, '0'),
('679', '26', '5', '2018-11-08', '102003', '', '-1050', '0', '0', NULL, NULL, '0', '0', '0000-00-00', NULL, NULL, '', '', NULL, '0'),
('680', '26', '5', '2018-11-08', '102001', '', '1050', '0', '0', NULL, NULL, '0', '0', '0000-00-00', NULL, NULL, '', '', NULL, '0'),
('681', '29', '5', '2018-11-08', '102001', '08-11-2018: 1 * NESCAFEE COFEE ', '-350', '0', '0', NULL, NULL, '0', '0', '0000-00-00', NULL, NULL, '', '', NULL, '0'),
('682', '29', '5', '2018-11-08', '102003', '08-11-2018: 1 * NESCAFEE COFEE ', '350', '0', '0', NULL, NULL, '0', '0', '0000-00-00', NULL, NULL, '', '', NULL, '0'),
('683', '26', '6', '2018-11-08', '102003', '', '-350', '0', '0', NULL, NULL, '0', '0', '0000-00-00', NULL, NULL, '', '', NULL, '0'),
('684', '26', '6', '2018-11-08', '102001', '', '350', '0', '0', NULL, NULL, '0', '0', '0000-00-00', NULL, NULL, '', '', NULL, '0'),
('685', '13', '44', '2018-11-08', '501001', '', '5372226.36', '0', '0', NULL, NULL, '0', '0', '0000-00-00', NULL, NULL, '', '', NULL, '0'),
('686', '13', '44', '2018-11-08', '102001', '', '-5372226.36', '0', '0', NULL, NULL, '0', '0', '0000-00-00', NULL, NULL, '', '', NULL, '0'),
('687', '17', '5', '2018-11-08', '501004', '', '0', '0', '0', NULL, NULL, '0', '0', '0000-00-00', NULL, NULL, '', '', NULL, '0'),
('688', '17', '5', '2018-11-08', '102001', '', '0', '0', '0', NULL, NULL, '0', '0', '0000-00-00', NULL, NULL, '', '', NULL, '0'),
('689', '20', '46', '0020-00-08', '201001', '', '0', '0', '0', '3', '1', '0', '0', '0000-00-00', NULL, NULL, '', '0', NULL, '0'),
('690', '20', '46', '0020-00-08', '', '', '0', '0', '0', NULL, NULL, '0', '0', '0000-00-00', NULL, NULL, '', '0', NULL, '0'),
('691', '20', '47', '0020-00-08', '201001', '', '0', '0', '0', '3', '2', '0', '0', '0000-00-00', NULL, NULL, '', '0', NULL, '0'),
('692', '20', '47', '0020-00-08', '', '', '0', '0', '0', NULL, NULL, '0', '0', '0000-00-00', NULL, NULL, '', '0', NULL, '0'),
('693', '20', '48', '0020-00-08', '201001', '', '0', '0', '0', '3', '3', '0', '0', '0000-00-00', NULL, NULL, '', '0', NULL, '0'),
('694', '20', '48', '0020-00-08', '', '', '0', '0', '0', NULL, NULL, '0', '0', '0000-00-00', NULL, NULL, '', '0', NULL, '0'),
('695', '20', '49', '0020-00-08', '201001', '', '0', '0', '0', '3', '4', '0', '0', '0000-00-00', NULL, NULL, '', '0', NULL, '0'),
('696', '20', '49', '0020-00-08', '', '', '0', '0', '0', NULL, NULL, '0', '0', '0000-00-00', NULL, NULL, '', '0', NULL, '0'),
('697', '20', '50', '0020-00-08', '201001', '', '0', '0', '0', '3', '5', '0', '0', '0000-00-00', NULL, NULL, '', '0', NULL, '0'),
('698', '20', '50', '0020-00-08', '', '', '0', '0', '0', NULL, NULL, '0', '0', '0000-00-00', NULL, NULL, '', '0', NULL, '0'),
('699', '20', '51', '0020-00-08', '201001', '', '0', '0', '0', '3', '6', '0', '0', '0000-00-00', NULL, NULL, '', '0', NULL, '0'),
('700', '20', '51', '0020-00-08', '', '', '0', '0', '0', NULL, NULL, '0', '0', '0000-00-00', NULL, NULL, '', '0', NULL, '0'),
('701', '20', '52', '0020-00-08', '201001', '', '0', '0', '0', '3', '7', '0', '0', '0000-00-00', NULL, NULL, '', '0', NULL, '0'),
('702', '20', '52', '0020-00-08', '', '', '0', '0', '0', NULL, NULL, '0', '0', '0000-00-00', NULL, NULL, '', '0', NULL, '0'),
('703', '20', '53', '0020-00-08', '201001', '', '0', '0', '0', '3', '8', '0', '0', '0000-00-00', NULL, NULL, '', '0', NULL, '0'),
('704', '20', '53', '0020-00-08', '', '', '0', '0', '0', NULL, NULL, '0', '0', '0000-00-00', NULL, NULL, '', '0', NULL, '0'),
('705', '20', '54', '0020-00-08', '201001', '', '0', '0', '0', '3', '9', '0', '0', '0000-00-00', NULL, NULL, '', '0', NULL, '0'),
('706', '20', '54', '0020-00-08', '', '', '0', '0', '0', NULL, NULL, '0', '0', '0000-00-00', NULL, NULL, '', '0', NULL, '0'),
('707', '20', '55', '0020-00-08', '201001', '', '0', '0', '0', '3', '10', '0', '0', '0000-00-00', NULL, NULL, '', '0', NULL, '0'),
('708', '20', '55', '0020-00-08', '', '', '0', '0', '0', NULL, NULL, '0', '0', '0000-00-00', NULL, NULL, '', '0', NULL, '0'),
('709', '20', '56', '0020-00-08', '201001', '', '0', '0', '0', '3', '11', '0', '0', '0000-00-00', NULL, NULL, '', '0', NULL, '0'),
('710', '20', '56', '0020-00-08', '', '', '0', '0', '0', NULL, NULL, '0', '0', '0000-00-00', NULL, NULL, '', '0', NULL, '0'),
('711', '20', '57', '0020-00-08', '201001', '', '0', '0', '0', '3', '12', '0', '0', '0000-00-00', NULL, NULL, '', '0', NULL, '0'),
('712', '20', '57', '0020-00-08', '', '', '0', '0', '0', NULL, NULL, '0', '0', '0000-00-00', NULL, NULL, '', '0', NULL, '0'),
('713', '20', '58', '0020-00-08', '201001', '', '0', '0', '0', '3', '13', '0', '0', '0000-00-00', NULL, NULL, '', '0', NULL, '0'),
('714', '20', '58', '0020-00-08', '', '', '0', '0', '0', NULL, NULL, '0', '0', '0000-00-00', NULL, NULL, '', '0', NULL, '0'),
('715', '20', '59', '0020-00-08', '201001', '', '0', '0', '0', '3', '14', '0', '0', '0000-00-00', NULL, NULL, '', '0', NULL, '0'),
('716', '20', '59', '0020-00-08', '', '', '0', '0', '0', NULL, NULL, '0', '0', '0000-00-00', NULL, NULL, '', '0', NULL, '0'),
('717', '20', '60', '0020-00-08', '201001', '', '0', '0', '0', '3', '15', '0', '0', '0000-00-00', NULL, NULL, '', '0', NULL, '0'),
('718', '20', '60', '0020-00-08', '', '', '0', '0', '0', NULL, NULL, '0', '0', '0000-00-00', NULL, NULL, '', '0', NULL, '0'),
('719', '20', '61', '2018-11-08', '201003', '', '688.5', '0', '0', NULL, NULL, '0', '0', '0000-00-00', NULL, NULL, '', '0', NULL, '0'),
('720', '20', '61', '2018-11-08', '101001', '', '202.5', '0', '0', '3', '5', '0', '0', '0000-00-00', NULL, NULL, '', '0', NULL, '0'),
('721', '20', '61', '2018-11-08', '201001', '', '-4941', '0', '0', '3', '5', '0', '0', '0000-00-00', NULL, NULL, '', '0', NULL, '0'),
('722', '20', '61', '2018-11-08', '102001', '', '3150', '0', '0', NULL, NULL, '0', '0', '0000-00-00', NULL, NULL, '', '0', NULL, '0'),
('723', '20', '61', '2018-11-08', '102001', '', '900', '0', '0', NULL, NULL, '0', '0', '0000-00-00', NULL, NULL, '', '0', NULL, '0'),
('724', '13', '45', '2018-11-08', '501001', '', '148647.42', '0', '0', NULL, NULL, '0', '0', '0000-00-00', NULL, NULL, '', '', NULL, '0'),
('725', '13', '45', '2018-11-08', '102001', '', '-148647.42', '0', '0', NULL, NULL, '0', '0', '0000-00-00', NULL, NULL, '', '', NULL, '0'),
('726', '10', '37', '2018-11-08', '403001', '', '-500', '0', '0', NULL, NULL, '0', '0', '0000-00-00', NULL, NULL, '', '0', NULL, '0'),
('727', '10', '37', '2018-11-08', '101001', '', '610', '0', '0', '2', '3', '0', '0', '0000-00-00', NULL, NULL, '', '0', NULL, '0'),
('728', '10', '37', '2018-11-08', '201004', '', '-85', '0', '0', NULL, NULL, '0', '0', '0000-00-00', NULL, NULL, '', '0', NULL, '0'),
('729', '10', '37', '2018-11-08', '101001', '', '-25', '0', '0', '2', '3', '0', '0', '0000-00-00', NULL, NULL, '', '0', NULL, '0'),
('730', '12', '21', '2018-11-08', '1012005', '', '610', '0', '0', NULL, NULL, '0', '0', '2018-11-08', NULL, NULL, '', '', NULL, '0'),
('731', '12', '21', '2018-11-08', '101001', '', '-610', '0', '0', '2', '3', '0', '0', '2018-11-08', NULL, NULL, '', '0', NULL, '0'),
('732', '22', '24', '2018-11-08', '201001', '0', '1000000', '0', '0', '3', '3', '0', '0', '2018-11-08', NULL, NULL, '', '0', NULL, '0'),
('733', '22', '24', '2018-11-08', '201005', '', '-40000', '0', '0', NULL, NULL, '0', '0', '2018-11-08', NULL, NULL, '', '', NULL, '0'),
('734', '22', '24', '2018-11-08', '201002', '', '-80000', '0', '0', NULL, NULL, '0', '0', '2018-11-08', NULL, NULL, '', '', NULL, '0'),
('735', '22', '24', '2018-11-08', '1011001', '', '-880000', '0', '0', NULL, NULL, '0', '0', '2018-11-08', NULL, NULL, '', '', NULL, '0'),
('736', '2', '1', '2018-11-08', '403001', '', '-200000', '0', '0', NULL, NULL, '0', '0', '2018-11-08', NULL, NULL, '', '0', NULL, '0'),
('737', '2', '1', '2018-11-08', '101001', '', '-900', '0', '0', '2', '4', '0', '0', '2018-11-08', NULL, NULL, '', '0', NULL, '0'),
('738', '2', '1', '2018-11-08', '1012003', '', '200900', '0', '0', NULL, NULL, '0', '0', '2018-11-08', NULL, NULL, '', '', NULL, '0'),
('739', '10', '38', '2018-11-09', '403001', '', '-10000', '0', '0', NULL, NULL, '0', '0', '0000-00-00', NULL, NULL, '', '0', NULL, '0'),
('740', '10', '38', '2018-11-09', '101001', '', '10000', '0', '0', '2', '4', '0', '0', '0000-00-00', NULL, NULL, '', '0', NULL, '0'),
('741', '13', '46', '2018-11-09', '501001', '', '29729.48', '0', '0', NULL, NULL, '0', '0', '0000-00-00', NULL, NULL, '', '', NULL, '0'),
('742', '13', '46', '2018-11-09', '102001', '', '-29729.48', '0', '0', NULL, NULL, '0', '0', '0000-00-00', NULL, NULL, '', '', NULL, '0'),
('743', '10', '39', '2018-11-09', '403001', '', '-100', '0', '0', NULL, NULL, '0', '0', '0000-00-00', NULL, NULL, '', '0', NULL, '0'),
('744', '10', '39', '2018-11-09', '101001', '', '122', '0', '0', '2', '9', '0', '0', '0000-00-00', NULL, NULL, '', '0', NULL, '0'),
('745', '10', '39', '2018-11-09', '201004', '', '-17', '0', '0', NULL, NULL, '0', '0', '0000-00-00', NULL, NULL, '', '0', NULL, '0'),
('746', '10', '39', '2018-11-09', '101001', '', '-5', '0', '0', '2', '9', '0', '0', '0000-00-00', NULL, NULL, '', '0', NULL, '0'),
('747', '10', '40', '2018-11-09', '403001', '', '-3000', '0', '0', NULL, NULL, '0', '0', '0000-00-00', NULL, NULL, '', '0', NULL, '0'),
('748', '10', '40', '2018-11-09', '101001', '', '3660', '0', '0', '2', '3', '0', '0', '0000-00-00', NULL, NULL, '', '0', NULL, '0'),
('749', '10', '40', '2018-11-09', '201004', '', '-510', '0', '0', NULL, NULL, '0', '0', '0000-00-00', NULL, NULL, '', '0', NULL, '0'),
('750', '10', '40', '2018-11-09', '101001', '', '-150', '0', '0', '2', '3', '0', '0', '0000-00-00', NULL, NULL, '', '0', NULL, '0'),
('751', '12', '22', '2018-11-09', '1011001', '', '3660', '0', '0', NULL, NULL, '0', '0', '0000-00-00', NULL, NULL, '', '', NULL, '0'),
('752', '12', '22', '2018-11-09', '101001', '', '-3660', '0', '0', '2', '3', '0', '0', '0000-00-00', NULL, NULL, '', '0', NULL, '0');
INSERT INTO `0_gl_trans` VALUES
('753', '13', '47', '2018-11-09', '501001', '', '12056.41', '0', '0', NULL, NULL, '0', '0', '0000-00-00', NULL, NULL, '', '', NULL, '0'),
('754', '13', '47', '2018-11-09', '102001', '', '-12056.41', '0', '0', NULL, NULL, '0', '0', '0000-00-00', NULL, NULL, '', '', NULL, '0'),
('755', '10', '41', '2018-11-09', '403001', '', '-150000', '0', '0', NULL, NULL, '0', '0', '0000-00-00', NULL, NULL, '', '0', NULL, '0'),
('756', '10', '41', '2018-11-09', '101001', '', '183231.66', '0', '0', '2', '2', '0', '0', '0000-00-00', NULL, NULL, '', '0', NULL, '0'),
('757', '10', '41', '2018-11-09', '402004', '', '2', '0', '0', NULL, NULL, '0', '0', '0000-00-00', NULL, NULL, '', '0', NULL, '0'),
('758', '10', '41', '2018-11-09', '402001', '', '-200', '0', '0', NULL, NULL, '0', '0', '0000-00-00', NULL, NULL, '', '0', NULL, '0'),
('759', '10', '41', '2018-11-09', '201004', '', '-25533.66', '0', '0', NULL, NULL, '0', '0', '0000-00-00', NULL, NULL, '', '0', NULL, '0'),
('760', '10', '41', '2018-11-09', '101001', '', '-7500', '0', '0', '2', '2', '0', '0', '0000-00-00', NULL, NULL, '', '0', NULL, '0'),
('761', '12', '23', '2018-11-09', '1011001', '', '100000', '0', '0', NULL, NULL, '0', '0', '0000-00-00', NULL, NULL, '', '', NULL, '0'),
('762', '12', '23', '2018-11-09', '101001', '', '-100000', '0', '0', '2', '2', '0', '0', '0000-00-00', NULL, NULL, '', '0', NULL, '0'),
('763', '20', '62', '2018-11-09', '201003', '', '850', '0', '0', NULL, NULL, '0', '0', '0000-00-00', NULL, NULL, '', '0', NULL, '0'),
('764', '20', '62', '2018-11-09', '201001', '', '-5849.5', '0', '0', '3', '13', '0', '0', '0000-00-00', NULL, NULL, '', '0', NULL, '0'),
('765', '20', '62', '2018-11-09', '102001', '', '4999.5', '0', '0', NULL, NULL, '0', '0', '0000-00-00', NULL, NULL, '', '0', NULL, '0'),
('766', '22', '25', '2018-11-09', '201001', '0', '5849.5', '0', '0', '3', '13', '0', '0', '2018-11-09', NULL, NULL, '', '0', NULL, '0'),
('767', '22', '25', '2018-11-09', '1011001', '', '-5849.5', '0', '0', NULL, NULL, '0', '0', '2018-11-09', NULL, NULL, '', '', NULL, '0'),
('768', '21', '1', '2018-11-09', '201003', '', '-85', '0', '0', NULL, NULL, '0', '0', '0000-00-00', NULL, NULL, '', '0', NULL, '0'),
('769', '21', '1', '2018-11-09', '201001', '', '585', '0', '0', '3', '13', '0', '0', '0000-00-00', NULL, NULL, '', '0', NULL, '0'),
('770', '21', '1', '2018-11-09', '102001', '', '-500', '0', '0', NULL, NULL, '0', '0', '0000-00-00', NULL, NULL, '', '0', NULL, '0'),
('771', '43', '8', '2018-11-09', '101013', '', '-6025797109', '0', '0', NULL, NULL, '0', '0', NULL, NULL, NULL, '', '', NULL, '0'),
('772', '43', '8', '2018-11-09', '102001', '', '3275000000', '0', '0', NULL, NULL, '0', '0', '0000-00-00', NULL, NULL, '', '0', NULL, '0'),
('773', '43', '8', '2018-11-09', '102001', '', '32750000', '0', '0', NULL, NULL, '0', '0', NULL, NULL, NULL, '', '', NULL, '0'),
('774', '43', '8', '2018-11-09', '102001', '', '33077500', '0', '0', NULL, NULL, '0', '0', NULL, NULL, NULL, '', '', NULL, '0'),
('775', '43', '8', '2018-11-09', '102001', '', '734982050', '0', '0', NULL, NULL, '0', '0', NULL, NULL, NULL, '', '', NULL, '0'),
('776', '43', '8', '2018-11-09', '102001', '', '668165500', '0', '0', NULL, NULL, '0', '0', NULL, NULL, NULL, '', '', NULL, '0'),
('777', '43', '8', '2018-11-09', '102001', '', '806475759', '0', '0', NULL, NULL, '0', '0', NULL, NULL, NULL, '', '', NULL, '0'),
('778', '43', '8', '2018-11-09', '101001', '', '333027049', '0', '0', NULL, NULL, '0', '0', NULL, NULL, NULL, '', '', NULL, '0'),
('779', '43', '8', '2018-11-09', '102001', '', '142319252', '0', '0', NULL, NULL, '0', '0', NULL, NULL, NULL, '', '', NULL, '0'),
('780', '43', '8', '2018-11-09', '102001', '', '0', '0', '0', NULL, NULL, '0', '0', NULL, NULL, NULL, '', '', NULL, '0'),
('781', '43', '8', '2018-11-09', '402003', '', '-1', '0', '0', NULL, NULL, '0', '0', '0000-00-00', NULL, NULL, '', '', NULL, '0'),
('782', '1', '14', '2018-11-09', '101002', '', '21000', '1', '0', NULL, NULL, '0', '0', '2018-11-09', NULL, NULL, '', '0', NULL, '0'),
('783', '1', '14', '2018-11-09', '1012005', '', '-21000', '0', '0', NULL, NULL, '0', '0', '2018-11-09', NULL, NULL, '', '', NULL, '0'),
('784', '13', '48', '2018-11-09', '501001', '', '435', '0', '0', NULL, NULL, '0', '0', '0000-00-00', NULL, NULL, '', '', NULL, '0'),
('785', '13', '48', '2018-11-09', '102001', '', '-435', '0', '0', NULL, NULL, '0', '0', '0000-00-00', NULL, NULL, '', '', NULL, '0'),
('786', '13', '9', '2018-10-24', '501001', '', '7936246.76', '0', '0', NULL, NULL, '0', '0', '0000-00-00', NULL, NULL, '', '', NULL, '0'),
('787', '13', '9', '2018-10-24', '102001', '', '-7936246.76', '0', '0', NULL, NULL, '0', '0', '0000-00-00', NULL, NULL, '', '', NULL, '0'),
('788', '13', '49', '2018-11-10', '501001', '', '119043701.34', '0', '0', NULL, NULL, '0', '0', '0000-00-00', NULL, NULL, '', '', NULL, '0'),
('789', '13', '49', '2018-11-10', '102001', '', '-119043701.34', '0', '0', NULL, NULL, '0', '0', '0000-00-00', NULL, NULL, '', '', NULL, '0'),
('790', '10', '43', '2018-11-10', '403001', '', '-33000', '0', '0', NULL, NULL, '0', '0', '0000-00-00', NULL, NULL, '', '0', NULL, '0'),
('791', '10', '43', '2018-11-10', '101001', '', '32180', '0', '0', '2', '9', '0', '0', '0000-00-00', NULL, NULL, '', '0', NULL, '0'),
('792', '10', '43', '2018-11-10', '402004', '', '1320', '0', '0', NULL, NULL, '0', '0', '0000-00-00', NULL, NULL, '', '0', NULL, '0'),
('793', '10', '43', '2018-11-10', '402001', '', '-500', '0', '0', NULL, NULL, '0', '0', '0000-00-00', NULL, NULL, '', '0', NULL, '0'),
('794', '13', '50', '2018-11-12', '501001', '', '435', '0', '0', NULL, NULL, '0', '0', '0000-00-00', NULL, NULL, '', '', NULL, '0'),
('795', '13', '50', '2018-11-12', '102001', '', '-435', '0', '0', NULL, NULL, '0', '0', '0000-00-00', NULL, NULL, '', '', NULL, '0'),
('796', '13', '50', '2018-11-12', '501001', '', '2287.59', '0', '0', NULL, NULL, '0', '0', '0000-00-00', NULL, NULL, '', '', NULL, '0'),
('797', '13', '50', '2018-11-12', '102001', '', '-2287.59', '0', '0', NULL, NULL, '0', '0', '0000-00-00', NULL, NULL, '', '', NULL, '0'),
('798', '10', '44', '2018-11-12', '403001', '', '-1000', '0', '0', NULL, NULL, '0', '0', '0000-00-00', NULL, NULL, '', '0', NULL, '0'),
('799', '10', '44', '2018-11-12', '403001', '', '-2000', '0', '0', NULL, NULL, '0', '0', '0000-00-00', NULL, NULL, '', '0', NULL, '0'),
('800', '10', '44', '2018-11-12', '101001', '', '3510', '0', '0', '2', '18', '0', '0', '0000-00-00', NULL, NULL, '', '0', NULL, '0'),
('801', '10', '44', '2018-11-12', '201004', '', '-510', '0', '0', NULL, NULL, '0', '0', '0000-00-00', NULL, NULL, '', '0', NULL, '0'),
('802', '17', '6', '2018-11-12', '501004', '', '-1000', '0', '0', NULL, NULL, '0', '0', '0000-00-00', NULL, NULL, '', '', NULL, '0'),
('803', '17', '6', '2018-11-12', '102001', '', '1000', '0', '0', NULL, NULL, '0', '0', '0000-00-00', NULL, NULL, '', '', NULL, '0'),
('804', '17', '6', '2018-11-12', '501004', '', '-2000', '0', '0', NULL, NULL, '0', '0', '0000-00-00', NULL, NULL, '', '', NULL, '0'),
('805', '17', '6', '2018-11-12', '102001', '', '2000', '0', '0', NULL, NULL, '0', '0', '0000-00-00', NULL, NULL, '', '', NULL, '0'),
('806', '17', '6', '2018-11-12', '501004', '', '-1500', '0', '0', NULL, NULL, '0', '0', '0000-00-00', NULL, NULL, '', '', NULL, '0'),
('807', '17', '6', '2018-11-12', '102001', '', '1500', '0', '0', NULL, NULL, '0', '0', '0000-00-00', NULL, NULL, '', '', NULL, '0'),
('808', '13', '51', '2018-11-12', '501001', '', '100', '0', '0', NULL, NULL, '0', '0', '0000-00-00', NULL, NULL, '', '', NULL, '0'),
('809', '13', '51', '2018-11-12', '102001', '', '-100', '0', '0', NULL, NULL, '0', '0', '0000-00-00', NULL, NULL, '', '', NULL, '0'),
('810', '10', '45', '2018-11-12', '403001', '', '-100', '0', '0', NULL, NULL, '0', '0', '0000-00-00', NULL, NULL, '', '0', NULL, '0'),
('811', '10', '45', '2018-11-12', '101001', '', '100', '0', '0', '2', '4', '0', '0', '0000-00-00', NULL, NULL, '', '0', NULL, '0'),
('812', '0', '20', '2018-11-13', '', '', '0', '0', '0', NULL, NULL, '0', '0', '0020-00-00', '1', '0', '0', '0', NULL, '0'),
('813', '0', '20', '2018-11-13', '', '', '0', '0', '0', NULL, NULL, '0', '0', '0020-00-00', '1', '0', '0', '0', NULL, '0'),
('814', '29', '7', '2018-11-13', '102001', '13-11-2018: 1 * Biryani', '-2200', '0', '0', NULL, NULL, '0', '0', '0000-00-00', NULL, NULL, '', '', NULL, '0'),
('815', '29', '7', '2018-11-13', '102003', '13-11-2018: 1 * Biryani', '2200', '0', '0', NULL, NULL, '0', '0', '0000-00-00', NULL, NULL, '', '', NULL, '0'),
('816', '26', '10', '2018-11-13', '102003', '', '-2200', '0', '0', NULL, NULL, '0', '0', '0000-00-00', NULL, NULL, '', '', NULL, '0'),
('817', '26', '10', '2018-11-13', '102001', '', '2200', '0', '0', NULL, NULL, '0', '0', '0000-00-00', NULL, NULL, '', '', NULL, '0'),
('818', '10', '46', '2018-11-13', '403001', '', '-5000', '0', '0', NULL, NULL, '0', '0', '0000-00-00', NULL, NULL, '', '0', NULL, '0'),
('819', '10', '46', '2018-11-13', '101001', '', '-58250', '0', '0', '2', '4', '0', '0', '0000-00-00', NULL, NULL, '', '0', NULL, '0'),
('820', '10', '46', '2018-11-13', '402004', '', '55000', '0', '0', NULL, NULL, '0', '0', '0000-00-00', NULL, NULL, '', '0', NULL, '0'),
('821', '10', '46', '2018-11-13', '201004', '', '8500', '0', '0', NULL, NULL, '0', '0', '0000-00-00', NULL, NULL, '', '0', NULL, '0'),
('822', '10', '46', '2018-11-13', '101001', '', '-250', '0', '0', '2', '4', '0', '0', '0000-00-00', NULL, NULL, '', '0', NULL, '0'),
('823', '22', '26', '2018-11-14', '201001', '0', '811905.45', '0', '0', '3', '5', '0', '0', '2018-11-14', NULL, NULL, '', '0', NULL, '0'),
('824', '22', '26', '2018-11-14', '1011002', '', '-811905.45', '0', '0', NULL, NULL, '0', '0', '2018-11-14', NULL, NULL, '', '', NULL, '0'),
('825', '41', '6', '2018-11-14', '1013004', '', '43500', '0', '0', NULL, NULL, '0', '0', '0020-00-00', NULL, NULL, '', '0', NULL, '0'),
('826', '41', '6', '2018-11-14', '1011002', '', '-43500', '0', '0', NULL, NULL, '0', '0', '0020-00-00', NULL, NULL, '', '', NULL, '0'),
('827', '29', '8', '2018-11-15', '102001', '15-11-2018: 25 * AUX DAIKOOL 1 TON INV, SET', '-603000', '0', '0', NULL, NULL, '0', '0', '0000-00-00', NULL, NULL, '', '', NULL, '0'),
('828', '29', '8', '2018-11-15', '102001', '15-11-2018: 1 * COPPER TUBE 3/8', '-20000', '0', '0', NULL, NULL, '0', '0', '0000-00-00', NULL, NULL, '', '', NULL, '0'),
('829', '29', '8', '2018-11-15', '102003', '15-11-2018: 1 * COPPER TUBE 3/8', '623000', '0', '0', NULL, NULL, '0', '0', '0000-00-00', NULL, NULL, '', '', NULL, '0'),
('830', '26', '11', '2018-11-15', '102003', '', '-623000', '0', '0', NULL, NULL, '0', '0', '0000-00-00', NULL, NULL, '', '', NULL, '0'),
('831', '26', '11', '2018-11-15', '102001', '', '623000', '0', '0', NULL, NULL, '0', '0', '0000-00-00', NULL, NULL, '', '', NULL, '0'),
('832', '10', '47', '2018-11-15', '403001', '', '-100', '0', '0', NULL, NULL, '0', '0', '0000-00-00', NULL, NULL, '', '0', NULL, '0'),
('833', '10', '47', '2018-11-15', '101001', '', '122', '0', '0', '2', '4', '0', '0', '0000-00-00', NULL, NULL, '', '0', NULL, '0'),
('834', '10', '47', '2018-11-15', '201004', '', '-17', '0', '0', NULL, NULL, '0', '0', '0000-00-00', NULL, NULL, '', '0', NULL, '0'),
('835', '10', '47', '2018-11-15', '101001', '', '-5', '0', '0', '2', '4', '0', '0', '0000-00-00', NULL, NULL, '', '0', NULL, '0'),
('836', '13', '54', '2018-11-16', '501001', '', '119043701.34', '0', '0', NULL, NULL, '0', '0', '0000-00-00', NULL, NULL, '', '', NULL, '0'),
('837', '13', '54', '2018-11-16', '102001', '', '-119043701.34', '0', '0', NULL, NULL, '0', '0', '0000-00-00', NULL, NULL, '', '', NULL, '0'),
('838', '13', '54', '2018-11-16', '501001', '', '45751.79', '0', '0', NULL, NULL, '0', '0', '0000-00-00', NULL, NULL, '', '', NULL, '0'),
('839', '13', '54', '2018-11-16', '102001', '', '-45751.79', '0', '0', NULL, NULL, '0', '0', '0000-00-00', NULL, NULL, '', '', NULL, '0'),
('840', '43', '9', '2018-11-16', '101002', '', '-2074384', '0', '0', NULL, NULL, '0', '0', NULL, NULL, NULL, '', '', NULL, '0'),
('841', '43', '9', '2018-11-16', '102001', '', '1045500', '0', '0', NULL, NULL, '0', '0', '0000-00-00', NULL, NULL, '', '0', NULL, '0'),
('842', '43', '9', '2018-11-16', '102001', '', '12240', '0', '0', NULL, NULL, '0', '0', NULL, NULL, NULL, '', '', NULL, '0'),
('843', '43', '9', '2018-11-16', '102001', '', '12362', '0', '0', NULL, NULL, '0', '0', NULL, NULL, NULL, '', '', NULL, '0'),
('844', '43', '9', '2018-11-16', '102001', '', '274693', '0', '0', NULL, NULL, '0', '0', NULL, NULL, NULL, '', '', NULL, '0'),
('845', '43', '9', '2018-11-16', '102001', '', '249720', '0', '0', NULL, NULL, '0', '0', NULL, NULL, NULL, '', '', NULL, '0'),
('846', '43', '9', '2018-11-16', '102001', '', '301413', '0', '0', NULL, NULL, '0', '0', NULL, NULL, NULL, '', '', NULL, '0'),
('847', '43', '9', '2018-11-16', '101001', '', '124466', '0', '0', NULL, NULL, '0', '0', NULL, NULL, NULL, '', '', NULL, '0'),
('848', '43', '9', '2018-11-16', '102001', '', '53190', '0', '0', NULL, NULL, '0', '0', NULL, NULL, NULL, '', '', NULL, '0'),
('849', '43', '9', '2018-11-16', '102001', '', '800', '0', '0', NULL, NULL, '0', '0', NULL, NULL, NULL, '', '', NULL, '0'),
('850', '43', '10', '2018-11-17', '503005', '', '-4600', '0', '0', NULL, NULL, '0', '0', NULL, NULL, NULL, '', '', NULL, '0'),
('851', '43', '10', '2018-11-17', '102001', '', '2500', '0', '0', NULL, NULL, '0', '0', '0000-00-00', NULL, NULL, '', '0', NULL, '0'),
('852', '43', '10', '2018-11-17', '102001', '', '25', '0', '0', NULL, NULL, '0', '0', NULL, NULL, NULL, '', '', NULL, '0'),
('853', '43', '10', '2018-11-17', '102001', '', '25', '0', '0', NULL, NULL, '0', '0', NULL, NULL, NULL, '', '', NULL, '0'),
('854', '43', '10', '2018-11-17', '102001', '', '561', '0', '0', NULL, NULL, '0', '0', NULL, NULL, NULL, '', '', NULL, '0'),
('855', '43', '10', '2018-11-17', '102001', '', '510', '0', '0', NULL, NULL, '0', '0', NULL, NULL, NULL, '', '', NULL, '0'),
('856', '43', '10', '2018-11-17', '102001', '', '616', '0', '0', NULL, NULL, '0', '0', NULL, NULL, NULL, '', '', NULL, '0'),
('857', '43', '10', '2018-11-17', '101001', '', '254', '0', '0', NULL, NULL, '0', '0', NULL, NULL, NULL, '', '', NULL, '0'),
('858', '43', '10', '2018-11-17', '102001', '', '109', '0', '0', NULL, NULL, '0', '0', NULL, NULL, NULL, '', '', NULL, '0'),
('859', '43', '10', '2018-11-17', '102001', '', '0', '0', '0', NULL, NULL, '0', '0', NULL, NULL, NULL, '', '', NULL, '0'),
('860', '43', '11', '2018-11-17', '501004', '', '-53358', '0', '0', NULL, NULL, '0', '0', NULL, NULL, NULL, '', '', NULL, '0'),
('861', '43', '11', '2018-11-17', '102001', '', '29000', '0', '0', NULL, NULL, '0', '0', '0000-00-00', NULL, NULL, '', '0', NULL, '0'),
('862', '43', '11', '2018-11-17', '102001', '', '290', '0', '0', NULL, NULL, '0', '0', NULL, NULL, NULL, '', '', NULL, '0'),
('863', '43', '11', '2018-11-17', '102001', '', '293', '0', '0', NULL, NULL, '0', '0', NULL, NULL, NULL, '', '', NULL, '0'),
('864', '43', '11', '2018-11-17', '102001', '', '6508', '0', '0', NULL, NULL, '0', '0', NULL, NULL, NULL, '', '', NULL, '0'),
('865', '43', '11', '2018-11-17', '102001', '', '5917', '0', '0', NULL, NULL, '0', '0', NULL, NULL, NULL, '', '', NULL, '0'),
('866', '43', '11', '2018-11-17', '102001', '', '7141', '0', '0', NULL, NULL, '0', '0', NULL, NULL, NULL, '', '', NULL, '0'),
('867', '43', '11', '2018-11-17', '101001', '', '2949', '0', '0', NULL, NULL, '0', '0', NULL, NULL, NULL, '', '', NULL, '0'),
('868', '43', '11', '2018-11-17', '102001', '', '1260', '0', '0', NULL, NULL, '0', '0', NULL, NULL, NULL, '', '', NULL, '0'),
('869', '43', '11', '2018-11-17', '102001', '', '0', '0', '0', NULL, NULL, '0', '0', NULL, NULL, NULL, '', '', NULL, '0'),
('870', '22', '27', '2018-11-17', '201001', '0', '100000', '0', '0', '3', '13', '0', '0', '2018-11-17', NULL, NULL, '', '0', NULL, '0'),
('871', '22', '27', '2018-11-17', '1011001', '', '-100000', '0', '0', NULL, NULL, '0', '0', '2018-11-17', NULL, NULL, '', '', NULL, '0'),
('872', '22', '28', '2018-11-17', '201001', '0', '50000', '0', '0', '3', '13', '0', '0', '2018-11-17', NULL, NULL, '', '0', NULL, '0'),
('873', '22', '28', '2018-11-17', '1011001', '', '-50000', '0', '0', NULL, NULL, '0', '0', '2018-11-17', NULL, NULL, '', '', NULL, '0'),
('874', '13', '55', '2018-11-17', '501001', '', '7928139.75', '0', '0', NULL, NULL, '0', '0', '0000-00-00', NULL, NULL, '', '', NULL, '0'),
('875', '13', '55', '2018-11-17', '102001', '', '-7928139.75', '0', '0', NULL, NULL, '0', '0', '0000-00-00', NULL, NULL, '', '', NULL, '0'),
('876', '0', '21', '2018-11-17', '101001', '', '3456', '0', '0', '2', '2', '0', '0', '0000-00-00', NULL, NULL, '', '', NULL, '0'),
('877', '0', '21', '2018-11-17', '301002', '', '-3456', '0', '0', NULL, NULL, '0', '0', '0000-00-00', NULL, NULL, '', '', NULL, '0'),
('878', '0', '22', '2018-11-17', '201001', '', '-45454', '0', '0', '3', '15', '0', '0', '0000-00-00', NULL, NULL, '', '', NULL, '0'),
('879', '0', '22', '2018-11-17', '301002', '', '45454', '0', '0', NULL, NULL, '0', '0', '0000-00-00', NULL, NULL, '', '', NULL, '0'),
('880', '0', '23', '2018-11-20', '101001', '', '5000', '0', '0', '2', '23', '0', '0', '0000-00-00', NULL, NULL, '', '', NULL, '0'),
('881', '0', '23', '2018-11-20', '301002', '', '-5000', '0', '0', NULL, NULL, '0', '0', '0000-00-00', NULL, NULL, '', '', NULL, '0'),
('882', '0', '24', '2018-11-20', '101001', '', '0', '0', '0', '2', '24', '0', '0', '0000-00-00', NULL, NULL, '', '', NULL, '0'),
('883', '0', '24', '2018-11-20', '301002', '', '0', '0', '0', NULL, NULL, '0', '0', '0000-00-00', NULL, NULL, '', '', NULL, '0'),
('884', '0', '25', '2018-07-30', '101001', '', '1200', '0', '0', '2', '24', '0', '0', '0000-00-00', NULL, NULL, '', '', NULL, '0'),
('885', '0', '25', '2018-07-30', '301002', '', '-1200', '0', '0', NULL, NULL, '0', '0', '0000-00-00', NULL, NULL, '', '', NULL, '0'),
('886', '13', '56', '2018-11-20', '501001', '', '20000', '0', '0', NULL, NULL, '0', '0', '0000-00-00', NULL, NULL, '', '', NULL, '0'),
('887', '13', '56', '2018-11-20', '102001', '', '-20000', '0', '0', NULL, NULL, '0', '0', '0000-00-00', NULL, NULL, '', '', NULL, '0'),
('888', '10', '50', '2018-11-20', '403001', '', '-10000', '0', '0', NULL, NULL, '0', '0', '0000-00-00', NULL, NULL, '', '0', NULL, '0'),
('889', '10', '50', '2018-11-20', '101001', '', '12200', '0', '0', '2', '4', '0', '0', '0000-00-00', NULL, NULL, '', '0', NULL, '0'),
('890', '10', '50', '2018-11-20', '201004', '', '-1700', '0', '0', NULL, NULL, '0', '0', '0000-00-00', NULL, NULL, '', '0', NULL, '0'),
('891', '10', '50', '2018-11-20', '101001', '', '-500', '0', '0', '2', '4', '0', '0', '0000-00-00', NULL, NULL, '', '0', NULL, '0'),
('892', '12', '24', '2018-11-20', '1012005', '', '12200', '0', '0', NULL, NULL, '0', '0', '2018-11-20', NULL, NULL, '', '', NULL, '0'),
('893', '12', '24', '2018-11-20', '101001', '', '-12200', '0', '0', '2', '4', '0', '0', '2018-11-20', NULL, NULL, '', '0', NULL, '0'),
('894', '43', '12', '2018-11-20', '201001', '', '-128796', '0', '0', NULL, NULL, '0', '0', NULL, NULL, NULL, '', '', NULL, '0'),
('895', '43', '12', '2018-11-20', '102001', '', '70000', '0', '0', NULL, NULL, '0', '0', '0000-00-00', NULL, NULL, '', '0', NULL, '0'),
('896', '43', '12', '2018-11-20', '102001', '', '700', '0', '0', NULL, NULL, '0', '0', NULL, NULL, NULL, '', '', NULL, '0'),
('897', '43', '12', '2018-11-20', '102001', '', '707', '0', '0', NULL, NULL, '0', '0', NULL, NULL, NULL, '', '', NULL, '0'),
('898', '43', '12', '2018-11-20', '102001', '', '15710', '0', '0', NULL, NULL, '0', '0', NULL, NULL, NULL, '', '', NULL, '0'),
('899', '43', '12', '2018-11-20', '102001', '', '14281', '0', '0', NULL, NULL, '0', '0', NULL, NULL, NULL, '', '', NULL, '0'),
('900', '43', '12', '2018-11-20', '102001', '', '17238', '0', '0', NULL, NULL, '0', '0', NULL, NULL, NULL, '', '', NULL, '0'),
('901', '43', '12', '2018-11-20', '101001', '', '7118', '0', '0', NULL, NULL, '0', '0', NULL, NULL, NULL, '', '', NULL, '0'),
('902', '43', '12', '2018-11-20', '102001', '', '3042', '0', '0', NULL, NULL, '0', '0', NULL, NULL, NULL, '', '', NULL, '0'),
('903', '43', '12', '2018-11-20', '102001', '', '0', '0', '0', NULL, NULL, '0', '0', NULL, NULL, NULL, '', '', NULL, '0'),
('904', '43', '12', '2018-11-20', '201001', '', '-55198', '0', '0', NULL, NULL, '0', '0', NULL, NULL, NULL, '', '', NULL, '0'),
('905', '43', '12', '2018-11-20', '102001', '', '30000', '0', '0', NULL, NULL, '0', '0', '0000-00-00', NULL, NULL, '', '0', NULL, '0'),
('906', '43', '12', '2018-11-20', '102001', '', '300', '0', '0', NULL, NULL, '0', '0', NULL, NULL, NULL, '', '', NULL, '0'),
('907', '43', '12', '2018-11-20', '102001', '', '303', '0', '0', NULL, NULL, '0', '0', NULL, NULL, NULL, '', '', NULL, '0'),
('908', '43', '12', '2018-11-20', '102001', '', '6733', '0', '0', NULL, NULL, '0', '0', NULL, NULL, NULL, '', '', NULL, '0'),
('909', '43', '12', '2018-11-20', '102001', '', '6121', '0', '0', NULL, NULL, '0', '0', NULL, NULL, NULL, '', '', NULL, '0'),
('910', '43', '12', '2018-11-20', '102001', '', '7388', '0', '0', NULL, NULL, '0', '0', NULL, NULL, NULL, '', '', NULL, '0'),
('911', '43', '12', '2018-11-20', '101001', '', '3051', '0', '0', NULL, NULL, '0', '0', NULL, NULL, NULL, '', '', NULL, '0'),
('912', '43', '12', '2018-11-20', '102001', '', '1304', '0', '0', NULL, NULL, '0', '0', NULL, NULL, NULL, '', '', NULL, '0'),
('913', '43', '12', '2018-11-20', '102001', '', '0', '0', '0', NULL, NULL, '0', '0', NULL, NULL, NULL, '', '', NULL, '0'),
('914', '43', '12', '2018-11-20', '201001', '', '-459985', '0', '0', NULL, NULL, '0', '0', NULL, NULL, NULL, '', '', NULL, '0'),
('915', '43', '12', '2018-11-20', '102001', '', '250000', '0', '0', NULL, NULL, '0', '0', '0000-00-00', NULL, NULL, '', '0', NULL, '0'),
('916', '43', '12', '2018-11-20', '102001', '', '2500', '0', '0', NULL, NULL, '0', '0', NULL, NULL, NULL, '', '', NULL, '0'),
('917', '43', '12', '2018-11-20', '102001', '', '2525', '0', '0', NULL, NULL, '0', '0', NULL, NULL, NULL, '', '', NULL, '0'),
('918', '43', '12', '2018-11-20', '102001', '', '56106', '0', '0', NULL, NULL, '0', '0', NULL, NULL, NULL, '', '', NULL, '0'),
('919', '43', '12', '2018-11-20', '102001', '', '51005', '0', '0', NULL, NULL, '0', '0', NULL, NULL, NULL, '', '', NULL, '0'),
('920', '43', '12', '2018-11-20', '102001', '', '61563', '0', '0', NULL, NULL, '0', '0', NULL, NULL, NULL, '', '', NULL, '0'),
('921', '43', '12', '2018-11-20', '101001', '', '25422', '0', '0', NULL, NULL, '0', '0', NULL, NULL, NULL, '', '', NULL, '0'),
('922', '43', '12', '2018-11-20', '102001', '', '10864', '0', '0', NULL, NULL, '0', '0', NULL, NULL, NULL, '', '', NULL, '0'),
('923', '43', '12', '2018-11-20', '102001', '', '0', '0', '0', NULL, NULL, '0', '0', NULL, NULL, NULL, '', '', NULL, '0'),
('924', '43', '12', '2018-11-20', '201001', '', '-367988', '0', '0', NULL, NULL, '0', '0', NULL, NULL, NULL, '', '', NULL, '0'),
('925', '43', '12', '2018-11-20', '102001', '', '200000', '0', '0', NULL, NULL, '0', '0', '0000-00-00', NULL, NULL, '', '0', NULL, '0'),
('926', '43', '12', '2018-11-20', '102001', '', '2000', '0', '0', NULL, NULL, '0', '0', NULL, NULL, NULL, '', '', NULL, '0'),
('927', '43', '12', '2018-11-20', '102001', '', '2020', '0', '0', NULL, NULL, '0', '0', NULL, NULL, NULL, '', '', NULL, '0'),
('928', '43', '12', '2018-11-20', '102001', '', '44884', '0', '0', NULL, NULL, '0', '0', NULL, NULL, NULL, '', '', NULL, '0'),
('929', '43', '12', '2018-11-20', '102001', '', '40804', '0', '0', NULL, NULL, '0', '0', NULL, NULL, NULL, '', '', NULL, '0'),
('930', '43', '12', '2018-11-20', '102001', '', '49250', '0', '0', NULL, NULL, '0', '0', NULL, NULL, NULL, '', '', NULL, '0'),
('931', '43', '12', '2018-11-20', '101001', '', '20338', '0', '0', NULL, NULL, '0', '0', NULL, NULL, NULL, '', '', NULL, '0'),
('932', '43', '12', '2018-11-20', '102001', '', '8691', '0', '0', NULL, NULL, '0', '0', NULL, NULL, NULL, '', '', NULL, '0'),
('933', '43', '12', '2018-11-20', '102001', '', '0', '0', '0', NULL, NULL, '0', '0', NULL, NULL, NULL, '', '', NULL, '0'),
('934', '43', '12', '2018-11-20', '402003', '', '-1', '0', '0', NULL, NULL, '0', '0', '0000-00-00', NULL, NULL, '', '', NULL, '0'),
('935', '13', '57', '2018-11-20', '501001', '', '32198.92', '0', '0', NULL, NULL, '0', '0', '0000-00-00', NULL, NULL, '', '', NULL, '0'),
('936', '13', '57', '2018-11-20', '102001', '', '-32198.92', '0', '0', NULL, NULL, '0', '0', '0000-00-00', NULL, NULL, '', '', NULL, '0'),
('937', '13', '57', '2018-11-20', '501001', '', '18399.38', '0', '0', NULL, NULL, '0', '0', '0000-00-00', NULL, NULL, '', '', NULL, '0'),
('938', '13', '57', '2018-11-20', '102001', '', '-18399.38', '0', '0', NULL, NULL, '0', '0', '0000-00-00', NULL, NULL, '', '', NULL, '0'),
('939', '13', '57', '2018-11-20', '501001', '', '9199.69', '0', '0', NULL, NULL, '0', '0', '0000-00-00', NULL, NULL, '', '', NULL, '0'),
('940', '13', '57', '2018-11-20', '102001', '', '-9199.69', '0', '0', NULL, NULL, '0', '0', '0000-00-00', NULL, NULL, '', '', NULL, '0'),
('941', '13', '57', '2018-11-20', '501001', '', '14719.5', '0', '0', NULL, NULL, '0', '0', '0000-00-00', NULL, NULL, '', '', NULL, '0'),
('942', '13', '57', '2018-11-20', '102001', '', '-14719.5', '0', '0', NULL, NULL, '0', '0', '0000-00-00', NULL, NULL, '', '', NULL, '0'),
('943', '10', '51', '2018-11-20', '403001', '', '-21000', '0', '0', NULL, NULL, '0', '0', '0000-00-00', NULL, NULL, '', '0', NULL, '0'),
('944', '10', '51', '2018-11-20', '402004', '', '840', '0', '0', NULL, NULL, '0', '0', '0000-00-00', NULL, NULL, '', '0', NULL, '0'),
('945', '10', '51', '2018-11-20', '403001', '', '-12000', '0', '0', NULL, NULL, '0', '0', '0000-00-00', NULL, NULL, '', '0', NULL, '0'),
('946', '10', '51', '2018-11-20', '402004', '', '480', '0', '0', NULL, NULL, '0', '0', '0000-00-00', NULL, NULL, '', '0', NULL, '0'),
('947', '10', '51', '2018-11-20', '403001', '', '-6000', '0', '0', NULL, NULL, '0', '0', '0000-00-00', NULL, NULL, '', '0', NULL, '0'),
('948', '10', '51', '2018-11-20', '403001', '', '-10000', '0', '0', NULL, NULL, '0', '0', '0000-00-00', NULL, NULL, '', '0', NULL, '0'),
('949', '10', '51', '2018-11-20', '402004', '', '400', '0', '0', NULL, NULL, '0', '0', '0000-00-00', NULL, NULL, '', '0', NULL, '0'),
('950', '10', '51', '2018-11-20', '101001', '', '47280', '0', '0', '2', '28', '0', '0', '0000-00-00', NULL, NULL, '', '0', NULL, '0'),
('951', '12', '25', '2018-11-20', '1011001', '', '47280', '0', '0', NULL, NULL, '0', '0', '0000-00-00', NULL, NULL, '', '', NULL, '0'),
('952', '12', '25', '2018-11-20', '101001', '', '-47280', '0', '0', '2', '28', '0', '0', '0000-00-00', NULL, NULL, '', '0', NULL, '0'),
('953', '13', '58', '2018-11-20', '501001', '', '64397.83', '0', '0', NULL, NULL, '0', '0', '0000-00-00', NULL, NULL, '', '', NULL, '0'),
('954', '13', '58', '2018-11-20', '102001', '', '-64397.83', '0', '0', NULL, NULL, '0', '0', '0000-00-00', NULL, NULL, '', '', NULL, '0'),
('955', '13', '58', '2018-11-20', '501001', '', '27599.07', '0', '0', NULL, NULL, '0', '0', '0000-00-00', NULL, NULL, '', '', NULL, '0'),
('956', '13', '58', '2018-11-20', '102001', '', '-27599.07', '0', '0', NULL, NULL, '0', '0', '0000-00-00', NULL, NULL, '', '', NULL, '0'),
('957', '13', '58', '2018-11-20', '501001', '', '229992.26', '0', '0', NULL, NULL, '0', '0', '0000-00-00', NULL, NULL, '', '', NULL, '0'),
('958', '13', '58', '2018-11-20', '102001', '', '-229992.26', '0', '0', NULL, NULL, '0', '0', '0000-00-00', NULL, NULL, '', '', NULL, '0'),
('959', '13', '58', '2018-11-20', '501001', '', '294390.09', '0', '0', NULL, NULL, '0', '0', '0000-00-00', NULL, NULL, '', '', NULL, '0'),
('960', '13', '58', '2018-11-20', '102001', '', '-294390.09', '0', '0', NULL, NULL, '0', '0', '0000-00-00', NULL, NULL, '', '', NULL, '0'),
('961', '10', '52', '2018-11-20', '403001', '', '-42000', '0', '0', NULL, NULL, '0', '0', '0000-00-00', NULL, NULL, '', '0', NULL, '0'),
('962', '10', '52', '2018-11-20', '403001', '', '-18000', '0', '0', NULL, NULL, '0', '0', '0000-00-00', NULL, NULL, '', '0', NULL, '0'),
('963', '10', '52', '2018-11-20', '403001', '', '-150000', '0', '0', NULL, NULL, '0', '0', '0000-00-00', NULL, NULL, '', '0', NULL, '0'),
('964', '10', '52', '2018-11-20', '403001', '', '-200000', '0', '0', NULL, NULL, '0', '0', '0000-00-00', NULL, NULL, '', '0', NULL, '0'),
('965', '10', '52', '2018-11-20', '402004', '', '8000', '0', '0', NULL, NULL, '0', '0', '0000-00-00', NULL, NULL, '', '0', NULL, '0'),
('966', '10', '52', '2018-11-20', '101001', '', '402000', '0', '0', '2', '27', '0', '0', '0000-00-00', NULL, NULL, '', '0', NULL, '0'),
('967', '12', '26', '2018-11-20', '1011001', '', '402000', '0', '0', NULL, NULL, '0', '0', '0020-00-00', '0', '0', '0', '0', NULL, '0'),
('968', '12', '26', '2018-11-20', '101001', '', '-402000', '0', '0', '2', '27', '0', '0', '0020-00-00', '0', '0', '0', '0', NULL, '0'),
('969', '11', '8', '2018-11-20', '501001', '', '-16099.46', '0', '0', NULL, NULL, '0', '0', '0000-00-00', NULL, NULL, '', '', NULL, '0'),
('970', '11', '8', '2018-11-20', '102001', '', '16099.46', '0', '0', NULL, NULL, '0', '0', '0000-00-00', NULL, NULL, '', '', NULL, '0'),
('971', '11', '8', '2018-11-20', '403001', '', '17500', '0', '0', NULL, NULL, '0', '0', '0000-00-00', NULL, NULL, '', '0', NULL, '0'),
('972', '11', '8', '2018-11-20', '402004', '', '-700', '0', '0', NULL, NULL, '0', '0', '0000-00-00', NULL, NULL, '', '0', NULL, '0'),
('973', '11', '8', '2018-11-20', '501001', '', '-1839.94', '0', '0', NULL, NULL, '0', '0', '0000-00-00', NULL, NULL, '', '', NULL, '0'),
('974', '11', '8', '2018-11-20', '102001', '', '1839.94', '0', '0', NULL, NULL, '0', '0', '0000-00-00', NULL, NULL, '', '', NULL, '0'),
('975', '11', '8', '2018-11-20', '403001', '', '1200', '0', '0', NULL, NULL, '0', '0', '0000-00-00', NULL, NULL, '', '0', NULL, '0'),
('976', '11', '8', '2018-11-20', '402004', '', '-48', '0', '0', NULL, NULL, '0', '0', '0000-00-00', NULL, NULL, '', '0', NULL, '0'),
('977', '11', '8', '2018-11-20', '101001', '', '-17952', '0', '0', '2', '28', '0', '0', '0000-00-00', NULL, NULL, '', '0', NULL, '0'),
('978', '11', '8', '2018-11-20', '', '', '0', '0', '0', NULL, NULL, '0', '0', '0000-00-00', NULL, NULL, '', '0', NULL, '0'),
('979', '13', '59', '2018-11-20', '501001', '', '58878.02', '0', '0', NULL, NULL, '0', '0', '0000-00-00', NULL, NULL, '', '', NULL, '0'),
('980', '13', '59', '2018-11-20', '102001', '', '-58878.02', '0', '0', NULL, NULL, '0', '0', '0000-00-00', NULL, NULL, '', '', NULL, '0'),
('981', '10', '53', '2018-11-20', '403001', '', '-40000', '0', '0', NULL, NULL, '0', '0', '0000-00-00', NULL, NULL, '', '0', NULL, '0'),
('982', '10', '53', '2018-11-20', '402004', '', '800', '0', '0', NULL, NULL, '0', '0', '0000-00-00', NULL, NULL, '', '0', NULL, '0'),
('983', '10', '53', '2018-11-20', '101001', '', '39200', '0', '0', '2', '28', '0', '0', '0000-00-00', NULL, NULL, '', '0', NULL, '0'),
('984', '12', '27', '2018-11-20', '1011001', '', '39200', '0', '0', NULL, NULL, '0', '0', '0020-00-00', '0', '0', '0', '0', NULL, '0'),
('985', '12', '27', '2018-11-20', '101001', '', '-39200', '0', '0', '2', '28', '0', '0', '0020-00-00', '0', '0', '0', '0', NULL, '0'),
('986', '12', '28', '2018-11-20', '1011001', '', '17952', '0', '0', NULL, NULL, '0', '0', '0000-00-00', NULL, NULL, '', '', NULL, '0'),
('987', '12', '28', '2018-11-20', '101001', '', '-17952', '0', '0', '2', '28', '0', '0', '0000-00-00', NULL, NULL, '', '0', NULL, '0'),
('988', '13', '60', '2018-11-20', '501001', '', '11039.63', '0', '0', NULL, NULL, '0', '0', '0000-00-00', NULL, NULL, '', '', NULL, '0'),
('989', '13', '60', '2018-11-20', '102001', '', '-11039.63', '0', '0', NULL, NULL, '0', '0', '0000-00-00', NULL, NULL, '', '', NULL, '0'),
('990', '13', '60', '2018-11-20', '501001', '', '220792.57', '0', '0', NULL, NULL, '0', '0', '0000-00-00', NULL, NULL, '', '', NULL, '0'),
('991', '13', '60', '2018-11-20', '102001', '', '-220792.57', '0', '0', NULL, NULL, '0', '0', '0000-00-00', NULL, NULL, '', '', NULL, '0'),
('992', '10', '54', '2018-11-20', '403001', '', '-7200', '0', '0', NULL, NULL, '0', '0', '0000-00-00', NULL, NULL, '', '0', NULL, '0'),
('993', '10', '54', '2018-11-20', '402004', '', '288', '0', '0', NULL, NULL, '0', '0', '0000-00-00', NULL, NULL, '', '0', NULL, '0'),
('994', '10', '54', '2018-11-20', '403001', '', '-144000', '0', '0', NULL, NULL, '0', '0', '0000-00-00', NULL, NULL, '', '0', NULL, '0'),
('995', '10', '54', '2018-11-20', '402004', '', '5760', '0', '0', NULL, NULL, '0', '0', '0000-00-00', NULL, NULL, '', '0', NULL, '0'),
('996', '10', '54', '2018-11-20', '101001', '', '145152', '0', '0', '2', '28', '0', '0', '0000-00-00', NULL, NULL, '', '0', NULL, '0'),
('997', '11', '9', '2018-11-20', '501001', '', '-36798.76', '0', '0', NULL, NULL, '0', '0', '0000-00-00', NULL, NULL, '', '', NULL, '0'),
('998', '11', '9', '2018-11-20', '102001', '', '36798.76', '0', '0', NULL, NULL, '0', '0', '0000-00-00', NULL, NULL, '', '', NULL, '0'),
('999', '11', '9', '2018-11-20', '403001', '', '24000', '0', '0', NULL, NULL, '0', '0', '0000-00-00', NULL, NULL, '', '0', NULL, '0'),
('1000', '11', '9', '2018-11-20', '402004', '', '-960', '0', '0', NULL, NULL, '0', '0', '0000-00-00', NULL, NULL, '', '0', NULL, '0'),
('1001', '11', '9', '2018-11-20', '101001', '', '-23040', '0', '0', '2', '28', '0', '0', '0000-00-00', NULL, NULL, '', '0', NULL, '0'),
('1002', '11', '9', '2018-11-20', '', '', '0', '0', '0', NULL, NULL, '0', '0', '0000-00-00', NULL, NULL, '', '0', NULL, '0'),
('1003', '12', '29', '2018-11-20', '1011001', '', '86208', '0', '0', NULL, NULL, '0', '0', '0000-00-00', NULL, NULL, '', '', NULL, '0'),
('1004', '12', '29', '2018-11-20', '101001', '', '-86208', '0', '0', '2', '28', '0', '0', '0000-00-00', NULL, NULL, '', '0', NULL, '0'),
('1005', '43', '13', '2018-11-20', '101002', '', '-9013', '0', '0', NULL, NULL, '0', '0', NULL, NULL, NULL, '', '', NULL, '0'),
('1006', '43', '13', '2018-11-20', '102001', '', '8750', '0', '0', NULL, NULL, '0', '0', '0000-00-00', NULL, NULL, '', '0', NULL, '0'),
('1007', '43', '13', '2018-11-20', '102001', '', '0', '0', '0', NULL, NULL, '0', '0', NULL, NULL, NULL, '', '', NULL, '0'),
('1008', '43', '13', '2018-11-20', '102001', '', '0', '0', '0', NULL, NULL, '0', '0', NULL, NULL, NULL, '', '', NULL, '0'),
('1009', '43', '13', '2018-11-20', '102001', '', '0', '0', '0', NULL, NULL, '0', '0', NULL, NULL, NULL, '', '', NULL, '0'),
('1010', '43', '13', '2018-11-20', '102001', '', '0', '0', '0', NULL, NULL, '0', '0', NULL, NULL, NULL, '', '', NULL, '0'),
('1011', '43', '13', '2018-11-20', '102001', '', '0', '0', '0', NULL, NULL, '0', '0', NULL, NULL, NULL, '', '', NULL, '0'),
('1012', '43', '13', '2018-11-20', '101001', '', '0', '0', '0', NULL, NULL, '0', '0', NULL, NULL, NULL, '', '', NULL, '0'),
('1013', '43', '13', '2018-11-20', '102001', '', '263', '0', '0', NULL, NULL, '0', '0', NULL, NULL, NULL, '', '', NULL, '0'),
('1014', '43', '13', '2018-11-20', '102001', '', '0', '0', '0', NULL, NULL, '0', '0', NULL, NULL, NULL, '', '', NULL, '0'),
('1015', '20', '63', '2018-11-20', '201001', '', '-13000', '0', '0', '3', '18', '0', '0', '0000-00-00', NULL, NULL, '', '0', NULL, '0'),
('1016', '20', '63', '2018-11-20', '501001', '', '5000', '0', '0', NULL, NULL, '0', '0', '0000-00-00', NULL, NULL, '', '0', NULL, '0'),
('1017', '20', '63', '2018-11-20', '102001', '', '8000', '0', '0', NULL, NULL, '0', '0', '0000-00-00', NULL, NULL, '', '0', NULL, '0'),
('1018', '20', '64', '2018-11-20', '201001', '', '-13000', '0', '0', '3', '18', '0', '0', '0000-00-00', NULL, NULL, '', '0', NULL, '0'),
('1019', '20', '64', '2018-11-20', '501001', '', '1000', '0', '0', NULL, NULL, '0', '0', '0000-00-00', NULL, NULL, '', '0', NULL, '0'),
('1020', '20', '64', '2018-11-20', '102001', '', '12000', '0', '0', NULL, NULL, '0', '0', '0000-00-00', NULL, NULL, '', '0', NULL, '0'),
('1021', '20', '65', '2018-11-20', '201001', '', '-25000', '0', '0', '3', '18', '0', '0', '0000-00-00', NULL, NULL, '', '0', NULL, '0'),
('1022', '20', '65', '2018-11-20', '102005', '', '5000', '0', '0', NULL, NULL, '0', '0', '0000-00-00', NULL, NULL, '', '0', NULL, '0'),
('1023', '20', '65', '2018-11-20', '102001', '', '20000', '0', '0', NULL, NULL, '0', '0', '0000-00-00', NULL, NULL, '', '0', NULL, '0'),
('1024', '20', '66', '2018-11-20', '201001', '', '-20000', '0', '0', '3', '18', '0', '0', '0000-00-00', NULL, NULL, '', '0', NULL, '0'),
('1025', '20', '66', '2018-11-20', '102001', '', '4000', '0', '0', NULL, NULL, '0', '0', '0000-00-00', NULL, NULL, '', '0', NULL, '0'),
('1026', '20', '66', '2018-11-20', '102001', '', '16000', '0', '0', NULL, NULL, '0', '0', '0000-00-00', NULL, NULL, '', '0', NULL, '0'),
('1027', '20', '67', '2018-11-20', '201001', '', '-10000', '0', '0', '3', '18', '0', '0', '0000-00-00', NULL, NULL, '', '0', NULL, '0'),
('1028', '20', '67', '2018-11-20', '102005', '', '1000', '0', '0', NULL, NULL, '0', '0', '0000-00-00', NULL, NULL, '', '0', NULL, '0'),
('1029', '20', '67', '2018-11-20', '102001', '', '9000', '0', '0', NULL, NULL, '0', '0', '0000-00-00', NULL, NULL, '', '0', NULL, '0'),
('1030', '13', '61', '2018-11-20', '501001', '', '5442.57', '0', '0', NULL, NULL, '0', '0', '0000-00-00', NULL, NULL, '', '', NULL, '0'),
('1031', '13', '61', '2018-11-20', '102001', '', '-5442.57', '0', '0', NULL, NULL, '0', '0', '0000-00-00', NULL, NULL, '', '', NULL, '0'),
('1032', '10', '55', '2018-11-20', '403001', '', '-6500', '0', '0', NULL, NULL, '0', '0', '0000-00-00', NULL, NULL, '', '0', NULL, '0'),
('1033', '10', '55', '2018-11-20', '402004', '', '260', '0', '0', NULL, NULL, '0', '0', '0000-00-00', NULL, NULL, '', '0', NULL, '0'),
('1034', '10', '55', '2018-11-20', '101001', '', '6240', '0', '0', '2', '28', '0', '0', '0000-00-00', NULL, NULL, '', '0', NULL, '0'),
('1035', '12', '30', '2018-11-20', '1011001', '', '6240', '0', '0', NULL, NULL, '0', '0', '0020-00-00', '0', '0', '0', '0', NULL, '0'),
('1036', '12', '30', '2018-11-20', '101001', '', '-6240', '0', '0', '2', '28', '0', '0', '0020-00-00', '0', '0', '0', '0', NULL, '0'),
('1037', '13', '62', '2018-11-21', '501001', '', '7928139.75', '0', '0', NULL, NULL, '0', '0', '0000-00-00', NULL, NULL, '', '', NULL, '0'),
('1038', '13', '62', '2018-11-21', '102001', '', '-7928139.75', '0', '0', NULL, NULL, '0', '0', '0000-00-00', NULL, NULL, '', '', NULL, '0'),
('1039', '10', '56', '2018-11-21', '403001', '', '-200', '0', '0', NULL, NULL, '0', '0', '0000-00-00', NULL, NULL, '', '0', NULL, '0'),
('1040', '10', '56', '2018-11-21', '101001', '', '234', '0', '0', '2', '4', '0', '0', '0000-00-00', NULL, NULL, '', '0', NULL, '0'),
('1041', '10', '56', '2018-11-21', '201004', '', '-34', '0', '0', NULL, NULL, '0', '0', '0000-00-00', NULL, NULL, '', '0', NULL, '0'),
('1042', '13', '63', '2018-10-22', '501001', '', '20', '0', '0', NULL, NULL, '0', '0', '0000-00-00', NULL, NULL, '', '', NULL, '0'),
('1043', '13', '63', '2018-10-22', '102001', '', '-20', '0', '0', NULL, NULL, '0', '0', '0000-00-00', NULL, NULL, '', '', NULL, '0'),
('1044', '13', '64', '2018-10-22', '501001', '', '20', '0', '0', NULL, NULL, '0', '0', '0000-00-00', NULL, NULL, '', '', NULL, '0'),
('1045', '13', '64', '2018-10-22', '102001', '', '-20', '0', '0', NULL, NULL, '0', '0', '0000-00-00', NULL, NULL, '', '', NULL, '0'),
('1046', '13', '65', '2018-10-22', '501001', '', '124768.64', '0', '0', NULL, NULL, '0', '0', '0000-00-00', NULL, NULL, '', '', NULL, '0'),
('1047', '13', '65', '2018-10-22', '102001', '', '-124768.64', '0', '0', NULL, NULL, '0', '0', '0000-00-00', NULL, NULL, '', '', NULL, '0'),
('1048', '13', '66', '2018-10-22', '501001', '', '63425117.96', '1', '0', NULL, NULL, '0', '0', '0000-00-00', NULL, NULL, '', '', NULL, '0'),
('1049', '13', '66', '2018-10-22', '102001', '', '-63425117.96', '0', '0', NULL, NULL, '0', '0', '0000-00-00', NULL, NULL, '', '', NULL, '0'),
('1050', '13', '67', '2018-10-22', '501001', '', '700', '0', '0', NULL, NULL, '0', '0', '0000-00-00', NULL, NULL, '', '', NULL, '0'),
('1051', '13', '67', '2018-10-22', '102001', '', '-700', '0', '0', NULL, NULL, '0', '0', '0000-00-00', NULL, NULL, '', '', NULL, '0'),
('1052', '13', '68', '2018-10-22', '501001', '', '2287.59', '0', '0', NULL, NULL, '0', '0', '0000-00-00', NULL, NULL, '', '', NULL, '0'),
('1053', '13', '68', '2018-10-22', '102001', '', '-2287.59', '0', '0', NULL, NULL, '0', '0', '0000-00-00', NULL, NULL, '', '', NULL, '0'),
('1054', '13', '70', '2018-10-22', '501001', '', '682995.17', '0', '0', NULL, NULL, '0', '0', '0000-00-00', NULL, NULL, '', '', NULL, '0'),
('1055', '13', '70', '2018-10-22', '102001', '', '-682995.17', '0', '0', NULL, NULL, '0', '0', '0000-00-00', NULL, NULL, '', '', NULL, '0'),
('1056', '10', '57', '2018-10-22', '403001', '', '-2000', '0', '0', NULL, NULL, '0', '0', '0000-00-00', NULL, NULL, '', '0', NULL, '0'),
('1057', '10', '57', '2018-10-22', '403001', '', '-3000', '0', '0', NULL, NULL, '0', '0', '0000-00-00', NULL, NULL, '', '0', NULL, '0'),
('1058', '10', '57', '2018-10-22', '403001', '', '-20', '0', '0', NULL, NULL, '0', '0', '0000-00-00', NULL, NULL, '', '0', NULL, '0'),
('1059', '10', '57', '2018-10-22', '101001', '', '5873.4', '0', '0', '2', '4', '0', '0', '0000-00-00', NULL, NULL, '', '0', NULL, '0'),
('1060', '10', '57', '2018-10-22', '201004', '', '-853.4', '0', '0', NULL, NULL, '0', '0', '0000-00-00', NULL, NULL, '', '0', NULL, '0'),
('1061', '12', '31', '2018-10-22', '1011001', '', '254478.06', '0', '0', NULL, NULL, '0', '0', '0000-00-00', NULL, NULL, '', '', NULL, '0'),
('1062', '12', '31', '2018-10-22', '101001', '', '-265081.06', '0', '0', '2', '4', '0', '0', '0000-00-00', NULL, NULL, '', '0', NULL, '0'),
('1063', '12', '31', '2018-10-22', '101008', '', '10603', '0', '0', NULL, NULL, '0', '0', '0000-00-00', NULL, NULL, '', '0', NULL, '0'),
('1064', '22', '29', '2018-10-22', '201001', '0', '2840', '0', '0', '3', '5', '0', '0', '2018-11-21', NULL, NULL, '', '0', NULL, '0'),
('1065', '22', '29', '2018-10-22', '1011001', '', '-2840', '0', '0', NULL, NULL, '0', '0', '2018-11-21', NULL, NULL, '', '', NULL, '0');

### Structure of table `0_grade` ###

DROP TABLE IF EXISTS `0_grade`;

CREATE TABLE `0_grade` (
  `id` smallint(6) unsigned NOT NULL AUTO_INCREMENT,
  `description` varchar(60) COLLATE utf8_unicode_ci NOT NULL DEFAULT '',
  `inactive` tinyint(1) NOT NULL DEFAULT '0',
  PRIMARY KEY (`id`),
  UNIQUE KEY `description` (`description`)
) ENGINE=InnoDB AUTO_INCREMENT=11 DEFAULT CHARSET=utf8 COLLATE=utf8_unicode_ci ;

### Data of table `0_grade` ###

INSERT INTO `0_grade` VALUES
('4', '1st', '0'),
('5', '2nd', '0'),
('6', '3rd', '0'),
('7', '4th', '0'),
('8', '5th', '0'),
('10', '6th', '0');

### Structure of table `0_grade_leave_setup` ###

DROP TABLE IF EXISTS `0_grade_leave_setup`;

CREATE TABLE `0_grade_leave_setup` (
  `id` int(11) NOT NULL AUTO_INCREMENT,
  `description` double NOT NULL,
  `pl` double NOT NULL,
  `sl` double NOT NULL,
  `cl` int(11) NOT NULL,
  `inactive` tinyint(6) NOT NULL DEFAULT '0',
  PRIMARY KEY (`id`)
) ENGINE=InnoDB AUTO_INCREMENT=6 DEFAULT CHARSET=latin1 ;

### Data of table `0_grade_leave_setup` ###

INSERT INTO `0_grade_leave_setup` VALUES
('1', '4', '10', '10', '10', '0'),
('2', '5', '20', '10', '5', '0'),
('3', '6', '12', '10', '10', '0'),
('4', '7', '10', '20', '10', '0'),
('5', '8', '5', '10', '20', '0');

### Structure of table `0_gratuity` ###

DROP TABLE IF EXISTS `0_gratuity`;

CREATE TABLE `0_gratuity` (
  `id` int(11) NOT NULL AUTO_INCREMENT,
  `encashment_id` int(11) NOT NULL,
  `emp_name` varchar(50) NOT NULL,
  `approve` int(11) NOT NULL,
  `f_year` int(11) NOT NULL,
  `amount` int(50) NOT NULL,
  `taxable_amount` varchar(50) NOT NULL,
  `income_tax` varchar(50) NOT NULL,
  `mode_of_payment` int(11) NOT NULL,
  `remarks` varchar(50) NOT NULL,
  `gl_voucher` varchar(50) NOT NULL,
  `check_no` varchar(50) NOT NULL,
  `check_date` varchar(50) NOT NULL,
  `date` date NOT NULL,
  `tax_installments` varchar(50) NOT NULL,
  `gl_it` varchar(50) NOT NULL,
  `payment_date` date NOT NULL,
  `account_info` varchar(50) NOT NULL,
  PRIMARY KEY (`id`)
) ENGINE=InnoDB DEFAULT CHARSET=latin1 ;

### Data of table `0_gratuity` ###


### Structure of table `0_grn_batch` ###

DROP TABLE IF EXISTS `0_grn_batch`;

CREATE TABLE `0_grn_batch` (
  `id` int(11) NOT NULL AUTO_INCREMENT,
  `supplier_id` int(11) NOT NULL DEFAULT '0',
  `purch_order_no` int(11) DEFAULT NULL,
  `reference` varchar(60) COLLATE utf8_unicode_ci NOT NULL DEFAULT '',
  `delivery_date` date NOT NULL DEFAULT '0000-00-00',
  `loc_code` varchar(5) COLLATE utf8_unicode_ci DEFAULT NULL,
  `rate` double DEFAULT '1',
  `requisition_no` int(11) NOT NULL,
  `h_text1` varchar(30) COLLATE utf8_unicode_ci NOT NULL,
  `h_text2` varchar(30) COLLATE utf8_unicode_ci NOT NULL,
  `h_text3` varchar(30) COLLATE utf8_unicode_ci NOT NULL,
  `h_comb1` varchar(30) COLLATE utf8_unicode_ci NOT NULL,
  `h_comb2` varchar(30) COLLATE utf8_unicode_ci NOT NULL,
  `h_comb3` varchar(30) COLLATE utf8_unicode_ci NOT NULL,
  `Comments1` text COLLATE utf8_unicode_ci NOT NULL,
  `Comments2` text COLLATE utf8_unicode_ci NOT NULL,
  `dc_no` varchar(55) COLLATE utf8_unicode_ci NOT NULL,
  `transaction_type` tinyint(1) NOT NULL DEFAULT '0',
  `approval` tinyint(1) NOT NULL DEFAULT '0',
  `discount1` double NOT NULL,
  `disc1` double NOT NULL,
  PRIMARY KEY (`id`),
  KEY `delivery_date` (`delivery_date`),
  KEY `purch_order_no` (`purch_order_no`)
) ENGINE=InnoDB AUTO_INCREMENT=95 DEFAULT CHARSET=utf8 COLLATE=utf8_unicode_ci ;

### Data of table `0_grn_batch` ###

INSERT INTO `0_grn_batch` VALUES
('1', '5', '1', 'GRN001/10/2018', '2018-10-19', 'DEF', '1', '0', '', '', '', '', '', '', '', '', '', '0', '0', '0', '0'),
('2', '5', '2', 'GRN002/10/2018', '2018-10-20', 'DEF', '1', '0', '', '', '', '', '', '', '', '', '', '0', '0', '0', '0'),
('3', '2', '3', 'GRN003/10/2018', '2018-10-20', 'DEF', '1', '0', '', '', '', '0', '0', '0', '', '', '', '0', '0', '0', '0'),
('4', '5', '4', 'auto', '2018-10-22', 'DEF', '1', '0', '', '', '', '', '', '', '', '', '', '0', '0', '0', '0'),
('5', '5', '5', 'auto', '2018-10-22', 'DEF', '1', '0', '', '', '', '', '', '', '', '', '', '0', '0', '0', '0'),
('6', '2', '6', 'GRN004/10/2018', '2018-10-22', 'DEF', '1', '0', '', '', '', '', '', '', '', '', '', '0', '0', '0', '0'),
('7', '2', '3', 'GRN005/10/2018', '2018-10-22', 'DEF', '1', '0', '', '', '', '0', '0', '0', '', '', '', '0', '0', '0', '0'),
('8', '6', '7', 'GRN006/10/2018', '2018-10-22', 'DEF', '1', '0', '', '', '', '0', '0', '0', '', '', '', '0', '0', '0', '0'),
('9', '3', '8', 'GRN007/10/2018', '2018-10-22', 'DEF', '1', '0', '', '', '', '0', '0', '0', '', '', '', '0', '0', '0', '0'),
('10', '6', '10', 'GRN008/10/2018', '2018-10-22', 'DEF', '1', '0', '', '', '', '', '', '', '', '', '', '0', '0', '0', '0'),
('11', '7', '11', 'GRN009/10/2018', '2018-10-22', 'DEF', '1', '0', '', '', '', '', '', '', '', '', '', '0', '0', '0', '0'),
('12', '5', '12', 'GRN010/10/2018', '2018-10-22', 'DEF', '1', '0', '', '', '', '0', '0', '0', '', '', '', '1', '0', '0', '0'),
('13', '5', '13', 'GRN011/10/2018', '2018-10-22', 'DEF', '1', '0', '', '', '', '0', '0', '0', '', '', '', '1', '0', '0', '0'),
('14', '8', '14', 'GRN012/10/2018', '2018-10-22', 'DEF', '1', '0', '', '', '', '0', '0', '0', '', '', '', '0', '0', '0', '0'),
('15', '9', '16', 'GRN013/10/2018', '2018-10-22', 'DEF', '120', '0', '', '', '', '0', '0', '0', '', '', '', '1', '0', '0', '0'),
('16', '9', '17', 'GRN014/10/2018', '2018-10-23', 'DEF', '120', '0', '', '', '', '0', '0', '0', '', '', '', '1', '0', '0', '0'),
('17', '5', '18', 'GRN015/10/2018', '2018-10-23', 'DEF', '1', '0', '', '', '', '0', '0', '0', '', '', '', '0', '0', '0', '0'),
('18', '9', '19', 'GRN016/10/2018', '2018-10-23', 'DEF', '120', '0', '', '', '', '0', '0', '0', '', '', '', '0', '0', '0', '0'),
('19', '9', '20', 'GRN017/10/2018', '2018-10-23', 'DEF', '120', '0', '', '', '', '0', '0', '0', '', '', '', '1', '0', '0', '0'),
('20', '9', '22', 'GRN018/10/2018', '2018-10-23', 'DEF', '120', '0', '', '', '', '0', '0', '0', '', '', '', '1', '0', '0', '0'),
('21', '5', '24', 'auto', '2018-10-23', 'DEF', '1', '0', '', '', '', '', '', '', '', '', '', '0', '0', '0', '0'),
('22', '8', '25', 'GRN019/10/2018', '2018-10-24', 'DEF', '1', '0', '', '', '', '0', '0', '0', '', '', '', '0', '0', '0', '0'),
('23', '5', '26', 'GRN020/10/2018', '2018-10-24', 'DEF', '1', '0', '', '', '', '', '', '', '', '', '', '0', '0', '0', '0'),
('24', '8', '27', 'GRN021/10/2018', '2018-10-24', 'DEF', '1', '0', '', '', '', '0', '0', '0', '', '', '', '0', '0', '0', '0'),
('25', '5', '28', 'auto', '2018-10-24', 'DEF', '1', '0', '', '', '', '', '', '', '', '', '', '0', '0', '0', '0'),
('26', '5', '29', 'auto', '2018-10-24', 'DEF', '1', '0', '', '', '', '', '', '', '', '', '', '0', '0', '0', '0'),
('27', '8', '30', 'GRN022/10/2018', '2018-10-24', 'DEF', '1', '0', '', '', '', '0', '0', '0', '', '', '', '0', '0', '0', '0'),
('28', '6', '31', 'auto', '2018-10-24', 'DEF', '1', '0', '', '', '', '', '', '', '', '', '', '0', '0', '0', '0'),
('29', '5', '32', 'auto', '2018-10-24', 'DEF', '1', '0', '', '', '', '', '', '', '', '', '', '0', '0', '0', '0'),
('30', '5', '33', 'auto', '2018-10-24', 'DEF', '1', '0', '', '', '', '', '', '', '', '', '', '0', '0', '0', '0'),
('31', '5', '34', 'auto', '2018-10-22', 'DEF', '1', '0', '', '', '', '', '', '', '', '', '', '0', '0', '0', '0'),
('32', '5', '35', 'auto', '2018-10-27', 'DEF', '1', '0', '', '', '', '', '', '', '', '', '', '0', '0', '0', '0'),
('33', '5', '36', 'auto', '2018-10-27', 'DEF', '1', '0', '', '', '', '', '', '', '', '', '', '0', '0', '0', '0'),
('34', '5', '37', 'auto', '2018-10-27', 'DEF', '1', '0', '', '', '', '', '', '', '', '', '', '0', '0', '0', '0'),
('35', '5', '38', 'auto', '2018-10-27', 'DEF', '1', '0', '', '', '', '', '', '', '', '', '', '0', '0', '0', '0'),
('36', '5', '39', 'auto', '2018-10-27', 'DEF', '1', '0', '', '', '', '', '', '', '', '', '', '0', '0', '0', '0'),
('37', '5', '40', 'auto', '2018-10-27', 'DEF', '1', '0', '', '', '', '', '', '', '', '', '', '0', '0', '0', '0'),
('38', '5', '41', 'auto', '2018-10-29', 'DEF', '1', '0', '', '', '', '', '', '', '', '', '', '0', '0', '0', '0'),
('39', '5', '42', 'auto', '2018-10-29', 'DEF', '1', '0', '', '', '', '', '', '', '', '', '', '0', '0', '0', '0'),
('40', '9', '43', 'GRN023/10/2018', '2018-10-29', 'DEF', '120', '0', '', '', '', '0', '0', '0', 'l;mm;', '', '', '1', '0', '0', '0'),
('41', '5', '44', 'GRN024/10/2018', '2018-10-29', 'DEF', '1', '0', '', '', '', '', '', '', '', '', '', '0', '0', '0', '0'),
('42', '9', '45', 'GRN025/10/2018', '2018-10-30', 'DEF', '120', '0', '', '', '', '0', '0', '0', '', '', '', '0', '0', '100', '0'),
('43', '11', '46', 'GRN026/10/2018', '2018-10-27', 'DEF', '1', '0', '', '', '', '', '', '', '', '', '', '0', '0', '0', '0'),
('44', '11', '47', 'GRN027/10/2018', '2018-10-27', 'DEF', '1', '0', '', '', '', '', '', '', '', '', '', '0', '0', '0', '0'),
('45', '8', '9', 'GRN028/10/2018', '2018-10-30', 'DEF', '1', '0', '', '', '', '0', '0', '0', '', '', '', '0', '0', '0', '0'),
('46', '9', '48', 'GRN029/10/2018', '2018-10-30', 'DEF', '120', '0', '', '', '', '0', '0', '0', '', '', '', '1', '0', '0', '0'),
('47', '11', '49', 'GRN030/10/2018', '2018-10-25', 'DEF', '1', '0', '', '', '', '', '', '', '', '', '', '0', '0', '0', '0'),
('48', '9', '48', 'GRN031/10/2018', '2018-10-31', 'DEF', '120', '0', '', '', '', '0', '0', '0', '\n\n\n\n\n\n', '', '', '1', '0', '0', '0'),
('49', '9', '48', 'GRN032/10/2018', '2018-10-30', 'DEF', '120', '0', '', '', '', '0', '0', '0', '', '', '', '1', '0', '0', '0'),
('50', '5', '50', 'auto', '2018-11-01', 'DEF', '1', '0', '', '', '', '', '', '', '', '', '', '0', '0', '0', '0'),
('51', '5', '51', 'GRN001/11/2018', '2018-11-02', 'DEF', '1', '0', '', '', '', '', '', '', '', '', '', '0', '0', '0', '0'),
('52', '5', '52', 'GRN002/11/2018', '2018-11-02', 'DEF', '1', '0', '', '', '', '', '', '', '', '', '', '0', '0', '0', '0'),
('53', '8', '9', 'GRN003/11/2018', '2018-11-02', 'DEF', '1', '0', '', '', '', '0', '0', '0', '', '', '', '0', '0', '0', '0'),
('54', '5', '53', 'GRN004/11/2018', '2018-11-02', 'DEF', '1', '0', '', '', '', '', '', '', '', '', '', '0', '0', '0', '0'),
('55', '5', '15', 'GRN005/11/2018', '2018-10-22', 'DEF', '1', '0', '', '', '', '0', '0', '0', '', '', '', '0', '0', '0', '0'),
('56', '11', '54', 'GRN006/11/2018', '2018-11-02', 'DEF', '1', '0', '', '', '', '0', '0', '0', '', '', '', '0', '1', '0', '0'),
('57', '5', '57', 'GRN007/11/2018', '2018-11-06', 'DEF', '1', '0', '', '', '', '0', '0', '0', '', '', '', '1', '1', '0', '0'),
('58', '14', '58', 'GRN008/11/2018', '2018-11-06', 'DEF', '1', '0', '', '', '', '0', '0', '0', '', '', '', '0', '1', '0', '0'),
('59', '14', '59', 'GRN008/11/2018', '2018-11-06', 'DEF', '1', '0', '', '', '', '0', '0', '0', '', '', '', '0', '0', '0', '0'),
('60', '5', '15', 'GRN009/11/2018', '2018-11-07', 'DEF', '1', '0', '', '', '', '0', '0', '0', '', '', '', '0', '0', '0', '0'),
('61', '4', '60', 'GRN010/11/2018', '2018-11-07', 'DEF', '1', '0', '', '', '', '0', '0', '0', '', '', '', '0', '0', '0', '0'),
('62', '11', '61', 'GRN011/11/2018', '2018-11-07', 'DEF', '1', '0', '', '', '', '0', '0', '0', '', '', '', '0', '0', '0', '0'),
('63', '9', '62', 'GRN012/11/2018', '2018-11-07', 'DEF', '0.0076', '0', '', '', '', '0', '0', '0', '', '', '', '1', '0', '0', '0'),
('64', '13', '63', 'GRN013/11/2018', '2018-11-07', 'DEF', '1', '0', '', '', '', '0', '0', '0', '', '', '', '0', '0', '0', '0'),
('65', '7', '64', 'GRN014/11/2018', '2018-11-08', 'DEF', '1', '0', '', '', '', '0', '0', '0', '', '', '', '0', '0', '0', '0'),
('66', '1', '66', 'auto', '0020-00-08', 'DEF', '1', '0', '', '', '', '', '', '', '', '', '', '0', '0', '0', '0'),
('67', '2', '67', 'auto', '0020-00-08', 'DEF', '1', '0', '', '', '', '', '', '', '', '', '', '0', '0', '0', '0'),
('68', '3', '68', 'auto', '0020-00-08', 'DEF', '1', '0', '', '', '', '', '', '', '', '', '', '0', '0', '0', '0'),
('69', '4', '69', 'auto', '0020-00-08', 'DEF', '1', '0', '', '', '', '', '', '', '', '', '', '0', '0', '0', '0'),
('70', '5', '70', 'auto', '0020-00-08', 'DEF', '1', '0', '', '', '', '', '', '', '', '', '', '0', '0', '0', '0'),
('71', '6', '71', 'auto', '0020-00-08', 'DEF', '1', '0', '', '', '', '', '', '', '', '', '', '0', '0', '0', '0'),
('72', '7', '72', 'auto', '0020-00-08', 'DEF', '1', '0', '', '', '', '', '', '', '', '', '', '0', '0', '0', '0'),
('73', '8', '73', 'auto', '0020-00-08', 'DEF', '1', '0', '', '', '', '', '', '', '', '', '', '0', '0', '0', '0'),
('74', '9', '74', 'auto', '0020-00-08', 'DEF', '0', '0', '', '', '', '', '', '', '', '', '', '0', '0', '0', '0'),
('75', '10', '75', 'auto', '0020-00-08', 'DEF', '1', '0', '', '', '', '', '', '', '', '', '', '0', '0', '0', '0'),
('76', '11', '76', 'auto', '0020-00-08', 'DEF', '1', '0', '', '', '', '', '', '', '', '', '', '0', '0', '0', '0'),
('77', '12', '77', 'auto', '0020-00-08', 'DEF', '1', '0', '', '', '', '', '', '', '', '', '', '0', '0', '0', '0'),
('78', '13', '78', 'auto', '0020-00-08', 'DEF', '1', '0', '', '', '', '', '', '', '', '', '', '0', '0', '0', '0'),
('79', '14', '79', 'auto', '0020-00-08', 'DEF', '1', '0', '', '', '', '', '', '', '', '', '', '0', '0', '0', '0'),
('80', '15', '80', 'auto', '0020-00-08', 'DEF', '1', '0', '', '', '', '', '', '', '', '', '', '0', '0', '0', '0'),
('81', '9', '82', 'GRN015/11/2018', '2018-11-08', 'DEF', '131', '0', '', '', '', '0', '0', '0', '', '', '', '0', '0', '25', '0'),
('82', '13', '83', 'GRN016/11/2018', '2018-11-09', 'DEF', '1', '0', '', '', '', '0', '0', '0', '', '', '', '0', '0', '0', '0'),
('83', '9', '84', 'GRN017/11/2018', '2018-11-09', 'DEF', '131', '0', '', '', '', '', '', '', '', '', '', '1', '0', '0', '0'),
('84', '6', '85', 'GRN018/11/2018', '2018-11-14', 'DEF', '1', '0', '', '', '', '0', '0', '0', '', '', '', '1', '0', '0', '0'),
('85', '5', '86', 'GRN019/11/2018', '2018-11-16', 'DEF', '1', '0', '', '', '', '0', '0', '0', 'jjj;l', '', '', '1', '0', '0', '0'),
('86', '4', '88', 'GRN020/11/2018', '2018-11-17', 'DEF', '1', '222', '', '', '', '0', '0', '0', '', '', '', '1', '0', '0', '0'),
('87', '18', '89', 'GRN021/11/2018', '2018-11-20', 'DEF', '1', '0', '', '', '', '0', '0', '0', '', '', '', '1', '0', '0', '0'),
('88', '18', '91', 'GRN022/11/2018', '2018-11-20', 'DEF', '1', '0', '', '', '', '0', '0', '0', '', '', '', '1', '0', '0', '0'),
('89', '18', '92', 'GRN023/11/2018', '2018-11-20', 'DEF', '1', '0', '', '', '', '0', '0', '0', '', '', '', '0', '0', '0', '0'),
('90', '18', '94', 'GRN024/11/2018', '2018-11-20', 'DEF', '1', '0', '', '', '', '', '', '', '', '', '', '0', '0', '0', '0'),
('91', '18', '95', 'GRN025/11/2018', '2018-11-20', 'DEF', '1', '0', '', '', '', '', '', '', '', '', '', '0', '0', '0', '0'),
('92', '18', '96', 'GRN026/11/2018', '2018-11-20', 'DEF', '1', '0', '', '', '', '', '', '', '', '', '', '0', '0', '0', '0'),
('93', '18', '97', 'GRN027/11/2018', '2018-11-20', 'DEF', '1', '0', '', '', '', '', '', '', '', '', '', '0', '0', '0', '0'),
('94', '18', '98', 'GRN028/11/2018', '2018-11-20', 'DEF', '1', '0', '', '', '', '', '', '', '', '', '', '0', '0', '0', '0');

### Structure of table `0_grn_items` ###

DROP TABLE IF EXISTS `0_grn_items`;

CREATE TABLE `0_grn_items` (
  `id` int(11) NOT NULL AUTO_INCREMENT,
  `grn_batch_id` int(11) DEFAULT NULL,
  `po_detail_item` int(11) NOT NULL DEFAULT '0',
  `item_code` varchar(20) COLLATE utf8_unicode_ci NOT NULL DEFAULT '',
  `description` tinytext COLLATE utf8_unicode_ci,
  `qty_recd` double NOT NULL DEFAULT '0',
  `quantity_inv` double NOT NULL DEFAULT '0',
  `grn_batch` varchar(50) COLLATE utf8_unicode_ci NOT NULL,
  `text1` varchar(30) COLLATE utf8_unicode_ci NOT NULL,
  `text2` varchar(30) COLLATE utf8_unicode_ci NOT NULL,
  `text3` varchar(30) COLLATE utf8_unicode_ci NOT NULL,
  `text4` varchar(55) COLLATE utf8_unicode_ci NOT NULL,
  `text5` varchar(55) COLLATE utf8_unicode_ci NOT NULL,
  `text6` varchar(55) COLLATE utf8_unicode_ci NOT NULL,
  `text7` longtext COLLATE utf8_unicode_ci NOT NULL,
  `amount1` double NOT NULL,
  `amount2` double NOT NULL,
  `amount3` double NOT NULL,
  `amount4` double NOT NULL,
  `amount5` double NOT NULL,
  `amount6` double NOT NULL,
  `date1` date NOT NULL DEFAULT '0000-00-00',
  `date2` date NOT NULL DEFAULT '0000-00-00',
  `date3` date NOT NULL DEFAULT '0000-00-00',
  `combo1` int(11) NOT NULL,
  `combo2` int(11) NOT NULL,
  `combo3` int(11) NOT NULL,
  `combo4` int(11) NOT NULL,
  `combo5` int(11) NOT NULL,
  `combo6` int(11) NOT NULL,
  `con_factor` double NOT NULL,
  `units_id` varchar(50) COLLATE utf8_unicode_ci NOT NULL,
  `discount_percent` double NOT NULL,
  PRIMARY KEY (`id`),
  KEY `grn_batch_id` (`grn_batch_id`)
) ENGINE=InnoDB AUTO_INCREMENT=104 DEFAULT CHARSET=utf8 COLLATE=utf8_unicode_ci ;

### Data of table `0_grn_items` ###

INSERT INTO `0_grn_items` VALUES
('1', '1', '1', '1006', 'panadol ', '10', '10', '', '', '', '', '', '', '', '', '0', '0', '0', '0', '0', '0', '0000-00-00', '0000-00-00', '0000-00-00', '0', '0', '0', '0', '0', '0', '0', 'boxes', '0'),
('2', '2', '2', '1005', 'RIBBON FISH ', '671', '671', '', '', '', '', '', '', '', '', '0', '0', '0', '0', '0', '0', '0000-00-00', '0000-00-00', '0000-00-00', '0', '0', '0', '0', '0', '0', '0', 'boxes', '0'),
('3', '3', '3', '1004', 'A-HO 20/30 SEA BREAM', '90', '90', '', '', '', '', '', '', '', '', '0', '0', '0', '0', '0', '0', '0000-00-00', '0000-00-00', '0000-00-00', '0', '0', '0', '0', '0', '0', '0', 'boxes', '0'),
('4', '4', '4', '500166666', 'Test Item', '1', '1', '', '', '', '', '', '', '', '', '0', '0', '0', '0', '0', '0', '0000-00-00', '0000-00-00', '0000-00-00', '0', '0', '0', '0', '0', '0', '1', 'boxes', '0'),
('5', '5', '5', '500166666', 'Test Item', '1', '1', '', '', '', '', '', '', '', '', '0', '0', '0', '0', '0', '0', '0000-00-00', '0000-00-00', '0000-00-00', '0', '0', '0', '0', '0', '0', '1', 'boxes', '0'),
('6', '6', '6', '1002', 'Sugar Free (Vanilla) (Double Scoop)', '100', '100', '', '', '', '', '', '', '', '', '0', '0', '0', '0', '0', '0', '0000-00-00', '0000-00-00', '0000-00-00', '0', '0', '0', '0', '0', '0', '0', 'boxes', '0'),
('7', '6', '7', '1006', 'panadol ', '150', '150', '', '', '', '', '', '', '', '', '0', '0', '0', '0', '0', '0', '0000-00-00', '0000-00-00', '0000-00-00', '0', '0', '0', '0', '0', '0', '0', 'boxes', '0'),
('8', '6', '8', '11122220000', 'Coconut (Double Scoop)', '150', '150', '', '', '', '', '', '', '', '', '0', '0', '0', '0', '0', '0', '0000-00-00', '0000-00-00', '0000-00-00', '0', '0', '0', '0', '0', '0', '0', 'boxes', '0'),
('9', '7', '3', '1004', 'A-HO 20/30 SEA BREAM', '10', '0', '', '', '', '', '', '', '', '', '0', '0', '0', '0', '0', '0', '0000-00-00', '0000-00-00', '0000-00-00', '0', '0', '0', '0', '0', '0', '0', 'boxes', '0'),
('10', '8', '9', '1009', 'HP LAPTOP', '120', '120', '', '', '', '', '', '', '', '', '0', '0', '0', '0', '0', '0', '0000-00-00', '0000-00-00', '0000-00-00', '0', '0', '0', '0', '0', '0', '0', 'boxes', '0'),
('11', '9', '10', '1007', 'NATURE WATER ', '40000', '40000', '', '', '', '', '', '', '', '', '0', '0', '0', '0', '0', '0', '0000-00-00', '0000-00-00', '0000-00-00', '0', '0', '0', '0', '0', '0', '0', 'boxes', '0'),
('12', '10', '12', '1009', 'HP LAPTOP', '10', '10', '', '', '', '', '', '', '', '', '0', '0', '0', '0', '0', '0', '0000-00-00', '0000-00-00', '0000-00-00', '0', '0', '0', '0', '0', '0', '0', 'boxes', '0'),
('13', '11', '13', '1007', 'NATURE WATER ', '200', '200', '', '', '', '', '', '', '', '', '0', '0', '0', '0', '0', '0', '0000-00-00', '0000-00-00', '0000-00-00', '0', '0', '0', '0', '0', '0', '0', 'ltr', '0'),
('14', '12', '14', '1002', 'Sugar Free (Vanilla) (Double Scoop)', '1', '1', '', '', '', '', '', '', '', '', '0', '0', '0', '0', '0', '0', '0000-00-00', '0000-00-00', '0000-00-00', '0', '0', '0', '0', '0', '0', '0', 'boxes', '0'),
('15', '13', '15', '1011', 'Import Item', '2', '2', '', '', '', '', '', '', '', '', '0', '0', '0', '0', '0', '0', '0000-00-00', '0000-00-00', '0000-00-00', '0', '0', '0', '0', '0', '0', '0', 'boxes', '0'),
('16', '14', '16', '1009', 'HP LAPTOP', '10', '10', '', '', '', '', '', '', '', '', '0', '0', '0', '0', '0', '0', '0000-00-00', '0000-00-00', '0000-00-00', '0', '0', '0', '0', '0', '0', '0', 'boxes', '0'),
('17', '15', '19', '1011', 'Import Item', '1', '1', '', '', '', '', '', '', '', '', '0', '0', '0', '0', '0', '0', '0000-00-00', '0000-00-00', '0000-00-00', '0', '0', '0', '0', '0', '0', '0', 'boxes', '0'),
('18', '16', '20', '101232', 'import item 1234', '1', '1', '', '', '', '', '', '', '', '', '0', '0', '0', '0', '0', '0', '0000-00-00', '0000-00-00', '0000-00-00', '0', '0', '0', '0', '0', '0', '0', 'boxes', '0'),
('19', '17', '21', '101233', 'Import Item 2', '2', '2', '', '', '', '', '', '', '', '', '0', '0', '0', '0', '0', '0', '0000-00-00', '0000-00-00', '0000-00-00', '0', '0', '0', '0', '0', '0', '0', 'boxes', '0'),
('20', '18', '22', '101234', 'Import 3', '2', '2', '', '', '', '', '', '', '', '', '0', '0', '0', '0', '0', '0', '0000-00-00', '0000-00-00', '0000-00-00', '0', '0', '0', '0', '0', '0', '0', 'boxes', '0'),
('21', '19', '23', '101234', 'Import 3', '2', '2', '', '', '', '', '', '', '', '', '0', '0', '0', '0', '0', '0', '0000-00-00', '0000-00-00', '0000-00-00', '0', '0', '0', '0', '0', '0', '0', 'boxes', '0'),
('22', '20', '25', '101235', 'import 4', '2', '2', '', '', '', '', '', '', '', '', '0', '0', '0', '0', '0', '0', '0000-00-00', '0000-00-00', '0000-00-00', '0', '0', '0', '0', '0', '0', '0', 'boxes', '0'),
('23', '21', '27', '500166666', 'Test Item', '1', '1', '', '', '', '', '', '', '', '', '0', '0', '0', '0', '0', '0', '0000-00-00', '0000-00-00', '0000-00-00', '0', '0', '0', '0', '0', '0', '1', 'boxes', '0'),
('24', '22', '28', '1009', 'HP LAPTOP', '12', '12', '', '', '', '', '', '', '', '', '0', '0', '0', '0', '0', '0', '0000-00-00', '0000-00-00', '0000-00-00', '0', '0', '0', '0', '0', '0', '0', 'boxes', '0'),
('25', '23', '29', '1002', 'Sugar Free (Vanilla) (Double Scoop)', '100', '100', '', '', '', '', '', '', '', '', '0', '0', '0', '0', '0', '0', '0000-00-00', '0000-00-00', '0000-00-00', '0', '0', '0', '0', '0', '0', '0', 'boxes', '0'),
('26', '24', '30', '1010', 'ROYAL FAN', '23', '23', '', '', '', '', '', '', '', '', '0', '0', '0', '0', '0', '0', '0000-00-00', '0000-00-00', '0000-00-00', '0', '0', '0', '0', '0', '0', '0', 'boxes', '0'),
('27', '25', '31', '11122220000', 'Coconut (Double Scoop)', '1', '1', '', '', '', '', '', '', '', '', '0', '0', '0', '0', '0', '0', '0000-00-00', '0000-00-00', '0000-00-00', '0', '0', '0', '0', '0', '0', '0', 'boxes', '0'),
('28', '26', '32', '500166666', 'Test Item', '1', '1', '', '', '', '', '', '', '', '', '0', '0', '0', '0', '0', '0', '0000-00-00', '0000-00-00', '0000-00-00', '0', '0', '0', '0', '0', '0', '1', 'boxes', '0'),
('29', '27', '33', '101239', 'CARS ', '2', '2', '', '', '', '', '', '', '', '', '0', '0', '0', '0', '0', '0', '0000-00-00', '0000-00-00', '0000-00-00', '0', '0', '0', '0', '0', '0', '0', 'pcs', '0'),
('30', '28', '34', '4001', 'CAR ', '1', '1', '', '', '', '', '', '', '', '', '0', '0', '0', '0', '0', '0', '0000-00-00', '0000-00-00', '0000-00-00', '0', '0', '0', '0', '0', '0', '0', 'boxes', '0'),
('31', '29', '35', '4002', 'Computer', '1', '1', '', '', '', '', '', '', '', '', '0', '0', '0', '0', '0', '0', '0000-00-00', '0000-00-00', '0000-00-00', '0', '0', '0', '0', '0', '0', '0', 'boxes', '0'),
('32', '30', '36', '4003', 'AMPROLIUM HCL', '1', '1', '', '', '', '', '', '', '', '', '0', '0', '0', '0', '0', '0', '0000-00-00', '0000-00-00', '0000-00-00', '0', '0', '0', '0', '0', '0', '0', 'boxes', '0'),
('33', '31', '37', '101240', 'Testing Item 2', '10', '10', '', '', '', '', '', '', '', '', '0', '0', '0', '0', '0', '0', '0000-00-00', '0000-00-00', '0000-00-00', '0', '0', '0', '0', '0', '0', '0', 'boxes', '0'),
('34', '32', '38', '500166666', 'Test Item', '1', '1', '', '', '', '', '', '', '', '', '0', '0', '0', '0', '0', '0', '0000-00-00', '0000-00-00', '0000-00-00', '0', '0', '0', '0', '0', '0', '1', 'boxes', '0'),
('35', '33', '39', '500166666', 'Test Item', '1', '1', '', '', '', '', '', '', '', '', '0', '0', '0', '0', '0', '0', '0000-00-00', '0000-00-00', '0000-00-00', '0', '0', '0', '0', '0', '0', '1', 'boxes', '0'),
('36', '34', '40', '500166666', 'Test Item', '1', '1', '', '', '', '', '', '', '', '', '0', '0', '0', '0', '0', '0', '0000-00-00', '0000-00-00', '0000-00-00', '0', '0', '0', '0', '0', '0', '1', 'boxes', '0'),
('37', '35', '41', '500166666', 'Test Item', '1', '1', '', '', '', '', '', '', '', '', '0', '0', '0', '0', '0', '0', '0000-00-00', '0000-00-00', '0000-00-00', '0', '0', '0', '0', '0', '0', '1', 'boxes', '0'),
('38', '36', '42', '101236', 'HSD', '1', '1', '', '', '', '', '', '', '', '', '0', '0', '0', '0', '0', '0', '0000-00-00', '0000-00-00', '0000-00-00', '0', '0', '0', '0', '0', '0', '0', 'ltr', '0'),
('39', '37', '43', '500166666', 'Test Item', '1', '1', '', '', '', '', '', '', '', '', '0', '0', '0', '0', '0', '0', '0000-00-00', '0000-00-00', '0000-00-00', '0', '0', '0', '0', '0', '0', '1', 'boxes', '0'),
('40', '38', '44', '3009', 'Branded SMS', '100000', '100000', '', '', '', '', '', '', '', '', '0', '0', '0', '0', '0', '0', '0000-00-00', '0000-00-00', '0000-00-00', '0', '0', '0', '0', '0', '0', '0', 'boxes', '0'),
('41', '39', '45', '2004', 'Branded SMS 2', '10000000', '10000000', '', '', '', '', '', '', '', '', '0', '0', '0', '0', '0', '0', '0000-00-00', '0000-00-00', '0000-00-00', '0', '0', '0', '0', '0', '0', '0', 'boxes', '0'),
('42', '40', '46', '1011', 'Import Item', '1', '1', '', '', '', '', '', '', '', '', '0', '0', '0', '0', '0', '0', '0000-00-00', '0000-00-00', '0000-00-00', '0', '0', '0', '0', '0', '0', '0', 'boxes', '0'),
('43', '41', '47', '500166666', 'Test Item', '10', '10', '', '', '', '', '', '', '', '', '0', '0', '0', '0', '0', '0', '0000-00-00', '0000-00-00', '0000-00-00', '0', '0', '0', '0', '0', '0', '1', 'boxes', '0'),
('44', '42', '48', '500166666', 'Test Item', '1', '1', '1', '', '', '', '', '', '', '', '0', '0', '0', '0', '0', '0', '0000-00-00', '0000-00-00', '0000-00-00', '0', '0', '0', '0', '0', '0', '1', 'boxes', '0.1'),
('45', '42', '49', '1002', 'Sugar Free (Vanilla) (Double Scoop)', '1', '0', '1', '', '', '', '', '', '', '', '0', '0', '0', '0', '0', '0', '0000-00-00', '0000-00-00', '0000-00-00', '0', '0', '0', '0', '0', '0', '0', 'boxes', '0'),
('46', '43', '50', '500166666', 'Test Item', '1', '1', '2', '', '', '', '', '', '', '', '0', '0', '0', '0', '0', '0', '0000-00-00', '0000-00-00', '0000-00-00', '0', '0', '0', '0', '0', '0', '1', 'boxes', '0'),
('47', '44', '51', '1006', 'panadol ', '1', '1', '2', '', '', '', '', '', '', '', '0', '0', '0', '0', '0', '0', '0000-00-00', '0000-00-00', '0000-00-00', '0', '0', '0', '0', '0', '0', '0', 'boxes', '0'),
('48', '45', '11', '1009', 'HP LAPTOP', '20', '0', '', '', '', '', '', '', '', '', '0', '0', '0', '0', '0', '0', '0000-00-00', '0000-00-00', '0000-00-00', '0', '0', '0', '0', '0', '0', '0', 'boxes', '0'),
('49', '46', '52', '500166666', 'Test Item', '20', '0', '', '', '', '', '', '', '', '', '0', '0', '0', '0', '0', '0', '0000-00-00', '0000-00-00', '0000-00-00', '0', '0', '0', '0', '0', '0', '1', 'boxes', '0'),
('50', '47', '53', '1006', 'panadol ', '56', '56', '', '', '', '', '', '', '', '', '0', '0', '0', '0', '0', '0', '0000-00-00', '0000-00-00', '0000-00-00', '0', '0', '0', '0', '0', '0', '0', 'boxes', '0'),
('51', '48', '52', '500166666', 'Test Item', '20', '0', '', '', '', '', '', '', '', '', '0', '0', '0', '0', '0', '0', '0000-00-00', '0000-00-00', '0000-00-00', '0', '0', '0', '0', '0', '0', '1', 'boxes', '0'),
('52', '49', '52', '500166666', 'Test Item', '50', '0', '', '', '', '', '', '', '', '', '0', '0', '0', '0', '0', '0', '0000-00-00', '0000-00-00', '0000-00-00', '0', '0', '0', '0', '0', '0', '1', 'boxes', '0'),
('53', '50', '54', '500166666', 'Test Item', '1', '1', '', '', '', '', '', '', '', '', '0', '0', '0', '0', '0', '0', '0000-00-00', '0000-00-00', '0000-00-00', '0', '0', '0', '0', '0', '0', '0', 'boxes', '0'),
('54', '51', '55', '3001', 'COPPER TUBE 3/8', '10', '10', '', '', '', '', '', '', '', '', '0', '0', '0', '0', '0', '0', '0000-00-00', '0000-00-00', '0000-00-00', '0', '0', '0', '0', '0', '0', '0', 'kg ', '0'),
('55', '52', '56', '3001', 'COPPER TUBE 3/8', '50', '50', '', '', '', '', '', '', '', '', '0', '0', '0', '0', '0', '0', '0000-00-00', '0000-00-00', '0000-00-00', '0', '0', '0', '0', '0', '0', '0', 'kg ', '0'),
('56', '53', '11', '1009', 'HP LAPTOP', '20', '0', '', '', '', '', '', '', '', '', '0', '0', '0', '0', '0', '0', '0000-00-00', '0000-00-00', '0000-00-00', '0', '0', '0', '0', '0', '0', '0', 'boxes', '0'),
('57', '54', '57', '1006', 'panadol ', '0', '0', '', '', '', '', '', '', '', '', '0', '0', '0', '0', '0', '0', '0000-00-00', '0000-00-00', '0000-00-00', '0', '0', '0', '0', '0', '0', '0', 'boxes', '0'),
('58', '55', '17', '1008', 'NESCAFEE COFEE ', '3', '3', '', '', '', '', '', '', '', '', '0', '0', '0', '0', '0', '0', '0000-00-00', '0000-00-00', '0000-00-00', '0', '0', '0', '0', '0', '0', '0', 'boxes', '0'),
('59', '55', '18', '1006', 'panadol ', '0', '0', '', '', '', '', '', '', '', '', '0', '0', '0', '0', '0', '0', '0000-00-00', '0000-00-00', '0000-00-00', '0', '0', '0', '0', '0', '0', '0', 'boxes', '0'),
('60', '56', '58', '1007', 'NATURE WATER ', '10', '0', '', '', '', '', '', '', '', '', '0', '0', '0', '0', '0', '0', '0000-00-00', '0000-00-00', '0000-00-00', '0', '0', '0', '0', '0', '0', '0', 'ltr', '0'),
('61', '57', '61', '1002', 'Sugar Free (Vanilla) (Double Scoop)', '30', '30', '', '', '', '', '', '', '', '', '0', '0', '0', '0', '0', '0', '0000-00-00', '0000-00-00', '0000-00-00', '0', '0', '0', '0', '0', '0', '0', 'boxes', '0'),
('62', '58', '62', '3022', 'DTG0B05034-902 3/8 Flare', '0', '0', '', '', '', '', '', '', '', '', '0', '0', '0', '0', '0', '0', '0000-00-00', '0000-00-00', '0000-00-00', '0', '0', '0', '0', '0', '0', '0', 'pcs', '0'),
('63', '59', '63', '3022', 'DTG0B05034-902 3/8 Flare', '10', '10', '', '', '', '', '', '', '', '', '0', '0', '0', '0', '0', '0', '0000-00-00', '0000-00-00', '0000-00-00', '0', '0', '0', '0', '0', '0', '0', 'pcs', '0'),
('64', '60', '17', '1008', 'NESCAFEE COFEE ', '9', '9', '', '', '', '', '', '', '', '', '0', '0', '0', '0', '0', '0', '0000-00-00', '0000-00-00', '0000-00-00', '0', '0', '0', '0', '0', '0', '0', 'boxes', '0'),
('65', '60', '18', '1006', 'panadol ', '3', '3', '', '', '', '', '', '', '', '', '0', '0', '0', '0', '0', '0', '0000-00-00', '0000-00-00', '0000-00-00', '0', '0', '0', '0', '0', '0', '0', 'boxes', '0'),
('66', '61', '64', '101238', 'HP LAPTOP', '150', '151', '', '', '', '', '', '', '', '', '0', '0', '0', '0', '0', '0', '0000-00-00', '0000-00-00', '0000-00-00', '0', '0', '0', '0', '0', '0', '0', 'pcs', '0'),
('67', '62', '65', '1006', 'panadol ', '1', '2', '', '', '', '', '', '', '', '', '0', '0', '0', '0', '0', '0', '0000-00-00', '0000-00-00', '0000-00-00', '0', '0', '0', '0', '0', '0', '0', 'boxes', '0'),
('68', '63', '66', '500166666', 'Test Item', '100', '2', '', '', '', '', '', '', '', '', '0', '0', '0', '0', '0', '0', '0000-00-00', '0000-00-00', '0000-00-00', '0', '0', '0', '0', '0', '0', '0', 'boxes', '0'),
('69', '64', '67', '1010', 'ROYAL FAN', '50', '51', '', '', '', '', '', '', '', '', '0', '0', '0', '0', '0', '0', '0000-00-00', '0000-00-00', '0000-00-00', '0', '0', '0', '0', '0', '0', '0', 'boxes', '0'),
('70', '65', '68', '1007', 'NATURE WATER ', '100', '101', '', '', '', '', '', '', '', '', '0', '0', '0', '0', '0', '0', '0000-00-00', '0000-00-00', '0000-00-00', '0', '0', '0', '0', '0', '0', '0', 'ltr', '0'),
('71', '66', '66', '', NULL, '1', '1', '0', '', '', '', '', '', '', '0', '0', '0', '0', '0', '0', '0', '0020-00-00', '0020-00-00', '0020-00-00', '0', '0', '0', '0', '0', '0', '0', '', '0'),
('72', '67', '67', '', NULL, '1', '1', '0', '', '', '', '', '', '', '0', '0', '0', '0', '0', '0', '0', '0020-00-00', '0020-00-00', '0020-00-00', '0', '0', '0', '0', '0', '0', '0', '', '0'),
('73', '68', '68', '', NULL, '1', '1', '0', '', '', '', '', '', '', '0', '0', '0', '0', '0', '0', '0', '0020-00-00', '0020-00-00', '0020-00-00', '0', '0', '0', '0', '0', '0', '0', '', '0'),
('74', '69', '69', '', NULL, '1', '1', '0', '', '', '', '', '', '', '0', '0', '0', '0', '0', '0', '0', '0020-00-00', '0020-00-00', '0020-00-00', '0', '0', '0', '0', '0', '0', '0', '', '0'),
('75', '70', '70', '', NULL, '1', '1', '0', '', '', '', '', '', '', '0', '0', '0', '0', '0', '0', '0', '0020-00-00', '0020-00-00', '0020-00-00', '0', '0', '0', '0', '0', '0', '0', '', '0'),
('76', '71', '71', '', NULL, '1', '1', '0', '', '', '', '', '', '', '0', '0', '0', '0', '0', '0', '0', '0020-00-00', '0020-00-00', '0020-00-00', '0', '0', '0', '0', '0', '0', '0', '', '0'),
('77', '72', '72', '', NULL, '1', '1', '0', '', '', '', '', '', '', '0', '0', '0', '0', '0', '0', '0', '0020-00-00', '0020-00-00', '0020-00-00', '0', '0', '0', '0', '0', '0', '0', '', '0'),
('78', '73', '73', '', NULL, '1', '1', '0', '', '', '', '', '', '', '0', '0', '0', '0', '0', '0', '0', '0020-00-00', '0020-00-00', '0020-00-00', '0', '0', '0', '0', '0', '0', '0', '', '0'),
('79', '74', '74', '', NULL, '1', '1', '0', '', '', '', '', '', '', '0', '0', '0', '0', '0', '0', '0', '0020-00-00', '0020-00-00', '0020-00-00', '0', '0', '0', '0', '0', '0', '0', '', '0'),
('80', '75', '75', '', NULL, '1', '1', '0', '', '', '', '', '', '', '0', '0', '0', '0', '0', '0', '0', '0020-00-00', '0020-00-00', '0020-00-00', '0', '0', '0', '0', '0', '0', '0', '', '0'),
('81', '76', '76', '', NULL, '1', '0', '0', '', '', '', '', '', '', '0', '0', '0', '0', '0', '0', '0', '0020-00-00', '0020-00-00', '0020-00-00', '0', '0', '0', '0', '0', '0', '0', '', '0'),
('82', '77', '77', '', NULL, '1', '0', '0', '', '', '', '', '', '', '0', '0', '0', '0', '0', '0', '0', '0020-00-00', '0020-00-00', '0020-00-00', '0', '0', '0', '0', '0', '0', '0', '', '0'),
('83', '78', '78', '', NULL, '1', '0', '0', '', '', '', '', '', '', '0', '0', '0', '0', '0', '0', '0', '0020-00-00', '0020-00-00', '0020-00-00', '0', '0', '0', '0', '0', '0', '0', '', '0'),
('84', '79', '79', '', NULL, '1', '0', '0', '', '', '', '', '', '', '0', '0', '0', '0', '0', '0', '0', '0020-00-00', '0020-00-00', '0020-00-00', '0', '0', '0', '0', '0', '0', '0', '', '0'),
('85', '80', '80', '', NULL, '1', '0', '0', '', '', '', '', '', '', '0', '0', '0', '0', '0', '0', '0', '0020-00-00', '0020-00-00', '0020-00-00', '0', '0', '0', '0', '0', '0', '0', '', '0'),
('86', '81', '86', '1006', 'panadol ', '5', '0', '', '', '', '', '', '', '', '', '0', '0', '0', '0', '0', '0', '0000-00-00', '0000-00-00', '0000-00-00', '0', '0', '0', '0', '0', '0', '0', 'boxes', '0.01'),
('87', '82', '87', '1006', 'panadol ', '9', '9', '', '', '', '', '', '', '', '', '0', '0', '0', '0', '0', '0', '0000-00-00', '0000-00-00', '0000-00-00', '0', '0', '0', '0', '0', '0', '0', 'boxes', '0.01'),
('88', '83', '88', '1002', 'Sugar Free (Vanilla) (Double Scoop)', '500', '500', '', '', '', '', '', '', '', '', '0', '0', '0', '0', '0', '0', '0000-00-00', '0000-00-00', '0000-00-00', '0', '0', '0', '0', '0', '0', '0', 'boxes', '0'),
('89', '84', '89', '1005', 'RIBBON FISH ', '1', '1', '1', '', '', '', '', '', '', '', '0', '0', '0', '0', '0', '0', '0000-00-00', '0000-00-00', '0000-00-00', '0', '0', '0', '0', '0', '0', '0', 'boxes', '0'),
('90', '85', '90', '1002', 'Sugar Free (Vanilla) (Double Scoop)', '1', '10', '1', '', '', '', '', '', '', '', '0', '0', '0', '0', '0', '0', '0000-00-00', '0000-00-00', '0000-00-00', '0', '0', '0', '0', '0', '0', '0', 'boxes', '0'),
('91', '86', '92', '1009', 'HP LAPTOP', '15', '0', '1', '', '', '', '', '', '', '', '0', '0', '0', '0', '0', '0', '0000-00-00', '0000-00-00', '0000-00-00', '0', '0', '0', '0', '0', '0', '0', 'boxes', '0'),
('92', '86', '93', '1010', 'ROYAL FAN', '20', '0', '1', '', '', '', '', '', '', '', '0', '0', '0', '0', '0', '0', '0000-00-00', '0000-00-00', '0000-00-00', '0', '0', '0', '0', '0', '0', '0', 'boxes', '0'),
('93', '87', '94', '3011', 'AIR MOUSE C120 FOR ANDROID AND SMART TV', '200', '200', '', '', '', '', '', '', '', '', '0', '0', '0', '0', '0', '0', '0000-00-00', '0000-00-00', '0000-00-00', '0', '0', '0', '0', '0', '0', '0', 'boxes', '0'),
('94', '87', '95', '3012', 'RS 232 ZTEK CABLE', '150', '150', '', '', '', '', '', '', '', '', '0', '0', '0', '0', '0', '0', '0000-00-00', '0000-00-00', '0000-00-00', '0', '0', '0', '0', '0', '0', '0', 'boxes', '0'),
('95', '87', '96', '3013', 'CAR DVR MIRROR DUAL CAMERA FRONT/BACK 1080P', '100', '100', '', '', '', '', '', '', '', '', '0', '0', '0', '0', '0', '0', '0000-00-00', '0000-00-00', '0000-00-00', '0', '0', '0', '0', '0', '0', '0', 'boxes', '0'),
('96', '87', '97', '3014', 'CASH DRAWER', '50', '50', '', '', '', '', '', '', '', '', '0', '0', '0', '0', '0', '0', '0000-00-00', '0000-00-00', '0000-00-00', '0', '0', '0', '0', '0', '0', '0', 'boxes', '0'),
('97', '88', '99', '3011', 'AIR MOUSE C120 FOR ANDROID AND SMART TV', '25', '25', '', '', '', '', '', '', '', '', '0', '0', '0', '0', '0', '0', '0000-00-00', '0000-00-00', '0000-00-00', '0', '0', '0', '0', '0', '0', '0', 'boxes', '0'),
('98', '89', '100', '3011', 'AIR MOUSE C120 FOR ANDROID AND SMART TV', '0', '0', '', '', '', '', '', '', '', '', '0', '0', '0', '0', '0', '0', '0000-00-00', '0000-00-00', '0000-00-00', '0', '0', '0', '0', '0', '0', '0', 'boxes', '0'),
('99', '90', '102', '3011', 'AIR MOUSE C120 FOR ANDROID AND SMART TV', '20', '20', '', '', '', '', '', '', '', '', '0', '0', '0', '0', '0', '0', '0000-00-00', '0000-00-00', '0000-00-00', '0', '0', '0', '0', '0', '0', '0', 'boxes', '0'),
('100', '91', '103', '3015', 'NIA Q5 BLUETOOTH WIRELESS HEADPHONE BLACK', '10', '10', '', '', '', '', '', '', '', '', '0', '0', '0', '0', '0', '0', '0000-00-00', '0000-00-00', '0000-00-00', '0', '0', '0', '0', '0', '0', '0', 'boxes', '0'),
('101', '92', '104', '3017', 'REMAX TABLET IPAD HOLDER C16', '25', '25', '', '', '', '', '', '', '', '', '0', '0', '0', '0', '0', '0', '0000-00-00', '0000-00-00', '0000-00-00', '0', '0', '0', '0', '0', '0', '0', 'boxes', '0'),
('102', '93', '105', '3017', 'REMAX TABLET IPAD HOLDER C16', '20', '20', '', '', '', '', '', '', '', '', '0', '0', '0', '0', '0', '0', '0000-00-00', '0000-00-00', '0000-00-00', '0', '0', '0', '0', '0', '0', '0', 'boxes', '0'),
('103', '94', '106', '3016', 'NIA X2 BLUETOOTH WIRELESS HEADPHONE BLACK', '10', '10', '', '', '', '', '', '', '', '', '0', '0', '0', '0', '0', '0', '0000-00-00', '0000-00-00', '0000-00-00', '0', '0', '0', '0', '0', '0', '0', 'boxes', '0');

### Structure of table `0_groups` ###

DROP TABLE IF EXISTS `0_groups`;

CREATE TABLE `0_groups` (
  `id` smallint(6) unsigned NOT NULL AUTO_INCREMENT,
  `description` varchar(60) COLLATE utf8_unicode_ci NOT NULL DEFAULT '',
  `inactive` tinyint(1) NOT NULL DEFAULT '0',
  PRIMARY KEY (`id`),
  UNIQUE KEY `description` (`description`)
) ENGINE=InnoDB AUTO_INCREMENT=4 DEFAULT CHARSET=utf8 COLLATE=utf8_unicode_ci ;

### Data of table `0_groups` ###

INSERT INTO `0_groups` VALUES
('1', 'Small', '0'),
('2', 'Medium', '0'),
('3', 'Large', '0');

### Structure of table `0_h_combo1` ###

DROP TABLE IF EXISTS `0_h_combo1`;

CREATE TABLE `0_h_combo1` (
  `combo_code` int(11) NOT NULL AUTO_INCREMENT,
  `description` varchar(60) COLLATE utf8_unicode_ci NOT NULL DEFAULT '',
  `inactive` tinyint(1) NOT NULL DEFAULT '0',
  PRIMARY KEY (`combo_code`),
  UNIQUE KEY `description` (`description`)
) ENGINE=InnoDB DEFAULT CHARSET=utf8 COLLATE=utf8_unicode_ci ;

### Data of table `0_h_combo1` ###


### Structure of table `0_h_combo2` ###

DROP TABLE IF EXISTS `0_h_combo2`;

CREATE TABLE `0_h_combo2` (
  `combo_code` int(11) NOT NULL AUTO_INCREMENT,
  `description` varchar(60) COLLATE utf8_unicode_ci NOT NULL DEFAULT '',
  `inactive` tinyint(1) NOT NULL DEFAULT '0',
  PRIMARY KEY (`combo_code`),
  UNIQUE KEY `description` (`description`)
) ENGINE=InnoDB DEFAULT CHARSET=utf8 COLLATE=utf8_unicode_ci ;

### Data of table `0_h_combo2` ###


### Structure of table `0_h_combo3` ###

DROP TABLE IF EXISTS `0_h_combo3`;

CREATE TABLE `0_h_combo3` (
  `combo_code` int(11) NOT NULL AUTO_INCREMENT,
  `description` varchar(60) COLLATE utf8_unicode_ci NOT NULL DEFAULT '',
  `inactive` tinyint(1) NOT NULL DEFAULT '0',
  PRIMARY KEY (`combo_code`),
  UNIQUE KEY `description` (`description`)
) ENGINE=InnoDB DEFAULT CHARSET=utf8 COLLATE=utf8_unicode_ci ;

### Data of table `0_h_combo3` ###


### Structure of table `0_hf_pref` ###

DROP TABLE IF EXISTS `0_hf_pref`;

CREATE TABLE `0_hf_pref` (
  `name` varchar(60) NOT NULL,
  `label_value` varchar(60) NOT NULL,
  `type` tinyint(1) NOT NULL,
  `enable` tinyint(1) NOT NULL,
  `s_position` tinyint(1) DEFAULT NULL,
  `p_position` tinyint(1) NOT NULL,
  `s_width` tinyint(4) NOT NULL DEFAULT '20',
  `p_width` tinyint(4) NOT NULL DEFAULT '20',
  PRIMARY KEY (`name`),
  UNIQUE KEY `s_position` (`s_position`)
) ENGINE=InnoDB DEFAULT CHARSET=latin1 ;

### Data of table `0_hf_pref` ###

INSERT INTO `0_hf_pref` VALUES
('f_combo1', 'comb4', '2', '0', '19', '0', '10', '10'),
('f_combo2', 'comb5', '2', '0', '20', '0', '10', '10'),
('f_combo3', 'comb6', '2', '0', '21', '0', '10', '10'),
('f_comment1', 'Grm/Mircon', '1', '0', '16', '0', '10', '10'),
('f_comment2', 'Length', '1', '0', '17', '0', '10', '10'),
('f_comment3', '6', '1', '0', '18', '0', '10', '10'),
('f_date1', 'date1', '3', '0', '22', '0', '10', '10'),
('f_date2', 'date2', '3', '0', '23', '0', '10', '10'),
('f_date3', 'date3', '3', '0', '24', '0', '10', '10'),
('f_text1', 'Text Field 4', '4', '0', '13', '0', '10', '10'),
('f_text10', 'Text Field 10', '4', '0', '31', '0', '20', '20'),
('f_text2', 'Text Field 5', '4', '0', '14', '0', '10', '10'),
('f_text3', 'Text Field 6', '4', '0', '15', '0', '10', '10'),
('f_text4', 'Text Field 4', '4', '0', '25', '0', '20', '20'),
('f_text5', 'Text Field 5', '4', '0', '26', '0', '20', '20'),
('f_text6', 'Text Field 6', '4', '0', '27', '0', '20', '20'),
('f_text7', 'Text Field 7', '4', '0', '28', '0', '20', '20'),
('f_text8', 'Text Field 8', '4', '0', '29', '0', '20', '20'),
('f_text9', 'Text Field 9', '4', '0', '30', '0', '20', '20'),
('h_amount1', 'Factor', '1', '0', '4', '0', '10', '10'),
('h_amount2', 'Width(Inch)/Paper', '1', '0', '5', '0', '10', '10'),
('h_amount3', 'Width (MM)', '1', '0', '6', '0', '10', '10'),
('h_combo1', 'comb1', '2', '0', '7', '0', '10', '10'),
('h_combo2', 'comb2', '2', '0', '8', '0', '10', '10'),
('h_combo3', 'comb3', '2', '0', '9', '0', '10', '10'),
('h_date1', 'date1', '3', '0', '10', '0', '10', '10'),
('h_date2', 'date2', '3', '0', '11', '0', '10', '10'),
('h_date3', 'date3', '3', '0', '12', '0', '10', '10'),
('h_text1', '', '4', '0', '0', '0', '0', '0'),
('h_text2', 'Text Field 2	', '4', '0', '2', '0', '10', '10'),
('h_text3', 'Text Field 3	', '4', '0', '3', '0', '10', '10'),
('h_text4', 'Text Field 11', '4', '0', '32', '0', '20', '20'),
('h_text5', 'Text Field 12', '4', '0', '33', '0', '20', '20'),
('h_text6', 'Text Field 13', '4', '0', '34', '0', '20', '20'),
('total_amount', '5', '30', '0', NULL, '0', '10', '10'),
('total_combo', '6', '30', '0', NULL, '0', '10', '10'),
('total_date', '3', '30', '0', NULL, '0', '10', '10'),
('total_text', '1', '30', '0', NULL, '0', '10', '10');

### Structure of table `0_history_tabs` ###

DROP TABLE IF EXISTS `0_history_tabs`;

CREATE TABLE `0_history_tabs` (
  `id` int(11) NOT NULL AUTO_INCREMENT,
  `users_id` int(11) NOT NULL,
  `url` text NOT NULL,
  `tab_name` varchar(30) NOT NULL,
  PRIMARY KEY (`id`)
) ENGINE=InnoDB AUTO_INCREMENT=2855 DEFAULT CHARSET=latin1 ;

### Data of table `0_history_tabs` ###

INSERT INTO `0_history_tabs` VALUES
('3', '12', 'https://erp30.com/purchasing/po_entry_items.php?NewOrder=Yes', 'purchase_order_text'),
('4', '12', 'https://erp30.com/admin/gl_setup.php?', 'system_gl_text'),
('5', '12', 'https://erp30.com/purchasing/supplier_payment.php?', 'payments_suppliers_text'),
('6', '12', 'https://erp30.com/inventory/manage/item_categories.php?', 'item_categories_text'),
('7', '12', 'https://erp30.com/gl/manage/gl_account_types.php?', 'gl_account_group_text'),
('8', '12', 'https://erp30.com/admin/users.php?', 'user_account_setup_text'),
('9', '12', 'https://erp30.com/admin/user_locations.php?', 'user_location_text'),
('10', '12', 'https://erp30.com/sales/manage/item_code.php?', 'updated_items_text'),
('11', '12', 'https://erp30.com/admin/gl_setup.php?', 'system_gl_text'),
('12', '12', 'https://erp30.com/admin/gl_setup.php?', 'system_gl_text'),
('13', '12', 'https://erp30.com/admin/gl_setup.php?', 'system_gl_text'),
('14', '12', 'https://erp30.com/admin/gl_setup.php?', 'system_gl_text'),
('15', '12', 'https://erp30.com/payroll/manage/suppliers2.php?', ''),
('16', '12', 'https://erp30.com/payroll/manage/dept.php?', ''),
('17', '12', 'https://erp30.com/admin/company_preferences.php?', 'company_setup_text'),
('18', '12', 'https://erp30.com/dimensions/dimension_entry.php?', 'dimension_entry_text'),
('19', '12', 'https://erp30.com/payroll/manage/suppliers2.php?', ''),
('20', '12', 'https://erp30.com/dimensions/dimension_entry.php?', 'dimension_entry_text'),
('21', '12', 'https://erp30.com/dimensions/dimension_entry.php?', 'dimension_entry_text'),
('22', '12', 'https://erp30.com/dimensions/inquiry/search_dimensions.php?outstanding_only=1', 'outstanding_dimension_text'),
('23', '12', 'https://erp30.com/dimensions/inquiry/search_dimensions.php?outstanding_only=1', 'outstanding_dimension_text'),
('24', '12', 'https://erp30.com/dimensions/inquiry/search_dimensions.php?outstanding_only=1', 'outstanding_dimension_text'),
('25', '12', 'https://erp30.com/dimensions/dimension_entry.php?', 'dimension_entry_text'),
('26', '12', 'https://erp30.com/dimensions/inquiry/search_dimensions.php?outstanding_only=1', 'outstanding_dimension_text'),
('27', '12', 'https://erp30.com/dimensions/inquiry/search_dimensions.php?outstanding_only=1', 'outstanding_dimension_text'),
('28', '12', 'https://erp30.com/dimensions/dimension_entry.php?', 'dimension_entry_text'),
('29', '12', 'https://erp30.com/dimensions/inquiry/search_dimensions.php?outstanding_only=1', 'outstanding_dimension_text'),
('30', '12', 'https://erp30.com/dimensions/dimension_entry.php?', 'dimension_entry_text'),
('31', '12', 'https://erp30.com/dimensions/inquiry/search_dimensions.php?outstanding_only=1', 'outstanding_dimension_text'),
('32', '12', 'https://erp30.com/dimensions/dimension_entry.php?', 'dimension_entry_text'),
('33', '12', 'https://erp30.com/payroll/manage/suppliers2.php?', ''),
('34', '12', 'https://erp30.com/dimensions/inquiry/search_dimensions.php?outstanding_only=1', 'outstanding_dimension_text'),
('35', '12', 'https://erp30.com/dimensions/inquiry/search_dimensions.php?outstanding_only=1', 'outstanding_dimension_text'),
('36', '12', 'https://erp30.com/dimensions/inquiry/search_dimensions.php?outstanding_only=1', 'outstanding_dimension_text'),
('37', '12', 'https://erp30.com/payroll/manage/dept.php?', ''),
('38', '12', 'https://erp30.com/payroll/manage/desg.php?', ''),
('39', '12', 'https://erp30.com/payroll/manage/grade.php?', ''),
('40', '12', 'https://erp30.com/gl/gl_bank_bulk.php?NewPayment=Yes', ''),
('41', '12', 'https://erp30.com/gl/gl_bank_bulk.php?NewPayment=Yes', ''),
('42', '12', 'https://erp30.com/payroll/manage/daily_attendance.php', ''),
('43', '12', 'https://erp30.com/modules/import_items/import_emp_attendance.php?', ''),
('44', '12', 'https://erp30.com/payroll/manage/man_month_view_new.php', ''),
('45', '12', 'https://erp30.com/payroll/manage/attendance.php', ''),
('46', '12', 'https://erp30.com/payroll/manage/emp_info.php?', ''),
('47', '12', 'https://erp30.com/admin/gl_setup.php?', 'system_gl_text'),
('48', '12', 'https://erp30.com/sales/credit_note_entry.php?NewCredit=Yes', ''),
('49', '12', 'https://erp30.com/purchasing/inquiry/grn_search_completed.php?', 'import_purchase_text'),
('50', '12', 'https://erp30.com/admin/gl_setup.php?', 'system_gl_text'),
('51', '12', 'https://erp30.com/sales/manage/customers_inquiry.php?', 'manage_customer_text'),
('52', '12', 'https://erp30.com/gl/manage/bank_accounts.php?', 'bank_account_text'),
('53', '12', 'https://erp30.com/reporting/reports_main.php?Class=6', 'general_ledger_text'),
('54', '12', 'https://erp30.com/admin/company_preferences.php?', 'company_setup_text'),
('55', '12', 'https://erp30.com/admin/backups.php?', 'backup_text'),
('56', '12', 'https://erp30.com/sales/manage/sales_types.php?', 'sales_type_text'),
('57', '12', 'https://erp30.com/sales/manage/sales_groups.php?', 'sales_group_text'),
('58', '12', 'https://erp30.com/sales/manage/customers_inquiry.php?', 'manage_customer_text'),
('59', '12', 'https://erp30.com/sales/manage/sales_people.php?', 'sales_persons_text'),
('60', '12', 'https://erp30.com/purchasing/manage/suppliers_inquiry.php?', 'manage_supplier_text'),
('61', '12', 'https://erp30.com/inventory/manage/items_inquiry.php?', 'add_and_manage_text'),
('62', '12', 'https://erp30.com/gl/manage/bank_accounts.php?', 'bank_account_text'),
('63', '12', 'https://erp30.com/admin/user_locations.php?', 'user_location_text'),
('64', '12', 'https://erp30.com/admin/users.php?', 'user_account_setup_text'),
('65', '12', 'https://erp30.com/admin/company_preferences.php?', 'company_setup_text'),
('66', '12', 'https://erp30.com/gl/inquiry/cash_flow_statement.php?', ''),
('67', '12', 'https://erp30.com/sales/manage/reports_preference.php?', ''),
('68', '12', 'https://erp30.com/admin/security_roles.php?', 'access_setup_text'),
('69', '12', 'https://erp30.com/admin/gl_setup.php?', 'system_gl_text'),
('70', '12', 'https://erp30.com/sales/manage/reports_preference.php?', ''),
('71', '12', 'https://erp30.com/reporting/reports_main.php?Class=5', 'banking_reports_text'),
('72', '12', 'https://erp30.com/admin/gl_setup.php?', 'system_gl_text'),
('73', '12', 'https://erp30.com/admin/forms_setup.php?', 'transaction_ref_text'),
('74', '12', 'https://erp30.com/admin/forms_setup.php?', 'transaction_ref_text'),
('75', '12', 'https://erp30.com/admin/forms_setup.php?', 'transaction_ref_text'),
('76', '12', 'https://erp30.com/admin/forms_setup.php?', 'transaction_ref_text'),
('77', '12', 'https://erp30.com/admin/forms_setup.php?', 'transaction_ref_text'),
('78', '12', 'https://erp30.com/sales/manage/reports_preference.php?', ''),
('79', '12', 'https://erp30.com/reporting/reports_main.php?Class=2', 'inventory_reports_text'),
('80', '12', 'https://erp30.com/sales/manage/reports_preference.php?', ''),
('81', '12', 'https://erp30.com/admin/gl_setup.php?', 'system_gl_text'),
('82', '12', 'https://erp30.com/admin/company_preferences.php?', 'company_setup_text'),
('83', '12', 'https://erp30.com/admin/fiscalyears.php?', 'fiscal_years_text'),
('84', '12', 'https://erp30.com/admin/company_preferences.php?', 'company_setup_text'),
('85', '12', 'https://erp30.com/admin/company_preferences.php?', 'company_setup_text'),
('86', '12', 'https://erp30.com/admin/fiscalyears.php?', 'fiscal_years_text'),
('87', '12', 'https://erp30.com/gl/inquiry/journal_inquiry.php?', 'journal_inquiry_text'),
('88', '12', 'https://erp30.com/admin/gl_setup.php?', 'system_gl_text'),
('89', '12', 'https://erp30.com/admin/gl_setup.php?', 'system_gl_text'),
('90', '12', 'https://erp30.com/admin/gl_setup.php?', 'system_gl_text'),
('91', '12', 'https://erp30.com/purchasing/po_entry_items.php?NewInvoice=Yes', 'direct_supplier_invoice_text'),
('92', '12', 'https://erp30.com/purchasing/po_entry_items.php?NewInvoice=Yes', 'direct_supplier_invoice_text'),
('93', '12', 'https://erp30.com/inventory/manage/items_inquiry.php?', 'add_and_manage_text'),
('94', '12', 'https://erp30.com/reporting/reports_main.php?Class=0', 'sales_reports_text'),
('95', '12', 'https://erp30.com/admin/gl_setup.php?', 'system_gl_text'),
('96', '12', 'https://erp30.com/purchasing/supplier_payment.php?', 'payments_suppliers_text'),
('97', '12', 'https://erp30.com/sales/customer_payments.php?', 'customer_payment_text'),
('98', '12', 'https://erp30.com/admin/gl_setup.php?', 'system_gl_text'),
('99', '12', 'https://erp30.com/admin/gl_setup.php?', 'system_gl_text'),
('100', '12', 'https://erp30.com/gl/gl_journal.php?NewJournal=Yes', 'journal_entry_text'),
('101', '12', 'https://erp30.com/gl/gl_journal.php?NewJournal=Yes', 'journal_entry_text'),
('102', '12', 'https://erp30.com/admin/gl_setup.php?', 'system_gl_text'),
('103', '12', 'https://erp30.com/admin/gl_setup.php?', 'system_gl_text'),
('104', '12', 'https://erp30.com/admin/gl_setup.php?', 'system_gl_text'),
('105', '12', 'https://erp30.com/admin/gl_setup.php?', 'system_gl_text'),
('106', '12', 'https://erp30.com/admin/backups.php?', 'backup_text'),
('107', '12', 'https://erp30.com/gl/manage/bank_accounts.php?', 'bank_account_text'),
('108', '12', 'https://erp30.com/gl/manage/gl_accounts.php?', 'gl_account_text'),
('109', '12', 'https://erp30.com/gl/manage/bank_accounts.php?', 'bank_account_text'),
('110', '12', 'https://erp30.com/gl/manage/gl_account_types.php?', 'gl_account_group_text'),
('111', '12', 'https://erp30.com/gl/manage/gl_account_types.php?', 'gl_account_group_text'),
('112', '12', 'https://erp30.com/gl/manage/gl_account_types.php?', 'gl_account_group_text'),
('113', '12', 'https://erp30.com/admin/backups.php?', 'backup_text'),
('114', '12', 'https://erp30.com/admin/company_preferences.php?', 'company_setup_text'),
('115', '12', 'https://erp30.com/gl/manage/gl_accounts.php?', 'gl_account_text'),
('116', '12', 'https://erp30.com/admin/backups.php?', 'backup_text'),
('117', '12', 'https://erp30.com/admin/company_preferences.php?', 'company_setup_text'),
('118', '12', 'https://erp30.com/admin/company_preferences.php?', 'company_setup_text'),
('119', '12', 'https://erp30.com/admin/security_roles.php?', 'access_setup_text'),
('120', '12', 'https://erp30.com/purchasing/po_entry_items.php?NewGRN=Yes', 'direct_grn_text'),
('121', '12', 'https://erp30.com/purchasing/po_entry_items.php?NewOrder=Yes', 'purchase_order_text'),
('122', '12', 'https://erp30.com/admin/security_roles.php?', 'access_setup_text'),
('123', '12', 'https://erp30.com/reporting/reports_main.php?Class=0', 'sales_reports_text'),
('124', '12', 'https://erp30.com/inventory/manage/items_inquiry.php?', 'add_and_manage_text'),
('125', '12', 'https://erp30.com/admin/backups.php?', 'backup_text'),
('126', '12', 'https://erp30.com/purchasing/manage/suppliers_inquiry.php?', 'manage_supplier_text'),
('127', '12', 'https://erp30.com/inventory/manage/items_inquiry.php?', 'add_and_manage_text'),
('128', '12', 'https://erp30.com/admin/gl_setup.php?', 'system_gl_text'),
('129', '12', 'https://erp30.com/purchasing/po_entry_items.php?NewInvoice=Yes', 'direct_supplier_invoice_text'),
('130', '12', 'https://erp30.com/admin/gl_setup.php?', 'system_gl_text'),
('131', '12', 'https://erp30.com/admin/gl_setup.php?', 'system_gl_text'),
('132', '12', 'https://erp30.com/gl/manage/currencies.php?', 'currencies_text'),
('133', '12', 'https://erp30.com/gl/manage/gl_account_types.php?', 'gl_account_group_text'),
('134', '12', 'https://erp30.com/admin/security_roles.php?', 'access_setup_text'),
('135', '12', 'https://erp30.com/admin/users.php?', 'user_account_setup_text'),
('136', '12', 'https://erp30.com/admin/security_roles.php?', 'access_setup_text'),
('137', '12', 'https://erp30.com/admin/users.php?', 'user_account_setup_text'),
('138', '12', 'https://erp30.com/admin/users.php?', 'user_account_setup_text'),
('139', '12', 'https://erp30.com/admin/security_roles.php?', 'access_setup_text'),
('140', '12', 'https://erp30.com/admin/users.php?', 'user_account_setup_text'),
('141', '12', 'https://erp30.com/admin/security_roles.php?', 'access_setup_text'),
('142', '12', 'https://erp30.com/gl/inquiry/gl_account_types.php?', 'gl_account_text'),
('143', '12', 'https://erp30.com/gl/gl_bankCV.php?NewPayment=Yes', 'cash_payments_voucher_text'),
('144', '12', 'https://erp30.com/gl/inquiry/journal_inquiry.php?', 'journal_inquiry_text'),
('145', '12', 'https://erp30.com/admin/void_transaction.php?', 'void_transaction_text'),
('146', '12', 'https://erp30.com/gl/inquiry/gl_account_inquiry.php?', 'gl_text'),
('147', '12', 'https://erp30.com/sales/sales_order_entry.php?NewInvoice=0', 'direct_invoice_text'),
('148', '12', 'https://erp30.com/purchasing/po_entry_items.php?NewGRN=Yes', 'direct_grn_text'),
('149', '12', 'https://erp30.com/gl/inquiry/gl_account_inquiry.php?', 'gl_text'),
('150', '12', 'https://erp30.com/sales/pos_order_entry.php?NewInvoice=0', 'pos_text'),
('151', '12', 'https://erp30.com/purchasing/po_entry_items.php?NewGRN=Yes', 'direct_grn_text'),
('152', '12', 'https://erp30.com/sales/sales_order_entry.php?NewOrder=Yes', 'sale_order_entry_text'),
('153', '12', 'https://erp30.com/modules/requisitions/requisitions.php', 'requisition_entries_text'),
('154', '12', 'https://erp30.com/modules/requisitions/requisition_allocations.php', 'requisition_allocation_text'),
('155', '12', 'https://erp30.com/purchasing/po_entry_items.php?NewOrder=Yes', 'purchase_order_text'),
('156', '12', 'https://erp30.com/gl/inquiry/gl_account_types.php?', 'gl_account_text'),
('157', '12', 'https://erp30.com/admin/security_roles.php?', 'access_setup_text'),
('158', '12', 'https://erp30.com/gl/inquiry/gl_account_transfer_inquiry.php?', 'gl_account_transfer_text'),
('159', '12', 'https://erp30.com/taxes/tax_types.php?', 'taxes_text'),
('160', '12', 'https://erp30.com/gl/manage/gl_account_types.php?', 'gl_account_group_text'),
('161', '12', 'https://erp30.com/gl/manage/gl_account_types.php?', 'gl_account_group_text'),
('162', '12', 'https://erp30.com/gl/gl_bankCV.php?NewPayment=Yes', 'cash_payments_voucher_text'),
('163', '12', 'https://erp30.com/sales/sales_order_entry.php?NewInvoice=0', 'direct_invoice_text'),
('164', '12', 'https://erp30.com/sales/sales_order_entry.php?NewOrder=Yes', 'sale_order_entry_text'),
('165', '12', 'https://erp30.com/sales/manage/customers_inquiry.php?', 'manage_customer_text'),
('166', '12', 'https://erp30.com/gl/manage/bank_accounts.php?', 'bank_account_text'),
('167', '12', 'https://erp30.com/gl/inquiry/gl_account_types.php?', 'gl_account_text'),
('168', '12', 'https://erp30.com/gl/manage/bank_accounts.php?', 'bank_account_text'),
('169', '12', 'https://erp30.com/reporting/reports_main.php?Class=0', 'sale_report_text'),
('170', '12', 'https://erp30.com/admin/users.php?', 'user_account_setup_text'),
('171', '17', 'https://erp30.com/sales/sales_order_entry.php?NewOrder=Yes', 'sale_order_entry_text'),
('172', '12', 'https://erp30.com/admin/backups.php?', 'backup_text'),
('173', '17', 'https://erp30.com/modules/requisitions/requisitions.php', 'requisition_entries_text'),
('174', '17', 'https://erp30.com/sales/sales_order_entry.php?NewQuotation=Yes', 'sales_quotation_text'),
('175', '17', 'https://erp30.com/sales/allocations/customer_allocation_main.php?', 'allocate_text'),
('176', '17', 'https://erp30.com/reporting/reports_main.php?Class=6', 'general_ledger_text'),
('177', '17', 'https://erp30.com/reporting/reports_main.php?Class=6', 'general_ledger_text'),
('178', '17', 'https://erp30.com/gl/gl_bank.php?NewPayment=Yes', 'bank_payments_voucher_text'),
('179', '17', 'https://erp30.com/gl/gl_bank.php?NewDeposit=Yes', 'bank_deposit_voucher_text'),
('180', '17', 'https://erp30.com/gl/gl_budget.php?', 'budget_entry_text'),
('181', '17', 'https://erp30.com/gl/inquiry/journal_inquiry.php?', 'journal_inquiry_text'),
('182', '17', 'https://erp30.com/gl/inquiry/profit_loss.php?', 'pf_drill_text'),
('183', '17', 'https://erp30.com/gl/inquiry/cash_flow_statement.php?', ''),
('184', '17', 'https://erp30.com/reporting/reports_main.php?Class=5', 'banking_reports_text'),
('185', '17', 'https://erp30.com/inventory/transfers.php?NewTransfer=1', 'inventry_location_text'),
('186', '17', 'https://erp30.com/sales/inquiry/sales_orders_view.php?type=32', 'sales_quotation_inquiry_text'),
('187', '17', 'https://erp30.com/project/manage/call_type.php?', 'call_type_text'),
('188', '17', 'https://erp30.com/project/manage/duration.php?', 'duration_text'),
('189', '17', 'https://erp30.com/reporting/reports_main.php?Class=0', 'sale_report_text'),
('190', '17', 'https://erp30.com/manufacturing/work_order_entry_cart_req.php?NewWorkOrder=1', ''),
('191', '17', 'https://erp30.com/reporting/reports_main.php?Class=3', 'manufacturing_reports_text'),
('192', '12', 'https://erp30.com/gl/gl_journal.php?NewJournal=Yes', 'journal_entry_text'),
('193', '12', 'https://erp30.com/gl/gl_journal.php?NewJournal=Yes', 'journal_entry_text'),
('194', '12', 'https://erp30.com/sales/sales_order_entry.php?NewQuotation=Yes', 'sales_quotation_text'),
('195', '12', 'https://erp30.com/gl/gl_bankCV.php?NewPayment=Yes', 'cash_payments_voucher_text'),
('196', '12', 'https://erp30.com/gl/gl_journal.php?NewJournal=Yes', 'journal_entry_text'),
('197', '12', 'https://erp30.com/purchasing/supplier_payment.php?', 'payments_suppliers_text'),
('198', '17', 'https://erp30.com/sales/inquiry/sales_deliveries_view.php?OutstandingOnly=1', 'invoice_against_text'),
('199', '12', 'https://erp30.com/gl/inquiry/bank_inquiry.php?', 'bank_account_inquiry_text'),
('200', '12', 'https://erp30.com/gl/inquiry/gl_account_inquiry.php?', 'gl_text'),
('201', '12', 'https://erp30.com/purchasing/supplier_payment.php?', 'payments_suppliers_text'),
('202', '17', 'https://erp30.com/sales/sales_order_entry.php?NewInvoice=0', 'direct_invoice_text'),
('203', '12', 'https://erp30.com/sales/customer_payments.php?', 'customer_payment_text'),
('204', '12', 'https://erp30.com/purchasing/supplier_payment.php?', 'payments_suppliers_text'),
('205', '12', 'https://erp30.com/admin/gl_setup.php?', 'system_gl_text'),
('206', '12', 'https://erp30.com/admin/gl_setup.php?', 'system_gl_text'),
('207', '12', 'https://erp30.com/sales/sales_order_entry.php?NewInvoice=0', 'direct_invoice_text'),
('208', '12', 'https://erp30.com/reporting/reports_main.php?Class=0', 'sales_reports_text'),
('209', '12', 'https://erp30.com/sales/customer_payments.php?', 'customer_payment_text'),
('210', '12', 'https://erp30.com/sales/customer_payments.php?', 'customer_payment_text'),
('211', '12', 'https://erp30.com/admin/gl_setup.php?', 'system_gl_text'),
('212', '12', 'https://erp30.com/reporting/reports_main.php?Class=0', 'sales_reports_text'),
('213', '12', 'https://erp30.com/purchasing/inquiry/grn_search_completed.php?', 'import_purchase_text'),
('214', '12', 'https://erp30.com/gl/inquiry/gl_account_types.php?', 'gl_account_text'),
('215', '12', 'https://erp30.com/gl/gl_bank.php?NewPayment=Yes', 'bank_payments_voucher_text'),
('216', '12', 'https://erp30.com/gl/inquiry/gl_trial_balance.php?', 'trial_balance_text'),
('217', '12', 'https://erp30.com/reporting/reports_main.php?Class=6', 'general_ledger_text'),
('218', '17', 'https://erp30.com/reporting/reports_main.php?Class=0', 'sale_report_text'),
('219', '17', 'https://erp30.com/reporting/reports_main.php?Class=0', 'sale_report_text'),
('220', '12', 'https://erp30.com/admin/gl_setup.php?', 'system_gl_text'),
('221', '12', 'https://erp30.com/admin/users.php?', 'user_account_setup_text'),
('222', '12', 'https://erp30.com/admin/security_roles.php?', 'access_setup_text'),
('223', '12', 'https://erp30.com/purchasing/supplier_payment.php?', 'payments_suppliers_text'),
('224', '12', 'https://erp30.com/purchasing/allocations/supplier_allocation_main.php?', 'allocates_text'),
('225', '12', 'https://erp30.com/purchasing/allocations/supplier_allocation_main.php?', 'allocates_text'),
('226', '17', 'https://erp30.com/gl/gl_journal.php?NewJournal=Yes', 'journal_entry_text'),
('227', '12', 'https://erp30.com/sales/sales_order_entry.php?NewInvoice=0', 'direct_invoice_text'),
('228', '12', 'https://erp30.com/purchasing/po_entry_items.php?NewGRN=Yes', 'direct_grn_text'),
('229', '12', 'https://erp30.com/sales/sales_order_entry.php?NewInvoice=0', 'direct_invoice_text'),
('230', '12', 'https://erp30.com/sales/sales_order_entry.php?NewOrder=Yes', 'sale_order_entry_text'),
('231', '17', 'https://erp30.com/reporting/reports_main.php?Class=6', 'general_ledger_text'),
('232', '12', 'https://erp30.com/purchasing/supplier_payment.php?', 'payments_suppliers_text'),
('233', '12', 'https://erp30.com/gl/inquiry/gl_account_inquiry.php?', 'gl_text'),
('234', '12', 'https://erp30.com/sales/customer_payments.php?', 'customer_payment_text'),
('235', '17', 'https://erp30.com/project/demo.php?type=task', 'add_kba_text'),
('236', '17', 'https://erp30.com/project/task.php?type=task', 'add_task_text'),
('237', '17', 'https://erp30.com/project/task.php?type=task', 'add_task_text'),
('238', '17', 'https://erp30.com/project/inquiry/kb_inquiry.php?', 'knowledge_base_text'),
('239', '12', 'https://erp30.com/reporting/reports_main.php?Class=6', 'general_ledger_text'),
('240', '12', 'https://erp30.com/sales/manage/sales_points.php?', 'point_sale_text'),
('241', '12', 'https://erp30.com/admin/user_locations.php?', 'user_location_text'),
('242', '12', 'https://erp30.com/admin/fiscalyears.php?', 'fiscal_years_text'),
('243', '12', 'https://erp30.com/sales/manage/sales_groups.php?', 'sales_group_text'),
('244', '12', 'https://erp30.com/purchasing/manage/suppliers_inquiry.php?', 'manage_supplier_text'),
('245', '12', 'https://erp30.com/purchasing/manage/suppliers_inquiry.php?', 'manage_supplier_text'),
('246', '12', 'https://erp30.com/sales/manage/customers_inquiry.php?', 'manage_customer_text'),
('247', '12', 'https://erp30.com/purchasing/po_entry_items.php?NewGRN=Yes', 'direct_grn_text'),
('248', '12', 'https://erp30.com/gl/inquiry/gl_account_types.php?', 'gl_account_text'),
('249', '12', 'https://erp30.com/purchasing/po_entry_items.php?NewOrder=Yes', 'purchase_order_text'),
('250', '12', 'https://erp30.com/inventory/manage/items_inquiry.php?', 'add_and_manage_text'),
('251', '12', 'https://erp30.com/modules/requisitions/requisitions.php', 'requisition_entries_text'),
('252', '12', 'https://erp30.com/modules/requisitions/requisition_allocations.php', 'requisition_allocation_text'),
('253', '12', 'https://erp30.com/purchasing/supplier_payment.php?', 'payments_suppliers_text'),
('254', '12', 'https://erp30.com/gl/inquiry/gl_account_types.php?', 'gl_account_text'),
('255', '12', 'https://erp30.com/gl/inquiry/gl_account_types.php?', 'gl_account_text'),
('256', '12', 'https://erp30.com/gl/manage/bank_accounts.php?', 'bank_account_text'),
('257', '12', 'https://erp30.com/purchasing/supplier_payment.php?', 'payments_suppliers_text'),
('258', '12', 'https://erp30.com/gl/manage/bank_accounts.php?', 'bank_account_text'),
('259', '12', 'https://erp30.com/purchasing/po_entry_items.php?NewGRN=Yes', 'direct_grn_text'),
('260', '12', 'https://erp30.com/purchasing/inquiry/po_search.php?', 'opom_text'),
('261', '12', 'https://erp30.com/inventory/manage/item_categories.php?', 'item_categories_text'),
('262', '12', 'https://erp30.com/inventory/manage/item_units.php?', 'unit_measure_text'),
('263', '12', 'https://erp30.com/purchasing/manage/suppliers_inquiry.php?', 'manage_supplier_text'),
('264', '12', 'https://erp30.com/purchasing/manage/suppliers_inquiry.php?', 'manage_supplier_text'),
('265', '12', 'https://erp30.com/inventory/manage/items_inquiry.php?', 'add_and_manage_text'),
('266', '12', 'https://erp30.com/purchasing/po_entry_items.php?NewOrder=Yes', 'purchase_order_text'),
('267', '12', 'https://erp30.com/manufacturing/work_order_entry.php?WOType=1', ''),
('268', '12', 'https://erp30.com/purchasing/manage/suppliers_inquiry.php?', 'manage_supplier_text'),
('269', '12', 'https://erp30.com/inventory/manage/items_inquiry.php?', 'add_and_manage_text'),
('270', '12', 'https://erp30.com//sales/pos_order_entry.php?NewInvoice=0', 'pos_text'),
('271', '12', 'https://erp30.com//purchasing/inquiry/po_search.php?', 'opom_text'),
('272', '12', 'https://erp30.com//sales/sales_order_entry.php?NewOrder=Yes', 'sale_order_entry_text'),
('273', '12', 'https://erp30.com/purchasing/po_entry_items.php?NewInvoice=Yes', 'direct_supplier_invoice_text'),
('274', '12', 'https://erp30.com/purchasing/po_entry_items.php?NewGRN=Yes', 'direct_grn_text'),
('275', '12', 'https://erp30.com/sales/pos_order_entry.php?NewInvoice=0', 'pos_text'),
('276', '17', 'https://erp30.com/reporting/reports_main.php?Class=0', 'sale_report_text'),
('277', '12', 'https://erp30.com/sales/sales_order_entry.php?NewOrder=Yes', 'sale_order_entry_text'),
('278', '17', 'https://erp30.com/sales/inquiry/sales_orders_view.php?OutstandingOnly=1', 'delivery_against_text'),
('279', '17', 'https://erp30.com/sales/inquiry/sales_deliveries_view.php?OutstandingOnly=1', 'invoice_against_text'),
('280', '12', 'https://erp30.com/purchasing/po_entry_items.php?NewGRN=Yes', 'direct_grn_text'),
('281', '12', 'https://erp30.com/purchasing/po_entry_items.php?NewOrder=Yes', 'purchase_order_text'),
('282', '12', 'https://erp30.com/purchasing/inquiry/grn_search_completed.php?', 'import_purchase_text'),
('283', '12', 'https://erp30.com/purchasing/po_entry_items.php?NewOrder=Yes', 'purchase_order_text'),
('284', '12', 'https://erp30.com/modules/requisitions/requisitions.php', 'requisition_entries_text'),
('285', '12', 'https://erp30.com/purchasing/po_entry_items.php?NewOrder=Yes', 'purchase_order_text'),
('286', '12', 'https://erp30.com/purchasing/inquiry/po_search_completed.php?', 'purchase_order_inquiry_text'),
('287', '12', 'https://erp30.com/purchasing/inquiry/grn_search_completed.php?', 'import_purchase_text'),
('288', '12', 'https://erp30.com/purchasing/po_entry_items.php?NewOrder=Yes', 'purchase_order_text'),
('289', '12', 'https://erp30.com/purchasing/po_entry_items.php?NewOrder=Yes', 'purchase_order_text'),
('290', '12', 'https://erp30.com/purchasing/po_entry_items.php?NewOrder=Yes', 'purchase_order_text'),
('291', '12', 'https://erp30.com/purchasing/inquiry/grn_search_completed.php?', 'import_purchase_text'),
('292', '12', 'https://erp30.com/purchasing/supplier_invoice.php?New=1', 'supplier_invoice_text'),
('293', '12', 'https://erp30.com/purchasing/inquiry/grn_search_completed.php?', 'import_purchase_text'),
('294', '12', 'https://erp30.com/reporting/reports_main.php?Class=0', 'sale_report_text'),
('295', '12', 'https://erp30.com/purchasing/inquiry/grn_search_completed.php?', 'import_purchase_text'),
('296', '12', 'http://beta.erp30.com/purchasing/inquiry/grn_search_completed.php?', 'import_purchase_text'),
('297', '17', 'https://erp30.com/sales/sales_order_entry.php?NewQuotation=Yes', 'sales_quotation_text'),
('298', '17', 'https://erp30.com/sales/sales_order_entry.php?NewQuotation=Yes', 'sales_quotation_text'),
('299', '17', 'https://erp30.com/sales/inquiry/sales_deliveries_view.php?OutstandingOnly=1', 'invoice_against_text'),
('300', '12', 'http://beta.erp30.com/ryan/purchasing/po_entry_items.php?NewOrder=Yes', 'purchase_order_text'),
('301', '12', 'http://beta.erp30.com/ryan/purchasing/inquiry/grn_search_completed.php?', 'import_purchase_text'),
('302', '12', 'http://beta.erp30.com/ryan/purchasing/po_entry_items.php?NewOrder=Yes', 'purchase_order_text'),
('303', '12', 'http://beta.erp30.com/ryan/purchasing/inquiry/grn_search_completed.php?', 'import_purchase_text'),
('304', '12', 'http://beta.erp30.com/ryan/purchasing/po_entry_items.php?NewOrder=Yes', 'purchase_order_text'),
('305', '12', 'http://beta.erp30.com/ryan/purchasing/inquiry/grn_search_completed.php?', 'import_purchase_text'),
('306', '12', 'http://beta.erp30.com/ryan/purchasing/inquiry/po_search_completed.php?', 'purchase_order_inquiry_text'),
('307', '12', 'http://beta.erp30.com/ryan/purchasing/inquiry/grn_search_completed.php?', 'import_purchase_text'),
('308', '12', 'http://beta.erp30.com/ryan/purchasing/po_entry_items.php?NewOrder=Yes', 'purchase_order_text'),
('309', '12', 'http://beta.erp30.com/ryan/purchasing/inquiry/grn_search_completed.php?', 'import_purchase_text'),
('310', '12', 'http://beta.erp30.com/ryan/purchasing/po_entry_items.php?NewOrder=Yes', 'purchase_order_text'),
('311', '12', 'http://beta.erp30.com/ryan/purchasing/inquiry/grn_search_completed.php?', 'import_purchase_text'),
('312', '12', 'http://beta.erp30.com/ryan/purchasing/inquiry/grn_search_completed.php?', 'import_purchase_text'),
('313', '17', 'https://erp30.com/sales/sales_order_entry.php?NewQuotation=Yes', 'sales_quotation_text'),
('314', '17', 'https://erp30.com/purchasing/po_entry_items.php?NewOrder=Yes', 'purchase_order_text'),
('315', '17', 'https://erp30.com/sales/pos_order_entry.php?NewInvoice=0', 'pos_text'),
('316', '17', 'https://erp30.com/sales/customer_payments.php?', 'customer_payment_text'),
('317', '17', 'https://erp30.com/sales/manage/customers.php?', 'add_customer_text'),
('318', '17', 'https://erp30.com/sales/sales_order_entry.php?NewOrder=Yes', 'sale_order_entry_text'),
('319', '12', 'http://beta.erp30.com/ryan/purchasing/inquiry/grn_search_completed.php?', 'import_purchase_text'),
('320', '17', 'https://erp30.com/modules/requisitions/requisitions.php', 'requisition_entries_text'),
('321', '17', 'https://erp30.com/modules/requisitions/requisition_allocations.php', 'requisition_allocation_text'),
('322', '17', 'https://erp30.com/modules/requisitions/requisitions.php', 'requisition_entries_text'),
('323', '17', 'https://erp30.com/modules/requisitions/requisitions.php', 'requisition_entries_text'),
('324', '17', 'https://erp30.com/modules/requisitions/requisitions.php', 'requisition_entries_text'),
('325', '17', 'https://erp30.com/modules/requisitions/requisitions.php', 'requisition_entries_text'),
('326', '17', 'https://erp30.com/modules/requisitions/requisitions.php', 'requisition_entries_text'),
('327', '12', 'https://erp30.com/purchasing/inquiry/grn_search_completed.php?', 'import_purchase_text'),
('328', '17', 'https://erp30.com/sales/manage/customers_inquiry.php?', 'manage_customer_text'),
('329', '17', 'https://erp30.com/sales/manage/customers_inquiry.php?', 'manage_customer_text'),
('330', '17', 'https://erp30.com/sales/sales_order_entry.php?NewQuotation=Yes', 'sales_quotation_text'),
('331', '17', 'https://erp30.com/sales/sales_order_entry.php?NewQuotation=Yes', 'sales_quotation_text'),
('332', '17', 'https://erp30.com/sales/sales_order_entry.php?NewOrder=Yes', 'sale_order_entry_text'),
('333', '17', 'https://erp30.com/inventory/manage/items_inquiry.php?', 'add_and_manage_text'),
('334', '12', 'https://erp30.com/gl/gl_journal.php?NewJournal=Yes', 'journal_entry_text'),
('335', '12', 'https://erp30.com/purchasing/supplier_payment.php?', 'payments_suppliers_text'),
('336', '12', 'https://erp30.com/gl/gl_journal.php?NewJournal=Yes', 'journal_entry_text'),
('337', '12', 'https://erp30.com/purchasing/supplier_payment.php?', 'payments_suppliers_text'),
('338', '12', 'https://erp30.com/purchasing/inquiry/grn_search_completed.php?', 'import_purchase_text'),
('339', '17', 'https://erp30.com/sales/sales_order_entry.php?NewOrder=Yes', 'sale_order_entry_text'),
('340', '12', 'https://erp30.com/sales/manage/customers_inquiry.php?', 'manage_customer_text'),
('341', '12', 'https://erp30.com/gl/inquiry/journal_inquiry.php?', 'journal_inquiry_text'),
('342', '12', 'https://www.erp30.com/admin/company_preferences.php?', 'company_setup_text'),
('343', '12', 'http://beta.erp30.com/erp_today/gl/inquiry/journal_inquiry.php?', 'journal_inquiry_text'),
('344', '17', 'https://erp30.com/sales/inquiry/sales_orders_view.php?type=30', 'sale_order_inquiry_text'),
('345', '12', 'https://erp30.com/purchasing/inquiry/grn_search_completed.php?', 'import_purchase_text'),
('346', '17', 'https://erp30.com/modules/requisitions/requisitions.php', 'requisition_entries_text'),
('347', '17', 'https://erp30.com/gl/bank_account_reconcile.php?', 'reconcile_account_text'),
('348', '17', 'https://erp30.com/gl/manage/bank_accounts.php?', 'bank_account_text'),
('349', '17', 'https://erp30.com/purchasing/po_entry_items.php?NewOrder=Yes', 'purchase_order_text'),
('350', '17', 'https://erp30.com/gl/gl_bank.php?NewPayment=Yes', 'bank_payments_voucher_text'),
('351', '17', 'https://erp30.com/gl/gl_bank.php?NewDeposit=Yes', 'bank_deposit_voucher_text'),
('352', '17', 'https://erp30.com/gl/gl_bankCV.php?NewPayment=Yes', 'cash_payments_voucher_text'),
('353', '17', 'https://erp30.com/manufacturing/work_order_entry_cart_req.php?NewWorkOrder=1', ''),
('354', '17', 'https://erp30.com/inventory/inquiry/stock_movements.php?', 'inventory_item_movemnets_text'),
('355', '17', 'https://erp30.com/manufacturing/work_order_entry_cart_req.php?NewWorkOrder=1', ''),
('356', '17', 'https://erp30.com/manufacturing/inquiry/where_used_inquiry.php?', 'inventory_item_where_used_text'),
('357', '17', 'https://erp30.com/reporting/reports_main.php?Class=3', 'manufacturing_reports_text'),
('358', '17', 'https://erp30.com/sales/sales_order_entry.php?NewQuotation=Yes', 'sales_quotation_text'),
('359', '17', 'https://erp30.com/sales/inquiry/sales_orders_view.php?OutstandingOnly=1', 'delivery_against_text'),
('360', '17', 'https://erp30.com/sales/inquiry/sales_orders_view.php?type=30', 'sale_order_inquiry_text'),
('361', '17', 'https://erp30.com/sales/inquiry/customer_allocation_inquiry.php?', 'customer_allocate_inquiry_text'),
('362', '17', 'https://erp30.com/sales/manage/customers_inquiry.php?', 'manage_customer_text'),
('363', '17', 'https://erp30.com/sales/manage/sales_sms.php?', 'sales_sms_text'),
('364', '17', 'https://erp30.com/sales/manage/sales_types.php?', 'sales_type_text'),
('365', '17', 'https://erp30.com/sales/manage/sales_groups.php?', 'sales_group_text'),
('366', '12', 'https://erp30.com/purchasing/po_entry_items.php?NewInvoice=Yes', 'direct_supplier_invoice_text'),
('367', '12', 'https://erp30.com/purchasing/supplier_invoice.php?New=1', 'supplier_invoice_text'),
('368', '17', 'https://erp30.com/sales/manage/customers.php?', 'add_customer_text'),
('369', '12', 'https://erp30.com/purchasing/supplier_invoice.php?New=1', 'supplier_invoice_text'),
('370', '12', 'https://erp30.com/taxes/tax_types.php?', 'taxes_text'),
('371', '12', 'https://erp30.com/taxes/tax_groups.php?', 'tax_group_text'),
('372', '12', 'https://erp30.com/purchasing/po_entry_items.php?NewInvoice=Yes', 'direct_supplier_invoice_text'),
('373', '17', 'https://erp30.com/sales/inquiry/customer_inquiry.php?', 'customer_inquiry_text'),
('374', '17', 'https://erp30.com/sales/sales_order_entry.php?NewOrder=Yes', 'sale_order_entry_text'),
('375', '12', 'https://erp30.com/purchasing/supplier_payment.php?', 'payments_suppliers_text'),
('376', '12', 'https://erp30.com/admin/gl_setup.php?', 'system_gl_text'),
('377', '17', 'https://erp30.com/sales/credit_note_entry.php?NewCredit=Yes', 'customer_credit_note_text'),
('378', '12', 'https://erp30.com/purchasing/supplier_payment.php?', 'payments_suppliers_text'),
('379', '12', 'http://beta.erp30.com/ryan/purchasing/inquiry/grn_search_completed.php?', 'import_purchase_text'),
('380', '17', 'https://erp30.com/sales/inquiry/sales_orders_view.php?type=32', 'sales_quotation_inquiry_text'),
('381', '17', 'https://erp30.com/inventory/manage/items_inquiry.php?', 'add_and_manage_text'),
('382', '17', 'https://erp30.com//reporting/reports_main.php?Class=6', 'general_ledger_text'),
('383', '17', 'https://erp30.com/modules/requisitions/requisitions.php', 'requisition_entries_text'),
('384', '17', 'https://erp30.com/modules/requisitions/requisition_allocations.php', 'requisition_allocation_text'),
('385', '17', 'https://erp30.com/purchasing/po_entry_items.php?NewOrder=Yes', 'purchase_order_text'),
('386', '17', 'https://erp30.com/manufacturing/inquiry/bom_cost_inquiry.php?', 'costed_bill_material_text'),
('387', '17', 'https://erp30.com/modules/requisitions/requisition_allocations.php', 'requisition_allocation_text'),
('388', '17', 'https://erp30.com/modules/requisitions/requisitions.php', 'requisition_entries_text'),
('389', '17', 'https://erp30.com/gl/inquiry/journal_inquiry.php?', 'journal_inquiry_text'),
('390', '17', 'https://erp30.com/gl/gl_journal.php?NewJournal=Yes', 'journal_entry_text'),
('391', '17', 'https://erp30.com/purchasing/po_entry_items.php?NewInvoice=Yes', 'wht_types'),
('392', '17', 'https://erp30.com/inventory/transfers.php?NewTransfer=1', 'wht_types'),
('393', '17', 'https://erp30.com/fixed_assets/process_depreciation.php', 'process_depreciation_text'),
('394', '17', 'https://erp30.com/reporting/reports_main.php?Class=0', 'sales_reports_text'),
('395', '17', 'https://erp30.com/sales/pos_order_entry.php?NewInvoice=0', 'pos_text'),
('396', '17', 'https://erp30.com/sales/inquiry/customer_inquiry.php?', 'customer_inquiry_text'),
('397', '17', 'https://erp30.com/purchasing/inquiry/po_search_completed.php?', 'purchase_order_inquiry_text'),
('398', '17', 'https://erp30.com/project/task.php?type=task', 'add_task_text'),
('399', '17', 'https://erp30.com/gl/inquiry/journal_inquiry.php?', 'journal_inquiry_text'),
('400', '17', 'https://erp30.com/sales/allocations/customer_allocation_main.php?', 'allocate_text'),
('401', '17', 'https://erp30.com/sales/sales_order_entry.php?NewInvoice=0', 'direct_invoice_text'),
('402', '17', 'https://erp30.com/inventory/prices.php?', 'sales_pricing_text'),
('403', '17', 'https://erp30.com/sales/sales_order_entry.php?NewInvoice=0', 'direct_invoice_text'),
('404', '17', 'https://erp30.com/sales/allocations/customer_allocation_main.php?', 'allocate_text'),
('405', '17', 'https://erp30.com/sales/allocations/customer_allocation_main.php?', 'allocate_text'),
('406', '17', 'https://erp30.com/sales/allocations/customer_allocation_main.php?', 'allocate_text'),
('407', '17', 'https://erp30.com/sales/credit_note_entry.php?NewCredit=Yes', 'customer_credit_note_text'),
('408', '17', 'https://erp30.com/sales/allocations/customer_allocation_main.php?', 'allocate_text'),
('409', '17', 'https://erp30.com/sales/inquiry/sales_orders_view.php?type=30', 'sale_order_inquiry_text'),
('410', '12', 'https://erp30.com/sales/sales_order_entry.php?NewOrder=Yes', 'sale_order_entry_text'),
('411', '12', 'https://erp30.com/purchasing/po_entry_items.php?NewOrder=Yes', 'purchase_order_text'),
('412', '12', 'https://erp30.com/sales/sales_order_entry.php?NewQuotation=Yes', 'sales_quotation_text'),
('413', '12', 'http://beta.erp30.com/ryan/purchasing/inquiry/grn_search_completed.php?', 'import_purchase_text'),
('414', '12', 'https://erp30.com/manufacturing/work_order_entry.php?WOType=0', 'work_order_entry_text'),
('415', '12', 'https://erp30.com/manufacturing/work_order_entry.php?WOType=1', ''),
('416', '12', 'https://erp30.com/inventory/manage/items_inquiry.php?', 'add_and_manage_text'),
('417', '12', 'https://erp30.com/inventory/manage/item_units.php?', 'unit_measure_text'),
('418', '12', 'http://beta.erp30.com/ryan/purchasing/inquiry/grn_search_completed.php?', 'import_purchase_text'),
('419', '12', 'https://erp30.com/manufacturing/work_order_entry.php?WOType=0', 'work_order_entry_text'),
('420', '12', 'https://erp30.com/purchasing/inquiry/grn_search_completed.php?', 'import_purchase_text'),
('421', '12', 'https://erp30.com/purchasing/po_entry_items.php?NewGRN=Yes', 'direct_grn_text'),
('422', '12', 'https://erp30.com/inventory/manage/item_units.php?', 'unit_measure_text'),
('423', '12', 'https://erp30.com/purchasing/inquiry/grn_search_completed.php?', 'import_purchase_text'),
('424', '12', 'https://erp30.com/purchasing/po_entry_items.php?NewGRN=Yes', 'direct_grn_text'),
('425', '12', 'https://erp30.com/purchasing/po_entry_items.php?NewOrder=Yes', 'purchase_order_text'),
('426', '12', 'https://erp30.com/admin/backups.php?', 'backup_text'),
('427', '12', 'https://erp30.com/reporting/reports_main.php?Class=6', 'general_ledger_text'),
('428', '12', 'https://erp30.com/gl/inquiry/gl_account_types.php?', 'gl_account_text'),
('429', '12', 'https://erp30.com/gl/inquiry/profit_loss.php?', 'pf_drill_text'),
('430', '12', 'https://erp30.com/reporting/reports_main.php?Class=6', 'general_ledger_text'),
('431', '12', 'https://erp30.com/admin/security_roles.php?', 'access_setup_text'),
('432', '12', 'https://erp30.com/purchasing/po_entry_items.php?NewOrder=Yes', 'purchase_order_text'),
('433', '12', 'https://erp30.com/reporting/reports_main.php?Class=6', 'general_ledger_text'),
('434', '12', 'https://erp30.com/purchasing/inquiry/po_search_completed.php?', 'purchase_order_inquiry_text'),
('435', '12', 'http://beta.erp30.com/ryan/purchasing/inquiry/grn_search_completed.php?', 'import_purchase_text'),
('436', '12', 'https://erp30.com/gl/inquiry/gl_account_types.php?', 'gl_account_text'),
('437', '12', 'https://erp30.com/reporting/reports_main.php?Class=6', 'general_ledger_text'),
('438', '12', 'https://erp30.com/gl/inquiry/journal_inquiry.php?', 'journal_inquiry_text'),
('439', '12', 'https://erp30.com/sales/sales_order_entry.php?NewOrder=Yes', 'sale_order_entry_text'),
('440', '12', 'https://erp30.com/modules/requisitions/requisition_allocations.php', 'requisition_allocation_text'),
('441', '12', 'https://erp30.com/modules/requisitions/requisitions.php', 'requisition_entries_text'),
('442', '12', 'https://erp30.com/modules/requisitions/requisition_allocations.php', 'requisition_allocation_text'),
('443', '12', 'https://erp30.com/modules/requisitions/requisitions.php', 'requisition_entries_text'),
('444', '12', 'https://erp30.com/modules/requisitions/requisitions.php', 'requisition_entries_text'),
('445', '12', 'https://erp30.com/modules/requisitions/requisition_allocations.php', 'requisition_allocation_text'),
('446', '12', 'https://erp30.com/modules/requisitions/requisition_allocations.php', 'requisition_allocation_text'),
('447', '12', 'https://erp30.com/purchasing/po_entry_items.php?NewOrder=Yes', 'purchase_order_text'),
('448', '12', 'https://erp30.com/sales/sales_order_entry.php?NewQuotation=Yes', 'sales_quotation_text'),
('449', '12', 'https://erp30.com/sales/sales_order_entry.php?NewOrder=Yes', 'sale_order_entry_text'),
('450', '12', 'https://erp30.com/modules/requisitions/requisitions.php', 'requisition_entries_text'),
('451', '12', 'https://erp30.com/modules/requisitions/requisition_allocations.php', 'requisition_allocation_text'),
('452', '12', 'https://erp30.com/modules/requisitions/requisitions.php', 'requisition_entries_text'),
('453', '12', 'https://erp30.com/gl/inquiry/gl_account_types.php?', 'gl_account_text'),
('454', '12', 'https://erp30.com/modules/requisitions/requisitions.php', 'requisition_entries_text'),
('455', '12', 'https://erp30.com/modules/requisitions/requisition_allocations.php', 'requisition_allocation_text'),
('456', '12', 'https://erp30.com/purchasing/po_entry_items.php?NewOrder=Yes', 'purchase_order_text'),
('457', '12', 'https://erp30.com/purchasing/inquiry/grn_search_completed.php?', 'import_purchase_text'),
('458', '12', 'https://erp30.com/purchasing/allocations/supplier_allocation_main.php?', 'allocates_text'),
('459', '12', 'https://erp30.com/purchasing/po_entry_items.php?NewOrder=Yes', 'purchase_order_text'),
('460', '12', 'https://erp30.com/fixed_assets/process_depreciation.php', 'process_depreciation_text'),
('461', '12', 'https://erp30.com/admin/company_preferences.php?', 'company_setup_text'),
('462', '12', 'https://erp30.com/gl/gl_bank.php?NewPayment=Yes', 'bank_payments_voucher_text'),
('463', '12', 'https://erp30.com/sales/pos_order_entry.php?NewInvoice=0', 'pos_text'),
('464', '12', 'https://erp30.com/modules/import_items/import_items.php?', 'import_item_text'),
('465', '12', 'https://erp30.com/purchasing/po_entry_items.php?NewOrder=Yes', 'purchase_order_text'),
('466', '12', 'https://erp30.com/reporting/reports_main.php?Class=6', 'general_ledger_text'),
('467', '12', 'https://erp30.com/admin/void_transaction.php?', 'void_transaction_text'),
('468', '12', 'http://beta.erp30.com/import/purchasing/inquiry/grn_search_completed.php?', 'import_purchase_text'),
('469', '12', 'https://erp30.com/purchasing/po_entry_items.php?NewOrder=Yes', 'purchase_order_text'),
('470', '12', 'https://erp30.com/inventory/manage/items_inquiry.php?', 'add_and_manage_text'),
('471', '12', 'http://beta.erp30.com/import/admin/company_preferences.php?', 'company_setup_text'),
('472', '12', 'https://erp30.com/gl/inquiry/gl_account_inquiry.php?', 'gl_text'),
('473', '12', 'http://beta.erp30.com/import/dimensions/dimension_entry.php?', 'dimension_entry_text'),
('474', '12', 'https://erp30.com/gl/gl_journal.php?NewJournal=Yes', 'journal_entry_text'),
('475', '12', 'https://erp30.com/gl/gl_journal.php?NewJournal=Yes', 'journal_entry_text'),
('476', '12', 'http://beta.erp30.com/import/purchasing/inquiry/grn_search_completed.php?', 'import_purchase_text'),
('477', '12', 'https://erp30.com/purchasing/inquiry/grn_search_completed.php?', 'import_purchase_text'),
('478', '17', 'https://erp30.com/gl/inquiry/tax_inquiry.php?', 'tax_inquiry_text'),
('479', '12', 'https://erp30.com/gl/gl_journal.php?NewJournal=Yes', 'journal_entry_text'),
('480', '12', 'https://erp30.com/purchasing/inquiry/grn_search_completed.php?', 'import_purchase_text'),
('481', '12', 'https://erp30.com/purchasing/inquiry/grn_search_completed.php?', 'import_purchase_text'),
('482', '12', 'https://erp30.com/sales/customer_payments.php?', 'customer_payment_text'),
('483', '12', 'https://erp30.com/sales/manage/customers_inquiry.php?', 'manage_customer_text'),
('484', '17', 'https://erp30.com/sales/pos_order_entry.php?NewInvoice=0', 'pos_text'),
('485', '12', 'https://erp30.com/inventory/manage/items_inquiry.php?', 'add_and_manage_text'),
('486', '12', 'https://erp30.com/purchasing/manage/suppliers_inquiry.php?', 'manage_supplier_text'),
('487', '17', 'https://erp30.com/modules/requisitions/requisitions.php', 'requisition_entries_text'),
('488', '12', 'https://erp30.com/gl/bank_account_reconcile.php?', 'reconcile_account_text'),
('489', '12', 'https://erp30.com/gl/bank_account_reconcile.php?', 'reconcile_account_text'),
('490', '17', 'https://erp30.com/modules/requisitions/requisition_allocations.php', 'requisition_allocation_text'),
('491', '17', 'https://erp30.com/purchasing/po_entry_items.php?NewInvoice=Yes', 'wht_types'),
('492', '17', 'https://erp30.com/inventory/transfers.php?NewTransfer=1', 'wht_types'),
('493', '17', 'https://erp30.com/gl/gl_bankCV.php?NewPayment=Yes', 'cash_payments_voucher_text'),
('494', '17', 'https://erp30.com/gl/gl_bank.php?NewPayment=Yes', 'bank_payments_voucher_text'),
('495', '17', 'https://erp30.com/gl/inquiry/gl_trial_balance.php?', 'trial_balance_text'),
('496', '17', 'https://erp30.com/gl/inquiry/balance_sheet.php?', 'drill_balance_text'),
('497', '17', 'https://erp30.com/gl/inquiry/profit_loss.php?', 'pf_drill_text'),
('498', '17', 'https://erp30.com/gl/inquiry/cash_flow_statement.php?', ''),
('499', '17', 'https://erp30.com/gl/inquiry/cash_flow_statement.php?', ''),
('500', '12', 'https://erp30.com/sales/manage/customers_inquiry.php?', 'manage_customer_text'),
('501', '12', 'https://erp30.com/purchasing/po_entry_items.php?NewOrder=Yes', 'purchase_order_text'),
('502', '12', 'https://erp30.com/inventory/manage/items_inquiry.php?', 'add_and_manage_text'),
('503', '12', 'https://erp30.com/purchasing/manage/suppliers_inquiry.php?', 'manage_supplier_text'),
('504', '12', 'https://erp30.com/inventory/manage/items_inquiry.php?', 'add_and_manage_text'),
('505', '12', 'https://erp30.com/purchasing/po_entry_items.php?NewOrder=Yes', 'purchase_order_text'),
('506', '12', 'https://erp30.com/gl/inquiry/gl_account_types.php?', 'gl_account_text'),
('507', '12', 'https://erp30.com/gl/gl_budget.php?', 'budget_entry_text'),
('508', '12', 'https://erp30.com/admin/void_transaction.php?', 'void_transaction_text'),
('509', '12', 'https://erp30.com/manufacturing/work_order_entry.php?WOType=0', 'work_order_entry_text'),
('510', '12', 'https://erp30.com/manufacturing/work_order_entry.php?WOType=2', 'work_order_entry_advance_manuf'),
('511', '12', 'https://erp30.com/sales/manage/reports_preference.php?', ''),
('512', '12', 'https://erp30.com/reporting/reports_main.php?Class=5', 'banking_reports_text'),
('513', '12', 'https://erp30.com/purchasing/po_entry_items.php?NewInvoice=Yes', 'wht_types'),
('514', '12', 'https://erp30.com/inventory/manage/items.php?FixedAsset=1', 'fixed_assets_text'),
('515', '12', 'https://erp30.com/purchasing/po_entry_items.php?NewInvoice=Yes', 'wht_types'),
('516', '12', 'https://erp30.com/inventory/transfers.php?NewTransfer=1', 'wht_types'),
('517', '12', 'https://erp30.com/inventory/manage/items.php?FixedAsset=1', 'fixed_assets_text'),
('518', '17', 'https://erp30.com/gl/inquiry/bank_inquiry.php?', 'bank_account_inquiry_text'),
('519', '17', 'https://erp30.com/reporting/reports_main.php?Class=6', 'general_ledger_text'),
('520', '17', 'https://erp30.com/gl/inquiry/gl_account_inquiry.php?', 'gl_text'),
('521', '12', 'https://erp30.com/inventory/inquiry/stock_movements.php?', 'inventory_item_movemnets_text'),
('522', '12', 'https://erp30.com/inventory/manage/items_inquiry.php?', 'add_and_manage_text'),
('523', '17', 'https://erp30.com/gl/inquiry/gl_account_inquiry.php?', 'gl_text'),
('524', '12', 'https://erp30.com/purchasing/manage/suppliers_inquiry.php?', 'manage_supplier_text'),
('525', '17', 'https://erp30.com/reporting/reports_main.php?Class=3', 'manufacturing_reports_text'),
('526', '17', 'https://erp30.com/manufacturing/manage/work_centres.php?', 'work_center_text'),
('527', '17', 'https://erp30.com/reporting/reports_main.php?Class=3', 'manufacturing_reports_text'),
('528', '12', 'https://erp30.com/purchasing/po_entry_items.php?NewInvoice=Yes', 'direct_supplier_invoice_text'),
('529', '17', 'https://erp30.com/gl/inquiry/balance_sheet.php?', 'drill_balance_text'),
('530', '12', 'https://erp30.com/purchasing/po_entry_items.php?NewInvoice=Yes', 'wht_types'),
('531', '17', 'https://erp30.com/gl/inquiry/bank_inquiry.php?', 'bank_account_inquiry_text'),
('532', '17', 'https://erp30.com/gl/bank_account_reconcile.php?', 'reconcile_account_text'),
('533', '12', 'https://erp30.com/inventory/adjustments.php?NewAdjustment=1', 'wht_types'),
('534', '12', 'https://erp30.com/inventory/adjustments.php?NewAdjustment=1', 'wht_types'),
('535', '12', 'https://erp30.com/fixed_assets/process_depreciation.php', 'process_depreciation_text'),
('536', '12', 'https://erp30.com/purchasing/po_entry_items.php?NewInvoice=Yes', 'wht_types'),
('537', '12', 'https://erp30.com/purchasing/po_entry_items.php?NewInvoice=Yes', 'wht_types'),
('538', '12', 'https://erp30.com/fixed_assets/inquiry/stock_inquiry.php?', 'asset_inquiry_text'),
('539', '12', 'https://erp30.com/purchasing/po_entry_items.php?NewInvoice=Yes', 'wht_types'),
('540', '12', 'https://erp30.com/fixed_assets/process_depreciation.php', 'process_depreciation_text'),
('541', '12', 'https://erp30.com/admin/company_preferences.php?', 'company_setup_text'),
('542', '12', 'https://erp30.com/inventory/manage/items.php?FixedAsset=1', 'fixed_assets_text'),
('543', '12', 'https://erp30.com/purchasing/po_entry_items.php?NewInvoice=Yes', 'wht_types');
INSERT INTO `0_history_tabs` VALUES
('544', '12', 'https://erp30.com/fixed_assets/process_depreciation.php', 'process_depreciation_text'),
('545', '12', 'https://erp30.com/inventory/adjustments.php?NewAdjustment=1', 'wht_types'),
('546', '12', 'https://erp30.com/inventory/transfers.php?NewTransfer=1', 'wht_types'),
('547', '12', 'https://erp30.com/sales/sales_order_entry.php?NewInvoice=0', 'wht_types'),
('548', '12', 'https://erp30.com/fixed_assets/inquiry/stock_inquiry.php?', 'asset_inquiry_text'),
('549', '17', 'https://erp30.com/reporting/reports_main.php?Class=5', 'banking_reports_text'),
('550', '17', 'https://erp30.com/gl/inquiry/cash_flow_statement.php?', ''),
('551', '17', 'https://erp30.com/gl/bank_account_reconcile.php?', 'reconcile_account_text'),
('552', '12', 'https://erp30.com/purchasing/inquiry/grn_search_completed.php?', 'import_purchase_text'),
('553', '17', 'https://erp30.com/purchasing/supplier_invoice.php?New=1', 'supplier_invoice_text'),
('554', '17', 'https://erp30.com/purchasing/inquiry/po_search_completed.php?', 'purchase_order_inquiry_text'),
('555', '17', 'https://erp30.com/reporting/reports_main.php?Class=1', 'supplier_reports_text'),
('556', '17', 'https://erp30.com/gl/inquiry/gl_trial_balance.php?', 'trial_balance_text'),
('557', '17', 'https://erp30.com/inventory/manage/item_categories.php?FixedAsset=1', 'fixed_assets_categories_text'),
('558', '17', 'https://erp30.com/sales/inquiry/sales_orders_view.php?OutstandingOnly=1', 'delivery_against_text'),
('559', '17', 'https://erp30.com/sales/inquiry/sales_orders_view.php?OutstandingOnly=1', 'delivery_against_text'),
('560', '17', 'https://erp30.com/sales/inquiry/sales_orders_view.php?OutstandingOnly=1', 'delivery_against_text'),
('561', '17', 'https://erp30.com/sales/inquiry/sales_orders_view.php?OutstandingOnly=1', 'delivery_against_text'),
('562', '17', 'https://erp30.com/sales/sales_order_entry.php?NewOrder=Yes', 'sale_order_entry_text'),
('563', '17', 'https://erp30.com/sales/inquiry/sales_orders_view.php?OutstandingOnly=1', 'delivery_against_text'),
('564', '17', 'https://erp30.com/sales/inquiry/customer_inquiry.php?', 'customer_inquiry_text'),
('565', '17', 'https://erp30.com/sales/inquiry/sales_orders_view.php?type=30', 'sale_order_inquiry_text'),
('566', '17', 'https://erp30.com/sales/inquiry/sales_deliveries_view.php?OutstandingOnly=1', 'invoice_against_text'),
('567', '17', 'https://erp30.com/reporting/reports_main.php?Class=0', 'sales_reports_text'),
('568', '17', 'https://erp30.com/sales/pos_order_entry.php?NewInvoice=0', 'pos_text'),
('569', '17', 'https://erp30.com/reporting/reports_main.php?Class=0', 'sales_reports_text'),
('570', '17', 'https://erp30.com/sales/inquiry/customer_inquiry.php?', 'customer_inquiry_text'),
('571', '12', 'https://erp30.com/sales/inquiry/sales_orders_view.php?type=32', 'sales_quotation_inquiry_text'),
('572', '12', 'https://erp30.com/sales/manage/customers_inquiry.php?', 'manage_customer_text'),
('573', '12', 'https://erp30.com/sales/manage/sales_people.php?', 'sales_persons_text'),
('574', '12', 'https://erp30.com/sales/manage/sales_types.php?', 'sales_type_text'),
('575', '12', 'https://erp30.com/purchasing/manage/supplier_category.php?', 'supplier_category_text'),
('576', '12', 'https://erp30.com/inventory/transfers.php?NewTransfer=1', 'inventry_location_text'),
('577', '12', 'https://erp30.com/inventory/manage/item_codes.php?', 'foreign_item_codes_text'),
('578', '12', 'https://erp30.com/inventory/manage/sales_kits.php?', 'sales_kits_text'),
('579', '12', 'https://erp30.com/inventory/manage/locations.php?', 'inventory_locations_text'),
('580', '12', 'https://erp30.com/inventory/purchasing_data.php?', 'purchase_pricing_text'),
('581', '12', 'https://erp30.com/gl/manage/close_period.php?', 'closing_text'),
('582', '12', 'https://erp30.com/gl/inquiry/gl_account_inquiry.php?', 'gl_text'),
('583', '12', 'https://erp30.com/sales/sales_order_entry.php?NewQuotation=Yes', 'sales_quotation_text'),
('584', '12', 'https://erp30.com/sales/inquiry/sales_orders_view.php?type=30', 'sale_order_inquiry_text'),
('585', '12', 'https://erp30.com/admin/gl_setup.php?', 'system_gl_text'),
('586', '17', 'https://erp30.com/reporting/reports_main.php?Class=5', 'banking_reports_text'),
('587', '12', 'https://erp30.com/purchasing/inquiry/grn_search_completed.php?', 'import_purchase_text'),
('588', '12', 'https://erp30.com/admin/gl_setup.php?', 'system_gl_text'),
('589', '12', 'https://erp30.com/admin/forms_setup.php?', 'transaction_ref_text'),
('590', '12', 'https://erp30.com/gl/gl_journal.php?NewJournal=Yes', 'journal_entry_text'),
('591', '12', 'https://erp30.com/purchasing/supplier_payment.php?', 'payments_suppliers_text'),
('592', '12', 'https://erp30.com/admin/backups.php?', 'backup_text'),
('593', '12', 'https://erp30.com/sales/inquiry/sales_orders_view.php?type=30', 'sale_order_inquiry_text'),
('594', '12', 'https://erp30.com/sales/inquiry/sales_deliveries_view.php?OutstandingOnly=1', 'invoice_against_text'),
('595', '12', 'https://erp30.com/sales/inquiry/sales_orders_view.php?OutstandingOnly=1', 'delivery_against_text'),
('596', '12', 'https://erp30.com/sales/inquiry/sales_deliveries_view.php?OutstandingOnly=1', 'invoice_against_text'),
('597', '12', 'https://erp30.com/sales/inquiry/sales_deliveries_view.php?OutstandingOnly=1', 'invoice_against_text'),
('598', '12', 'https://erp30.com/sales/sales_order_entry.php?NewInvoice=0', 'direct_invoice_text'),
('599', '12', 'https://erp30.com/sales/customer_payments.php?', 'customer_payment_text'),
('600', '12', 'https://erp30.com/sales/customer_payments.php?', 'customer_payment_text'),
('601', '12', 'https://erp30.com/sales/inquiry/sales_orders_view.php?type=32', 'sales_quotation_inquiry_text'),
('602', '12', 'https://erp30.com/sales/inquiry/customer_inquiry.php?', 'customer_inquiry_text'),
('603', '12', 'https://erp30.com/sales/inquiry/customer_allocation_inquiry.php?', 'customer_allocate_inquiry_text'),
('604', '12', 'https://erp30.com/reporting/reports_main.php?Class=0', 'sales_reports_text'),
('605', '12', 'https://erp30.com/sales/manage/customers_inquiry.php?', 'manage_customer_text'),
('606', '12', 'https://erp30.com/sales/manage/customers_inquiry.php?', 'manage_customer_text'),
('607', '12', 'https://erp30.com/sales/sales_order_entry.php?NewOrder=Yes', 'sale_order_entry_text'),
('608', '12', 'https://erp30.com/sales/inquiry/sales_orders_view.php?OutstandingOnly=1', 'delivery_against_text'),
('609', '12', 'https://erp30.com/sales/inquiry/sales_orders_view.php?OutstandingOnly=1', 'delivery_against_text'),
('610', '12', 'https://erp30.com/sales/inquiry/sales_orders_view.php?type=30', 'sale_order_inquiry_text'),
('611', '17', 'https://erp30.com/reporting/reports_main.php?Class=0', 'sale_report_text'),
('612', '17', 'https://erp30.com/sales/inquiry/sales_orders_view.php?OutstandingOnly=1', 'delivery_against_text'),
('613', '12', 'https://erp30.com/sales/manage/customers_inquiry.php?', 'manage_customer_text'),
('614', '12', 'https://erp30.com/sales/manage/sales_people.php?', 'sales_persons_text'),
('615', '12', 'https://erp30.com/sales/sales_order_entry.php?NewOrder=Yes', 'sale_order_entry_text'),
('616', '12', 'https://erp30.com/sales/inquiry/sales_orders_view.php?type=30', 'sale_order_inquiry_text'),
('617', '12', 'https://erp30.com/sales/inquiry/sales_orders_view.php?OutstandingOnly=1', 'delivery_against_text'),
('618', '12', 'https://erp30.com/sales/inquiry/sales_orders_view.php?type=30', 'sale_order_inquiry_text'),
('619', '12', 'https://erp30.com/sales/inquiry/sales_orders_view.php?OutstandingOnly=1', 'delivery_against_text'),
('620', '12', 'https://erp30.com/sales/inquiry/sales_orders_view.php?type=30', 'sale_order_inquiry_text'),
('621', '12', 'https://erp30.com/sales/sales_order_entry.php?NewOrder=Yes', 'sale_order_entry_text'),
('622', '12', 'https://erp30.com/sales/sales_order_entry.php?NewOrder=Yes', 'sale_order_entry_text'),
('623', '12', 'https://erp30.com/sales/inquiry/sales_orders_view.php?type=30', 'sale_order_inquiry_text'),
('624', '12', 'https://erp30.com/sales/sales_order_entry.php?NewOrder=Yes', 'sale_order_entry_text'),
('625', '12', 'https://erp30.com/sales/inquiry/sales_orders_view.php?OutstandingOnly=1', 'delivery_against_text'),
('626', '12', 'https://erp30.com/sales/sales_order_entry.php?NewOrder=Yes', 'sale_order_entry_text'),
('627', '12', 'https://erp30.com/sales/sales_order_entry.php?NewOrder=Yes', 'sale_order_entry_text'),
('628', '12', 'https://erp30.com/sales/manage/customers_inquiry.php?', 'manage_customer_text'),
('629', '12', 'https://erp30.com/sales/manage/customers_inquiry.php?', 'manage_customer_text'),
('630', '12', 'https://erp30.com/sales/manage/customers_inquiry.php?', 'manage_customer_text'),
('631', '17', 'https://erp30.com/sales/sales_order_entry.php?NewQuotation=Yes', 'sales_quotation_text'),
('632', '12', 'https://erp30.com/sales/inquiry/sales_orders_view.php?OutstandingOnly=1', 'delivery_against_text'),
('633', '12', 'https://erp30.com/sales/sales_order_entry.php?NewOrder=Yes', 'sale_order_entry_text'),
('634', '12', 'https://erp30.com/sales/inquiry/sales_orders_view.php?OutstandingOnly=1', 'delivery_against_text'),
('635', '12', 'https://erp30.com/sales/inquiry/sales_orders_view.php?OutstandingOnly=1', 'delivery_against_text'),
('636', '12', 'https://erp30.com/purchasing/po_entry_items.php?NewOrder=Yes', 'purchase_order_text'),
('637', '12', 'https://erp30.com/purchasing/po_entry_items.php?NewOrder=Yes', 'purchase_order_text'),
('638', '12', 'https://erp30.com/purchasing/po_entry_items.php?NewOrder=Yes', 'purchase_order_text'),
('639', '12', 'https://erp30.com/sales/sales_order_entry.php?NewOrder=Yes', 'sale_order_entry_text'),
('640', '12', 'https://erp30.com/sales/inquiry/sales_orders_view.php?OutstandingOnly=1', 'delivery_against_text'),
('641', '12', 'https://erp30.com/sales/inquiry/sales_orders_view.php?OutstandingOnly=1', 'delivery_against_text'),
('642', '17', 'https://erp30.com/reporting/reports_main.php?Class=3', 'manufacturing_reports_text'),
('643', '12', 'https://erp30.com/sales/sales_order_entry.php?NewOrder=Yes', 'sale_order_entry_text'),
('644', '12', 'https://erp30.com/sales/inquiry/sales_orders_view.php?OutstandingOnly=1', 'delivery_against_text'),
('645', '12', 'https://erp30.com/sales/inquiry/sales_orders_view.php?OutstandingOnly=1', 'delivery_against_text'),
('646', '12', 'https://erp30.com/purchasing/po_entry_items.php?NewInvoice=Yes', 'direct_supplier_invoice_text'),
('647', '12', 'https://erp30.com/sales/inquiry/sales_orders_view.php?OutstandingOnly=1', 'delivery_against_text'),
('648', '12', 'https://erp30.com/sales/inquiry/sales_deliveries_view.php?OutstandingOnly=1', 'invoice_against_text'),
('649', '17', 'https://erp30.com/manufacturing/work_order_entry_cart_req.php?NewWorkOrder=1', ''),
('650', '12', 'https://erp30.com/sales/sales_order_entry.php?NewOrder=Yes', 'sale_order_entry_text'),
('651', '12', 'https://erp30.com/sales/inquiry/sales_orders_view.php?OutstandingOnly=1', 'delivery_against_text'),
('652', '12', 'https://erp30.com/sales/inquiry/sales_deliveries_view.php?OutstandingOnly=1', 'invoice_against_text'),
('653', '12', 'https://erp30.com/sales/credit_note_entry.php?NewCredit=Yes', 'customer_credit_note_text'),
('654', '12', 'https://erp30.com/sales/credit_note_entry.php?NewCredit=Yes', 'customer_credit_note_text'),
('655', '12', 'https://erp30.com/sales/allocations/customer_allocation_main.php?', 'allocate_text'),
('656', '12', 'https://erp30.com/sales/sales_order_entry.php?NewOrder=Yes', 'sale_order_entry_text'),
('657', '17', 'https://erp30.com/dimensions/inquiry/search_dimensions.php?outstanding_only=1', 'outstanding_dimension_text'),
('658', '12', 'https://erp30.com/sales/inquiry/sales_orders_view.php?OutstandingOnly=1', 'delivery_against_text'),
('659', '12', 'https://erp30.com/sales/inquiry/sales_deliveries_view.php?OutstandingOnly=1', 'invoice_against_text'),
('660', '12', 'https://erp30.com/sales/credit_note_entry.php?NewCredit=Yes', 'customer_credit_note_text'),
('661', '12', 'https://erp30.com/sales/allocations/customer_allocation_main.php?', 'allocate_text'),
('662', '12', 'https://erp30.com/inventory/manage/items_inquiry.php?', 'add_and_manage_text'),
('663', '12', 'https://erp30.com//sales/sales_order_entry.php?NewOrder=Yes', 'sale_order_entry_text'),
('664', '12', 'https://erp30.com/sales/inquiry/sales_orders_view.php?OutstandingOnly=1', 'delivery_against_text'),
('665', '12', 'https://erp30.com/sales/inquiry/sales_deliveries_view.php?OutstandingOnly=1', 'invoice_against_text'),
('666', '17', 'https://erp30.com/gl/manage/bank_accounts.php?', 'bank_account_text'),
('667', '17', 'https://erp30.com/gl/bank_account_reconcile.php?', 'reconcile_account_text'),
('668', '12', 'https://erp30.com/sales/credit_note_entry.php?NewCredit=Yes', 'customer_credit_note_text'),
('669', '12', 'https://erp30.com/reporting/reports_main.php?Class=1', 'supplier_reports_text'),
('670', '12', 'https://erp30.com/sales/allocations/customer_allocation_main.php?', 'allocate_text'),
('671', '12', 'https://erp30.com/sales/allocations/customer_allocation_main.php?', 'allocate_text'),
('672', '12', 'https://erp30.com/sales/sales_order_entry.php?NewOrder=Yes', 'sale_order_entry_text'),
('673', '12', 'https://erp30.com/sales/customer_payments.php?', 'customer_payment_text'),
('674', '12', 'https://erp30.com/sales/customer_payments.php?', 'customer_payment_text'),
('675', '12', 'https://erp30.com/sales/manage/sales_types.php?', 'sales_type_text'),
('676', '17', 'https://erp30.com/gl/manage/bank_accounts.php?', 'bank_account_text'),
('677', '12', 'https://erp30.com/sales/sales_order_entry.php?NewInvoice=0', 'direct_invoice_text'),
('678', '12', 'https://erp30.com/admin/gl_setup.php?', 'system_gl_text'),
('679', '12', 'https://erp30.com/admin/company_preferences.php?', 'company_setup_text'),
('680', '17', 'https://erp30.com/gl/bank_transfer.php?', 'bank_account_transfer_text'),
('681', '17', 'https://erp30.com/gl/inquiry/gl_account_types.php?', 'gl_account_text'),
('682', '17', 'https://erp30.com/reporting/reports_main.php?Class=0', 'sale_report_text'),
('683', '17', 'https://erp30.com/inventory/manage/items_inquiry.php?', 'add_and_manage_text'),
('684', '17', 'https://erp30.com/reporting/reports_main.php?Class=6', 'general_ledger_text'),
('685', '17', 'https://erp30.com/gl/gl_journal.php?NewJournal=Yes', 'journal_entry_text'),
('686', '17', 'https://erp30.com/gl/gl_budget.php?', 'budget_entry_text'),
('687', '17', 'https://erp30.com/gl/manage/gl_account_classes.php?', 'gl_account_classes_text'),
('688', '17', 'https://erp30.com/gl/manage/gl_account_types.php?', 'gl_account_group_text'),
('689', '17', 'https://erp30.com/gl/inquiry/gl_account_types.php?', 'gl_account_text'),
('690', '17', 'https://erp30.com/gl/manage/bank_accounts.php?', 'bank_account_text'),
('691', '17', 'https://erp30.com/reporting/reports_main.php?Class=6', 'general_ledger_text'),
('692', '17', 'https://erp30.com/gl/inquiry/journal_inquiry.php?', 'journal_inquiry_text'),
('693', '17', 'https://erp30.com/sales/manage/sms_template.php?', 'sms_template_text'),
('694', '17', 'https://erp30.com/inventory/manage/item_categories.php?', 'item_categories_text'),
('695', '17', 'https://erp30.com/reporting/reports_main.php?Class=7', 'assets_reports_text'),
('696', '17', 'https://erp30.com/reporting/reports_main.php?Class=5', 'banking_reports_text'),
('697', '17', 'https://erp30.com/sales/pos_order_entry.php?NewInvoice=0', 'pos_text'),
('698', '17', 'https://erp30.com/sales/sales_order_entry.php?NewInvoice=0', 'direct_invoice_text'),
('699', '17', 'https://erp30.com/purchasing/inquiry/grn_search_completed.php?', 'import_purchase_text'),
('700', '17', 'https://erp30.com/reporting/reports_main.php?Class=0', 'sale_report_text'),
('701', '17', 'https://erp30.com/manufacturing/manage/bom_edit.php?', 'bill_of_material_text'),
('702', '17', 'https://erp30.com/project/task.php?type=task', 'add_task_text'),
('703', '17', 'https://erp30.com/sales/customer_payments.php?', 'customer_payment_text'),
('704', '17', 'https://erp30.com/project/task.php?type=event', 'add_event_text'),
('705', '17', 'https://erp30.com/project/inquiry/task_inquiry.php?status=112', 'task_inquiry_text'),
('706', '17', 'https://erp30.com/admin/payment_terms.php?', 'payment_terms_text'),
('707', '12', 'https://erp30.com/admin/backups.php?', 'backup_text'),
('708', '12', 'https://erp30.com/purchasing/inquiry/supplier_inquiry.php?', 'supplier_transaction_inquiry_t'),
('709', '17', 'https://erp30.com/purchasing/manage/supplier_category.php?', 'supplier_category_text'),
('710', '17', 'https://erp30.com/purchasing/manage/suppliers_inquiry.php?', 'manage_supplier_text'),
('711', '17', 'https://erp30.com/purchasing/inquiry/grn_search_completed.php?', 'import_purchase_text'),
('712', '12', 'https://erp30.com/admin/payment_terms.php?', 'payment_terms_text'),
('713', '12', 'https://erp30.com/admin/forms_setup.php?', 'transaction_ref_text'),
('714', '12', 'https://erp30.com/admin/forms_setup.php?', 'transaction_ref_text'),
('715', '12', 'https://erp30.com/reporting/reports_main.php?Class=0', 'sales_reports_text'),
('716', '0', 'https://erp30.com/gl/gl_bank.php?NewPayment=Yes', 'bank_payments_voucher_text'),
('717', '17', 'https://erp30.com/gl/gl_bank.php?NewPayment=Yes', 'bank_payments_voucher_text'),
('718', '17', 'https://erp30.com/gl/gl_bankCV.php?NewPayment=Yes', 'cash_payments_voucher_text'),
('719', '17', 'https://erp30.com/sales/inquiry/sales_orders_view.php?OutstandingOnly=1', 'delivery_against_text'),
('720', '17', 'https://erp30.com/sales/inquiry/sales_orders_view.php?OutstandingOnly=1', 'delivery_against_text'),
('721', '17', 'https://erp30.com/sales/inquiry/sales_deliveries_view.php?OutstandingOnly=1', 'invoice_against_text'),
('722', '17', 'https://erp30.com/purchasing/po_entry_items.php?NewInvoice=Yes', 'wht_types'),
('723', '17', 'https://erp30.com/sales/sales_order_entry.php?NewQuotation=Yes', 'sales_quotation_text'),
('724', '17', 'https://erp30.com/sales/sales_order_entry.php?NewOrder=Yes', 'sale_order_entry_text'),
('725', '17', 'https://erp30.com/sales/inquiry/sales_orders_view.php?OutstandingOnly=1', 'delivery_against_text'),
('726', '17', 'https://erp30.com/sales/sales_order_entry.php?NewOrder=Yes', 'sale_order_entry_text'),
('727', '17', 'https://erp30.com/sales/inquiry/sales_orders_view.php?type=30', 'sale_order_inquiry_text'),
('728', '17', 'https://erp30.com/project/inquiry/call_log.php?', 'call_log_text'),
('729', '17', 'https://erp30.com/sales/manage/customers.php?', 'add_customer_text'),
('730', '17', 'https://erp30.com/purchasing/inquiry/po_search.php?', 'opom_text'),
('731', '17', 'https://erp30.com/purchasing/po_entry_items.php?NewGRN=Yes', 'direct_grn_text'),
('732', '17', 'https://erp30.com/purchasing/supplier_invoice.php?New=1', 'supplier_invoice_text'),
('733', '17', 'https://erp30.com/purchasing/supplier_payment.php?', 'payments_suppliers_text'),
('734', '17', 'https://erp30.com/reporting/reports_main.php?Class=0', 'sales_reports_text'),
('735', '17', 'https://erp30.com/sales/sales_order_entry.php?NewInvoice=0', 'direct_invoice_text'),
('736', '17', 'https://erp30.com/gl/gl_bankCV.php?NewDeposit=Yes', 'cash_receipt_voucher_text'),
('737', '12', 'https://erp30.com/sales/manage/reports_preference.php?', ''),
('738', '12', 'https://erp30.com/sales/manage/reports_preference.php?', ''),
('739', '12', 'https://erp30.com/reporting/reports_main.php?Class=0', 'sale_report_text'),
('740', '12', 'https://erp30.com/sales/manage/reports_preference.php?', ''),
('741', '12', 'https://erp30.com/reporting/reports_main.php?Class=0', 'sales_reports_text'),
('742', '12', 'https://erp30.com/sales/manage/customers_inquiry.php?', 'manage_customer_text'),
('743', '12', 'https://erp30.com/sales/manage/customer_branches.php?', 'customer_branches_text'),
('744', '12', 'https://erp30.com/sales/manage/customer_branches.php?', 'customer_branches_text'),
('745', '12', 'https://erp30.com/sales/sales_order_entry.php?NewInvoice=0', 'direct_invoice_text'),
('746', '12', 'https://erp30.com/sales/customer_payments.php?', 'customer_payment_text'),
('747', '12', 'https://erp30.com/reporting/reports_main.php?Class=0', 'sale_report_text'),
('748', '17', 'https://erp30.com/purchasing/po_entry_items.php?NewInvoice=Yes', 'wht_types'),
('749', '17', 'https://erp30.com/purchasing/inquiry/po_search.php?', 'opom_text'),
('750', '17', 'https://erp30.com/fixed_assets/inquiry/stock_inquiry.php?', 'asset_inquiry_text'),
('751', '12', 'https://erp30.com/purchasing/supplier_invoice.php?New=1', 'supplier_invoice_text'),
('752', '17', 'https://erp30.com/sales/pos_order_entry.php?NewInvoice=0', 'pos_text'),
('753', '17', 'https://erp30.com/purchasing/po_entry_items.php?NewGRN=Yes', 'direct_grn_text'),
('754', '12', 'https://erp30.com/gl/inquiry/gl_account_inquiry.php?', 'gl_text'),
('755', '12', 'https://erp30.com/gl/inquiry/gl_account_types.php?', 'gl_account_text'),
('756', '12', 'https://erp30.com/inventory/manage/items.php?FixedAsset=1', 'fixed_assets_text'),
('757', '17', 'https://erp30.com/manufacturing/work_order_entry_cart_req.php?NewWorkOrder=1', ''),
('758', '17', 'https://erp30.com/reporting/reports_main.php?Class=3', 'manufacturing_reports_text'),
('759', '17', 'https://erp30.com/reporting/reports_main.php?Class=2', 'inventory_reports_text'),
('760', '17', 'https://erp30.com/sales/sales_order_entry.php?NewOrder=Yes', 'sale_order_entry_text'),
('761', '17', 'https://erp30.com/inventory/manage/items_inquiry.php?', 'add_and_manage_text'),
('762', '17', 'https://erp30.com/gl/inquiry/gl_account_types.php?', 'gl_account_text'),
('763', '17', 'https://erp30.com/inventory/prices.php?', 'sales_pricing_text'),
('764', '17', 'https://erp30.com/dimensions/dimension_entry.php?', 'dimension_entry_text'),
('765', '17', 'https://erp30.com/reporting/reports_main.php?Class=3', 'manufacturing_reports_text'),
('766', '17', 'https://erp30.com/manufacturing/manage/bom_edit.php?', 'bill_of_material_text'),
('767', '17', 'https://erp30.com/gl/bank_account_reconcile.php?', 'reconcile_account_text'),
('768', '17', 'https://erp30.com/manufacturing/work_order_entry_cart_req.php?NewWorkOrder=1', ''),
('769', '17', 'https://erp30.com/gl/gl_bank.php?NewPayment=Yes', 'bank_payments_voucher_text'),
('770', '17', 'https://erp30.com/inventory/manage/sales_kits.php?', 'sales_kits_text'),
('771', '17', 'https://erp30.com/gl/gl_bank.php?NewPayment=Yes', 'bank_payments_voucher_text'),
('772', '17', 'https://erp30.com/purchasing/po_entry_items.php?NewInvoice=Yes', 'wht_types'),
('773', '17', 'https://erp30.com/sales/sales_order_entry.php?NewOrder=Yes', 'sale_order_entry_text'),
('774', '17', 'https://erp30.com/gl/bank_account_reconcile.php?', 'reconcile_account_text'),
('775', '17', 'https://erp30.com/inventory/manage/items_inquiry.php?', 'add_and_manage_text'),
('776', '17', 'https://erp30.com//sales/sales_order_entry.php?NewOrder=Yes', 'sale_order_entry_text'),
('777', '12', 'https://erp30.com/purchasing/supplier_invoice.php?New=1', 'supplier_invoice_text'),
('778', '12', 'https://erp30.com/purchasing/po_entry_items.php?NewInvoice=Yes', 'direct_supplier_invoice_text'),
('779', '17', 'https://erp30.com/sales/manage/sales_areas.php?', 'sales_areas_text'),
('780', '17', 'https://erp30.com/sales/manage/sales_areas.php?', 'sales_areas_text'),
('781', '17', 'https://erp30.com/sales/manage/sms_template.php?', 'sms_template_text'),
('782', '17', 'https://erp30.com/sales/manage/sms_template.php?', 'sms_template_text'),
('783', '12', 'https://erp30.com/purchasing/supplier_invoice.php?New=1', 'supplier_invoice_text'),
('784', '17', 'https://erp30.com/purchasing/inquiry/po_search.php?', 'opom_text'),
('785', '17', 'https://erp30.com/purchasing/po_entry_items.php?NewInvoice=Yes', 'direct_supplier_invoice_text'),
('786', '12', 'https://erp30.com/purchasing/inquiry/grn_search_completed.php?', 'import_purchase_text'),
('787', '12', 'https://erp30.com/inventory/inquiry/stock_movements.php?', 'inventory_item_movemnets_text'),
('788', '12', 'https://erp30.com/purchasing/po_entry_items.php?NewInvoice=Yes', 'direct_supplier_invoice_text'),
('789', '12', 'https://erp30.com/purchasing/inquiry/grn_search_completed.php?', 'import_purchase_text'),
('790', '12', 'https://erp30.com/gl/manage/exchange_rates.php?', 'exchange_rates_text'),
('791', '12', 'https://erp30.com/purchasing/po_entry_items.php?NewOrder=Yes', 'purchase_order_text'),
('792', '12', 'https://erp30.com/purchasing/supplier_invoice.php?New=1', 'supplier_invoice_text'),
('793', '12', 'https://erp30.com/purchasing/supplier_payment.php?', 'payments_suppliers_text'),
('794', '12', 'https://erp30.com/gl/gl_bank.php?NewPayment=Yes', 'bank_payments_voucher_text'),
('795', '12', 'https://erp30.com/admin/gl_setup.php?', 'system_gl_text'),
('796', '12', 'https://erp30.com/reporting/reports_main.php?Class=1', 'supplier_reports_text'),
('797', '12', 'https://erp30.com/gl/inquiry/gl_trial_balance.php?', 'trial_balance_text'),
('798', '12', 'https://erp30.com/reporting/reports_main.php?Class=1', 'supplier_reports_text'),
('799', '12', 'https://erp30.com/purchasing/supplier_invoice.php?New=1', 'supplier_invoice_text'),
('800', '12', 'https://erp30.com/purchasing/supplier_payment.php?', 'payments_suppliers_text'),
('801', '17', 'https://erp30.com/reporting/reports_main.php?Class=5', 'banking_reports_text'),
('802', '17', 'https://erp30.com/reporting/reports_main.php?Class=6', 'general_ledger_text'),
('803', '17', 'https://erp30.com/gl/bank_account_reconcile.php?', 'reconcile_account_text'),
('804', '17', 'https://erp30.com/reporting/reports_main.php?Class=5', 'banking_reports_text'),
('805', '17', 'https://erp30.com/sales/customer_payments.php?', 'customer_payment_text'),
('806', '17', 'https://erp30.com/sales/pos_order_entry.php?NewInvoice=0', 'pos_text'),
('807', '17', 'https://erp30.com/gl/bank_account_reconcile.php?', 'reconcile_account_text'),
('808', '17', 'https://erp30.com/gl/inquiry/gl_account_inquiry.php?', 'gl_text'),
('809', '17', 'https://erp30.com/gl/bank_account_reconcile.php?', 'reconcile_account_text'),
('810', '17', 'https://erp30.com/gl/inquiry/gl_account_inquiry.php?', 'gl_text'),
('811', '17', 'https://erp30.com/gl/bank_account_reconcile.php?', 'reconcile_account_text'),
('812', '17', 'https://erp30.com/gl/inquiry/gl_account_inquiry.php?', 'gl_text'),
('813', '12', 'https://erp30.com/purchasing/po_entry_items.php?NewInvoice=Yes', 'direct_supplier_invoice_text'),
('814', '17', 'https://erp30.com/gl/bank_account_reconcile.php?', 'reconcile_account_text'),
('815', '17', 'https://erp30.com/gl/inquiry/gl_account_inquiry.php?', 'gl_text'),
('816', '17', 'https://erp30.com/purchasing/supplier_payment.php?', 'payments_suppliers_text'),
('817', '17', 'https://erp30.com/gl/inquiry/gl_account_inquiry.php?', 'gl_text'),
('818', '12', 'https://erp30.com/purchasing/supplier_invoice.php?New=1', 'supplier_invoice_text'),
('819', '12', 'https://erp30.com/purchasing/supplier_invoice.php?New=1', 'supplier_invoice_text'),
('820', '12', 'https://erp30.com/reporting/reports_main.php?Class=0', 'sales_reports_text'),
('821', '17', 'https://erp30.com/manufacturing/work_order_entry_cart_req.php?NewWorkOrder=1', ''),
('822', '17', 'https://erp30.com/manufacturing/manage/bom_edit.php?', 'bill_of_material_text'),
('823', '17', 'https://erp30.com/manufacturing/manage/bom_edit.php?', 'bill_of_material_text'),
('824', '17', 'https://erp30.com/inventory/manage/item_categories.php?', 'item_categories_text'),
('825', '17', 'https://erp30.com/inventory/manage/items_inquiry.php?', 'add_and_manage_text'),
('826', '17', 'https://erp30.com/manufacturing/work_order_entry_cart_req.php?NewWorkOrder=1', ''),
('827', '17', 'https://erp30.com/manufacturing/work_order_entry_cart_req.php?NewWorkOrder=1', ''),
('828', '17', 'https://erp30.com/inventory/manage/items_inquiry.php?', 'add_and_manage_text'),
('829', '17', 'https://erp30.com//manufacturing/work_order_entry_cart_req.php?NewWorkOrder=1', ''),
('830', '12', 'https://erp30.com/purchasing/supplier_invoice.php?New=1', 'supplier_invoice_text'),
('831', '12', 'https://erp30.com/purchasing/po_entry_items.php?NewInvoice=Yes', 'direct_supplier_invoice_text'),
('832', '0', 'https://erp30.com/purchasing/manage/supplier_category.php?', 'supplier_category_text'),
('833', '0', 'https://erp30.com/purchasing/manage/supplier_category.php?', 'supplier_category_text'),
('834', '12', 'https://erp30.com/purchasing/supplier_invoice.php?New=1', 'supplier_invoice_text'),
('835', '12', 'https://erp30.com/purchasing/po_entry_items.php?NewInvoice=Yes', 'direct_supplier_invoice_text'),
('836', '17', 'https://erp30.com/purchasing/manage/supplier_category.php?', 'supplier_category_text'),
('837', '17', 'https://erp30.com/purchasing/manage/supplier_category.php?', 'supplier_category_text'),
('838', '17', 'https://erp30.com/purchasing/manage/suppliers_inquiry.php?', 'manage_supplier_text'),
('839', '17', 'https://erp30.com/gl/inquiry/gl_account_types.php?', 'gl_account_text'),
('840', '17', 'https://erp30.com/gl/inquiry/gl_account_inquiry.php?', 'gl_text'),
('841', '12', 'https://erp30.com/sales/manage/reports_preference.php?', ''),
('842', '12', 'https://erp30.com/reporting/reports_main.php?Class=0', 'sales_reports_text'),
('843', '17', 'https://erp30.com/reporting/reports_main.php?Class=6', 'general_ledger_text'),
('844', '17', 'https://erp30.com/reporting/reports_main.php?Class=6', 'general_ledger_text'),
('845', '17', 'https://erp30.com/manufacturing/inquiry/bom_cost_inquiry.php?', 'costed_bill_material_text'),
('846', '17', 'https://erp30.com/manufacturing/manage/bom_edit.php?', 'bill_of_material_text'),
('847', '17', 'https://erp30.com/manufacturing/manage/work_centres.php?', 'work_center_text'),
('848', '17', 'https://erp30.com/reporting/reports_main.php?Class=6', 'general_ledger_text'),
('849', '17', 'https://erp30.com/inventory/inquiry/stock_status_customize.php?', 'inventory_item_status_text'),
('850', '17', 'https://erp30.com/manufacturing/work_order_entry_cart_req.php?NewWorkOrder=1', ''),
('851', '17', 'https://erp30.com/manufacturing/work_order_entry.php?WOType=0', 'work_order_entry_text'),
('852', '17', 'https://erp30.com/manufacturing/work_order_entry.php?WOType=0', 'work_order_entry_text'),
('853', '17', 'https://erp30.com/manufacturing/manage/bom_edit.php?', 'bill_of_material_text'),
('854', '17', 'https://erp30.com/manufacturing/work_order_entry.php?WOType=0', 'work_order_entry_text'),
('855', '17', 'https://erp30.com/manufacturing/manage/bom_edit.php?', 'bill_of_material_text'),
('856', '12', 'https://erp30.com/purchasing/po_entry_items.php?NewInvoice=Yes', 'direct_supplier_invoice_text'),
('857', '17', 'https://erp30.com/manufacturing/work_order_entry.php?WOType=0', 'work_order_entry_text'),
('858', '17', 'https://erp30.com/reporting/reports_main.php?Class=0', 'sales_reports_text'),
('859', '17', 'https://erp30.com/inventory/manage/items_inquiry.php?', 'add_and_manage_text'),
('860', '17', 'https://erp30.com/reporting/reports_main.php?Class=0', 'sales_reports_text'),
('861', '17', 'https://erp30.com/sales/manage/sales_people.php?', 'sales_persons_text'),
('862', '17', 'https://erp30.com/reporting/reports_main.php?Class=0', 'sales_reports_text'),
('863', '17', 'https://erp30.com/reporting/reports_main.php?Class=0', 'sales_reports_text'),
('864', '17', 'https://erp30.com/reporting/reports_main.php?Class=6', 'general_ledger_text'),
('865', '17', 'https://erp30.com/inventory/transfers.php?NewTransfer=1', 'inventry_location_text'),
('866', '17', 'https://erp30.com/inventory/adjustments.php?NewAdjustment=1', 'inventory_adjustments_text'),
('867', '17', 'https://erp30.com/inventory/inquiry/stock_movements.php?', 'inventory_item_movemnets_text'),
('868', '17', 'https://erp30.com/gl/inquiry/gl_account_inquiry.php?', 'gl_text'),
('869', '17', 'https://erp30.com/gl/gl_bank.php?NewPayment=Yes', 'bank_payments_voucher_text'),
('870', '17', 'https://erp30.com/gl/gl_bankCV.php?NewPayment=Yes', 'cash_payments_voucher_text'),
('871', '17', 'https://erp30.com/gl/inquiry/profit_loss.php?', 'pf_drill_text'),
('872', '17', 'https://erp30.com/purchasing/po_entry_items.php?NewOrder=Yes', 'purchase_order_text'),
('873', '17', 'https://erp30.com/purchasing/po_entry_items.php?NewGRN=Yes', 'direct_grn_text'),
('874', '17', 'https://erp30.com/sales/sales_order_entry.php?NewOrder=Yes', 'sale_order_entry_text'),
('875', '17', 'https://erp30.com/modules/requisitions/requisitions.php', 'requisition_entries_text'),
('876', '17', 'https://erp30.com/purchasing/inquiry/grn_search_completed.php?', 'import_purchase_text'),
('877', '17', 'https://erp30.com/sales/pos_order_entry.php?NewInvoice=0', 'pos_text'),
('878', '17', 'https://erp30.com/sales/sales_order_entry.php?NewInvoice=0', 'direct_invoice_text'),
('879', '17', 'https://erp30.com/dimensions/dimension_entry.php?', 'dimension_entry_text'),
('880', '17', 'https://erp30.com/dimensions/inquiry/search_dimensions.php?outstanding_only=1', 'outstanding_dimension_text'),
('881', '17', 'https://erp30.com/inventory/manage/item_categories.php?FixedAsset=1', 'fixed_assets_categories_text'),
('882', '17', 'https://erp30.com/project/task.php?type=task', 'add_task_text'),
('883', '17', 'https://erp30.com/admin/view_print_transaction.php?', 'print_transaction_text'),
('884', '17', 'https://erp30.com/sales/inquiry/sales_orders_view.php?type=30', 'sale_order_inquiry_text'),
('885', '17', 'https://erp30.com/sales/sales_order_entry.php?NewInvoice=0', 'direct_invoice_text'),
('886', '17', 'https://erp30.com/sales/manage/sales_points.php?', 'point_sale_text'),
('887', '17', 'https://erp30.com/modules/requisitions/requisitions.php', 'requisition_entries_text'),
('888', '17', 'https://erp30.com/purchasing/po_entry_items.php?NewInvoice=Yes', 'wht_types'),
('889', '17', 'https://erp30.com/gl/gl_bank.php?NewPayment=Yes', 'bank_payments_voucher_text'),
('890', '17', 'https://erp30.com/reporting/reports_main.php?Class=0', 'sales_reports_text'),
('891', '17', 'https://erp30.com/sales/sales_order_entry.php?NewOrder=Yes', 'sale_order_entry_text'),
('892', '17', 'https://erp30.com/reporting/reports_main.php?Class=0', 'sales_reports_text'),
('893', '17', 'https://erp30.com/sales/sales_order_entry.php?NewOrder=Yes', 'sale_order_entry_text'),
('894', '17', 'https://erp30.com/sales/sales_order_entry.php?NewInvoice=0', 'direct_invoice_text'),
('895', '17', 'https://erp30.com/sales/customer_payments.php?', 'customer_payment_text'),
('896', '17', 'https://erp30.com/sales/customer_payments.php?', 'customer_payment_text'),
('897', '17', 'https://erp30.com/sales/customer_payments.php?', 'customer_payment_text'),
('898', '12', 'https://erp30.com/sales/manage/sales_sms.php?', 'sales_sms_text'),
('899', '12', 'https://erp30.com/sales/sales_order_entry.php?NewInvoice=0', 'direct_invoice_text'),
('900', '12', 'https://erp30.com/sales/sales_order_entry.php?NewInvoice=0', 'direct_invoice_text'),
('901', '12', 'https://erp30.com/sales/customer_payments.php?', 'customer_payment_text'),
('902', '12', 'https://erp30.com/admin/gl_setup.php?', 'system_gl_text'),
('903', '12', 'https://erp30.com/sales/credit_note_entry.php?NewCredit=Yes', 'customer_credit_note_text'),
('904', '12', 'https://erp30.com/sales/manage/customers_inquiry.php?', 'manage_customer_text'),
('905', '12', 'https://erp30.com/reporting/reports_main.php?Class=0', 'sales_reports_text'),
('906', '12', 'https://erp30.com/admin/users.php?', 'user_account_setup_text'),
('907', '12', 'https://erp30.com/admin/security_roles.php?', 'access_setup_text'),
('908', '12', 'https://erp30.com/purchasing/po_entry_items.php?NewInvoice=Yes', 'direct_supplier_invoice_text'),
('909', '12', 'https://erp30.com/purchasing/po_entry_items.php?NewInvoice=Yes', 'direct_supplier_invoice_text'),
('910', '12', 'https://erp30.com/purchasing/supplier_payment.php?', 'payments_suppliers_text'),
('911', '17', 'https://erp30.com/inventory/inquiry/daily_stock_movements.php?', 'daily_movement_text'),
('912', '17', 'https://erp30.com/reporting/reports_main.php?Class=3', 'manufacturing_reports_text'),
('913', '12', 'https://erp30.com/reporting/reports_main.php?Class=1', 'supplier_reports_text'),
('914', '12', 'https://erp30.com/purchasing/manage/suppliers_inquiry.php?', 'manage_supplier_text'),
('915', '12', 'https://erp30.com/inventory/manage/items_inquiry.php?', 'add_and_manage_text'),
('916', '12', 'https://erp30.com/reporting/reports_main.php?Class=2', 'inventory_reports_text'),
('917', '12', 'https://erp30.com/gl/gl_bank.php?NewPayment=Yes', 'bank_payments_voucher_text'),
('918', '17', 'https://erp30.com/manufacturing/work_order_entry_cart_req.php?NewWorkOrder=1', ''),
('919', '17', 'https://erp30.com/purchasing/po_entry_items.php?NewInvoice=Yes', 'wht_types'),
('920', '12', 'https://erp30.com/gl/inquiry/journal_inquiry.php?', 'journal_inquiry_text'),
('921', '12', 'https://erp30.com/admin/gl_setup.php?', 'system_gl_text'),
('922', '12', 'https://erp30.com/gl/inquiry/journal_inquiry.php?', 'journal_inquiry_text'),
('923', '12', 'https://erp30.com/gl/gl_bank.php?NewPayment=Yes', 'bank_payments_voucher_text'),
('924', '12', 'https://erp30.com/gl/inquiry/journal_inquiry.php?', 'journal_inquiry_text'),
('925', '12', 'https://erp30.com/gl/inquiry/journal_inquiry.php?', 'journal_inquiry_text'),
('926', '12', 'https://erp30.com/gl/bank_account_reconcile.php?', 'reconcile_account_text'),
('927', '17', 'https://erp30.com/purchasing/po_entry_items.php?NewOrder=Yes', 'purchase_order_text'),
('928', '12', 'https://erp30.com/gl/gl_bank.php?NewPayment=Yes', 'bank_payments_voucher_text'),
('929', '17', 'https://erp30.com/purchasing/inquiry/po_search_completed.php?', 'purchase_order_inquiry_text'),
('930', '17', 'https://erp30.com/purchasing/po_entry_items.php?NewGRN=Yes', 'direct_grn_text'),
('931', '12', 'https://erp30.com/reporting/reports_main.php?Class=0', 'sales_reports_text'),
('932', '12', 'https://erp30.com/sales/customer_payments.php?', 'customer_payment_text'),
('933', '12', 'https://erp30.com/sales/inquiry/customer_inquiry.php?', 'customer_inquiry_text'),
('934', '12', 'https://erp30.com/reporting/reports_main.php?Class=0', 'sales_reports_text'),
('935', '17', 'https://erp30.com/purchasing/inquiry/po_search_completed.php?', 'purchase_order_inquiry_text'),
('936', '17', 'https://erp30.com/dimensions/dimension_entry.php?', 'dimension_entry_text'),
('937', '17', 'https://erp30.com/sales/pos_order_entry.php?NewInvoice=0', 'pos_text'),
('938', '17', 'https://erp30.com/sales/sales_order_entry.php?NewInvoice=0', 'direct_invoice_text'),
('939', '17', 'https://erp30.com/sales/inquiry/sales_deliveries_view.php?OutstandingOnly=1', 'invoice_against_text'),
('940', '17', 'https://erp30.com/inventory/transfers.php?NewTransfer=1', 'wht_types'),
('941', '12', 'http://beta.erp30.com/import/purchasing/inquiry/grn_search_completed.php?', 'import_purchase_text'),
('942', '12', 'http://beta.erp30.com/import/admin/gl_setup.php?', 'system_gl_text'),
('943', '12', 'http://beta.erp30.com/import/purchasing/po_entry_items.php?NewOrder=Yes', 'purchase_order_text'),
('944', '12', 'http://beta.erp30.com/import/purchasing/po_entry_items.php?NewOrder=Yes', 'purchase_order_text'),
('945', '12', 'http://beta.erp30.com/import/purchasing/inquiry/po_search_completed.php?', 'purchase_order_inquiry_text'),
('946', '12', 'http://beta.erp30.com/import/purchasing/inquiry/grn_search_completed.php?', 'import_purchase_text'),
('947', '12', 'https://erp30.com/purchasing/inquiry/grn_search_completed.php?', 'import_purchase_text'),
('948', '17', 'https://erp30.com/sales/sales_order_entry.php?NewOrder=Yes', 'sale_order_entry_text'),
('949', '17', 'https://erp30.com/reporting/reports_main.php?Class=0', 'sales_reports_text'),
('950', '17', 'https://erp30.com/inventory/transfers.php?NewTransfer=1', 'inventry_location_text'),
('951', '17', 'https://erp30.com/purchasing/po_entry_items.php?NewOrder=Yes', 'purchase_order_text'),
('952', '17', 'https://erp30.com/purchasing/po_entry_items.php?NewGRN=Yes', 'direct_grn_text'),
('953', '17', 'https://erp30.com/inventory/inquiry/stock_status_customize.php?', 'inventory_item_status_text'),
('954', '17', 'https://erp30.com/inventory/transfers.php?NewTransfer=1', 'inventry_location_text'),
('955', '17', 'https://erp30.com/inventory/inquiry/stock_movements.php?', 'inventory_item_movemnets_text'),
('956', '17', 'https://erp30.com/inventory/inquiry/daily_stock_movements.php?', 'daily_movement_text'),
('957', '17', 'https://erp30.com/reporting/reports_main.php?Class=2', 'inventory_reports_text'),
('958', '17', 'https://erp30.com/reporting/reports_main.php?Class=5', 'banking_reports_text'),
('959', '12', 'http://beta.erp30.com/import/purchasing/inquiry/grn_search_completed.php?', 'import_purchase_text'),
('960', '12', 'https://erp30.com/admin/gl_setup.php?', 'system_gl_text'),
('961', '17', 'https://erp30.com/gl/gl_bankCV.php?NewPayment=Yes', 'cash_payments_voucher_text'),
('962', '17', 'https://erp30.com/gl/inquiry/gl_account_inquiry.php?', 'gl_text'),
('963', '17', 'https://erp30.com/reporting/reports_main.php?Class=6', 'general_ledger_text'),
('964', '17', 'https://erp30.com/sales/sales_order_entry.php?NewOrder=Yes', 'sale_order_entry_text'),
('965', '17', 'https://erp30.com/sales/sales_order_entry.php?NewInvoice=0', 'direct_invoice_text'),
('966', '17', 'https://erp30.com/sales/inquiry/customer_allocation_inquiry.php?', 'customer_allocate_inquiry_text'),
('967', '17', 'https://erp30.com/reporting/reports_main.php?Class=1', 'supplier_reports_text'),
('968', '17', 'https://erp30.com/modules/requisitions/requisitions.php', 'requisition_entries_text'),
('969', '17', 'https://erp30.com/reporting/reports_main.php?Class=0', 'sale_report_text'),
('970', '17', 'https://erp30.com/dimensions/dimension_entry.php?', 'dimension_entry_text'),
('971', '17', 'https://erp30.com/gl/gl_bankCV.php?NewPayment=Yes', 'cash_payments_voucher_text'),
('972', '17', 'https://erp30.com/dimensions/inquiry/search_dimensions.php?outstanding_only=1', 'outstanding_dimension_text'),
('973', '17', 'https://erp30.com/reporting/reports_main.php?Class=4', 'dimension_reports_text'),
('974', '17', 'https://erp30.com/sales/sales_order_entry.php?NewInvoice=0', 'direct_invoice_text'),
('975', '17', 'https://erp30.com/purchasing/inquiry/supplier_inquiry.php?', 'supplier_transaction_inquiry_t'),
('976', '17', 'https://erp30.com/taxes/tax_types.php?', 'taxes_text'),
('977', '17', 'https://erp30.com/gl/inquiry/gl_account_types.php?', 'gl_account_text'),
('978', '17', 'https://erp30.com/gl/inquiry/gl_account_types.php?', 'gl_account_text'),
('979', '17', 'https://erp30.com/inventory/manage/items_inquiry.php?', 'add_and_manage_text'),
('980', '17', 'https://erp30.com/sales/sales_order_entry.php?NewOrder=Yes', 'sale_order_entry_text'),
('981', '17', 'https://erp30.com/inventory/manage/items_inquiry.php?', 'add_and_manage_text'),
('982', '17', 'https://erp30.com/purchasing/po_entry_items.php?NewOrder=Yes', 'purchase_order_text'),
('983', '17', 'https://erp30.com/gl/bank_account_reconcile.php?', 'reconcile_account_text'),
('984', '12', 'https://erp30.com/reporting/reports_main.php?Class=0', 'sales_reports_text'),
('985', '12', 'https://erp30.com/reporting/reports_main.php?Class=0', 'sale_report_text'),
('986', '12', 'https://erp30.com/reporting/reports_main.php?Class=0', 'sale_report_text'),
('987', '17', 'https://erp30.com/sales/manage/customers_inquiry.php?', 'manage_customer_text'),
('988', '17', 'https://erp30.com/sales/manage/customers_inquiry.php?', 'manage_customer_text'),
('989', '17', 'https://erp30.com/sales/manage/sales_people.php?', 'sales_persons_text'),
('990', '17', 'https://erp30.com/sales/manage/sales_people.php?', 'sales_persons_text'),
('991', '17', 'https://erp30.com/sales/manage/customers_inquiry.php?', 'manage_customer_text'),
('992', '17', 'https://erp30.com/reporting/reports_main.php?Class=0', 'sales_reports_text'),
('993', '17', 'https://erp30.com/inventory/manage/items_inquiry.php?', 'add_and_manage_text'),
('994', '17', 'https://erp30.com//gl/inquiry/gl_account_types.php?', 'gl_account_text'),
('995', '17', 'https://erp30.com//gl/gl_bank.php?NewPayment=Yes', 'bank_payments_voucher_text'),
('996', '17', 'https://erp30.com/manufacturing/manage/bom_edit.php?', 'bill_of_material_text'),
('997', '17', 'https://erp30.com/manufacturing/work_order_entry.php?WOType=2', 'work_order_entry_advance_manuf'),
('998', '17', 'https://erp30.com/manufacturing/search_work_orders.php?outstanding_only=1', 'outstanding_work_order_text'),
('999', '17', 'https://erp30.com/inventory/inquiry/stock_movements.php?', 'inventory_item_movemnets_text'),
('1000', '17', 'https://erp30.com/manufacturing/search_work_orders.php?outstanding_only=1', 'outstanding_work_order_text'),
('1001', '17', 'https://erp30.com/reporting/reports_main.php?Class=2', 'inventory_reports_text'),
('1002', '17', 'https://erp30.com/purchasing/po_entry_items.php?NewInvoice=Yes', 'direct_supplier_invoice_text'),
('1003', '17', 'https://erp30.com/taxes/tax_types.php?', 'taxes_text'),
('1004', '17', 'https://erp30.com/inventory/manage/item_categories.php?', 'item_categories_text'),
('1005', '17', 'https://erp30.com/purchasing/manage/suppliers_inquiry.php?', 'manage_supplier_text'),
('1006', '17', 'https://erp30.com/manufacturing/search_work_orders.php?', 'work_order_inquiry_text'),
('1007', '17', 'https://erp30.com/purchasing/inquiry/grn_search_completed.php?', 'import_purchase_text'),
('1008', '17', 'https://erp30.com/purchasing/po_entry_items.php?NewGRN=Yes', 'direct_grn_text'),
('1009', '12', 'https://erp30.com/admin/gl_setup.php?', 'system_gl_text'),
('1010', '17', 'https://erp30.com/modules/requisitions/requisitions.php', 'requisition_entries_text'),
('1011', '17', 'https://erp30.com/inventory/manage/item_categories.php?', 'item_categories_text'),
('1012', '17', 'https://erp30.com/inventory/manage/locations.php?', 'inventory_locations_text'),
('1013', '17', 'https://erp30.com/inventory/transfers.php?NewTransfer=1', 'inventry_location_text'),
('1014', '17', 'https://erp30.com/modules/requisitions/requisitions.php', 'requisition_entries_text'),
('1015', '17', 'https://erp30.com/purchasing/inquiry/grn_search_completed.php?', 'import_purchase_text'),
('1016', '12', 'https://erp30.com/sales/sales_order_entry.php?NewOrder=Yes', 'sale_order_entry_text'),
('1017', '17', 'https://erp30.com/reporting/reports_main.php?Class=3', 'manufacturing_reports_text'),
('1018', '12', 'https://erp30.com/inventory/adjustments.php?NewAdjustment=1', 'inventory_adjustments_text'),
('1019', '12', 'https://erp30.com/admin/gl_setup.php?', 'system_gl_text'),
('1020', '12', 'https://erp30.com/inventory/adjustments.php?NewAdjustment=1', 'inventory_adjustments_text'),
('1021', '12', 'https://erp30.com/reporting/reports_main.php?Class=2', 'inventory_reports_text'),
('1022', '17', 'https://erp30.com/purchasing/po_entry_items.php?NewOrder=Yes', 'purchase_order_text'),
('1023', '17', 'https://erp30.com/reporting/reports_main.php?Class=1', 'supplier_reports_text'),
('1024', '17', 'https://erp30.com/reporting/reports_main.php?Class=2', 'inventory_reports_text'),
('1025', '17', 'https://erp30.com/admin/payment_terms.php?', 'payment_terms_text'),
('1026', '17', 'https://erp30.com/modules/import_items_adjustment/import_items_adjustment.php?', 'import_opening_balance_text'),
('1027', '17', 'https://erp30.com/purchasing/manage/suppliers_inquiry.php?', 'manage_supplier_text'),
('1028', '12', 'https://erp30.com/purchasing/manage/suppliers_inquiry.php?', 'manage_supplier_text'),
('1029', '12', 'https://erp30.com/purchasing/manage/suppliers_inquiry.php?', 'manage_supplier_text'),
('1030', '17', 'https://erp30.com/purchasing/po_entry_items.php?NewGRN=Yes', 'direct_grn_text'),
('1031', '12', 'https://erp30.com/admin/payment_terms.php?', 'payment_terms_text'),
('1032', '17', 'https://erp30.com/purchasing/po_entry_items.php?NewGRN=Yes', 'direct_grn_text'),
('1033', '12', 'https://erp30.com/purchasing/po_entry_items.php?NewOrder=Yes', 'purchase_order_text'),
('1034', '12', 'https://erp30.com/purchasing/po_entry_items.php?NewOrder=Yes', 'purchase_order_text'),
('1035', '17', 'https://erp30.com/purchasing/po_entry_items.php?NewGRN=Yes', 'direct_grn_text'),
('1036', '17', 'https://erp30.com/reporting/reports_main.php?Class=1', 'supplier_reports_text'),
('1037', '12', 'https://erp30.com/admin/gl_setup.php?', 'system_gl_text'),
('1038', '12', 'https://erp30.com/inventory/manage/items_inquiry.php?', 'add_and_manage_text'),
('1039', '12', 'https://erp30.com/inventory/manage/item_categories.php?', 'item_categories_text'),
('1040', '12', 'https://erp30.com/sales/sales_order_entry.php?NewOrder=Yes', 'sale_order_entry_text'),
('1041', '12', 'https://erp30.com/inventory/manage/items_inquiry.php?', 'add_and_manage_text'),
('1042', '12', 'https://erp30.com/admin/gl_setup.php?', 'system_gl_text'),
('1043', '12', 'https://erp30.com/inventory/manage/items_inquiry.php?', 'add_and_manage_text'),
('1044', '12', 'https://erp30.com/inventory/manage/item_categories.php?', 'item_categories_text'),
('1045', '12', 'https://erp30.com/inventory/manage/item_categories.php?', 'item_categories_text'),
('1046', '12', 'https://erp30.com/purchasing/po_entry_items.php?NewOrder=Yes', 'purchase_order_text'),
('1047', '12', 'https://erp30.com/purchasing/manage/suppliers_inquiry.php?', 'manage_supplier_text'),
('1048', '12', 'https://erp30.com/purchasing/po_entry_items.php?NewGRN=Yes', 'direct_grn_text'),
('1049', '12', 'https://erp30.com/purchasing/po_entry_items.php?NewOrder=Yes', 'purchase_order_text'),
('1050', '12', 'https://erp30.com/admin/gl_setup.php?', 'system_gl_text'),
('1051', '12', 'https://erp30.com/inventory/cost_update.php?', 'standard_cost_text'),
('1052', '12', 'https://erp30.com/sales/manage/customers_inquiry.php?', 'manage_customer_text'),
('1053', '12', 'https://erp30.com/sales/manage/sales_types.php?', 'sales_type_text'),
('1054', '12', 'https://erp30.com/sales/sales_order_entry.php?NewOrder=Yes', 'sale_order_entry_text'),
('1055', '12', 'https://erp30.com/sales/manage/customers_inquiry.php?', 'manage_customer_text'),
('1056', '12', 'https://erp30.com/taxes/tax_types.php?', 'taxes_text'),
('1057', '12', 'https://erp30.com/taxes/tax_groups.php?', 'tax_group_text'),
('1058', '12', 'https://erp30.com/sales/sales_order_entry.php?NewOrder=Yes', 'sale_order_entry_text'),
('1059', '12', 'https://erp30.com/inventory/manage/items_inquiry.php?', 'add_and_manage_text'),
('1060', '12', 'https://erp30.com/taxes/tax_types.php?', 'taxes_text'),
('1061', '12', 'https://erp30.com/taxes/tax_groups.php?', 'tax_group_text'),
('1062', '12', 'https://erp30.com/sales/sales_order_entry.php?NewOrder=Yes', 'sale_order_entry_text'),
('1063', '12', 'https://erp30.com/admin/gl_setup.php?', 'system_gl_text'),
('1064', '12', 'https://erp30.com/taxes/tax_groups.php?', 'tax_group_text'),
('1065', '12', 'https://erp30.com/sales/inquiry/sales_orders_view.php?type=30', 'sale_order_inquiry_text');
INSERT INTO `0_history_tabs` VALUES
('1066', '12', 'https://erp30.com/sales/inquiry/sales_orders_view.php?type=30', 'sale_order_inquiry_text'),
('1067', '12', 'https://erp30.com/sales/inquiry/sales_orders_view.php?OutstandingOnly=1', 'delivery_against_text'),
('1068', '12', 'https://erp30.com/sales/sales_order_entry.php?NewInvoice=0', 'direct_invoice_text'),
('1069', '12', 'https://erp30.com/gl/gl_bank.php?NewPayment=Yes', 'bank_payments_voucher_text'),
('1070', '12', 'https://erp30.com/gl/gl_journal.php?NewJournal=Yes', 'journal_entry_text'),
('1071', '17', 'https://erp30.com/purchasing/po_entry_items.php?NewGRN=Yes', 'direct_grn_text'),
('1072', '17', 'https://erp30.com/manufacturing/work_order_entry_cart_req.php?NewWorkOrder=1', ''),
('1073', '17', 'https://erp30.com/purchasing/po_entry_items.php?NewGRN=Yes', 'direct_grn_text'),
('1074', '17', 'https://erp30.com/purchasing/po_entry_items.php?NewGRN=Yes', 'direct_grn_text'),
('1075', '17', 'https://erp30.com/purchasing/inquiry/po_search.php?', 'opom_text'),
('1076', '17', 'https://erp30.com/purchasing/po_entry_items.php?NewInvoice=Yes', 'direct_supplier_invoice_text'),
('1077', '17', 'https://erp30.com/purchasing/po_entry_items.php?NewGRN=Yes', 'direct_grn_text'),
('1078', '17', 'https://erp30.com/purchasing/po_entry_items.php?NewGRN=Yes', 'direct_grn_text'),
('1079', '17', 'https://erp30.com/purchasing/inquiry/grn_search_completed.php?', 'import_purchase_text'),
('1080', '17', 'https://erp30.com/purchasing/po_entry_items.php?NewGRN=Yes', 'direct_grn_text'),
('1081', '17', 'https://erp30.com/inventory/inquiry/daily_stock_movements.php?', 'daily_movement_text'),
('1082', '17', 'https://erp30.com/inventory/inquiry/stock_status_customize.php?', 'inventory_item_status_text'),
('1083', '17', 'https://erp30.com/purchasing/po_entry_items.php?NewGRN=Yes', 'direct_grn_text'),
('1084', '17', 'https://erp30.com/purchasing/po_entry_items.php?NewGRN=Yes', 'direct_grn_text'),
('1085', '17', 'https://erp30.com/inventory/inquiry/daily_stock_movements.php?', 'daily_movement_text'),
('1086', '17', 'https://erp30.com/inventory/inquiry/stock_status_customize.php?', 'inventory_item_status_text'),
('1087', '17', 'https://erp30.com/inventory/inquiry/stock_movements.php?', 'inventory_item_movemnets_text'),
('1088', '17', 'https://erp30.com/inventory/inquiry/stock_status_customize.php?', 'inventory_item_status_text'),
('1089', '17', 'https://erp30.com/inventory/inquiry/stock_movements.php?', 'inventory_item_movemnets_text'),
('1090', '17', 'https://erp30.com/inventory/inquiry/stock_movements.php?', 'inventory_item_movemnets_text'),
('1091', '17', 'https://erp30.com/inventory/inquiry/stock_movements.php?', 'inventory_item_movemnets_text'),
('1092', '17', 'https://erp30.com/inventory/inquiry/stock_movements.php?', 'inventory_item_movemnets_text'),
('1093', '17', 'https://erp30.com/reporting/reports_main.php?Class=6', 'general_ledger_text'),
('1094', '17', 'https://erp30.com/gl/inquiry/gl_account_inquiry.php?', 'gl_text'),
('1095', '17', 'https://erp30.com/reporting/reports_main.php?Class=6', 'general_ledger_text'),
('1096', '17', 'https://erp30.com/reporting/reports_main.php?Class=1', 'supplier_reports_text'),
('1097', '17', 'https://erp30.com/reporting/reports_main.php?Class=1', 'supplier_reports_text'),
('1098', '17', 'https://erp30.com/reporting/reports_main.php?Class=1', 'supplier_reports_text'),
('1099', '17', 'https://erp30.com/purchasing/po_entry_items.php?NewGRN=Yes', 'direct_grn_text'),
('1100', '17', 'https://erp30.com/purchasing/po_entry_items.php?NewGRN=Yes', 'direct_grn_text'),
('1101', '17', 'https://erp30.com/purchasing/po_entry_items.php?NewGRN=Yes', 'direct_grn_text'),
('1102', '17', 'https://erp30.com/manufacturing/work_order_entry_cart_req.php?NewWorkOrder=1', ''),
('1103', '17', 'https://erp30.com/manufacturing/manage/work_centres.php?', 'work_center_text'),
('1104', '17', 'https://erp30.com/manufacturing/manage/bom_edit.php?', 'bill_of_material_text'),
('1105', '17', 'https://erp30.com/manufacturing/manage/bom_edit.php?', 'bill_of_material_text'),
('1106', '17', 'https://erp30.com/manufacturing/manage/work_centres.php?', 'work_center_text'),
('1107', '17', 'https://erp30.com/manufacturing/manage/work_centres.php?', 'work_center_text'),
('1108', '17', 'https://erp30.com/manufacturing/manage/bom_edit.php?', 'bill_of_material_text'),
('1109', '17', 'https://erp30.com/manufacturing/manage/bom_edit.php?', 'bill_of_material_text'),
('1110', '17', 'https://erp30.com/manufacturing/work_order_entry_cart_req.php?NewWorkOrder=1', ''),
('1111', '17', 'https://erp30.com/manufacturing/work_order_entry_cart.php?NewWorkOrder=1', ''),
('1112', '17', 'https://erp30.com/manufacturing/work_order_entry_cart_req.php?NewWorkOrder=1', ''),
('1113', '17', 'https://erp30.com/manufacturing/work_order_entry_cart_req.php?NewWorkOrder=1', ''),
('1114', '17', 'https://erp30.com/manufacturing/work_order_entry_cart_req.php?NewWorkOrder=1', ''),
('1115', '17', 'https://erp30.com/manufacturing/work_order_entry_cart_req.php?NewWorkOrder=1', ''),
('1116', '17', 'https://erp30.com/purchasing/supplier_invoice.php?New=1', 'supplier_invoice_text'),
('1117', '17', 'https://erp30.com/purchasing/po_entry_items.php?NewInvoice=Yes', 'direct_supplier_invoice_text'),
('1118', '17', 'https://erp30.com/purchasing/po_entry_items.php?NewInvoice=Yes', 'direct_supplier_invoice_text'),
('1119', '12', 'https://erp30.com/admin/gl_setup.php?', 'system_gl_text'),
('1120', '12', 'https://erp30.com/purchasing/po_entry_items.php?NewOrder=Yes', 'purchase_order_text'),
('1121', '12', 'https://erp30.com/purchasing/inquiry/po_search.php?', 'opom_text'),
('1122', '12', 'https://erp30.com/purchasing/supplier_invoice.php?New=1', 'supplier_invoice_text'),
('1123', '12', 'https://erp30.com/purchasing/po_entry_items.php?NewGRN=Yes', 'direct_grn_text'),
('1124', '12', 'https://erp30.com/purchasing/supplier_invoice.php?New=1', 'supplier_invoice_text'),
('1125', '12', 'https://erp30.com/purchasing/po_entry_items.php?NewInvoice=Yes', 'direct_supplier_invoice_text'),
('1126', '12', 'https://erp30.com/purchasing/po_entry_items.php?NewOrder=Yes', 'purchase_order_text'),
('1127', '12', 'https://erp30.com/purchasing/inquiry/po_search.php?', 'opom_text'),
('1128', '12', 'https://erp30.com/purchasing/supplier_invoice.php?New=1', 'supplier_invoice_text'),
('1129', '12', 'https://erp30.com/purchasing/inquiry/grn_search_completed.php?', 'import_purchase_text'),
('1130', '12', 'https://erp30.com/purchasing/po_entry_items.php?NewOrder=Yes', 'purchase_order_text'),
('1131', '12', 'https://erp30.com/purchasing/inquiry/po_search.php?', 'opom_text'),
('1132', '12', 'https://erp30.com/purchasing/inquiry/po_search.php?', 'opom_text'),
('1133', '12', 'https://erp30.com/purchasing/inquiry/grn_search_completed.php?', 'import_purchase_text'),
('1134', '12', 'https://erp30.com/purchasing/po_entry_items.php?NewOrder=Yes', 'purchase_order_text'),
('1135', '12', 'https://erp30.com/purchasing/po_entry_items.php?NewGRN=Yes', 'direct_grn_text'),
('1136', '12', 'https://erp30.com/purchasing/po_entry_items.php?NewGRN=Yes', 'direct_grn_text'),
('1137', '12', 'https://erp30.com/purchasing/po_entry_items.php?NewInvoice=Yes', 'direct_supplier_invoice_text'),
('1138', '12', 'https://erp30.com/purchasing/supplier_invoice.php?New=1', 'supplier_invoice_text'),
('1139', '12', 'https://erp30.com/admin/gl_setup.php?', 'system_gl_text'),
('1140', '12', 'https://erp30.com/purchasing/supplier_invoice.php?New=1', 'supplier_invoice_text'),
('1141', '12', 'https://erp30.com/purchasing/supplier_invoice.php?New=1', 'supplier_invoice_text'),
('1142', '12', 'https://erp30.com/purchasing/supplier_invoice.php?New=1', 'supplier_invoice_text'),
('1143', '12', 'https://erp30.com/purchasing/supplier_invoice.php?New=1', 'supplier_invoice_text'),
('1144', '12', 'https://erp30.com/purchasing/po_entry_items.php?NewInvoice=Yes', 'direct_supplier_invoice_text'),
('1145', '12', 'https://erp30.com/purchasing/inquiry/supplier_inquiry.php?', 'supplier_transaction_inquiry_t'),
('1146', '12', 'https://erp30.com/purchasing/inquiry/supplier_inquiry.php?', 'supplier_transaction_inquiry_t'),
('1147', '12', 'https://erp30.com/purchasing/inquiry/supplier_inquiry.php?', 'supplier_transaction_inquiry_t'),
('1148', '12', 'https://erp30.com/purchasing/supplier_invoice.php?New=1', 'supplier_invoice_text'),
('1149', '12', 'https://erp30.com/purchasing/inquiry/supplier_inquiry.php?', 'supplier_transaction_inquiry_t'),
('1150', '12', 'https://erp30.com/gl/inquiry/journal_inquiry.php?', 'journal_inquiry_text'),
('1151', '12', 'https://erp30.com/reporting/reports_main.php?Class=1', 'supplier_reports_text'),
('1152', '12', 'https://erp30.com/reporting/reports_main.php?Class=1', 'supplier_reports_text'),
('1153', '12', 'https://erp30.com/purchasing/supplier_payment.php?', 'payments_suppliers_text'),
('1154', '12', 'https://erp30.com/gl/gl_bankCV.php?NewDeposit=Yes', 'cash_receipt_voucher_text'),
('1155', '12', 'https://erp30.com/admin/gl_setup.php?', 'system_gl_text'),
('1156', '12', 'https://erp30.com/gl/inquiry/gl_account_types.php?', 'gl_account_text'),
('1157', '12', 'https://erp30.com/gl/gl_bankCV.php?NewPayment=Yes', 'cash_payments_voucher_text'),
('1158', '12', 'https://erp30.com/gl/gl_bank.php?NewPayment=Yes', 'bank_payments_voucher_text'),
('1159', '12', 'https://erp30.com/gl/gl_bankCV.php?NewPayment=Yes', 'cash_payments_voucher_text'),
('1160', '12', 'https://erp30.com/gl/gl_bank.php?NewPayment=Yes', 'bank_payments_voucher_text'),
('1161', '12', 'https://erp30.com/gl/gl_bank.php?NewDeposit=Yes', 'bank_deposit_voucher_text'),
('1162', '12', 'https://erp30.com/gl/gl_bankCV.php?NewPayment=Yes', 'cash_payments_voucher_text'),
('1163', '12', 'https://erp30.com/gl/inquiry/bank_inquiry.php?', 'bank_account_inquiry_text'),
('1164', '12', 'https://erp30.com/reporting/reports_main.php?Class=6', 'general_ledger_text'),
('1165', '17', 'https://erp30.com/reporting/reports_main.php?Class=0', 'sale_report_text'),
('1166', '17', 'https://erp30.com/gl/gl_bank.php?NewPayment=Yes', 'bank_payments_voucher_text'),
('1167', '17', 'https://erp30.com/manufacturing/work_order_entry_cart_req.php?NewWorkOrder=1', ''),
('1168', '17', 'https://erp30.com/inventory/transfers.php?NewTransfer=1', 'inventry_location_text'),
('1169', '17', 'https://erp30.com/inventory/cost_update.php?', 'standard_cost_text'),
('1170', '17', 'https://erp30.com/manufacturing/inquiry/bom_cost_inquiry.php?', 'costed_bill_material_text'),
('1171', '17', 'https://erp30.com/inventory/adjustments.php?NewAdjustment=1', 'inventory_adjustments_text'),
('1172', '17', 'https://erp30.com/manufacturing/search_work_orders.php?outstanding_only=1', 'outstanding_work_order_text'),
('1173', '17', 'https://erp30.com/modules/import_items/import_items.php?', 'import_item_text'),
('1174', '17', 'https://erp30.com/inventory/inquiry/stock_movements.php?', 'inventory_item_movemnets_text'),
('1175', '17', 'https://erp30.com/inventory/inquiry/stock_status_customize.php?', 'inventory_item_status_text'),
('1176', '17', 'https://erp30.com/purchasing/inquiry/po_search.php?', 'opom_text'),
('1177', '17', 'https://erp30.com/purchasing/po_entry_items.php?NewGRN=Yes', 'direct_grn_text'),
('1178', '17', 'https://erp30.com/purchasing/manage/supplier_category.php?', 'supplier_category_text'),
('1179', '17', 'https://erp30.com/taxes/tax_groups.php?', 'tax_group_text'),
('1180', '17', 'https://erp30.com/dimensions/dimension_entry.php?', 'dimension_entry_text'),
('1181', '17', 'https://erp30.com/reporting/reports_main.php?Class=0', 'sales_reports_text'),
('1182', '17', 'https://erp30.com/manufacturing/inquiry/bom_cost_inquiry.php?', 'costed_bill_material_text'),
('1183', '17', 'https://erp30.com/manufacturing/work_order_entry_cart_req.php?NewWorkOrder=1', ''),
('1184', '17', 'https://erp30.com/manufacturing/work_order_entry.php?WOType=1', ''),
('1185', '17', 'https://erp30.com/manufacturing/work_order_entry_cart_req.php?NewWorkOrder=1', ''),
('1186', '17', 'https://erp30.com/reporting/reports_main.php?Class=7', 'assets_reports_text'),
('1187', '17', 'https://erp30.com/modules/requisitions/requisitions.php', 'requisition_entries_text'),
('1188', '12', 'https://erp30.com/sales/customer_payments.php?', 'customer_payment_text'),
('1189', '17', 'https://erp30.com/gl/inquiry/gl_trial_balance.php?', 'trial_balance_text'),
('1190', '12', 'https://erp30.com/reporting/reports_main.php?Class=0', 'sales_reports_text'),
('1191', '12', 'https://erp30.com/reporting/reports_main.php?Class=0', 'sales_reports_text'),
('1192', '12', 'https://erp30.com/reporting/reports_main.php?Class=0', 'sales_reports_text'),
('1193', '12', 'https://erp30.com/sales/manage/customers_inquiry.php?', 'manage_customer_text'),
('1194', '12', 'https://erp30.com/purchasing/manage/suppliers_inquiry.php?', 'manage_supplier_text'),
('1195', '12', 'https://erp30.com/purchasing/po_entry_items.php?NewOrder=Yes', 'purchase_order_text'),
('1196', '12', 'https://erp30.com/gl/bank_transfer.php?', 'bank_account_transfer_text'),
('1197', '12', 'https://erp30.com/gl/inquiry/bank_inquiry.php?', 'bank_account_inquiry_text'),
('1198', '12', 'https://erp30.com/gl/gl_journal.php?NewJournal=Yes', 'journal_entry_text'),
('1199', '12', 'https://erp30.com/purchasing/supplier_payment.php?', 'payments_suppliers_text'),
('1200', '12', 'https://erp30.com/dimensions/inquiry/search_dimensions.php?outstanding_only=1', 'outstanding_dimension_text'),
('1201', '0', 'https://erp30.com/purchasing/po_entry_items.php?NewGRN=Yes', 'direct_grn_text'),
('1202', '0', 'https://erp30.com/purchasing/po_entry_items.php?NewGRN=Yes', 'direct_grn_text'),
('1203', '0', 'https://erp30.com/purchasing/po_entry_items.php?NewGRN=Yes', 'direct_grn_text'),
('1204', '17', 'https://erp30.com/purchasing/po_entry_items.php?NewInvoice=Yes', 'direct_supplier_invoice_text'),
('1205', '17', 'https://erp30.com/reporting/reports_main.php?Class=1', 'supplier_reports_text'),
('1206', '17', 'https://erp30.com/reporting/reports_main.php?Class=1', 'supplier_reports_text'),
('1207', '12', 'https://erp30.com/purchasing/inquiry/grn_search_completed.php?', 'import_purchase_text'),
('1208', '17', 'https://erp30.com/purchasing/inquiry/po_search_completed.php?', 'purchase_order_inquiry_text'),
('1209', '17', 'https://erp30.com/reporting/reports_main.php?Class=1', 'supplier_reports_text'),
('1210', '17', 'https://erp30.com/purchasing/inquiry/grn_search_completed.php?', 'import_purchase_text'),
('1211', '17', 'https://erp30.com/purchasing/manage/supplier_category.php?', 'supplier_category_text'),
('1212', '17', 'https://erp30.com/reporting/reports_main.php?Class=2', 'inventory_reports_text'),
('1213', '17', 'https://erp30.com/purchasing/po_entry_items.php?NewInvoice=Yes', 'direct_supplier_invoice_text'),
('1214', '17', 'https://erp30.com/reporting/reports_main.php?Class=1', 'supplier_reports_text'),
('1215', '17', 'https://erp30.com/manufacturing/search_work_orders.php?', 'work_order_inquiry_text'),
('1216', '17', 'https://erp30.com/reporting/reports_main.php?Class=6', 'general_ledger_text'),
('1217', '12', 'https://erp30.com/manufacturing/work_order_entry.php?WOType=2', 'work_order_entry_advance_manuf'),
('1218', '12', 'https://erp30.com/manufacturing/search_work_orders.php?outstanding_only=1', 'outstanding_work_order_text'),
('1219', '12', 'https://erp30.com/manufacturing/search_work_orders.php?outstanding_only=1', 'outstanding_work_order_text'),
('1220', '12', 'https://erp30.com/inventory/manage/batches.php?', 'batch_text'),
('1221', '12', 'https://erp30.com/purchasing/inquiry/po_search.php?', 'opom_text'),
('1222', '12', 'https://erp30.com/inventory/inquiry/stock_status_customize.php?', 'inventory_item_status_text'),
('1223', '12', 'https://erp30.com/manufacturing/search_work_orders.php?outstanding_only=1', 'outstanding_work_order_text'),
('1224', '12', 'https://erp30.com/manufacturing/search_work_orders.php?outstanding_only=1', 'outstanding_work_order_text'),
('1225', '12', 'https://erp30.com/reporting/reports_main.php?Class=2', 'inventory_reports_text'),
('1226', '17', 'https://erp30.com/reporting/reports_main.php?Class=3', 'manufacturing_reports_text'),
('1227', '17', 'https://erp30.com/reporting/reports_main.php?Class=2', 'inventory_reports_text'),
('1228', '17', 'https://erp30.com/reporting/reports_main.php?Class=5', 'banking_reports_text'),
('1229', '17', 'https://erp30.com/reporting/reports_main.php?Class=2', 'inventory_reports_text'),
('1230', '17', 'https://erp30.com/purchasing/po_entry_items.php?NewInvoice=Yes', 'direct_supplier_invoice_text'),
('1231', '17', 'https://erp30.com/purchasing/manage/supplier_category.php?', 'supplier_category_text'),
('1232', '17', 'https://erp30.com/gl/manage/gl_quick_entries.php?', 'quick_entries_text'),
('1233', '17', 'https://erp30.com/gl/gl_journal.php?NewJournal=Yes', 'journal_entry_text'),
('1234', '17', 'https://erp30.com/purchasing/inquiry/grn_search_completed.php?', 'import_purchase_text'),
('1235', '17', 'https://erp30.com/purchasing/po_entry_items.php?NewOrder=Yes', 'purchase_order_text'),
('1236', '17', 'https://erp30.com/purchasing/inquiry/po_search.php?', 'opom_text'),
('1237', '17', 'https://erp30.com/purchasing/inquiry/po_search.php?', 'opom_text'),
('1238', '17', 'https://erp30.com/purchasing/po_entry_items.php?NewInvoice=Yes', 'direct_supplier_invoice_text'),
('1239', '17', 'https://erp30.com/purchasing/inquiry/po_search.php?', 'opom_text'),
('1240', '17', 'https://erp30.com/reporting/reports_main.php?Class=2', 'inventory_reports_text'),
('1241', '17', 'https://erp30.com/purchasing/inquiry/po_search.php?', 'opom_text'),
('1242', '17', 'https://erp30.com/purchasing/inquiry/po_search.php?', 'opom_text'),
('1243', '12', 'https://erp30.com/gl/inquiry/outstanding_cheques.php?', 'outstanding_cheques_inquiry_te'),
('1244', '12', 'https://erp30.com/gl/inquiry/bank_inquiry.php?', 'bank_account_inquiry_text'),
('1245', '12', 'https://erp30.com/sales/customer_payments.php?', 'customer_payment_text'),
('1246', '12', 'https://erp30.com/sales/sales_order_entry.php?NewInvoice=0', 'direct_invoice_text'),
('1247', '12', 'https://erp30.com/gl/inquiry/gl_account_types.php?', 'gl_account_text'),
('1248', '12', 'https://erp30.com/gl/manage/bank_accounts.php?', 'bank_account_text'),
('1249', '12', 'https://erp30.com/gl/inquiry/bank_inquiry.php?', 'bank_account_inquiry_text'),
('1250', '12', 'https://erp30.com/gl/inquiry/outstanding_cheques.php?', 'outstanding_cheques_inquiry_te'),
('1251', '12', 'https://erp30.com/gl/inquiry/bank_inquiry.php?', 'bank_account_inquiry_text'),
('1252', '12', 'https://erp30.com/gl/gl_bank.php?NewPayment=Yes', 'bank_payments_voucher_text'),
('1253', '12', 'https://erp30.com/gl/gl_bank.php?NewPayment=Yes', 'bank_payments_voucher_text'),
('1254', '12', 'https://erp30.com/gl/inquiry/bank_inquiry.php?', 'bank_account_inquiry_text'),
('1255', '12', 'https://erp30.com/gl/gl_bank.php?NewPayment=Yes', 'bank_payments_voucher_text'),
('1256', '12', 'https://erp30.com/gl/gl_bank.php?NewPayment=Yes', 'bank_payments_voucher_text'),
('1257', '12', 'https://erp30.com/sales/sales_order_entry.php?NewInvoice=0', 'direct_invoice_text'),
('1258', '12', 'https://erp30.com/purchasing/supplier_payment.php?', 'payments_suppliers_text'),
('1259', '12', 'https://erp30.com/purchasing/supplier_payment.php?', 'payments_suppliers_text'),
('1260', '12', 'https://erp30.com/sales/customer_payments.php?', 'customer_payment_text'),
('1261', '12', 'https://erp30.com/sales/sales_order_entry.php?NewOrder=Yes', 'sale_order_entry_text'),
('1262', '12', 'https://erp30.com/sales/sales_order_entry.php?NewInvoice=0', 'direct_invoice_text'),
('1263', '12', 'https://erp30.com/purchasing/supplier_invoice.php?New=1', 'supplier_invoice_text'),
('1264', '12', 'https://erp30.com/purchasing/po_entry_items.php?NewOrder=Yes', 'purchase_order_text'),
('1265', '12', 'https://erp30.com/sales/sales_order_entry.php?NewInvoice=0', 'direct_invoice_text'),
('1266', '12', 'https://erp30.com/manufacturing/work_order_entry.php?WOType=0', 'work_order_entry_text'),
('1267', '12', 'https://erp30.com/manufacturing/work_order_entry.php?WOType=1', ''),
('1268', '12', 'https://erp30.com/manufacturing/work_order_entry_cart.php?NewWorkOrder=1', ''),
('1269', '12', 'https://erp30.com/manufacturing/work_order_entry_cart.php?NewWorkOrder=1', ''),
('1270', '12', 'https://erp30.com/manufacturing/work_order_entry.php?WOType=0', 'work_order_entry_text'),
('1271', '12', 'https://erp30.com/manufacturing/manage/work_centres.php?', 'work_center_text'),
('1272', '12', 'https://erp30.com/manufacturing/work_order_entry.php?WOType=0', 'work_order_entry_text'),
('1273', '12', 'https://erp30.com/purchasing/supplier_credit.php?New=1', 'supplier_credit_text'),
('1274', '12', 'https://erp30.com/sales/pos_order_entry.php?NewInvoice=0', 'pos_text'),
('1275', '12', 'https://erp30.com/manufacturing/search_work_orders.php?outstanding_only=1', 'outstanding_work_order_text'),
('1276', '12', 'https://erp30.com/sales/sales_order_entry.php?NewOrder=Yes', 'sale_order_entry_text'),
('1277', '12', 'https://erp30.com/reporting/reports_main.php?Class=1', 'supplier_reports_text'),
('1278', '17', 'https://erp30.com/inventory/purchasing_data.php?', 'purchase_pricing_text'),
('1279', '17', 'https://erp30.com/reporting/reports_main.php?Class=0', 'sale_report_text'),
('1280', '12', 'https://erp30.com/sales/customer_payments.php?', 'customer_payment_text'),
('1281', '12', 'https://erp30.com/manufacturing/work_order_entry.php?WOType=2', 'work_order_entry_advance_manuf'),
('1282', '12', 'https://erp30.com/manufacturing/work_order_entry_cart.php?NewWorkOrder=1', ''),
('1283', '12', 'https://erp30.com/manufacturing/work_order_entry.php?WOType=0', 'work_order_entry_text'),
('1284', '12', 'https://erp30.com/manufacturing/search_work_orders.php?outstanding_only=1', 'outstanding_work_order_text'),
('1285', '12', 'https://erp30.com/manufacturing/work_order_entry.php?WOType=0', 'work_order_entry_text'),
('1286', '12', 'https://erp30.com/manufacturing/manage/bom_edit.php?', 'bill_of_material_text'),
('1287', '12', 'https://erp30.com/manufacturing/manage/bom_edit.php?', 'bill_of_material_text'),
('1288', '12', 'https://erp30.com/reporting/reports_main.php?Class=0', 'sales_reports_text'),
('1289', '12', 'https://erp30.com/sales/manage/reports_preference.php?', ''),
('1290', '17', 'https://erp30.com/gl/bank_transfer.php?', 'bank_account_transfer_text'),
('1291', '17', 'https://erp30.com/gl/gl_journal.php?NewJournal=Yes', 'journal_entry_text'),
('1292', '17', 'https://erp30.com/gl/inquiry/gl_trial_balance.php?', 'trial_balance_text'),
('1293', '17', 'https://erp30.com/gl/gl_bank.php?NewDeposit=Yes', 'bank_deposit_voucher_text'),
('1294', '12', 'https://erp30.com/manufacturing/work_order_entry.php?WOType=0', 'work_order_entry_text'),
('1295', '12', 'https://erp30.com/inventory/manage/batches.php?', 'batch_text'),
('1296', '12', 'https://erp30.com/admin/backups.php?', 'backup_text'),
('1297', '17', 'https://erp30.com/project/task.php?type=task', 'add_task_text'),
('1298', '17', 'https://erp30.com/project/task.php?type=task', 'add_task_text'),
('1299', '12', 'https://erp30.com/inventory/manage/item_units.php?', 'unit_measure_text'),
('1300', '12', 'https://erp30.com/inventory/manage/item_categories.php?', 'item_categories_text'),
('1301', '12', 'https://erp30.com/admin/print_profiles.php?', 'print_profile_text'),
('1302', '12', 'https://erp30.com/reporting/reports_main.php?Class=0', 'sales_reports_text'),
('1303', '12', 'https://erp30.com/manufacturing/work_order_entry.php?WOType=0', 'work_order_entry_text'),
('1304', '12', 'https://erp30.com/manufacturing/manage/work_centres.php?', 'work_center_text'),
('1305', '12', 'https://erp30.com/manufacturing/work_order_entry.php?WOType=0', 'work_order_entry_text'),
('1306', '12', 'https://erp30.com/manufacturing/work_order_entry.php?WOType=0', 'work_order_entry_text'),
('1307', '12', 'https://erp30.com/manufacturing/work_order_entry.php?WOType=1', ''),
('1308', '12', 'https://erp30.com/manufacturing/work_order_entry.php?WOType=2', 'work_order_entry_advance_manuf'),
('1309', '12', 'https://erp30.com/manufacturing/work_order_entry_cart.php?NewWorkOrder=1', ''),
('1310', '12', 'https://erp30.com/manufacturing/manage/bom_edit.php?', 'bill_of_material_text'),
('1311', '12', 'https://erp30.com/manufacturing/search_work_orders.php?outstanding_only=1', 'outstanding_work_order_text'),
('1312', '12', 'https://erp30.com/manufacturing/work_order_entry.php?WOType=2', 'work_order_entry_advance_manuf'),
('1313', '17', 'https://erp30.com/reporting/reports_main.php?Class=1', 'supplier_reports_text'),
('1314', '17', 'https://erp30.com/sales/manage/customers_inquiry.php?', 'manage_customer_text'),
('1315', '17', 'https://erp30.com/gl/bank_transfer.php?', 'bank_account_transfer_text'),
('1316', '17', 'https://erp30.com/inventory/adjustments.php?NewAdjustment=1', 'wht_types'),
('1317', '17', 'https://erp30.com/purchasing/po_entry_items.php?NewInvoice=Yes', 'wht_types'),
('1318', '17', 'https://erp30.com/inventory/transfers.php?NewTransfer=1', 'wht_types'),
('1319', '17', 'https://erp30.com/purchasing/po_entry_items.php?NewInvoice=Yes', 'direct_supplier_invoice_text'),
('1320', '17', 'https://erp30.com/purchasing/inquiry/po_search_completed.php?', 'purchase_order_inquiry_text'),
('1321', '17', 'https://erp30.com/manufacturing/manage/bom_edit.php?', 'bill_of_material_text'),
('1322', '17', 'https://erp30.com/inventory/manage/items_inquiry.php?', 'add_and_manage_text'),
('1323', '17', 'https://erp30.com/sales/sales_order_entry.php?NewInvoice=0', 'direct_invoice_text'),
('1324', '12', 'https://erp30.com/purchasing/po_entry_items.php?NewInvoice=Yes', 'direct_supplier_invoice_text'),
('1325', '17', 'https://erp30.com/project/task.php?type=event', 'add_event_text'),
('1326', '17', 'https://erp30.com/inventory/purchasing_data.php?', 'purchase_pricing_text'),
('1327', '17', 'https://erp30.com/gl/bank_account_reconcile.php?', 'reconcile_account_text'),
('1328', '17', 'https://erp30.com/gl/manage/gl_quick_entries.php?', 'quick_entries_text'),
('1329', '17', 'https://erp30.com/sales/manage/sales_groups.php?', 'sales_group_text'),
('1330', '17', 'https://erp30.com/admin/payment_terms.php?', 'payment_terms_text'),
('1331', '17', 'https://erp30.com/admin/shipping_companies.php?', 'shipping_company_text'),
('1332', '17', 'https://erp30.com/reporting/reports_main.php?Class=0', 'sale_report_text'),
('1333', '12', 'https://erp30.com/manufacturing/manage/bom_edit.php?', 'bill_of_material_text'),
('1334', '17', 'https://erp30.com/admin/shipping_companies.php?', 'shipping_company_text'),
('1335', '12', 'https://erp30.com/manufacturing/work_order_entry.php?WOType=0', 'work_order_entry_text'),
('1336', '12', 'https://erp30.com/manufacturing/manage/bom_edit.php?', 'bill_of_material_text'),
('1337', '12', 'https://erp30.com/purchasing/supplier_payment.php?', 'payments_suppliers_text'),
('1338', '12', 'https://erp30.com/sales/customer_payments.php?', 'customer_payment_text'),
('1339', '12', 'https://erp30.com/sales/credit_note_entry.php?NewCredit=Yes', 'customer_credit_note_text'),
('1340', '12', 'https://erp30.com/sales/customer_payments.php?', 'customer_payment_text'),
('1341', '12', 'https://erp30.com/manufacturing/manage/bom_edit.php?', 'bill_of_material_text'),
('1342', '12', 'https://erp30.com/manufacturing/work_order_entry.php?WOType=0', 'work_order_entry_text'),
('1343', '12', 'https://erp30.com/inventory/adjustments.php?NewAdjustment=1', 'inventory_adjustments_text'),
('1344', '17', 'https://erp30.com/purchasing/supplier_payment.php?', 'payments_suppliers_text'),
('1345', '17', 'https://erp30.com/reporting/reports_main.php?Class=5', 'banking_reports_text'),
('1346', '17', 'https://erp30.com/reporting/reports_main.php?Class=1', 'supplier_reports_text'),
('1347', '17', 'https://erp30.com/reporting/reports_main.php?Class=0', 'sale_report_text'),
('1348', '17', 'https://erp30.com/reporting/reports_main.php?Class=1', 'supplier_reports_text'),
('1349', '17', 'https://erp30.com/reporting/reports_main.php?Class=5', 'banking_reports_text'),
('1350', '17', 'https://erp30.com/gl/gl_bank.php?NewPayment=Yes', 'bank_payments_voucher_text'),
('1351', '12', 'https://erp30.com/manufacturing/work_order_entry_cart.php?NewWorkOrder=1', ''),
('1352', '12', 'https://erp30.com/manufacturing/search_work_orders.php?outstanding_only=1', 'outstanding_work_order_text'),
('1353', '12', 'https://erp30.com/manufacturing/work_order_entry.php?WOType=0', 'work_order_entry_text'),
('1354', '12', 'https://erp30.com/manufacturing/work_order_entry.php?WOType=2', 'work_order_entry_advance_manuf'),
('1355', '17', 'https://erp30.com/reporting/reports_main.php?Class=5', 'banking_reports_text'),
('1356', '12', 'https://erp30.com/manufacturing/work_order_entry.php?WOType=0', 'work_order_entry_text'),
('1357', '12', 'https://erp30.com/inventory/adjustments.php?NewAdjustment=1', 'inventory_adjustments_text'),
('1358', '12', 'https://erp30.com/reporting/reports_main.php?Class=2', 'inventory_reports_text'),
('1359', '12', 'https://erp30.com/inventory/inquiry/stock_movements.php?', 'inventory_item_movemnets_text'),
('1360', '12', 'https://erp30.com/reporting/reports_main.php?Class=2', 'inventory_reports_text'),
('1361', '12', 'https://erp30.com/inventory/manage/items_inquiry.php?', 'add_and_manage_text'),
('1362', '12', 'https://erp30.com/admin/gl_setup.php?', 'system_gl_text'),
('1363', '17', 'https://erp30.com/sales/allocations/customer_allocation_main.php?', 'allocate_text'),
('1364', '17', 'https://erp30.com/admin/forms_setup.php?', 'transaction_ref_text'),
('1365', '17', 'https://erp30.com/admin/tags.php?type=dimension', 'dimension_tags_text'),
('1366', '17', 'https://erp30.com/dimensions/inquiry/search_dimensions.php?outstanding_only=1', 'outstanding_dimension_text'),
('1367', '12', 'https://erp30.com/manufacturing/work_order_entry.php?WOType=1', ''),
('1368', '12', 'https://erp30.com/manufacturing/work_order_entry_cart.php?NewWorkOrder=1', ''),
('1369', '17', 'https://erp30.com/admin/shipping_companies.php?', 'shipping_company_text'),
('1370', '17', 'https://erp30.com/purchasing/inquiry/grn_search_completed.php?', 'import_purchase_text'),
('1371', '17', 'https://erp30.com/gl/inquiry/outstanding_cheques.php?', 'outstanding_cheques_inquiry_te'),
('1372', '17', 'https://erp30.com/reporting/reports_main.php?Class=6', 'general_ledger_text'),
('1373', '17', 'https://erp30.com/gl/inquiry/outstanding_cheques.php?', 'outstanding_cheques_inquiry_te'),
('1374', '17', 'https://erp30.com/gl/manage/currencies.php?', 'currencies_text'),
('1375', '17', 'https://erp30.com/admin/tags.php?type=account', 'account_tag_text'),
('1376', '17', 'https://erp30.com/gl/manage/gl_account_classes.php?', 'gl_account_classes_text'),
('1377', '12', 'https://erp30.com/manufacturing/manage/bom_edit.php?', 'bill_of_material_text'),
('1378', '17', 'https://erp30.com/gl/accruals.php?', 'revenue_cost_text'),
('1379', '12', 'https://erp30.com/manufacturing/work_order_entry.php?WOType=0', 'work_order_entry_text'),
('1380', '17', 'https://erp30.com/purchasing/inquiry/grn_search_completed.php?', 'import_purchase_text'),
('1381', '17', 'https://erp30.com/dimensions/inquiry/search_dimensions.php?', 'dimension_inquiry_text'),
('1382', '17', 'https://erp30.com/reporting/reports_main.php?Class=1', 'supplier_reports_text'),
('1383', '17', 'https://erp30.com/gl/inquiry/balance_sheet.php?', 'drill_balance_text'),
('1384', '17', 'https://erp30.com/gl/inquiry/gl_trial_balance.php?', 'trial_balance_text'),
('1385', '17', 'https://erp30.com/reporting/reports_main.php?Class=6', 'general_ledger_text'),
('1386', '17', 'https://erp30.com/purchasing/po_entry_items.php?NewOrder=Yes', 'purchase_order_text'),
('1387', '17', 'https://erp30.com/purchasing/manage/supplier_category.php?', 'supplier_category_text'),
('1388', '17', 'https://erp30.com/admin/payment_terms.php?', 'payment_terms_text'),
('1389', '17', 'https://erp30.com/admin/attachments.php?filterType=20', 'attach_documents_text'),
('1390', '17', 'https://erp30.com/admin/gl_setup.php?', 'system_gl_text'),
('1391', '17', 'https://erp30.com/admin/print_profiles.php?', 'print_profile_text'),
('1392', '17', 'https://erp30.com/admin/fiscalyears.php?', 'fiscal_years_text'),
('1393', '17', 'https://erp30.com/admin/payment_terms.php?', 'payment_terms_text'),
('1394', '17', 'https://erp30.com/admin/shipping_companies.php?', 'shipping_company_text'),
('1395', '12', 'https://erp30.com/gl/gl_journal.php?NewJournal=Yes', 'journal_entry_text'),
('1396', '17', 'https://erp30.com/admin/payment_terms.php?', 'payment_terms_text'),
('1397', '17', 'https://erp30.com/modules/import_items/import_items.php?', 'import_item_text'),
('1398', '17', 'https://erp30.com/modules/import_supp_OB/import_supp_OB.php?', 'import_sup_text'),
('1399', '12', 'https://erp30.com/manufacturing/work_order_entry.php?WOType=0', 'work_order_entry_text'),
('1400', '12', 'https://erp30.com/manufacturing/search_work_orders.php?outstanding_only=1', 'outstanding_work_order_text'),
('1401', '12', 'https://erp30.com/manufacturing/work_order_entry.php?WOType=1', ''),
('1402', '12', 'https://erp30.com/manufacturing/manage/bom_edit.php?', 'bill_of_material_text'),
('1403', '12', 'https://erp30.com/manufacturing/work_order_entry.php?WOType=2', 'work_order_entry_advance_manuf'),
('1404', '12', 'https://erp30.com/admin/gl_setup.php?', 'system_gl_text'),
('1405', '17', 'https://erp30.com/purchasing/po_entry_items.php?NewOrder=Yes', 'purchase_order_text'),
('1406', '17', 'https://erp30.com/purchasing/po_entry_items.php?NewGRN=Yes', 'direct_grn_text'),
('1407', '17', 'https://erp30.com/inventory/prices.php?', 'sales_pricing_text'),
('1408', '17', 'https://erp30.com/inventory/purchasing_data.php?', 'purchase_pricing_text'),
('1409', '17', 'https://erp30.com/inventory/cost_update.php?', 'standard_cost_text'),
('1410', '17', 'https://erp30.com/inventory/manage/items_inquiry.php?', 'add_and_manage_text'),
('1411', '17', 'https://erp30.com/project/manage/setting.php?', 'settings_text'),
('1412', '17', 'https://erp30.com/sales/manage/customers.php?', 'add_customer_text'),
('1413', '17', 'https://erp30.com/modules/requisitions/requisitions.php', 'requisition_entries_text'),
('1414', '17', 'https://erp30.com/purchasing/manage/suppliers_inquiry.php?', 'manage_supplier_text'),
('1415', '17', 'https://erp30.com/taxes/tax_types.php?', 'taxes_text'),
('1416', '17', 'https://erp30.com/taxes/tax_groups.php?', 'tax_group_text'),
('1417', '17', 'https://erp30.com/admin/void_transaction.php?', 'void_transaction_text'),
('1418', '17', 'https://erp30.com/sales/manage/sales_points.php?', 'point_sale_text'),
('1419', '17', 'https://erp30.com/admin/fiscalyears.php?', 'fiscal_years_text'),
('1420', '17', 'https://erp30.com/taxes/item_tax_types.php?', 'item_tax_type_text'),
('1421', '17', 'https://erp30.com/admin/gl_setup.php?', 'system_gl_text'),
('1422', '17', 'https://erp30.com/admin/gl_setup.php?', 'system_gl_text'),
('1423', '17', 'https://erp30.com/sales/inquiry/sales_orders_view.php?OutstandingOnly=1', 'delivery_against_text'),
('1424', '17', 'https://erp30.com/taxes/tax_groups.php?', 'tax_group_text'),
('1425', '17', 'https://erp30.com/taxes/tax_types.php?', 'taxes_text'),
('1426', '17', 'https://erp30.com/reporting/reports_main.php?Class=3', 'manufacturing_reports_text'),
('1427', '17', 'https://erp30.com/inventory/inquiry/stock_movements.php?', 'inventory_item_movemnets_text'),
('1428', '17', 'https://erp30.com/inventory/purchasing_data.php?', 'purchase_pricing_text'),
('1429', '12', 'https://erp30.com/reporting/reports_main.php?Class=6', 'general_ledger_text'),
('1430', '12', 'https://erp30.com/manufacturing/work_order_entry.php?WOType=0', 'work_order_entry_text'),
('1431', '12', 'https://erp30.com/sales/manage/sales_points.php?', 'point_sale_text'),
('1432', '12', 'https://erp30.com/admin/payment_terms.php?', 'payment_terms_text'),
('1433', '12', 'https://erp30.com/gl/inquiry/gl_account_types.php?', 'gl_account_text'),
('1434', '12', 'https://erp30.com/manufacturing/search_work_orders.php?', 'work_order_inquiry_text'),
('1435', '17', 'https://erp30.com/taxes/item_tax_types.php?', 'item_tax_type_text'),
('1436', '17', 'https://erp30.com/reporting/reports_main.php?Class=5', 'banking_reports_text'),
('1437', '17', 'https://erp30.com/sales/manage/customers.php?', 'add_customer_text'),
('1438', '12', 'https://erp30.com/gl/manage/gl_account_types.php?', 'gl_account_group_text'),
('1439', '12', 'https://erp30.com/manufacturing/work_order_entry.php?WOType=0', 'work_order_entry_text'),
('1440', '12', 'https://erp30.com/purchasing/po_entry_items.php?NewGRN=Yes', 'direct_grn_text'),
('1441', '12', 'https://erp30.com/manufacturing/manage/bom_edit.php?', 'bill_of_material_text'),
('1442', '17', 'https://erp30.com/admin/shipping_companies.php?', 'shipping_company_text'),
('1443', '17', 'https://erp30.com/admin/payment_terms.php?', 'payment_terms_text'),
('1444', '17', 'https://erp30.com/admin/print_profiles.php?', 'print_profile_text'),
('1445', '17', 'https://erp30.com/admin/forms_setup.php?', 'transaction_ref_text'),
('1446', '17', 'https://erp30.com/sales/manage/sales_points.php?', 'point_sale_text'),
('1447', '12', 'https://erp30.com/inventory/adjustments.php?NewAdjustment=1', 'inventory_adjustments_text'),
('1448', '12', 'https://erp30.com/inventory/adjustments.php?NewAdjustment=1', 'inventory_adjustments_text'),
('1449', '12', 'https://erp30.com/inventory/adjustments.php?NewAdjustment=1', 'inventory_adjustments_text'),
('1450', '12', 'https://erp30.com/inventory/manage/items_inquiry.php?', 'add_and_manage_text'),
('1451', '12', 'https://erp30.com/admin/void_transaction.php?', 'void_transaction_text'),
('1452', '12', 'https://erp30.com/purchasing/po_entry_items.php?NewGRN=Yes', 'direct_grn_text'),
('1453', '12', 'https://erp30.com/modules/requisitions/requisitions.php', 'requisition_entries_text'),
('1454', '12', 'https://erp30.com/modules/requisitions/requisition_allocations.php', 'requisition_allocation_text'),
('1455', '12', 'https://erp30.com/modules/requisitions/requisitions.php', 'requisition_entries_text'),
('1456', '12', 'https://erp30.com/modules/requisitions/requisition_allocations.php', 'requisition_allocation_text'),
('1457', '12', 'https://erp30.com/purchasing/po_entry_items.php?NewOrder=Yes', 'purchase_order_text'),
('1458', '12', 'https://erp30.com/admin/backups.php?', 'backup_text'),
('1459', '12', 'https://erp30.com/modules/requisitions/requisitions.php', 'requisition_entries_text'),
('1460', '12', 'https://erp30.com/modules/requisitions/requisition_allocations.php', 'requisition_allocation_text'),
('1461', '12', 'https://erp30.com/modules/requisitions/requisitions.php', 'requisition_entries_text'),
('1462', '12', 'https://erp30.com/modules/requisitions/requisition_allocations.php', 'requisition_allocation_text'),
('1463', '12', 'https://erp30.com/modules/requisitions/requisition_allocations.php', 'requisition_allocation_text'),
('1464', '12', 'https://erp30.com/modules/requisitions/requisitions.php', 'requisition_entries_text'),
('1465', '12', 'https://erp30.com/modules/requisitions/requisition_allocations.php', 'requisition_allocation_text'),
('1466', '12', 'https://erp30.com/purchasing/po_entry_items.php?NewOrder=Yes', 'purchase_order_text'),
('1467', '17', 'https://erp30.com/admin/payment_terms.php?', 'payment_terms_text'),
('1468', '17', 'https://erp30.com/admin/forms_setup.php?', 'transaction_ref_text'),
('1469', '12', 'https://erp30.com/sales/manage/customers_inquiry.php?', 'manage_customer_text'),
('1470', '12', 'https://erp30.com/modules/requisitions/requisitions.php', 'requisition_entries_text'),
('1471', '17', 'https://erp30.com/sales/sales_order_entry.php?NewOrder=Yes', 'sale_order_entry_text'),
('1472', '12', 'https://erp30.com/modules/requisitions/requisition_allocations.php', 'requisition_allocation_text'),
('1473', '12', 'https://erp30.com/purchasing/po_entry_items.php?NewOrder=Yes', 'purchase_order_text'),
('1474', '17', 'https://erp30.com/sales/inquiry/sales_deliveries_view.php?OutstandingOnly=1', 'invoice_against_text'),
('1475', '12', 'https://erp30.com/purchasing/inquiry/pr_search_completed.php?', 'purchase_requisitions_inquiry_'),
('1476', '17', 'https://erp30.com/sales/customer_payments.php?', 'customer_payment_text'),
('1477', '12', 'https://erp30.com/purchasing/inquiry/po_search_completed.php?', 'purchase_order_inquiry_text'),
('1478', '12', 'https://erp30.com/sales/sales_order_entry.php?NewInvoice=0', 'direct_invoice_text'),
('1479', '17', 'https://erp30.com/sales/manage/customers.php?', 'add_customer_text'),
('1480', '12', 'https://erp30.com/modules/requisitions/requisitions.php', 'requisition_entries_text'),
('1481', '17', 'https://erp30.com/project/manage/setting.php?', 'settings_text'),
('1482', '17', 'https://erp30.com/project/manage/duration.php?', 'duration_text'),
('1483', '17', 'https://erp30.com/project/manage/category.php?', 'knowledge_base_cat_text'),
('1484', '12', 'https://erp30.com/modules/requisitions/requisitions.php', 'requisition_entries_text'),
('1485', '12', 'https://erp30.com/modules/requisitions/requisitions.php', 'requisition_entries_text'),
('1486', '12', 'https://erp30.com/modules/requisitions/requisition_allocations.php', 'requisition_allocation_text'),
('1487', '12', 'https://erp30.com/modules/requisitions/requisition_allocations.php', 'requisition_allocation_text'),
('1488', '17', 'https://erp30.com/inventory/manage/items_inquiry.php?', 'add_and_manage_text'),
('1489', '17', 'https://erp30.com/inventory/manage/item_codes.php?', 'foreign_item_codes_text'),
('1490', '12', 'https://erp30.com/purchasing/inquiry/po_search.php?', 'opom_text'),
('1491', '12', 'https://erp30.com/purchasing/inquiry/po_search.php?', 'opom_text'),
('1492', '12', 'https://erp30.com/modules/requisitions/requisition_allocations.php', 'requisition_allocation_text'),
('1493', '12', 'https://erp30.com/modules/requisitions/requisition_allocations.php', 'requisition_allocation_text'),
('1494', '12', 'https://erp30.com/admin/gl_setup.php?', 'system_gl_text'),
('1495', '12', 'https://erp30.com/purchasing/po_entry_items.php?NewOrder=Yes', 'purchase_order_text'),
('1496', '12', 'https://erp30.com/sales/manage/reports_preference.php?', ''),
('1497', '12', 'https://erp30.com/sales/manage/reports_preference.php?', ''),
('1498', '12', 'https://erp30.com/sales/sales_order_entry.php?NewInvoice=0', 'direct_invoice_text'),
('1499', '12', 'https://erp30.com/sales/sales_order_entry.php?NewInvoice=0', 'direct_invoice_text'),
('1500', '12', 'https://erp30.com/admin/gl_setup.php?', 'system_gl_text'),
('1501', '12', 'https://erp30.com/sales/inquiry/customer_inquiry.php?', 'customer_inquiry_text'),
('1502', '12', 'https://erp30.com/reporting/reports_main.php?Class=0', 'sale_report_text'),
('1503', '12', 'https://erp30.com/sales/sales_order_entry.php?NewInvoice=0', 'direct_invoice_text'),
('1504', '12', 'https://erp30.com/sales/sales_order_entry.php?NewQuotation=Yes', 'sales_quotation_text'),
('1505', '12', 'https://erp30.com/sales/inquiry/sales_orders_view.php?type=32', 'sales_quotation_inquiry_text'),
('1506', '12', 'https://erp30.com/sales/sales_order_entry.php?NewInvoice=0', 'direct_invoice_text'),
('1507', '12', 'https://erp30.com/admin/gl_setup.php?', 'system_gl_text'),
('1508', '12', 'https://erp30.com/gl/gl_journal.php?NewJournal=Yes', 'journal_entry_text'),
('1509', '12', 'https://erp30.com/gl/inquiry/journal_inquiry.php?', 'journal_inquiry_text'),
('1510', '12', 'https://erp30.com/gl/gl_journal.php?NewJournal=Yes', 'journal_entry_text'),
('1511', '12', 'https://erp30.com/gl/inquiry/journal_inquiry.php?', 'journal_inquiry_text'),
('1512', '12', 'https://erp30.com/gl/inquiry/journal_inquiry.php?', 'journal_inquiry_text'),
('1513', '12', 'https://erp30.com/gl/gl_journal.php?NewJournal=Yes', 'journal_entry_text'),
('1514', '12', 'https://erp30.com/gl/inquiry/journal_inquiry.php?', 'journal_inquiry_text'),
('1515', '12', 'https://erp30.com/gl/gl_journal.php?NewJournal=Yes', 'journal_entry_text'),
('1516', '12', 'https://erp30.com/gl/manage/exchange_rates.php?', 'exchange_rates_text'),
('1517', '12', 'https://erp30.com/gl/inquiry/journal_inquiry.php?', 'journal_inquiry_text'),
('1518', '12', 'https://erp30.com/gl/gl_journal.php?NewJournal=Yes', 'journal_entry_text'),
('1519', '12', 'https://erp30.com/gl/inquiry/journal_inquiry.php?', 'journal_inquiry_text'),
('1520', '12', 'https://erp30.com/gl/manage/exchange_rates.php?', 'exchange_rates_text'),
('1521', '12', 'https://erp30.com/gl/gl_journal.php?NewJournal=Yes', 'journal_entry_text'),
('1522', '12', 'https://erp30.com/gl/inquiry/journal_inquiry.php?', 'journal_inquiry_text'),
('1523', '12', 'https://erp30.com/gl/inquiry/journal_inquiry.php?', 'journal_inquiry_text'),
('1524', '12', 'https://erp30.com/gl/gl_journal.php?NewJournal=Yes', 'journal_entry_text'),
('1525', '12', 'https://erp30.com/gl/inquiry/journal_inquiry.php?', 'journal_inquiry_text'),
('1526', '12', 'https://erp30.com/sales/inquiry/sales_orders_view.php?type=32', 'sales_quotation_inquiry_text'),
('1527', '12', 'https://erp30.com/sales/manage/sales_points.php?', 'point_sale_text'),
('1528', '12', 'https://erp30.com/sales/customer_payments.php?', 'customer_payment_text'),
('1529', '12', 'http://beta.erp30.com/reporting/reports_main.php?Class=0', 'sale_report_text'),
('1530', '17', 'https://erp30.com/gl/gl_bank.php?NewPayment=Yes', 'bank_payments_voucher_text'),
('1531', '17', 'https://erp30.com/gl/gl_bank.php?NewDeposit=Yes', 'bank_deposit_voucher_text'),
('1532', '12', 'https://erp30.com/sales/inquiry/sales_orders_view.php?OutstandingOnly=1', 'delivery_against_text'),
('1533', '12', 'https://erp30.com/sales/manage/reports_preference.php?', ''),
('1534', '12', 'https://erp30.com/admin/backups.php?', 'backup_text'),
('1535', '12', 'https://erp30.com/sales/inquiry/sales_orders_view.php?OutstandingOnly=1', 'delivery_against_text'),
('1536', '12', 'https://erp30.com/purchasing/inquiry/po_search_completed.php?', 'purchase_order_inquiry_text'),
('1537', '12', 'https://erp30.com/purchasing/inquiry/po_search.php?', 'opom_text'),
('1538', '12', 'https://erp30.com/purchasing/inquiry/supplier_allocation_inquiry.php?', 'allocate_inquiry_text'),
('1539', '12', 'https://erp30.com/purchasing/inquiry/supplier_allocation_inquiry.php?', 'allocate_inquiry_text'),
('1540', '12', 'https://erp30.com/reporting/reports_main.php?Class=1', 'supplier_reports_text'),
('1541', '12', 'https://erp30.com/purchasing/inquiry/grn_search_completed.php?', 'import_purchase_text'),
('1542', '12', 'https://erp30.com/purchasing/po_entry_items.php?NewOrder=Yes', 'purchase_order_text'),
('1543', '12', 'https://erp30.com/purchasing/supplier_invoice.php?New=1', 'supplier_invoice_text'),
('1544', '12', 'https://erp30.com/purchasing/inquiry/grn_search_completed.php?', 'import_purchase_text'),
('1545', '12', 'https://erp30.com/purchasing/supplier_invoice.php?New=1', 'supplier_invoice_text'),
('1546', '17', 'https://erp30.com/sales/sales_order_entry.php?NewQuotation=Yes', 'sales_quotation_text'),
('1547', '17', 'https://erp30.com/sales/pos_order_entry.php?NewInvoice=0', 'pos_text'),
('1548', '12', 'https://erp30.com/sales/sales_order_entry.php?NewOrder=Yes', 'sale_order_entry_text'),
('1549', '12', 'https://erp30.com/purchasing/po_entry_items.php?NewOrder=Yes', 'purchase_order_text'),
('1550', '12', 'https://erp30.com/admin/gl_setup.php?', 'system_gl_text'),
('1551', '12', 'https://erp30.com/sales/sales_order_entry.php?NewOrder=Yes', 'sale_order_entry_text'),
('1552', '12', 'https://erp30.com/purchasing/po_entry_items.php?NewOrder=Yes', 'purchase_order_text'),
('1553', '12', 'https://erp30.com/purchasing/supplier_invoice.php?New=1', 'supplier_invoice_text'),
('1554', '12', 'https://erp30.com/purchasing/po_entry_items.php?NewInvoice=Yes', 'direct_supplier_invoice_text'),
('1555', '12', 'https://erp30.com/admin/gl_setup.php?', 'system_gl_text'),
('1556', '12', 'https://erp30.com/purchasing/inquiry/grn_search_completed.php?', 'import_purchase_text'),
('1557', '12', 'https://erp30.com/purchasing/inquiry/grn_search_completed.php?', 'import_purchase_text'),
('1558', '12', 'https://erp30.com/purchasing/inquiry/grn_search_completed.php?', 'import_purchase_text'),
('1559', '12', 'https://erp30.com/purchasing/supplier_invoice.php?New=1', 'supplier_invoice_text'),
('1560', '12', 'https://erp30.com/purchasing/inquiry/po_search_completed.php?', 'purchase_order_inquiry_text'),
('1561', '12', 'https://erp30.com/purchasing/supplier_credit.php?New=1', 'supplier_credit_text'),
('1562', '12', 'https://erp30.com/purchasing/po_entry_items.php?NewInvoice=Yes', 'direct_supplier_invoice_text'),
('1563', '12', 'https://erp30.com/purchasing/inquiry/grn_search_completed.php?', 'import_purchase_text'),
('1564', '12', 'https://erp30.com/purchasing/po_entry_items.php?NewGRN=Yes', 'direct_grn_text'),
('1565', '12', 'https://erp30.com/admin/gl_setup.php?', 'system_gl_text'),
('1566', '12', 'https://erp30.com/sales/sales_order_entry.php?NewOrder=Yes', 'sale_order_entry_text'),
('1567', '12', 'https://erp30.com/purchasing/inquiry/pr_search_completed.php?', 'purchase_requisitions_inquiry_'),
('1568', '12', 'https://erp30.com/purchasing/inquiry/supplier_allocation_inquiry.php?', 'allocate_inquiry_text'),
('1569', '12', 'https://erp30.com/purchasing/inquiry/po_search.php?', 'opom_text'),
('1570', '12', 'https://erp30.com/admin/gl_setup.php?', 'system_gl_text'),
('1571', '12', 'https://erp30.com/sales/inquiry/sales_orders_view.php?OutstandingOnly=1', 'delivery_against_text'),
('1572', '12', 'https://erp30.com/sales/sales_order_entry.php?NewInvoice=0', 'direct_invoice_text'),
('1573', '12', 'https://erp30.com/admin/gl_setup.php?', 'system_gl_text'),
('1574', '12', 'https://erp30.com/sales/credit_note_entry.php?NewCredit=Yes', 'customer_credit_note_text'),
('1575', '12', 'https://erp30.com/sales/credit_note_entry.php?NewCredit=Yes', 'customer_credit_note_text'),
('1576', '12', 'https://erp30.com/inventory/inquiry/stock_movements.php?', 'inventory_item_movemnets_text'),
('1577', '12', 'https://erp30.com/sales/sales_order_entry.php?NewInvoice=0', 'direct_invoice_text'),
('1578', '17', 'https://erp30.com/project/task.php?type=task', 'add_task_text'),
('1579', '17', 'https://erp30.com/sales/manage/customers.php?', 'add_customer_text'),
('1580', '12', 'https://erp30.com/sales/sales_order_entry.php?NewInvoice=0', 'direct_invoice_text'),
('1581', '17', 'https://erp30.com/project/task.php?type=task', 'add_task_text'),
('1582', '17', 'https://erp30.com/project/demo.php?type=task', 'add_kba_text'),
('1583', '17', 'https://erp30.com/project/inquiry/task_inquiry.php?status=112', 'task_inquiry_text'),
('1584', '17', 'https://erp30.com/project/task.php?type=task', 'add_task_text'),
('1585', '17', 'https://erp30.com/project/task.php?type=task', 'add_task_text'),
('1586', '17', 'https://erp30.com/purchasing/supplier_invoice.php?New=1', 'supplier_invoice_text');
INSERT INTO `0_history_tabs` VALUES
('1587', '17', 'https://erp30.com/gl/gl_bank.php?NewDeposit=Yes', 'bank_deposit_voucher_text'),
('1588', '17', 'https://erp30.com/gl/accruals.php?', 'revenue_cost_text'),
('1589', '17', 'https://erp30.com/purchasing/inquiry/grn_search_completed.php?', 'import_purchase_text'),
('1590', '17', 'https://erp30.com/inventory/transfers.php?NewTransfer=1', 'inventry_location_text'),
('1591', '17', 'https://erp30.com/reporting/reports_main.php?Class=0', 'sale_report_text'),
('1592', '12', 'https://erp30.com/reporting/reports_main.php?Class=6', 'general_ledger_text'),
('1593', '17', 'https://erp30.com/reporting/reports_main.php?Class=6', 'general_ledger_text'),
('1594', '17', 'https://erp30.com/manufacturing/work_order_entry.php?WOType=2', 'work_order_entry_advance_manuf'),
('1595', '17', 'https://erp30.com/gl/inquiry/journal_inquiry.php?', 'journal_inquiry_text'),
('1596', '12', 'https://erp30.com/reporting/reports_main.php?Class=6', 'general_ledger_text'),
('1597', '17', 'https://erp30.com/gl/bank_account_reconcile.php?', 'reconcile_account_text'),
('1598', '17', 'https://erp30.com/inventory/inquiry/daily_stock_movements.php?', 'daily_movement_text'),
('1599', '17', 'https://erp30.com/inventory/inquiry/stock_status_customize.php?', 'inventory_item_status_text'),
('1600', '17', 'https://erp30.com/inventory/inquiry/stock_movements.php?', 'inventory_item_movemnets_text'),
('1601', '12', 'https://erp30.com/gl/gl_journal.php?NewJournal=Yes', 'journal_entry_text'),
('1602', '12', 'https://erp30.com/gl/gl_journal.php?NewJournal=Yes', 'journal_entry_text'),
('1603', '12', 'https://erp30.com/gl/gl_journal.php?NewJournal=Yes', 'journal_entry_text'),
('1604', '12', 'https://erp30.com/gl/manage/bank_accounts.php?', 'bank_account_text'),
('1605', '17', 'https://erp30.com/sales/manage/sales_sms.php?', 'sales_sms_text'),
('1606', '17', 'https://erp30.com/purchasing/po_entry_items.php?NewGRN=Yes', 'direct_grn_text'),
('1607', '17', 'https://erp30.com/purchasing/supplier_invoice.php?New=1', 'supplier_invoice_text'),
('1608', '17', 'https://erp30.com/sales/pos_order_entry.php?NewInvoice=0', 'pos_text'),
('1609', '12', 'https://erp30.com/sales/customer_payments.php?', 'customer_payment_text'),
('1610', '12', 'https://erp30.com/sales/allocations/customer_allocation_main.php?', 'allocate_text'),
('1611', '12', 'https://erp30.com/sales/allocations/customer_allocation_main.php?', 'allocate_text'),
('1612', '17', 'https://erp30.com/sales/pos_order_entry.php?NewInvoice=0', 'pos_text'),
('1613', '17', 'https://erp30.com/sales/inquiry/sales_deliveries_view.php?OutstandingOnly=1', 'invoice_against_text'),
('1614', '17', 'https://erp30.com/modules/requisitions/requisitions.php', 'requisition_entries_text'),
('1615', '12', 'https://erp30.com/reporting/reports_main.php?Class=0', 'sales_reports_text'),
('1616', '12', 'https://erp30.com/sales/manage/reports_preference.php?', ''),
('1617', '12', 'https://erp30.com/sales/credit_note_entry.php?NewCredit=Yes', 'customer_credit_note_text'),
('1618', '12', 'https://erp30.com/sales/manage/reports_preference.php?', ''),
('1619', '12', 'https://erp30.com/reporting/reports_main.php?Class=0', 'sale_report_text'),
('1620', '12', 'https://erp30.com/gl/inquiry/journal_inquiry.php?', 'journal_inquiry_text'),
('1621', '12', 'https://erp30.com/admin/backups.php?', 'backup_text'),
('1622', '12', 'https://erp30.com/sales/inquiry/sales_deliveries_view.php?OutstandingOnly=1', 'invoice_against_text'),
('1623', '12', 'https://erp30.com/purchasing/po_entry_items.php?NewOrder=Yes', 'purchase_order_text'),
('1624', '12', 'https://erp30.com/gl/inquiry/journal_inquiry.php?', 'journal_inquiry_text'),
('1625', '12', 'https://erp30.com/reporting/reports_main.php?Class=0', 'sale_report_text'),
('1626', '12', 'https://erp30.com/admin/view_print_transaction.php?', 'print_transaction_text'),
('1627', '12', 'https://erp30.com/sales/manage/reports_preference.php?', ''),
('1628', '12', 'https://erp30.com/reporting/reports_main.php?Class=0', 'sales_reports_text'),
('1629', '17', 'https://erp30.com/manufacturing/work_order_entry_cart_req.php?NewWorkOrder=1', ''),
('1630', '17', 'https://erp30.com/manufacturing/work_order_entry_cart_req.php?NewWorkOrder=1', ''),
('1631', '17', 'https://erp30.com/manufacturing/work_order_entry_cart_req.php?NewWorkOrder=1', ''),
('1632', '17', 'https://erp30.com/manufacturing/search_work_orders_req.php?outstanding_only=1', ''),
('1633', '17', 'https://erp30.com/manufacturing/work_order_entry_cart_req.php?NewWorkOrder=1', ''),
('1634', '12', 'https://erp30.com/purchasing/inquiry/po_search.php?', 'opom_text'),
('1635', '12', 'https://erp30.com/purchasing/inquiry/grn_search_completed.php?', 'import_purchase_text'),
('1636', '17', 'https://erp30.com/manufacturing/work_order_entry_cart_req.php?NewWorkOrder=1', ''),
('1637', '12', 'https://erp30.com/admin/users.php?', 'user_account_setup_text'),
('1638', '12', 'https://erp30.com/admin/security_roles.php?', 'access_setup_text'),
('1639', '17', 'https://erp30.com/manufacturing/work_order_entry_cart_req.php?NewWorkOrder=1', ''),
('1640', '12', 'https://erp30.com/manufacturing/work_order_entry_cart_req.php?NewWorkOrder=1', ''),
('1641', '12', 'https://erp30.com/admin/forms_setup.php?', 'transaction_ref_text'),
('1642', '17', 'https://erp30.com/sales/sales_order_entry.php?NewOrder=Yes', 'sale_order_entry_text'),
('1643', '17', 'https://erp30.com/reporting/reports_main.php?Class=6', 'general_ledger_text'),
('1644', '17', 'https://erp30.com/admin/void_transaction.php?', 'void_transaction_text'),
('1645', '17', 'https://erp30.com/admin/void_transaction.php?', 'void_transaction_text'),
('1646', '17', 'https://erp30.com/sales/manage/customers.php?', 'add_customer_text'),
('1647', '17', 'https://erp30.com/inventory/manage/items.php?FixedAsset=1', 'fixed_assets_text'),
('1648', '12', 'https://erp30.com/reporting/reports_main.php?Class=1', 'supplier_reports_text'),
('1649', '12', 'https://erp30.com/inventory/manage/items_inquiry.php?', 'add_and_manage_text'),
('1650', '12', 'https://erp30.com//purchasing/po_entry_items.php?NewOrder=Yes', 'purchase_order_text'),
('1651', '12', 'https://erp30.com/purchasing/inquiry/po_search.php?', 'opom_text'),
('1652', '12', 'https://erp30.com/admin/gl_setup.php?', 'system_gl_text'),
('1653', '12', 'https://erp30.com/purchasing/supplier_invoice.php?New=1', 'supplier_invoice_text'),
('1654', '12', 'https://erp30.com/admin/gl_setup.php?', 'system_gl_text'),
('1655', '12', 'https://erp30.com/purchasing/inquiry/supplier_inquiry.php?', 'supplier_transaction_inquiry_t'),
('1656', '12', 'https://erp30.com/purchasing/inquiry/po_search.php?', 'opom_text'),
('1657', '12', 'https://erp30.com/purchasing/supplier_invoice.php?New=1', 'supplier_invoice_text'),
('1658', '12', 'https://erp30.com/admin/gl_setup.php?', 'system_gl_text'),
('1659', '12', 'https://erp30.com/admin/void_transaction.php?', 'void_transaction_text'),
('1660', '12', 'https://erp30.com/purchasing/inquiry/po_search.php?', 'opom_text'),
('1661', '12', 'https://erp30.com/purchasing/supplier_invoice.php?New=1', 'supplier_invoice_text'),
('1662', '12', 'https://erp30.com/purchasing/inquiry/po_search_completed.php?', 'purchase_order_inquiry_text'),
('1663', '12', 'https://erp30.com/purchasing/po_entry_items.php?NewOrder=Yes', 'purchase_order_text'),
('1664', '12', 'https://erp30.com/purchasing/supplier_invoice.php?New=1', 'supplier_invoice_text'),
('1665', '12', 'https://erp30.com/purchasing/supplier_payment.php?', 'payments_suppliers_text'),
('1666', '12', 'https://erp30.com/purchasing/supplier_payment.php?', 'payments_suppliers_text'),
('1667', '12', 'https://erp30.com/reporting/reports_main.php?Class=1', 'supplier_reports_text'),
('1668', '12', 'https://erp30.com/purchasing/inquiry/supplier_inquiry.php?', 'supplier_transaction_inquiry_t'),
('1669', '12', 'https://erp30.com/purchasing/supplier_payment.php?', 'payments_suppliers_text'),
('1670', '12', 'https://erp30.com/purchasing/inquiry/supplier_inquiry.php?', 'supplier_transaction_inquiry_t'),
('1671', '12', 'https://erp30.com/admin/void_transaction.php?', 'void_transaction_text'),
('1672', '12', 'https://erp30.com/reporting/reports_main.php?Class=1', 'supplier_reports_text'),
('1673', '12', 'https://erp30.com/admin/gl_setup.php?', 'system_gl_text'),
('1674', '12', 'https://erp30.com/purchasing/inquiry/supplier_inquiry.php?', 'supplier_transaction_inquiry_t'),
('1675', '12', 'https://erp30.com/purchasing/po_entry_items.php?NewGRN=Yes', 'direct_grn_text'),
('1676', '17', 'https://erp30.com/purchasing/inquiry/grn_search_completed.php?', 'import_purchase_text'),
('1677', '12', 'https://erp30.com/purchasing/supplier_invoice.php?New=1', 'supplier_invoice_text'),
('1678', '12', 'https://erp30.com/purchasing/inquiry/supplier_inquiry.php?', 'supplier_transaction_inquiry_t'),
('1679', '17', 'https://erp30.com/purchasing/inquiry/supplier_allocation_inquiry.php?', 'allocate_inquiry_text'),
('1680', '12', 'https://erp30.com/gl/bank_transfer.php?', 'bank_account_transfer_text'),
('1681', '12', 'https://erp30.com/gl/gl_bankCV.php?NewPayment=Yes', 'cash_payments_voucher_text'),
('1682', '12', 'https://erp30.com/gl/inquiry/bank_inquiry.php?', 'bank_account_inquiry_text'),
('1683', '17', 'https://erp30.com/modules/import_items_adjustment/import_items_adjustment.php?', 'import_opening_balance_text'),
('1684', '12', 'https://erp30.com/gl/inquiry/gl_account_inquiry.php?', 'gl_text'),
('1685', '12', 'https://erp30.com/reporting/reports_main.php?Class=6', 'general_ledger_text'),
('1686', '17', 'https://erp30.com/sales/pos_order_entry.php?NewInvoice=0', 'pos_text'),
('1687', '12', 'https://erp30.com/gl/inquiry/journal_inquiry.php?', 'journal_inquiry_text'),
('1688', '12', 'https://erp30.com/reporting/reports_main.php?Class=1', 'supplier_reports_text'),
('1689', '17', 'https://erp30.com/sales/inquiry/sales_orders_view.php?type=32', 'sales_quotation_inquiry_text'),
('1690', '17', 'https://erp30.com/purchasing/po_entry_items.php?NewInvoice=Yes', 'wht_types'),
('1691', '17', 'https://erp30.com/fixed_assets/inquiry/stock_inquiry.php?', 'asset_inquiry_text'),
('1692', '17', 'https://erp30.com/manufacturing/work_order_entry.php?WOType=0', 'work_order_entry_text'),
('1693', '17', 'https://erp30.com/reporting/reports_main.php?Class=0', 'sale_report_text'),
('1694', '12', 'https://erp30.com/manufacturing/manage/bom_edit.php?', 'bill_of_material_text'),
('1695', '12', 'https://erp30.com/manufacturing/manage/bom_edit.php?', 'bill_of_material_text'),
('1696', '17', 'https://erp30.com/admin/payment_terms.php?', 'payment_terms_text'),
('1697', '12', 'https://erp30.com/manufacturing/manage/bom_edit.php?', 'bill_of_material_text'),
('1698', '17', 'https://erp30.com/reporting/reports_main.php?Class=0', 'sale_report_text'),
('1699', '17', 'https://erp30.com/sales/sales_order_entry.php?NewInvoice=0', 'direct_invoice_text'),
('1700', '12', 'https://erp30.com/manufacturing/work_order_entry.php?WOType=0', 'work_order_entry_text'),
('1701', '17', 'https://erp30.com/sales/sales_order_entry.php?NewOrder=Yes', 'sale_order_entry_text'),
('1702', '17', 'https://erp30.com/reporting/reports_main.php?Class=0', 'sale_report_text'),
('1703', '12', 'https://erp30.com/inventory/inquiry/stock_status_customize.php?', 'inventory_item_status_text'),
('1704', '12', 'https://erp30.com/inventory/inquiry/stock_movements.php?', 'inventory_item_movemnets_text'),
('1705', '12', 'https://erp30.com/reporting/reports_main.php?Class=2', 'inventory_reports_text'),
('1706', '17', 'https://erp30.com/modules/requisitions/requisitions.php', 'requisition_entries_text'),
('1707', '17', 'https://erp30.com/purchasing/inquiry/grn_search_completed.php?', 'import_purchase_text'),
('1708', '12', 'https://erp30.com/purchasing/inquiry/grn_search_completed.php?', 'import_purchase_text'),
('1709', '17', 'https://erp30.com/dimensions/inquiry/search_dimensions.php?', 'dimension_inquiry_text'),
('1710', '17', 'https://erp30.com/inventory/manage/item_codes.php?', 'foreign_item_codes_text'),
('1711', '17', 'https://erp30.com/reporting/reports_main.php?Class=6', 'general_ledger_text'),
('1712', '17', 'https://erp30.com/taxes/tax_groups.php?', 'tax_group_text'),
('1713', '17', 'https://erp30.com/inventory/inquiry/stock_status_customize.php?', 'inventory_item_status_text'),
('1714', '17', 'https://erp30.com/inventory/manage/items.php?FixedAsset=1', 'fixed_assets_text'),
('1715', '17', 'https://erp30.com/sales/inquiry/sales_orders_view.php?type=32', 'sales_quotation_inquiry_text'),
('1716', '17', 'https://erp30.com/project/inquiry/query_inquiry.php?status=112', 'query_inquiry_text'),
('1717', '17', 'https://erp30.com/inventory/manage/items_inquiry.php?', 'add_and_manage_text'),
('1718', '17', 'https://erp30.com/inventory/reorder_level.php?', 'recorder_levels_text'),
('1719', '17', 'https://erp30.com/admin/shipping_companies.php?', 'shipping_company_text'),
('1720', '17', 'https://erp30.com/admin/payment_terms.php?', 'payment_terms_text'),
('1721', '17', 'https://erp30.com/taxes/tax_groups.php?', 'tax_group_text'),
('1722', '17', 'https://erp30.com/sales/sales_order_entry.php?NewQuotation=Yes', 'sales_quotation_text'),
('1723', '17', 'https://erp30.com/reporting/reports_main.php?Class=0', 'sale_report_text'),
('1724', '17', 'https://erp30.com/sales/sales_order_entry.php?NewQuotation=Yes', 'sales_quotation_text'),
('1725', '17', 'https://erp30.com/admin/void_transaction.php?', 'void_transaction_text'),
('1726', '17', 'https://erp30.com/reporting/reports_main.php?Class=6', 'general_ledger_text'),
('1727', '17', 'https://erp30.com/reporting/reports_main.php?Class=6', 'general_ledger_text'),
('1728', '12', 'https://erp30.com/purchasing/inquiry/po_search.php?', 'opom_text'),
('1729', '12', 'https://erp30.com/purchasing/po_entry_items.php?NewOrder=Yes', 'purchase_order_text'),
('1730', '12', 'https://erp30.com/sales/sales_order_entry.php?NewOrder=Yes', 'sale_order_entry_text'),
('1731', '12', 'https://erp30.com/purchasing/po_entry_items.php?NewOrder=Yes', 'purchase_order_text'),
('1732', '12', 'https://erp30.com/sales/manage/sales_people.php?', 'sales_persons_text'),
('1733', '12', 'https://erp30.com/sales/manage/sales_areas.php?', 'sales_areas_text'),
('1734', '12', 'https://erp30.com/sales/manage/sales_types.php?', 'sales_type_text'),
('1735', '12', 'https://erp30.com/sales/manage/customers_inquiry.php?', 'manage_customer_text'),
('1736', '17', 'https://erp30.com/purchasing/po_entry_items.php?NewOrder=Yes', 'purchase_order_text'),
('1737', '17', 'https://erp30.com/purchasing/inquiry/po_search.php?', 'opom_text'),
('1738', '17', 'https://erp30.com/purchasing/inquiry/po_search.php?', 'opom_text'),
('1739', '17', 'https://erp30.com/purchasing/po_entry_items.php?NewOrder=Yes', 'purchase_order_text'),
('1740', '17', 'https://erp30.com/purchasing/inquiry/po_search.php?', 'opom_text'),
('1741', '17', 'https://erp30.com/purchasing/inquiry/po_search.php?', 'opom_text'),
('1742', '17', 'https://erp30.com/purchasing/inquiry/grn_search_completed.php?', 'import_purchase_text'),
('1743', '17', 'https://erp30.com/gl/manage/exchange_rates.php?', 'exchange_rates_text'),
('1744', '17', 'https://erp30.com/reporting/reports_main.php?Class=2', 'inventory_reports_text'),
('1745', '12', 'https://erp30.com/admin/void_transaction.php?', 'void_transaction_text'),
('1746', '12', 'https://erp30.com/admin/gl_setup.php?', 'system_gl_text'),
('1747', '12', 'https://erp30.com/admin/gl_setup.php?', 'system_gl_text'),
('1748', '12', 'https://erp30.com/inventory/manage/locations.php?', 'inventory_locations_text'),
('1749', '12', 'https://erp30.com/admin/user_locations.php?', 'user_location_text'),
('1750', '12', 'https://erp30.com/reporting/reports_main.php?Class=6', 'general_ledger_text'),
('1751', '12', 'https://erp30.com/reporting/reports_main.php?Class=2', 'inventory_reports_text'),
('1752', '12', 'https://erp30.com/admin/gl_setup.php?', 'system_gl_text'),
('1753', '12', 'https://erp30.com/inventory/transfers.php?NewTransfer=1', 'inventry_location_text'),
('1754', '12', 'https://erp30.com/sales/customer_payments.php?', 'customer_payment_text'),
('1755', '12', 'https://erp30.com/admin/gl_setup.php?', 'system_gl_text'),
('1756', '12', 'https://erp30.com/sales/sales_order_entry.php?NewInvoice=0', 'direct_invoice_text'),
('1757', '12', 'https://erp30.com/admin/gl_setup.php?', 'system_gl_text'),
('1758', '12', 'https://erp30.com/sales/sales_order_entry.php?NewInvoice=0', 'direct_invoice_text'),
('1759', '12', 'https://erp30.com/sales/sales_order_entry.php?NewInvoice=0', 'direct_invoice_text'),
('1760', '12', 'https://erp30.com/sales/pos_order_entry.php?NewInvoice=0', 'pos_text'),
('1761', '12', 'https://erp30.com/sales/sales_order_entry.php?NewInvoice=0', 'direct_invoice_text'),
('1762', '12', 'https://erp30.com/sales/manage/sales_sms.php?', 'sales_sms_text'),
('1763', '12', 'https://erp30.com/sales/manage/sales_types.php?', 'sales_type_text'),
('1764', '12', 'https://erp30.com/admin/company_preferences.php?', 'company_setup_text'),
('1765', '12', 'https://erp30.com/admin/company_preferences.php?', 'company_setup_text'),
('1766', '12', 'https://erp30.com/sales/manage/sales_points.php?', 'point_sale_text'),
('1767', '12', 'https://erp30.com/admin/gl_setup.php?', 'system_gl_text'),
('1768', '12', 'https://erp30.com/admin/gl_setup.php?', 'system_gl_text'),
('1769', '12', 'https://erp30.com/reporting/reports_main.php?Class=1', 'supplier_reports_text'),
('1770', '17', 'https://erp30.com/sales/inquiry/sales_orders_view.php?type=32', 'sales_quotation_inquiry_text'),
('1771', '17', 'https://erp30.com/gl/bank_transfer.php?', 'bank_account_transfer_text'),
('1772', '17', 'https://erp30.com/purchasing/po_entry_items.php?NewInvoice=Yes', 'wht_types'),
('1773', '17', 'https://erp30.com/admin/payment_terms.php?', 'payment_terms_text'),
('1774', '17', 'https://erp30.com/sales/sales_order_entry.php?NewInvoice=0', 'direct_invoice_text'),
('1775', '12', 'https://erp30.com/sales/sales_order_entry.php?NewInvoice=0', 'direct_invoice_text'),
('1776', '12', 'https://erp30.com/purchasing/po_entry_items.php?NewOrder=Yes', 'purchase_order_text'),
('1777', '17', 'https://erp30.com/sales/sales_order_entry.php?NewInvoice=0', 'direct_invoice_text'),
('1778', '17', 'https://erp30.com/sales/sales_order_entry.php?NewInvoice=0', 'direct_invoice_text'),
('1779', '12', 'https://erp30.com/sales/credit_note_entry.php?NewCredit=Yes', 'customer_credit_note_text'),
('1780', '17', 'https://erp30.com/sales/inquiry/sales_deliveries_view.php?OutstandingOnly=1', 'invoice_against_text'),
('1781', '17', 'https://erp30.com/modules/requisitions/requisitions.php', 'requisition_entries_text'),
('1782', '17', 'https://erp30.com/sales/pos_order_entry.php?NewInvoice=0', 'pos_text'),
('1783', '17', 'https://erp30.com/modules/requisitions/requisition_allocations.php', 'requisition_allocation_text'),
('1784', '17', 'https://erp30.com/purchasing/inquiry/po_search.php?', 'opom_text'),
('1785', '17', 'https://erp30.com/modules/requisitions/requisitions.php', 'requisition_entries_text'),
('1786', '17', 'https://erp30.com/modules/requisitions/requisition_allocations.php', 'requisition_allocation_text'),
('1787', '17', 'https://erp30.com/admin/tags.php?type=account', 'account_tag_text'),
('1788', '17', 'https://erp30.com/purchasing/po_entry_items.php?NewOrder=Yes', 'purchase_order_text'),
('1789', '17', 'https://erp30.com/reporting/reports_main.php?Class=0', 'sale_report_text'),
('1790', '17', 'https://erp30.com/reporting/reports_main.php?Class=0', 'sale_report_text'),
('1791', '12', 'https://erp30.com/sales/sales_order_entry.php?NewInvoice=0', 'direct_invoice_text'),
('1792', '17', 'https://erp30.com/sales/sales_order_entry.php?NewOrder=Yes', 'sale_order_entry_text'),
('1793', '12', 'https://erp30.com/sales/manage/customers_inquiry.php?', 'manage_customer_text'),
('1794', '12', 'https://erp30.com/sales/manage/customers_inquiry.php?', 'manage_customer_text'),
('1795', '12', 'https://erp30.com/sales/manage/customers_inquiry.php?', 'manage_customer_text'),
('1796', '17', 'https://erp30.com/sales/sales_order_entry.php?NewInvoice=0', 'direct_invoice_text'),
('1797', '17', 'https://erp30.com/purchasing/po_entry_items.php?NewInvoice=Yes', 'wht_types'),
('1798', '17', 'https://erp30.com/dimensions/dimension_entry.php?', 'dimension_entry_text'),
('1799', '17', 'https://erp30.com/taxes/tax_groups.php?', 'tax_group_text'),
('1800', '12', 'https://erp30.com/purchasing/supplier_payment.php?', 'payments_suppliers_text'),
('1801', '12', 'https://erp30.com/admin/users.php?', 'user_account_setup_text'),
('1802', '12', 'https://erp30.com/admin/security_roles.php?', 'access_setup_text'),
('1803', '12', 'https://erp30.com/admin/company_preferences.php?', 'company_setup_text'),
('1804', '12', 'https://erp30.com/admin/gl_setup.php?', 'system_gl_text'),
('1805', '12', 'https://erp30.com/admin/fiscalyears.php?', 'fiscal_years_text'),
('1806', '12', 'https://erp30.com/admin/forms_setup.php?', 'transaction_ref_text'),
('1807', '12', 'https://erp30.com/admin/backups.php?', 'backup_text'),
('1808', '12', 'https://erp30.com/admin/attachments.php?filterType=20', 'attach_documents_text'),
('1809', '12', 'https://erp30.com/admin/user_banks.php?', 'user_bank_access_text'),
('1810', '12', 'https://erp30.com/admin/backups.php?', 'backup_text'),
('1811', '17', 'https://erp30.com/sales/inquiry/sales_orders_view.php?OutstandingOnly=1', 'delivery_against_text'),
('1812', '17', 'https://erp30.com/sales/sales_order_entry.php?NewQuotation=Yes', 'sales_quotation_text'),
('1813', '17', 'https://erp30.com/sales/sales_order_entry.php?NewOrder=Yes', 'sale_order_entry_text'),
('1814', '17', 'https://erp30.com/sales/inquiry/sales_orders_view.php?OutstandingOnly=1', 'delivery_against_text'),
('1815', '17', 'https://erp30.com/sales/inquiry/sales_deliveries_view.php?OutstandingOnly=1', 'invoice_against_text'),
('1816', '17', 'https://erp30.com/sales/pos_order_entry.php?NewInvoice=0', 'pos_text'),
('1817', '17', 'https://erp30.com/sales/sales_order_entry.php?NewInvoice=0', 'direct_invoice_text'),
('1818', '17', 'https://erp30.com/sales/customer_payments.php?', 'customer_payment_text'),
('1819', '17', 'https://erp30.com/sales/customer_payments.php?', 'customer_payment_text'),
('1820', '17', 'https://erp30.com/sales/inquiry/sales_orders_view.php?type=32', 'sales_quotation_inquiry_text'),
('1821', '17', 'https://erp30.com/sales/manage/customers_inquiry.php?', 'manage_customer_text'),
('1822', '17', 'https://erp30.com/sales/manage/sales_groups.php?', 'sales_group_text'),
('1823', '17', 'https://erp30.com/sales/manage/sales_sms.php?', 'sales_sms_text'),
('1824', '17', 'https://erp30.com/sales/manage/sales_sms.php?', 'sales_sms_text'),
('1825', '17', 'https://erp30.com/reporting/reports_main.php?Class=6', 'general_ledger_text'),
('1826', '17', 'https://erp30.com/dimensions/dimension_entry.php?', 'dimension_entry_text'),
('1827', '17', 'https://erp30.com/project/task.php?type=task', 'add_task_text'),
('1828', '17', 'https://erp30.com/sales/sales_order_entry.php?NewOrder=Yes', 'sale_order_entry_text'),
('1829', '17', 'https://erp30.com/project/demo.php?type=task', 'add_kba_text'),
('1830', '17', 'https://erp30.com/project/task.php?type=event', 'add_event_text'),
('1831', '17', 'https://erp30.com/project/query.php?', 'add_query_text'),
('1832', '17', 'https://erp30.com/manufacturing/work_order_entry_cart_req.php?NewWorkOrder=1', ''),
('1833', '17', 'https://erp30.com/sales/inquiry/sales_orders_view.php?OutstandingOnly=1', 'delivery_against_text'),
('1834', '17', 'https://erp30.com/sales/inquiry/sales_orders_view.php?OutstandingOnly=1', 'delivery_against_text'),
('1835', '17', 'https://erp30.com/sales/sales_order_entry.php?NewQuotation=Yes', 'sales_quotation_text'),
('1836', '17', 'https://erp30.com/manufacturing/search_work_orders.php?outstanding_only=1', 'outstanding_work_order_text'),
('1837', '17', 'https://erp30.com/sales/customer_payments.php?', 'customer_payment_text'),
('1838', '17', 'https://erp30.com/sales/customer_payments.php?', 'customer_payment_text'),
('1839', '17', 'https://erp30.com/sales/inquiry/sales_deliveries_view.php?OutstandingOnly=1', 'invoice_against_text'),
('1840', '17', 'https://erp30.com/sales/inquiry/sales_orders_view.php?OutstandingOnly=1', 'delivery_against_text'),
('1841', '17', 'https://erp30.com/sales/inquiry/sales_deliveries_view.php?OutstandingOnly=1', 'invoice_against_text'),
('1842', '17', 'https://erp30.com/sales/pos_order_entry.php?NewInvoice=0', 'pos_text'),
('1843', '17', 'https://erp30.com/sales/customer_payments.php?', 'customer_payment_text'),
('1844', '12', 'https://erp30.com/purchasing/inquiry/grn_search_completed.php?', 'import_purchase_text'),
('1845', '12', 'https://erp30.com/reporting/reports_main.php?Class=1', 'supplier_reports_text'),
('1846', '17', 'https://erp30.com/admin/forms_setup.php?', 'transaction_ref_text'),
('1847', '17', 'https://erp30.com/admin/payment_terms.php?', 'payment_terms_text'),
('1848', '17', 'https://erp30.com/gl/gl_bank.php?NewPayment=Yes', 'bank_payments_voucher_text'),
('1849', '17', 'https://erp30.com/gl/manage/gl_quick_entries.php?', 'quick_entries_text'),
('1850', '17', 'https://erp30.com/inventory/manage/items.php?FixedAsset=1', 'fixed_assets_text'),
('1851', '17', 'https://erp30.com/reporting/reports_main.php?Class=0', 'sales_reports_text'),
('1852', '17', 'https://erp30.com/inventory/manage/item_codes.php?', 'foreign_item_codes_text'),
('1853', '17', 'https://erp30.com/admin/fiscalyears.php?', 'fiscal_years_text'),
('1854', '17', 'https://erp30.com/modules/import_items_adjustment/import_items_adjustment.php?', 'import_opening_balance_text'),
('1855', '17', 'https://erp30.com/reporting/reports_main.php?Class=0', 'sales_reports_text'),
('1856', '17', 'https://erp30.com/sales/sales_order_entry.php?NewQuotation=Yes', 'sales_quotation_text'),
('1857', '17', 'https://erp30.com/admin/attachments.php?filterType=20', 'attach_documents_text'),
('1858', '17', 'https://erp30.com/admin/gl_setup.php?', 'system_gl_text'),
('1859', '17', 'https://erp30.com/sales/sales_order_entry.php?NewQuotation=Yes', 'sales_quotation_text'),
('1860', '17', 'https://erp30.com/dimensions/inquiry/search_dimensions.php?outstanding_only=1', 'outstanding_dimension_text'),
('1861', '17', 'https://erp30.com/dimensions/dimension_entry.php?', 'dimension_entry_text'),
('1862', '17', 'https://erp30.com/dimensions/dimension_entry.php?', 'dimension_entry_text'),
('1863', '17', 'https://erp30.com/dimensions/inquiry/search_dimensions.php?outstanding_only=1', 'outstanding_dimension_text'),
('1864', '17', 'https://erp30.com/purchasing/po_entry_items.php?NewGRN=Yes', 'direct_grn_text'),
('1865', '17', 'https://erp30.com/dimensions/inquiry/search_dimensions.php?', 'dimension_inquiry_text'),
('1866', '17', 'https://erp30.com/reporting/reports_main.php?Class=4', 'dimension_reports_text'),
('1867', '12', 'https://erp30.com/reporting/reports_main.php?Class=0', 'sale_report_text'),
('1868', '12', 'https://erp30.com/reporting/reports_main.php?Class=0', 'sale_report_text'),
('1869', '12', 'https://erp30.com/reporting/reports_main.php?Class=0', 'sale_report_text'),
('1870', '12', 'https://erp30.com/sales/inquiry/sales_orders_view.php?OutstandingOnly=1', 'delivery_against_text'),
('1871', '12', 'https://erp30.com/sales/inquiry/sales_deliveries_view.php?OutstandingOnly=1', 'invoice_against_text'),
('1872', '12', 'https://erp30.com/sales/sales_order_entry.php?NewOrder=Yes', 'sale_order_entry_text'),
('1873', '17', 'https://erp30.com/reporting/reports_main.php?Class=6', 'general_ledger_text'),
('1874', '12', 'https://erp30.com/purchasing/po_entry_items.php?NewOrder=Yes', 'purchase_order_text'),
('1875', '12', 'https://erp30.com/inventory/manage/items_inquiry.php?', 'add_and_manage_text'),
('1876', '12', 'https://erp30.com//inventory/manage/items_inquiry.php?', 'add_and_manage_text'),
('1877', '12', 'https://erp30.com/purchasing/po_entry_items.php?NewOrder=Yes', 'purchase_order_text'),
('1878', '12', 'https://erp30.com/sales/sales_order_entry.php?NewOrder=Yes', 'sale_order_entry_text'),
('1879', '12', 'https://erp30.com/sales/sales_order_entry.php?NewOrder=Yes', 'sale_order_entry_text'),
('1880', '12', 'https://erp30.com/admin/backups.php?', 'backup_text'),
('1881', '12', 'https://erp30.com/reporting/reports_main.php?Class=6', 'general_ledger_text'),
('1882', '12', 'https://erp30.com///manufacturing/work_order_entry.php?WOType=0', 'work_order_entry_text'),
('1883', '12', 'https://erp30.com///manufacturing/search_work_orders.php?outstanding_only=1', 'outstanding_work_order_text'),
('1884', '12', 'https://erp30.com///manufacturing/work_order_entry.php?WOType=1', ''),
('1885', '12', 'https://erp30.com///manufacturing/search_work_orders.php?outstanding_only=1', 'outstanding_work_order_text'),
('1886', '12', 'https://erp30.com///manufacturing/work_order_entry.php?WOType=0', 'work_order_entry_text'),
('1887', '12', 'https://erp30.com///manufacturing/work_order_entry.php?WOType=1', ''),
('1888', '12', 'https://erp30.com///manufacturing/search_work_orders.php?outstanding_only=1', 'outstanding_work_order_text'),
('1889', '12', 'https://erp30.com/manufacturing/work_order_entry.php?WOType=0', 'work_order_entry_text'),
('1890', '12', 'https://erp30.com/manufacturing/search_work_orders.php?', 'work_order_inquiry_text'),
('1891', '12', 'https://erp30.com/manufacturing/search_work_orders.php?', 'work_order_inquiry_text'),
('1892', '12', 'https://erp30.com/sales/inquiry/sales_orders_view.php?OutstandingOnly=1', 'delivery_against_text'),
('1893', '12', 'https://erp30.com/sales/inquiry/sales_deliveries_view.php?OutstandingOnly=1', 'invoice_against_text'),
('1894', '12', 'https://erp30.com/sales/sales_order_entry.php?NewInvoice=0', 'direct_invoice_text'),
('1895', '12', 'https://erp30.com/sales/inquiry/sales_deliveries_view.php?OutstandingOnly=1', 'invoice_against_text'),
('1896', '12', 'https://erp30.com///sales/inquiry/sales_orders_view.php?OutstandingOnly=1', 'delivery_against_text'),
('1897', '12', 'https://erp30.com/sales/manage/reports_preference.php?', ''),
('1898', '17', 'https://erp30.com/inventory/manage/item_categories.php?FixedAsset=1', 'fixed_assets_categories_text'),
('1899', '17', 'https://erp30.com/inventory/manage/items.php?FixedAsset=1', 'fixed_assets_text'),
('1900', '12', 'https://erp30.com/inventory/adjustments.php?NewAdjustment=1', 'inventory_adjustments_text'),
('1901', '12', 'https://erp30.com/inventory/inquiry/stock_movements.php?', 'inventory_item_movemnets_text'),
('1902', '17', 'https://erp30.com/sales/manage/customers.php?', 'add_customer_text'),
('1903', '17', 'https://erp30.com/modules/requisitions/requisitions.php', 'requisition_entries_text'),
('1904', '17', 'https://erp30.com/modules/requisitions/requisition_allocations.php', 'requisition_allocation_text'),
('1905', '17', 'https://erp30.com/purchasing/po_entry_items.php?NewOrder=Yes', 'purchase_order_text'),
('1906', '17', 'https://erp30.com/dimensions/dimension_entry.php?', 'dimension_entry_text'),
('1907', '17', 'https://erp30.com/admin/gl_setup.php?', 'system_gl_text'),
('1908', '12', 'https://erp30.com/admin/gl_setup.php?', 'system_gl_text'),
('1909', '12', 'https://erp30.com/sales/manage/item_code.php?', 'updated_items_text'),
('1910', '12', 'https://erp30.com/admin/users.php?', 'user_account_setup_text'),
('1911', '18', 'https://erp30.com/admin/users.php?', 'user_account_setup_text'),
('1912', '17', 'https://erp30.com/modules/requisitions/requisitions.php', 'requisition_entries_text'),
('1913', '17', 'https://erp30.com/modules/requisitions/requisition_allocations.php', 'requisition_allocation_text'),
('1914', '17', 'https://erp30.com/modules/requisitions/requisitions.php', 'requisition_entries_text'),
('1915', '17', 'https://erp30.com/modules/requisitions/requisition_allocations.php', 'requisition_allocation_text'),
('1916', '17', 'https://erp30.com/purchasing/po_entry_items.php?NewOrder=Yes', 'purchase_order_text'),
('1917', '17', 'https://erp30.com/modules/requisitions/requisition_allocations.php', 'requisition_allocation_text'),
('1918', '17', 'https://erp30.com/sales/inquiry/sales_orders_view.php?OutstandingOnly=1', 'delivery_against_text'),
('1919', '17', 'https://erp30.com/purchasing/po_entry_items.php?NewOrder=Yes', 'purchase_order_text'),
('1920', '17', 'https://erp30.com/modules/requisitions/requisitions.php', 'requisition_entries_text'),
('1921', '17', 'https://erp30.com/modules/requisitions/requisition_allocations.php', 'requisition_allocation_text'),
('1922', '17', 'https://erp30.com/modules/import_supp_OB/import_supp_OB.php?', 'import_sup_text'),
('1923', '17', 'https://erp30.com/purchasing/manage/supplier_category.php?', 'supplier_category_text'),
('1924', '17', 'https://erp30.com/purchasing/manage/suppliers_inquiry.php?', 'manage_supplier_text'),
('1925', '17', 'https://erp30.com/purchasing/inquiry/po_search.php?', 'opom_text'),
('1926', '17', 'https://erp30.com/purchasing/inquiry/grn_search_completed.php?', 'import_purchase_text'),
('1927', '17', 'https://erp30.com/purchasing/po_entry_items.php?NewOrder=Yes', 'purchase_order_text'),
('1928', '17', 'https://erp30.com/purchasing/inquiry/po_search.php?', 'opom_text'),
('1929', '17', 'https://erp30.com/purchasing/po_entry_items.php?NewOrder=Yes', 'purchase_order_text'),
('1930', '17', 'https://erp30.com/purchasing/inquiry/po_search.php?', 'opom_text'),
('1931', '17', 'https://erp30.com/purchasing/po_entry_items.php?NewGRN=Yes', 'direct_grn_text'),
('1932', '17', 'https://erp30.com/purchasing/supplier_invoice.php?New=1', 'supplier_invoice_text'),
('1933', '17', 'https://erp30.com/purchasing/inquiry/grn_search_completed.php?', 'import_purchase_text'),
('1934', '17', 'https://erp30.com/purchasing/inquiry/grn_search_completed.php?', 'import_purchase_text'),
('1935', '17', 'https://erp30.com/sales/pos_order_entry.php?NewInvoice=0', 'pos_text'),
('1936', '17', 'https://erp30.com/sales/sales_order_entry.php?NewInvoice=0', 'direct_invoice_text'),
('1937', '17', 'https://erp30.com/sales/customer_payments.php?', 'customer_payment_text'),
('1938', '17', 'https://erp30.com/gl/gl_bank.php?NewDeposit=Yes', 'bank_deposit_voucher_text'),
('1939', '12', 'https://erp30.com/manufacturing/manage/bom_edit.php?', 'bill_of_material_text'),
('1940', '17', 'https://erp30.com/sales/inquiry/sales_orders_view.php?type=32', 'sales_quotation_inquiry_text'),
('1941', '17', 'https://erp30.com/sales/inquiry/sales_orders_view.php?type=32', 'sales_quotation_inquiry_text'),
('1942', '17', 'https://erp30.com/sales/inquiry/sales_orders_view.php?type=32', 'sales_quotation_inquiry_text'),
('1943', '17', 'https://erp30.com/sales/inquiry/sales_orders_view.php?type=32', 'sales_quotation_inquiry_text'),
('1944', '17', 'https://erp30.com/sales/inquiry/sales_orders_view.php?type=32', 'sales_quotation_inquiry_text'),
('1945', '17', 'https://erp30.com/sales/inquiry/sales_orders_view.php?type=32', 'sales_quotation_inquiry_text'),
('1946', '17', 'https://erp30.com/sales/inquiry/sales_orders_view.php?type=32', 'sales_quotation_inquiry_text'),
('1947', '17', 'https://erp30.com/sales/inquiry/sales_orders_view.php?type=32', 'sales_quotation_inquiry_text'),
('1948', '17', 'https://erp30.com/sales/inquiry/sales_orders_view.php?type=32', 'sales_quotation_inquiry_text'),
('1949', '17', 'https://erp30.com/sales/inquiry/sales_orders_view.php?type=32', 'sales_quotation_inquiry_text'),
('1950', '17', 'https://erp30.com/sales/inquiry/sales_orders_view.php?type=32', 'sales_quotation_inquiry_text'),
('1951', '17', 'https://erp30.com/sales/inquiry/sales_orders_view.php?type=32', 'sales_quotation_inquiry_text'),
('1952', '17', 'https://erp30.com/sales/inquiry/sales_orders_view.php?type=32', 'sales_quotation_inquiry_text'),
('1953', '17', 'https://erp30.com/sales/inquiry/sales_orders_view.php?type=32', 'sales_quotation_inquiry_text'),
('1954', '17', 'https://erp30.com/sales/inquiry/sales_orders_view.php?type=32', 'sales_quotation_inquiry_text'),
('1955', '17', 'https://erp30.com/sales/inquiry/sales_orders_view.php?type=32', 'sales_quotation_inquiry_text'),
('1956', '17', 'https://erp30.com/reporting/reports_main.php?Class=0', 'sales_reports_text'),
('1957', '17', 'https://erp30.com/sales/sales_order_entry.php?NewInvoice=0', 'direct_invoice_text'),
('1958', '17', 'https://erp30.com/purchasing/inquiry/grn_search_completed.php?', 'import_purchase_text'),
('1959', '17', 'https://erp30.com/purchasing/inquiry/grn_search_completed.php?', 'import_purchase_text'),
('1960', '12', 'https://erp30.com/reporting/reports_main.php?Class=6', 'general_ledger_text'),
('1961', '17', 'https://erp30.com/purchasing/inquiry/grn_search_completed.php?', 'import_purchase_text'),
('1962', '17', 'https://erp30.com/purchasing/supplier_invoice.php?New=1', 'supplier_invoice_text'),
('1963', '17', 'https://erp30.com/gl/bank_account_reconcile.php?', 'reconcile_account_text'),
('1964', '12', 'https://erp30.com/reporting/reports_main.php?Class=1', 'supplier_reports_text'),
('1965', '17', 'https://erp30.com/taxes/tax_groups.php?', 'tax_group_text'),
('1966', '17', 'https://erp30.com/inventory/transfers.php?NewTransfer=1', 'inventry_location_text'),
('1967', '17', 'https://erp30.com/modules/import_items_adjustment/import_items_adjustment.php?', 'import_opening_balance_text'),
('1968', '17', 'https://erp30.com/purchasing/inquiry/po_search.php?', 'opom_text'),
('1969', '17', 'https://erp30.com/sales/pos_order_entry.php?NewInvoice=0', 'pos_text'),
('1970', '17', 'https://erp30.com/sales/inquiry/sales_deliveries_view.php?OutstandingOnly=1', 'invoice_against_text'),
('1971', '17', 'https://erp30.com/sales/inquiry/sales_deliveries_view.php?OutstandingOnly=1', 'invoice_against_text'),
('1972', '17', 'https://erp30.com/sales/customer_payments.php?', 'customer_payment_text'),
('1973', '17', 'https://erp30.com/sales/credit_note_entry.php?NewCredit=Yes', 'customer_credit_note_text'),
('1974', '17', 'https://erp30.com/sales/credit_note_entry.php?NewCredit=Yes', 'customer_credit_note_text'),
('1975', '17', 'https://erp30.com/project/task.php?type=task', 'add_task_text'),
('1976', '17', 'https://erp30.com/project/inquiry/task_inquiry.php?status=112', 'task_inquiry_text'),
('1977', '17', 'https://erp30.com/sales/sales_order_entry.php?NewQuotation=Yes', 'sales_quotation_text'),
('1978', '17', 'https://erp30.com/modules/requisitions/requisitions.php', 'requisition_entries_text'),
('1979', '17', 'https://erp30.com/modules/requisitions/requisitions.php', 'requisition_entries_text'),
('1980', '17', 'https://erp30.com/purchasing/inquiry/po_search_completed.php?', 'purchase_order_inquiry_text'),
('1981', '17', 'https://erp30.com/manufacturing/work_order_entry_cart.php?NewWorkOrder=1', ''),
('1982', '17', 'https://erp30.com/purchasing/inquiry/po_search.php?', 'opom_text'),
('1983', '17', 'https://erp30.com/purchasing/inquiry/supplier_allocation_inquiry.php?', 'allocate_inquiry_text'),
('1984', '17', 'https://erp30.com/inventory/transfers.php?NewTransfer=1', 'wht_types'),
('1985', '17', 'https://erp30.com/sales/sales_order_entry.php?NewOrder=Yes', 'sale_order_entry_text'),
('1986', '17', 'https://erp30.com/reporting/reports_main.php?Class=7', 'assets_reports_text'),
('1987', '17', 'https://erp30.com/sales/customer_payments.php?', 'customer_payment_text'),
('1988', '17', 'https://erp30.com/purchasing/inquiry/pr_search_completed.php?', 'purchase_requisitions_inquiry_'),
('1989', '17', 'https://erp30.com/sales/sales_order_entry.php?NewQuotation=Yes', 'sales_quotation_text'),
('1990', '17', 'https://erp30.com/gl/gl_bank.php?NewPayment=Yes', 'bank_payments_voucher_text'),
('1991', '17', 'https://erp30.com/purchasing/inquiry/po_search_completed.php?', 'purchase_order_inquiry_text'),
('1992', '17', 'https://erp30.com/gl/gl_journal.php?NewJournal=Yes', 'journal_entry_text'),
('1993', '17', 'https://erp30.com/sales/sales_order_entry.php?NewOrder=Yes', 'sale_order_entry_text'),
('1994', '17', 'https://erp30.com/sales/inquiry/sales_orders_view.php?OutstandingOnly=1', 'delivery_against_text'),
('1995', '17', 'https://erp30.com/reporting/reports_main.php?Class=6', 'general_ledger_text'),
('1996', '17', 'https://erp30.com/sales/inquiry/sales_deliveries_view.php?OutstandingOnly=1', 'invoice_against_text'),
('1997', '17', 'https://erp30.com/sales/customer_payments.php?', 'customer_payment_text'),
('1998', '17', 'https://erp30.com/sales/customer_payments.php?', 'customer_payment_text'),
('1999', '17', 'https://erp30.com/sales/credit_note_entry.php?NewCredit=Yes', 'customer_credit_note_text'),
('2000', '12', 'https://erp30.com/gl/inquiry/journal_inquiry.php?', 'journal_inquiry_text'),
('2001', '12', 'https://erp30.com/gl/gl_journal.php?NewJournal=Yes', 'journal_entry_text'),
('2002', '12', 'https://erp30.com/gl/inquiry/journal_inquiry.php?', 'journal_inquiry_text'),
('2003', '12', 'https://erp30.com/gl/inquiry/gl_account_inquiry.php?', 'gl_text'),
('2004', '12', 'https://erp30.com/gl/inquiry/gl_account_inquiry.php?', 'gl_text'),
('2005', '17', 'https://erp30.com/sales/allocations/customer_allocation_main.php?', 'allocate_text'),
('2006', '17', 'https://erp30.com/purchasing/po_entry_items.php?NewOrder=Yes', 'purchase_order_text'),
('2007', '17', 'https://erp30.com/purchasing/inquiry/po_search.php?', 'opom_text'),
('2008', '17', 'https://erp30.com/purchasing/supplier_invoice.php?New=1', 'supplier_invoice_text'),
('2009', '17', 'https://erp30.com/purchasing/supplier_payment.php?', 'payments_suppliers_text'),
('2010', '17', 'https://erp30.com/purchasing/supplier_credit.php?New=1', 'supplier_credit_text'),
('2011', '17', 'https://erp30.com/purchasing/allocations/supplier_allocation_main.php?', 'allocates_text'),
('2012', '17', 'https://erp30.com/reporting/reports_main.php?Class=1', 'supplier_reports_text'),
('2013', '17', 'https://erp30.com/modules/import_items_adjustment/import_items_adjustment.php?', 'import_opening_balance_text'),
('2014', '17', 'https://erp30.com/purchasing/inquiry/grn_search_completed.php?', 'import_purchase_text'),
('2015', '17', 'https://erp30.com/purchasing/inquiry/grn_search_completed.php?', 'import_purchase_text'),
('2016', '17', 'https://erp30.com/purchasing/po_entry_items.php?NewGRN=Yes', 'direct_grn_text'),
('2017', '17', 'https://erp30.com/purchasing/po_entry_items.php?NewInvoice=Yes', 'direct_supplier_invoice_text'),
('2018', '17', 'https://erp30.com/purchasing/supplier_payment.php?', 'payments_suppliers_text'),
('2019', '17', 'https://erp30.com/purchasing/inquiry/grn_search_completed.php?', 'import_purchase_text'),
('2020', '17', 'https://erp30.com/purchasing/po_entry_items.php?NewOrder=Yes', 'purchase_order_text'),
('2021', '17', 'https://erp30.com/purchasing/inquiry/pr_search_completed.php?', 'purchase_requisitions_inquiry_'),
('2022', '17', 'https://erp30.com/purchasing/inquiry/pr_search_completed.php?', 'purchase_requisitions_inquiry_'),
('2023', '17', 'https://erp30.com/purchasing/inquiry/supplier_allocation_inquiry.php?', 'allocate_inquiry_text'),
('2024', '17', 'https://erp30.com/purchasing/inquiry/po_search.php?', 'opom_text'),
('2025', '17', 'https://erp30.com/purchasing/inquiry/po_search.php?', 'opom_text'),
('2026', '17', 'https://erp30.com/purchasing/inquiry/grn_search_completed.php?', 'import_purchase_text'),
('2027', '17', 'https://erp30.com/purchasing/manage/supplier_category.php?', 'supplier_category_text'),
('2028', '17', 'https://erp30.com/purchasing/inquiry/po_search_completed.php?', 'purchase_order_inquiry_text'),
('2029', '17', 'https://erp30.com/purchasing/inquiry/po_search.php?', 'opom_text'),
('2030', '17', 'https://erp30.com/purchasing/inquiry/grn_search_completed.php?', 'import_purchase_text'),
('2031', '17', 'https://erp30.com/modules/requisitions/requisition_allocations.php', 'requisition_allocation_text'),
('2032', '17', 'https://erp30.com/purchasing/inquiry/pr_search_completed.php?', 'purchase_requisitions_inquiry_'),
('2033', '17', 'https://erp30.com/purchasing/inquiry/po_search.php?', 'opom_text'),
('2034', '17', 'https://erp30.com/purchasing/inquiry/grn_search_completed.php?', 'import_purchase_text'),
('2035', '17', 'https://erp30.com/purchasing/inquiry/po_search_completed.php?', 'purchase_order_inquiry_text'),
('2036', '17', 'https://erp30.com/purchasing/inquiry/po_search.php?', 'opom_text'),
('2037', '17', 'https://erp30.com/purchasing/inquiry/po_search.php?', 'opom_text'),
('2038', '17', 'https://erp30.com/purchasing/po_entry_items.php?NewGRN=Yes', 'direct_grn_text'),
('2039', '17', 'https://erp30.com/purchasing/inquiry/pr_search_completed.php?', 'purchase_requisitions_inquiry_'),
('2040', '17', 'https://erp30.com/purchasing/inquiry/supplier_allocation_inquiry.php?', 'allocate_inquiry_text'),
('2041', '12', 'https://erp30.com/gl/gl_bankCV.php?NewPayment=Yes', 'cash_payments_voucher_text'),
('2042', '12', 'https://erp30.com/gl/gl_bank.php?NewPayment=Yes', 'bank_payments_voucher_text'),
('2043', '17', 'https://erp30.com/gl/inquiry/journal_inquiry.php?', 'journal_inquiry_text'),
('2044', '17', 'https://erp30.com/reporting/reports_main.php?Class=0', 'sale_report_text'),
('2045', '17', 'https://erp30.com/modules/import_items_adjustment/import_items_adjustment.php?', 'import_opening_balance_text'),
('2046', '17', 'https://erp30.com/gl/inquiry/gl_account_inquiry.php?', 'gl_text'),
('2047', '17', 'https://erp30.com/gl/inquiry/gl_account_inquiry.php?', 'gl_text'),
('2048', '17', 'https://erp30.com/reporting/reports_main.php?Class=6', 'general_ledger_text'),
('2049', '12', 'http://beta.erp30.com/marina/sales/manage/item_code.php?', 'updated_items_text'),
('2050', '17', 'https://erp30.com/inventory/prices.php?', 'sales_pricing_text'),
('2051', '12', 'https://erp30.com/reporting/reports_main.php?Class=0', 'sale_report_text'),
('2052', '17', 'https://erp30.com/gl/gl_bank.php?NewPayment=Yes', 'bank_payments_voucher_text'),
('2053', '17', 'https://erp30.com/purchasing/inquiry/grn_search_completed.php?', 'import_purchase_text'),
('2054', '17', 'https://erp30.com/modules/import_supp_OB/import_supp_OB.php?', 'import_sup_text'),
('2055', '17', 'https://erp30.com/purchasing/inquiry/grn_search_completed.php?', 'import_purchase_text'),
('2056', '17', 'https://erp30.com/reporting/reports_main.php?Class=0', 'sale_report_text'),
('2057', '17', 'https://erp30.com/sales/sales_order_entry.php?NewInvoice=0', 'direct_invoice_text'),
('2058', '17', 'https://erp30.com/reporting/reports_main.php?Class=6', 'general_ledger_text'),
('2059', '17', 'https://erp30.com/reporting/reports_main.php?Class=0', 'sale_report_text'),
('2060', '17', 'https://erp30.com/sales/manage/sales_sms.php?', 'sales_sms_text'),
('2061', '17', 'https://erp30.com/sales/sales_order_entry.php?NewOrder=Yes', 'sale_order_entry_text'),
('2062', '17', 'https://erp30.com/sales/pos_order_entry.php?NewInvoice=0', 'pos_text'),
('2063', '17', 'https://erp30.com/inventory/adjustments.php?NewAdjustment=1', 'inventory_adjustments_text'),
('2064', '17', 'https://erp30.com/modules/import_items/import_items.php?', 'import_item_text'),
('2065', '17', 'https://erp30.com/modules/import_items_adjustment/import_items_adjustment.php?', 'import_opening_balance_text'),
('2066', '17', 'https://erp30.com/inventory/cost_update.php?', 'standard_cost_text'),
('2067', '17', 'https://erp30.com/inventory/transfers.php?NewTransfer=1', 'inventry_location_text'),
('2068', '17', 'https://erp30.com/project/inquiry/task_inquiry.php?status=112', 'task_inquiry_text'),
('2069', '17', 'https://erp30.com/reporting/reports_main.php?Class=1', 'supplier_reports_text'),
('2070', '17', 'https://erp30.com/purchasing/po_entry_items.php?NewInvoice=Yes', 'wht_types'),
('2071', '17', 'https://erp30.com/fixed_assets/inquiry/stock_inquiry.php?', 'asset_inquiry_text'),
('2072', '17', 'https://erp30.com/project/task.php?type=task', 'add_task_text'),
('2073', '17', 'https://erp30.com/sales/sales_order_entry.php?NewInvoice=0', 'direct_invoice_text'),
('2074', '17', 'https://erp30.com/project/task.php?type=task', 'add_task_text'),
('2075', '17', 'https://erp30.com/project/demo.php?type=task', 'add_kba_text'),
('2076', '17', 'https://erp30.com/taxes/item_tax_types.php?', 'item_tax_type_text'),
('2077', '17', 'https://erp30.com/sales/sales_order_entry.php?NewInvoice=0', 'direct_invoice_text'),
('2078', '17', 'https://erp30.com/admin/shipping_companies.php?', 'shipping_company_text'),
('2079', '17', 'https://erp30.com/sales/manage/sales_points.php?', 'point_sale_text'),
('2080', '12', 'https://erp30.com/reporting/reports_main.php?Class=0', 'sale_report_text'),
('2081', '17', 'https://www.erp30.com/manufacturing/work_order_entry_cart_req.php?NewWorkOrder=1', ''),
('2082', '17', 'https://www.erp30.com/manufacturing/search_work_orders.php?', 'work_order_inquiry_text'),
('2083', '17', 'https://erp30.com/dimensions/inquiry/search_dimensions.php?', 'dimension_inquiry_text'),
('2084', '12', 'https://erp30.com/reporting/reports_main.php?Class=1', 'supplier_reports_text'),
('2085', '12', 'https://erp30.com/reporting/reports_main.php?Class=1', 'supplier_reports_text'),
('2086', '17', 'https://erp30.com/modules/import_items_adjustment/import_items_adjustment.php?', 'import_opening_balance_text'),
('2087', '17', 'https://erp30.com/purchasing/inquiry/grn_search_completed.php?', 'import_purchase_text'),
('2088', '18', 'https://erp30.com/admin/company_preferences.php?', 'company_setup_text'),
('2089', '18', 'https://erp30.com/inventory/manage/items_inquiry.php?', 'add_and_manage_text'),
('2090', '18', 'https://erp30.com/purchasing/inquiry/grn_search_completed.php?', 'import_purchase_text'),
('2091', '18', 'https://erp30.com//purchasing/po_entry_items.php?NewInvoice=Yes', 'direct_supplier_invoice_text'),
('2092', '18', 'https://erp30.com/modules/requisitions/requisitions.php', 'requisition_entries_text'),
('2093', '18', 'https://erp30.com//purchasing/inquiry/grn_search_completed.php?', 'import_purchase_text'),
('2094', '18', 'https://erp30.com/manufacturing/work_order_entry_cart_req.php?NewWorkOrder=1', ''),
('2095', '18', 'https://erp30.com/dimensions/inquiry/search_dimensions.php?outstanding_only=1', 'outstanding_dimension_text'),
('2096', '18', 'https://erp30.com/admin/company_preferences.php?', 'company_setup_text'),
('2097', '18', 'https://erp30.com/admin/security_roles.php?', 'access_setup_text'),
('2098', '18', 'https://erp30.com/admin/display_prefs.php?', 'display_setup_text'),
('2099', '18', 'https://erp30.com/sales/manage/sales_points.php?', 'point_sale_text'),
('2100', '18', 'https://erp30.com/sales/sales_order_entry.php?NewOrder=Yes', 'sale_order_entry_text'),
('2101', '18', 'https://erp30.com/sales/inquiry/sales_deliveries_view.php?OutstandingOnly=1', 'invoice_against_text'),
('2102', '18', 'https://erp30.com/sales/pos_order_entry.php?NewInvoice=0', 'pos_text'),
('2103', '18', 'https://erp30.com/sales/sales_order_entry.php?NewInvoice=0', 'direct_invoice_text'),
('2104', '18', 'https://erp30.com/sales/inquiry/sales_deliveries_view.php?OutstandingOnly=1', 'invoice_against_text');
INSERT INTO `0_history_tabs` VALUES
('2105', '18', 'https://erp30.com/sales/sales_order_entry.php?NewInvoice=0', 'direct_invoice_text'),
('2106', '17', 'https://erp30.com/gl/inquiry/tax_inquiry.php?', 'tax_inquiry_text'),
('2107', '17', 'https://erp30.com/reporting/reports_main.php?Class=7', 'assets_reports_text'),
('2108', '17', 'https://erp30.com/inventory/manage/locations.php?FixedAsset=1', 'fixed_assets_locations_text'),
('2109', '17', 'https://erp30.com/admin/print_profiles.php?', 'print_profile_text'),
('2110', '17', 'https://erp30.com/admin/shipping_companies.php?', 'shipping_company_text'),
('2111', '17', 'https://erp30.com/admin/void_transaction.php?', 'void_transaction_text'),
('2112', '18', 'https://erp30.com/reporting/reports_main.php?Class=0', 'sale_report_text'),
('2113', '18', 'https://erp30.com/modules/import_items/import_items.php?', 'import_item_text'),
('2114', '18', 'https://erp30.com/admin/gl_setup.php?', 'system_gl_text'),
('2115', '17', 'https://erp30.com/purchasing/po_entry_items.php?NewInvoice=Yes', 'wht_types'),
('2116', '17', 'https://erp30.com/sales/manage/sales_points.php?', 'point_sale_text'),
('2117', '17', 'https://erp30.com/gl/gl_bank.php?NewPayment=Yes', 'bank_payments_voucher_text'),
('2118', '17', 'https://erp30.com/gl/gl_journal.php?NewJournal=Yes', 'journal_entry_text'),
('2119', '17', 'https://erp30.com/sales/manage/customers.php?', 'add_customer_text'),
('2120', '17', 'https://erp30.com/sales/manage/sales_points.php?', 'point_sale_text'),
('2121', '17', 'https://erp30.com/sales/manage/sales_points.php?', 'point_sale_text'),
('2122', '12', 'https://erp30.com/reporting/reports_main.php?Class=0', 'sales_reports_text'),
('2123', '12', 'https://erp30.com/reporting/reports_main.php?Class=6', 'general_ledger_text'),
('2124', '17', 'https://erp30.com/inventory/manage/item_categories.php?', 'item_categories_text'),
('2125', '17', 'https://erp30.com/gl/gl_journal.php?NewJournal=Yes', 'journal_entry_text'),
('2126', '17', 'https://erp30.com/gl/inquiry/balance_sheet.php?', 'drill_balance_text'),
('2127', '17', 'https://erp30.com/reporting/reports_main.php?Class=6', 'general_ledger_text'),
('2128', '17', 'https://erp30.com/gl/manage/bank_accounts.php?', 'bank_account_text'),
('2129', '17', 'https://erp30.com/gl/bank_account_reconcile.php?', 'reconcile_account_text'),
('2130', '17', 'https://erp30.com/purchasing/inquiry/grn_search_completed.php?', 'import_purchase_text'),
('2131', '17', 'https://erp30.com/modules/import_supp_OB/import_supp_OB.php?', 'import_sup_text'),
('2132', '12', 'https://erp30.com/gl/inquiry/gl_account_types.php?', 'gl_account_text'),
('2133', '12', 'https://erp30.com/sales/sales_order_entry.php?NewInvoice=0', 'direct_invoice_text'),
('2134', '12', 'https://erp30.com/manufacturing/work_order_entry_cart_req.php?NewWorkOrder=1', ''),
('2135', '17', 'https://erp30.com/manufacturing/work_order_entry_cart_req.php?NewWorkOrder=1', ''),
('2136', '12', 'https://erp30.com/admin/forms_setup.php?', 'transaction_ref_text'),
('2137', '12', 'https://erp30.com/admin/users.php?', 'user_account_setup_text'),
('2138', '12', 'https://erp30.com/manufacturing/work_order_entry_cart_req.php?NewWorkOrder=1', ''),
('2139', '12', 'https://erp30.com/manufacturing/work_order_entry_cart_req.php?NewWorkOrder=1', ''),
('2140', '12', 'https://erp30.com/admin/forms_setup.php?', 'transaction_ref_text'),
('2141', '12', 'https://erp30.com/taxes/item_tax_types.php?', 'item_tax_type_text'),
('2142', '12', 'https://erp30.com/admin/forms_setup.php?', 'transaction_ref_text'),
('2143', '12', 'http://beta.erp30.com/marina/reporting/reports_main.php?Class=1', 'supplier_reports_text'),
('2144', '12', 'https://erp30.com/admin/gl_setup.php?', 'system_gl_text'),
('2145', '12', 'https://erp30.com/inventory/adjustments.php?NewAdjustment=1', 'inventory_adjustments_text'),
('2146', '12', 'https://erp30.com/inventory/inquiry/stock_movements.php?', 'inventory_item_movemnets_text'),
('2147', '12', 'https://erp30.com/inventory/manage/batches.php?', 'batch_text'),
('2148', '12', 'https://erp30.com/inventory/adjustments.php?NewAdjustment=1', 'inventory_adjustments_text'),
('2149', '12', 'https://erp30.com/manufacturing/work_order_entry.php?WOType=0', 'work_order_entry_text'),
('2150', '12', 'https://erp30.com/inventory/manage/items_inquiry.php?', 'add_and_manage_text'),
('2151', '12', 'https://erp30.com/manufacturing/work_order_entry.php?WOType=0', 'work_order_entry_text'),
('2152', '12', 'https://erp30.com/manufacturing/work_order_entry.php?WOType=2', 'work_order_entry_advance_manuf'),
('2153', '12', 'https://erp30.com/manufacturing/manage/bom_edit.php?', 'bill_of_material_text'),
('2154', '12', 'https://erp30.com/manufacturing/manage/bom_edit.php?', 'bill_of_material_text'),
('2155', '12', 'https://erp30.com/manufacturing/work_order_entry.php?WOType=2', 'work_order_entry_advance_manuf'),
('2156', '12', 'https://erp30.com/inventory/adjustments.php?NewAdjustment=1', 'inventory_adjustments_text'),
('2157', '12', 'https://erp30.com/inventory/inquiry/stock_movements.php?', 'inventory_item_movemnets_text'),
('2158', '12', 'https://erp30.com/manufacturing/manage/bom_edit.php?', 'bill_of_material_text'),
('2159', '12', 'https://erp30.com/manufacturing/work_order_entry.php?WOType=0', 'work_order_entry_text'),
('2160', '12', 'https://erp30.com/manufacturing/work_order_entry.php?WOType=2', 'work_order_entry_advance_manuf'),
('2161', '12', 'https://erp30.com/sales/sales_order_entry.php?NewInvoice=0', 'direct_invoice_text'),
('2162', '12', 'https://erp30.com/taxes/item_tax_types.php?', 'item_tax_type_text'),
('2163', '12', 'https://erp30.com/taxes/tax_groups.php?', 'tax_group_text'),
('2164', '12', 'https://erp30.com/taxes/item_tax_types.php?', 'item_tax_type_text'),
('2165', '12', 'https://erp30.com/sales/sales_order_entry.php?NewInvoice=0', 'direct_invoice_text'),
('2166', '17', 'https://erp30.com/dimensions/inquiry/search_dimensions.php?outstanding_only=1', 'outstanding_dimension_text'),
('2167', '17', 'https://erp30.com/inventory/adjustments.php?NewAdjustment=1', 'inventory_adjustments_text'),
('2168', '17', 'https://erp30.com/sales/customer_payments.php?', 'customer_payment_text'),
('2169', '17', 'https://erp30.com/sales/sales_order_entry.php?NewInvoice=0', 'direct_invoice_text'),
('2170', '17', 'https://erp30.com/sales/sales_order_entry.php?NewInvoice=0', 'direct_invoice_text'),
('2171', '17', 'https://erp30.com/project/manage/call_type.php?', 'call_type_text'),
('2172', '17', 'https://erp30.com/reporting/reports_main.php?Class=6', 'general_ledger_text'),
('2173', '12', 'https://erp30.com/gl/inquiry/journal_inquiry.php?', 'journal_inquiry_text'),
('2174', '12', 'https://erp30.com/admin/forms_setup.php?', 'transaction_ref_text'),
('2175', '12', 'https://erp30.com/gl/inquiry/journal_inquiry.php?', 'journal_inquiry_text'),
('2176', '12', 'https://erp30.com/gl/bank_account_reconcile.php?', 'reconcile_account_text'),
('2177', '12', 'https://erp30.com/sales/sales_order_entry.php?NewInvoice=0', 'direct_invoice_text'),
('2178', '12', 'https://erp30.com/reporting/reports_main.php?Class=1', 'supplier_reports_text'),
('2179', '17', 'https://erp30.com/sales/pos_order_entry.php?NewInvoice=0', 'pos_text'),
('2180', '17', 'https://erp30.com/reporting/reports_main.php?Class=5', 'banking_reports_text'),
('2181', '17', 'https://erp30.com/reporting/reports_main.php?Class=6', 'general_ledger_text'),
('2182', '17', 'https://erp30.com/reporting/reports_main.php?Class=2', 'inventory_reports_text'),
('2183', '17', 'https://erp30.com/reporting/reports_main.php?Class=5', 'banking_reports_text'),
('2184', '17', 'https://erp30.com/reporting/reports_main.php?Class=5', 'banking_reports_text'),
('2185', '17', 'https://erp30.com/reporting/reports_main.php?Class=6', 'general_ledger_text'),
('2186', '17', 'https://erp30.com/purchasing/po_entry_items.php?NewInvoice=Yes', 'wht_types'),
('2187', '17', 'https://erp30.com/inventory/transfers.php?NewTransfer=1', 'wht_types'),
('2188', '17', 'https://erp30.com/gl/gl_bank.php?NewPayment=Yes', 'bank_payments_voucher_text'),
('2189', '17', 'https://erp30.com/admin/fiscalyears.php?', 'fiscal_years_text'),
('2190', '17', 'https://erp30.com/reporting/reports_main.php?Class=6', 'general_ledger_text'),
('2191', '17', 'https://erp30.com/sales/inquiry/sales_deliveries_view.php?OutstandingOnly=1', 'invoice_against_text'),
('2192', '17', 'https://erp30.com/reporting/reports_main.php?Class=0', 'sale_report_text'),
('2193', '17', 'https://erp30.com/gl/bank_account_reconcile.php?', 'reconcile_account_text'),
('2194', '17', 'https://erp30.com/admin/payment_terms.php?', 'payment_terms_text'),
('2195', '17', 'https://erp30.com/inventory/manage/item_units.php?', 'unit_measure_text'),
('2196', '17', 'https://erp30.com/reporting/reports_main.php?Class=0', 'sale_report_text'),
('2197', '12', 'https://erp30.com/manufacturing/work_order_entry_cart_req.php?NewWorkOrder=1', ''),
('2198', '17', 'https://erp30.com/manufacturing/work_order_entry_cart_req.php?NewWorkOrder=1', ''),
('2199', '12', 'https://erp30.com/admin/users.php?', 'user_account_setup_text'),
('2200', '12', 'https://erp30.com/admin/security_roles.php?', 'access_setup_text'),
('2201', '17', 'https://erp30.com/sales/inquiry/sales_deliveries_view.php?OutstandingOnly=1', 'invoice_against_text'),
('2202', '17', 'https://erp30.com/manufacturing/search_work_orders_req.php?outstanding_only=1', ''),
('2203', '12', 'https://erp30.com/manufacturing/search_work_orders_req.php?outstanding_only=1', ''),
('2204', '17', 'https://erp30.com/sales/inquiry/sales_orders_view.php?OutstandingOnly=1', 'delivery_against_text'),
('2205', '12', 'https://erp30.com/purchasing/inquiry/supplier_allocation_inquiry.php?', 'allocate_inquiry_text'),
('2206', '12', 'https://erp30.com/purchasing/inquiry/po_search_completed.php?', 'purchase_order_inquiry_text'),
('2207', '12', 'https://erp30.com/purchasing/inquiry/supplier_inquiry.php?', 'supplier_transaction_inquiry_t'),
('2208', '12', 'https://erp30.com/sales/inquiry/sales_orders_view.php?type=32', 'sales_quotation_inquiry_text'),
('2209', '12', 'https://erp30.com/sales/inquiry/sales_orders_view.php?type=30', 'sale_order_inquiry_text'),
('2210', '17', 'https://erp30.com/gl/gl_bank.php?NewPayment=Yes', 'bank_payments_voucher_text'),
('2211', '12', 'https://erp30.com/sales/inquiry/customer_inquiry.php?', 'customer_inquiry_text'),
('2212', '12', 'https://erp30.com/sales/inquiry/customer_allocation_inquiry.php?', 'customer_allocate_inquiry_text'),
('2213', '12', 'https://erp30.com/sales/inquiry/sales_orders_view.php?OutstandingOnly=1', 'delivery_against_text'),
('2214', '17', 'https://erp30.com/gl/gl_bank.php?NewPayment=Yes', 'bank_payments_voucher_text'),
('2215', '17', 'https://erp30.com/manufacturing/search_work_orders.php?outstanding_only=1', 'outstanding_work_order_text'),
('2216', '12', 'https://erp30.com/sales/inquiry/sales_orders_view.php?type=32', 'sales_quotation_inquiry_text'),
('2217', '12', 'https://erp30.com/admin/void_transaction.php?', 'void_transaction_text'),
('2218', '12', 'https://erp30.com/gl/inquiry/bank_inquiry.php?', 'bank_account_inquiry_text'),
('2219', '12', 'https://erp30.com/gl/inquiry/gl_account_inquiry.php?', 'gl_text'),
('2220', '12', 'https://erp30.com/gl/inquiry/journal_inquiry.php?', 'journal_inquiry_text'),
('2221', '12', 'https://erp30.com/gl/inquiry/outstanding_cheques.php?', 'outstanding_cheques_inquiry_te'),
('2222', '12', 'https://erp30.com/gl/inquiry/tax_inquiry.php?', 'tax_inquiry_text'),
('2223', '12', 'https://erp30.com/gl/inquiry/gl_trial_balance.php?', 'trial_balance_text'),
('2224', '12', 'https://erp30.com/gl/inquiry/gl_account_types.php?', 'gl_account_text'),
('2225', '12', 'https://erp30.com/gl/manage/currencies.php?', 'currencies_text'),
('2226', '17', 'https://erp30.com/sales/allocations/customer_allocation_main.php?', 'allocate_text'),
('2227', '17', 'https://erp30.com/manufacturing/search_work_orders.php?', 'work_order_inquiry_text'),
('2228', '17', 'https://erp30.com/purchasing/inquiry/grn_search_completed.php?', 'import_purchase_text'),
('2229', '17', 'https://erp30.com/reporting/reports_main.php?Class=5', 'banking_reports_text'),
('2230', '17', 'https://erp30.com/taxes/tax_groups.php?', 'tax_group_text'),
('2231', '17', 'https://erp30.com/reporting/reports_main.php?Class=2', 'inventory_reports_text'),
('2232', '17', 'https://erp30.com/reporting/reports_main.php?Class=0', 'sale_report_text'),
('2233', '17', 'https://erp30.com/reporting/reports_main.php?Class=0', 'sale_report_text'),
('2234', '17', 'https://erp30.com/sales/sales_order_entry.php?NewQuotation=Yes', 'sales_quotation_text'),
('2235', '17', 'https://erp30.com/reporting/reports_main.php?Class=5', 'banking_reports_text'),
('2236', '17', 'https://erp30.com/inventory/manage/items_inquiry.php?', 'add_and_manage_text'),
('2237', '17', 'https://erp30.com/sales/inquiry/sales_deliveries_view.php?OutstandingOnly=1', 'invoice_against_text'),
('2238', '17', 'https://erp30.com/reporting/reports_main.php?Class=6', 'general_ledger_text'),
('2239', '17', 'https://erp30.com/sales/sales_order_entry.php?NewOrder=Yes', 'sale_order_entry_text'),
('2240', '12', 'https://erp30.com/sales/sales_order_entry.php?NewOrder=Yes', 'sale_order_entry_text'),
('2241', '17', 'https://erp30.com/reporting/reports_main.php?Class=6', 'general_ledger_text'),
('2242', '17', 'https://erp30.com/reporting/reports_main.php?Class=6', 'general_ledger_text'),
('2243', '17', 'https://erp30.com/reporting/reports_main.php?Class=6', 'general_ledger_text'),
('2244', '17', 'https://erp30.com/sales/sales_order_entry.php?NewOrder=Yes', 'sale_order_entry_text'),
('2245', '17', 'https://erp30.com/sales/pos_order_entry.php?NewInvoice=0', 'pos_text'),
('2246', '17', 'https://erp30.com/sales/sales_order_entry.php?NewInvoice=0', 'direct_invoice_text'),
('2247', '17', 'https://erp30.com/sales/inquiry/sales_orders_view.php?type=30', 'sale_order_inquiry_text'),
('2248', '17', 'https://erp30.com/sales/manage/sales_sms.php?', 'sales_sms_text'),
('2249', '17', 'https://erp30.com/inventory/transfers.php?NewTransfer=1', 'inventry_location_text'),
('2250', '17', 'https://erp30.com/inventory/manage/items_inquiry.php?', 'add_and_manage_text'),
('2251', '17', 'https://erp30.com/sales/inquiry/sales_orders_view.php?OutstandingOnly=1', 'delivery_against_text'),
('2252', '17', 'https://erp30.com/sales/pos_order_entry.php?NewInvoice=0', 'pos_text'),
('2253', '17', 'https://erp30.com/inventory/manage/items_inquiry.php?', 'add_and_manage_text'),
('2254', '17', 'https://erp30.com/taxes/tax_types.php?', 'taxes_text'),
('2255', '17', 'https://erp30.com/admin/forms_setup.php?', 'transaction_ref_text'),
('2256', '17', 'https://erp30.com/admin/gl_setup.php?', 'system_gl_text'),
('2257', '17', 'https://erp30.com/admin/print_profiles.php?', 'print_profile_text'),
('2258', '17', 'https://erp30.com/admin/fiscalyears.php?', 'fiscal_years_text'),
('2259', '17', 'https://erp30.com/admin/shipping_companies.php?', 'shipping_company_text'),
('2260', '17', 'https://erp30.com/sales/manage/sales_points.php?', 'point_sale_text'),
('2261', '17', 'https://erp30.com/sales/manage/sales_points.php?', 'point_sale_text'),
('2262', '17', 'https://erp30.com/admin/payment_terms.php?', 'payment_terms_text'),
('2263', '17', 'https://erp30.com/admin/attachments.php?filterType=20', 'attach_documents_text'),
('2264', '17', 'https://erp30.com/admin/void_transaction.php?', 'void_transaction_text'),
('2265', '17', 'https://erp30.com/admin/void_transaction.php?', 'void_transaction_text'),
('2266', '17', 'https://erp30.com/gl/inquiry/gl_account_inquiry.php?', 'gl_text'),
('2267', '12', 'https://erp30.com/reporting/reports_main.php?Class=0', 'sale_report_text'),
('2268', '12', 'https://erp30.com/reporting/reports_main.php?Class=1', 'supplier_reports_text'),
('2269', '12', 'https://erp30.com/sales/manage/reports_preference.php?', ''),
('2270', '17', 'https://erp30.com/gl/gl_bank.php?NewPayment=Yes', 'bank_payments_voucher_text'),
('2271', '17', 'https://erp30.com/gl/gl_bank.php?NewPayment=Yes', 'bank_payments_voucher_text'),
('2272', '17', 'https://erp30.com/gl/inquiry/gl_account_types.php?', 'gl_account_text'),
('2273', '17', 'https://erp30.com/purchasing/manage/suppliers_inquiry.php?', 'manage_supplier_text'),
('2274', '17', 'https://erp30.com/reporting/reports_main.php?Class=2', 'inventory_reports_text'),
('2275', '17', 'https://erp30.com/inventory/inquiry/stock_movements.php?', 'inventory_item_movemnets_text'),
('2276', '17', 'https://erp30.com/gl/gl_bank.php?NewPayment=Yes', 'bank_payments_voucher_text'),
('2277', '17', 'https://www.erp30.com/project/manage/source_status.php?', 'query_source_text'),
('2278', '17', 'https://www.erp30.com/sales/manage/sales_points.php?', 'point_sale_text'),
('2279', '17', 'https://www.erp30.com/reporting/reports_main.php?Class=0', 'sale_report_text'),
('2280', '17', 'https://www.erp30.com/inventory/manage/item_categories.php?', 'item_categories_text'),
('2281', '17', 'https://erp30.com/sales/sales_order_entry.php?NewOrder=Yes', 'sale_order_entry_text'),
('2282', '17', 'https://erp30.com/purchasing/inquiry/po_search_completed.php?', 'purchase_order_inquiry_text'),
('2283', '12', 'https://erp30.com/admin/fiscalyears.php?', 'fiscal_years_text'),
('2284', '12', 'https://erp30.com/purchasing/inquiry/grn_search_completed.php?', 'import_purchase_text'),
('2285', '12', 'https://erp30.com/purchasing/inquiry/grn_search_completed.php?', 'import_purchase_text'),
('2286', '12', 'https://erp30.com/admin/gl_setup.php?', 'system_gl_text'),
('2287', '17', 'https://www.erp30.com/purchasing/supplier_payment.php?', 'payments_suppliers_text'),
('2288', '17', 'https://www.erp30.com/gl/gl_bank.php?NewPayment=Yes', 'bank_payments_voucher_text'),
('2289', '17', 'https://www.erp30.com/gl/gl_bankCV.php?NewPayment=Yes', 'cash_payments_voucher_text'),
('2290', '17', 'https://www.erp30.com/gl/inquiry/gl_account_inquiry.php?', 'gl_text'),
('2291', '17', 'https://www.erp30.com/purchasing/supplier_payment.php?', 'payments_suppliers_text'),
('2292', '12', 'https://erp30.com/purchasing/inquiry/grn_search_completed.php?', 'import_purchase_text'),
('2293', '12', 'https://erp30.com/purchasing/po_entry_items.php?NewOrder=Yes', 'purchase_order_text'),
('2294', '12', 'https://erp30.com/purchasing/inquiry/grn_search_completed.php?', 'import_purchase_text'),
('2295', '17', 'https://www.erp30.com/sales/manage/item_code.php?', 'updated_items_text'),
('2296', '17', 'https://www.erp30.com/reporting/reports_main.php?Class=0', 'sale_report_text'),
('2297', '17', 'https://www.erp30.com/admin/payment_terms.php?', 'payment_terms_text'),
('2298', '17', 'https://www.erp30.com/sales/manage/sales_sms.php?', 'sales_sms_text'),
('2299', '12', 'https://erp30.com/reporting/reports_main.php?Class=1', 'supplier_reports_text'),
('2300', '18', 'https://erp30.com/sales/inquiry/sales_orders_view.php?OutstandingOnly=1', 'delivery_against_text'),
('2301', '18', 'https://erp30.com/sales/inquiry/sales_orders_view.php?OutstandingOnly=1', 'delivery_against_text'),
('2302', '12', 'https://erp30.com/reporting/reports_main.php?Class=0', 'sales_reports_text'),
('2303', '17', 'https://erp30.com/sales/pos_order_entry.php?NewInvoice=0', 'pos_text'),
('2304', '18', 'https://erp30.com/purchasing/inquiry/grn_search_completed.php?', 'import_purchase_text'),
('2305', '18', 'https://erp30.com/purchasing/po_entry_items.php?NewOrder=Yes', 'purchase_order_text'),
('2306', '17', 'https://erp30.com/gl/inquiry/journal_inquiry.php?', 'journal_inquiry_text'),
('2307', '17', 'https://erp30.com/gl/inquiry/gl_account_inquiry.php?', 'gl_text'),
('2308', '17', 'https://erp30.com/project/task.php?type=task', 'add_task_text'),
('2309', '17', 'https://erp30.com/project/inquiry/task_inquiry.php?status=112', 'task_inquiry_text'),
('2310', '17', 'https://erp30.com/sales/allocations/customer_allocation_main.php?', 'allocate_text'),
('2311', '17', 'https://erp30.com/gl/gl_bank.php?NewPayment=Yes', 'bank_payments_voucher_text'),
('2312', '17', 'https://erp30.com/gl/inquiry/gl_account_types.php?', 'gl_account_text'),
('2313', '17', 'https://erp30.com/reporting/reports_main.php?Class=6', 'general_ledger_text'),
('2314', '12', 'https://erp30.com/modules/requisitions/requisitions.php', 'requisition_entries_text'),
('2315', '12', 'https://erp30.com/modules/requisitions/requisition_allocations.php', 'requisition_allocation_text'),
('2316', '12', 'https://erp30.com/purchasing/po_entry_items.php?NewOrder=Yes', 'purchase_order_text'),
('2317', '12', 'https://erp30.com/reporting/reports_main.php?Class=1', 'supplier_reports_text'),
('2318', '12', 'https://erp30.com/manufacturing/work_order_entry_cart_req.php?NewWorkOrder=1', ''),
('2319', '12', 'https://erp30.com/inventory/adjustments.php?NewAdjustment=1', 'inventory_adjustments_text'),
('2320', '12', 'https://erp30.com/reporting/reports_main.php?Class=3', 'manufacturing_reports_text'),
('2321', '12', 'https://erp30.com/admin/backups.php?', 'backup_text'),
('2322', '12', 'https://erp30.com/manufacturing/work_order_entry.php?WOType=0', 'work_order_entry_text'),
('2323', '12', 'https://erp30.com/manufacturing/work_order_entry.php?WOType=1', ''),
('2324', '12', 'https://erp30.com/manufacturing/work_order_entry.php?WOType=2', 'work_order_entry_advance_manuf'),
('2325', '17', 'https://erp30.com/inventory/manage/items.php?FixedAsset=1', 'fixed_assets_text'),
('2326', '17', 'https://erp30.com/manufacturing/search_work_orders.php?outstanding_only=1', 'outstanding_work_order_text'),
('2327', '17', 'https://erp30.com/purchasing/supplier_invoice.php?New=1', 'supplier_invoice_text'),
('2328', '17', 'https://erp30.com/reporting/reports_main.php?Class=1', 'supplier_reports_text'),
('2329', '17', 'https://erp30.com/reporting/reports_main.php?Class=0', 'sale_report_text'),
('2330', '17', 'https://erp30.com/reporting/reports_main.php?Class=0', 'sale_report_text'),
('2331', '17', 'https://erp30.com/gl/gl_bank.php?NewPayment=Yes', 'bank_payments_voucher_text'),
('2332', '17', 'https://erp30.com/sales/inquiry/sales_orders_view.php?OutstandingOnly=1', 'delivery_against_text'),
('2333', '12', 'https://erp30.com/inventory/adjustments.php?NewAdjustment=1', 'inventory_adjustments_text'),
('2334', '12', 'https://erp30.com/inventory/adjustments.php?NewAdjustment=1', 'inventory_adjustments_text'),
('2335', '12', 'https://erp30.com/inventory/inquiry/stock_movements.php?', 'inventory_item_movemnets_text'),
('2336', '12', 'https://erp30.com/purchasing/supplier_credit.php?New=1', 'supplier_credit_text'),
('2337', '12', 'https://erp30.com/inventory/transfers.php?NewTransfer=1', 'inventry_location_text'),
('2338', '12', 'https://erp30.com/reporting/reports_main.php?Class=0', 'sale_report_text'),
('2339', '12', 'https://erp30.com/inventory/adjustments.php?NewAdjustment=1', 'inventory_adjustments_text'),
('2340', '17', 'https://erp30.com/dimensions/inquiry/search_dimensions.php?outstanding_only=1', 'outstanding_dimension_text'),
('2341', '17', 'https://erp30.com/dimensions/inquiry/search_dimensions.php?', 'dimension_inquiry_text'),
('2342', '17', 'https://erp30.com/gl/gl_bank.php?NewPayment=Yes', 'bank_payments_voucher_text'),
('2343', '17', 'https://erp30.com/gl/bank_account_reconcile.php?', 'reconcile_account_text'),
('2344', '17', 'https://erp30.com/project/manage/status.php?', 'task_status_text'),
('2345', '12', 'https://erp30.com/gl/bank_account_reconcile.php?', 'reconcile_account_text'),
('2346', '12', 'https://erp30.com/gl/bank_account_reconcile.php?', 'reconcile_account_text'),
('2347', '12', 'https://erp30.com/gl/bank_account_reconcile.php?', 'reconcile_account_text'),
('2348', '17', 'https://erp30.com/gl/gl_journal.php?NewJournal=Yes', 'journal_entry_text'),
('2349', '17', 'https://erp30.com/sales/sales_order_entry.php?NewOrder=Yes', 'sale_order_entry_text'),
('2350', '17', 'https://erp30.com/taxes/tax_types.php?', 'taxes_text'),
('2351', '17', 'https://erp30.com/modules/import_items_adjustment/import_items_adjustment.php?', 'import_opening_balance_text'),
('2352', '17', 'https://erp30.com/purchasing/inquiry/grn_search_completed.php?', 'import_purchase_text'),
('2353', '17', 'https://erp30.com/reporting/reports_main.php?Class=0', 'sale_report_text'),
('2354', '17', 'https://erp30.com/reporting/reports_main.php?Class=7', 'assets_reports_text'),
('2355', '17', 'https://erp30.com/inventory/prices.php?', 'sales_pricing_text'),
('2356', '17', 'https://www.erp30.com/gl/inquiry/gl_account_inquiry.php?', 'gl_text'),
('2357', '17', 'https://www.erp30.com/gl/gl_bankCV.php?NewPayment=Yes', 'cash_payments_voucher_text'),
('2358', '17', 'https://erp30.com/gl/gl_bank.php?NewPayment=Yes', 'bank_payments_voucher_text'),
('2359', '17', 'https://www.erp30.com/reporting/reports_main.php?Class=6', 'general_ledger_text'),
('2360', '17', 'https://www.erp30.com/reporting/reports_main.php?Class=6', 'general_ledger_text'),
('2361', '17', 'https://www.erp30.com/reporting/reports_main.php?Class=6', 'general_ledger_text'),
('2362', '17', 'https://www.erp30.com/admin/attachments.php?filterType=20', 'attach_documents_text'),
('2363', '17', 'https://www.erp30.com/admin/view_print_transaction.php?', 'print_transaction_text'),
('2364', '18', 'https://erp30.com/sales/sales_order_entry.php?NewOrder=Yes', 'sale_order_entry_text'),
('2365', '18', 'https://erp30.com/sales/manage/sales_people.php?', 'sales_persons_text'),
('2366', '17', 'https://erp30.com/purchasing/po_entry_items.php?NewOrder=Yes', 'purchase_order_text'),
('2367', '17', 'https://erp30.com/reporting/reports_main.php?Class=0', 'sale_report_text'),
('2368', '17', 'https://erp30.com/sales/pos_order_entry.php?NewInvoice=0', 'pos_text'),
('2369', '17', 'https://erp30.com/sales/pos_order_entry.php?NewInvoice=0', 'pos_text'),
('2370', '12', 'https://erp30.com/purchasing/inquiry/grn_search_completed.php?', 'import_purchase_text'),
('2371', '12', 'https://erp30.com/purchasing/inquiry/grn_search_completed.php?', 'import_purchase_text'),
('2372', '17', 'https://erp30.com/sales/pos_order_entry.php?NewInvoice=0', 'pos_text'),
('2373', '17', 'https://erp30.com/sales/inquiry/sales_orders_view.php?type=30', 'sale_order_inquiry_text'),
('2374', '17', 'https://erp30.com/gl/inquiry/gl_account_inquiry.php?', 'gl_text'),
('2375', '17', 'https://erp30.com/gl/inquiry/bank_inquiry.php?', 'bank_account_inquiry_text'),
('2376', '12', 'https://erp30.com/sales/manage/customer_branches.php?', 'customer_branches_text'),
('2377', '12', 'https://erp30.com/inventory/manage/item_categories.php?', 'item_categories_text'),
('2378', '12', 'https://erp30.com/inventory/manage/item_categories.php?', 'item_categories_text'),
('2379', '12', 'https://erp30.com/inventory/manage/item_units.php?', 'unit_measure_text'),
('2380', '12', 'https://erp30.com/purchasing/inquiry/grn_search_completed.php?', 'import_purchase_text'),
('2381', '12', 'https://erp30.com/purchasing/po_entry_items.php?NewOrder=Yes', 'purchase_order_text'),
('2382', '12', 'https://erp30.com/purchasing/inquiry/grn_search_completed.php?', 'import_purchase_text'),
('2383', '12', 'https://erp30.com/purchasing/inquiry/grn_search_completed.php?', 'import_purchase_text'),
('2384', '17', 'https://erp30.com/manufacturing/work_order_entry_cart_req.php?NewWorkOrder=1', ''),
('2385', '17', 'https://erp30.com/sales/sales_order_entry.php?NewQuotation=Yes', 'sales_quotation_text'),
('2386', '12', 'https://erp30.com/admin/backups.php?', 'backup_text'),
('2387', '12', 'https://erp30.com/reporting/reports_main.php?Class=2', 'inventory_reports_text'),
('2388', '12', 'https://erp30.com/reporting/reports_main.php?Class=2', 'inventory_reports_text'),
('2389', '12', 'https://erp30.com/inventory/manage/items_inquiry.php?', 'add_and_manage_text'),
('2390', '12', 'https://erp30.com//reporting/reports_main.php?Class=6', 'general_ledger_text'),
('2391', '12', 'https://erp30.com/reporting/reports_main.php?Class=3', 'manufacturing_reports_text'),
('2392', '12', 'https://erp30.com/reporting/reports_main.php?Class=1', 'supplier_reports_text'),
('2393', '12', 'https://erp30.com/reporting/reports_main.php?Class=2', 'inventory_reports_text'),
('2394', '12', 'https://erp30.com/reporting/reports_main.php?Class=2', 'inventory_reports_text'),
('2395', '17', 'https://www.erp30.com/reporting/reports_main.php?Class=0', 'sale_report_text'),
('2396', '12', 'https://erp30.com/admin/gl_setup.php?', 'system_gl_text'),
('2397', '12', 'https://erp30.com/purchasing/po_entry_items.php?NewOrder=Yes', 'purchase_order_text'),
('2398', '12', 'https://erp30.com/purchasing/inquiry/po_search_completed.php?', 'purchase_order_inquiry_text'),
('2399', '12', 'https://erp30.com/purchasing/inquiry/pr_search_completed.php?', 'purchase_requisitions_inquiry_'),
('2400', '12', 'https://erp30.com/purchasing/inquiry/po_search.php?', 'opom_text'),
('2401', '17', 'https://erp30.com/project/inquiry/calender.php?', 'calender_text'),
('2402', '17', 'https://erp30.com/reporting/reports_main.php?Class=0', 'print_reports_text'),
('2403', '17', 'https://erp30.com/project/manage/category.php?', 'knowledge_base_cat_text'),
('2404', '17', 'https://erp30.com/project/inquiry/task_inquiry.php?status=112', 'task_inquiry_text'),
('2405', '17', 'https://erp30.com/project/manage/category.php?', 'knowledge_base_cat_text'),
('2406', '17', 'https://erp30.com/project/manage/category.php?', 'knowledge_base_cat_text'),
('2407', '17', 'https://erp30.com/reporting/reports_main.php?Class=0', 'print_reports_text'),
('2408', '17', 'https://erp30.com/project/task.php?type=task', 'add_task_text'),
('2409', '17', 'https://erp30.com/project/task.php?type=event', 'add_event_text'),
('2410', '17', 'https://erp30.com/project/manage/duration.php?', 'duration_text'),
('2411', '12', 'https://erp30.com/purchasing/inquiry/po_search.php?', 'opom_text'),
('2412', '12', 'https://erp30.com/purchasing/inquiry/po_search.php?', 'opom_text'),
('2413', '12', 'https://erp30.com/purchasing/inquiry/grn_search_completed.php?', 'import_purchase_text'),
('2414', '12', 'https://erp30.com/purchasing/inquiry/grn_search_completed.php?', 'import_purchase_text'),
('2415', '12', 'https://erp30.com/admin/gl_setup.php?', 'system_gl_text'),
('2416', '12', 'https://erp30.com/reporting/reports_main.php?Class=0', 'sale_report_text'),
('2417', '12', 'https://erp30.com/admin/backups.php?', 'backup_text'),
('2418', '12', 'https://erp30.com/purchasing/po_entry_items.php?NewOrder=Yes', 'purchase_order_text'),
('2419', '12', 'https://erp30.com/admin/gl_setup.php?', 'system_gl_text'),
('2420', '12', 'https://erp30.com/admin/gl_setup.php?', 'system_gl_text'),
('2421', '12', 'https://erp30.com/purchasing/po_entry_items.php?NewOrder=Yes', 'purchase_order_text'),
('2422', '12', 'https://erp30.com/purchasing/inquiry/grn_search_completed.php?', 'import_purchase_text'),
('2423', '12', 'https://erp30.com/gl/inquiry/journal_inquiry.php?', 'journal_inquiry_text'),
('2424', '17', 'https://erp30.com/gl/gl_bank.php?NewPayment=Yes', 'bank_payments_voucher_text'),
('2425', '17', 'https://erp30.com/gl/gl_bank.php?NewPayment=Yes', 'bank_payments_voucher_text'),
('2426', '17', 'https://erp30.com/gl/gl_bank.php?NewDeposit=Yes', 'bank_deposit_voucher_text'),
('2427', '12', 'https://erp30.com/reporting/reports_main.php?Class=0', 'sales_reports_text'),
('2428', '17', 'https://erp30.com/reporting/reports_main.php?Class=6', 'general_ledger_text'),
('2429', '17', 'https://erp30.com/reporting/reports_main.php?Class=6', 'general_ledger_text'),
('2430', '12', 'https://erp30.com/purchasing/inquiry/po_search_completed.php?', 'purchase_order_inquiry_text'),
('2431', '17', 'https://erp30.com/sales/inquiry/sales_deliveries_view.php?OutstandingOnly=1', 'invoice_against_text'),
('2432', '12', 'https://erp30.com/sales/credit_note_entry.php?NewCredit=Yes', 'customer_credit_note_text'),
('2433', '12', 'https://erp30.com/sales/manage/sales_types.php?', 'sales_type_text'),
('2434', '12', 'https://erp30.com/gl/gl_journal.php?NewJournal=Yes', 'journal_entry_text'),
('2435', '17', 'https://erp30.com/reporting/reports_main.php?Class=0', 'sales_reports_text'),
('2436', '17', 'https://erp30.com/sales/sales_order_entry.php?NewQuotation=Yes', 'sales_quotation_text'),
('2437', '17', 'https://erp30.com/sales/sales_order_entry.php?NewInvoice=0', 'direct_invoice_text'),
('2438', '17', 'https://erp30.com/sales/customer_payments.php?', 'customer_payment_text'),
('2439', '17', 'https://erp30.com/reporting/reports_main.php?Class=0', 'sales_reports_text'),
('2440', '12', 'https://erp30.com/admin/gl_setup.php?', 'system_gl_text'),
('2441', '17', 'https://erp30.com/inventory/manage/items_inquiry.php?', 'add_and_manage_text'),
('2442', '17', 'https://erp30.com/purchasing/supplier_invoice.php?New=1', 'supplier_invoice_text'),
('2443', '17', 'https://erp30.com/gl/gl_bankCV.php?NewPayment=Yes', 'cash_payments_voucher_text'),
('2444', '17', 'https://erp30.com/reporting/reports_main.php?Class=6', 'general_ledger_text'),
('2445', '0', 'https://erp30.com/sales/inquiry/sales_orders_view.php?type=30', 'sale_order_inquiry_text'),
('2446', '0', 'https://erp30.com/sales/inquiry/sales_orders_view.php?type=30', 'sale_order_inquiry_text'),
('2447', '18', 'https://erp30.com/gl/bank_account_reconcile.php?', 'reconcile_account_text'),
('2448', '18', 'https://erp30.com/project/inquiry/task_inquiry.php?status=112', 'task_inquiry_text'),
('2449', '18', 'https://erp30.com/reporting/reports_main.php?Class=0', 'sale_report_text'),
('2450', '18', 'https://erp30.com/admin/users.php?', 'user_account_setup_text'),
('2451', '18', 'https://erp30.com/admin/security_roles.php?', 'access_setup_text'),
('2452', '17', 'https://erp30.com/reporting/reports_main.php?Class=0', 'sales_reports_text'),
('2453', '17', 'https://www.erp30.com/reporting/reports_main.php?Class=0', 'sales_reports_text'),
('2454', '17', 'https://www.erp30.com/sales/sales_order_entry.php?NewOrder=Yes', 'sale_order_entry_text'),
('2455', '17', 'https://www.erp30.com/sales/manage/customers_inquiry.php?', 'manage_customer_text'),
('2456', '17', 'https://www.erp30.com/inventory/manage/items_inquiry.php?', 'add_and_manage_text'),
('2457', '17', 'https://www.erp30.com/inventory/manage/item_categories.php?', 'item_categories_text'),
('2458', '17', 'https://www.erp30.com/inventory/manage/item_units.php?', 'unit_measure_text'),
('2459', '17', 'https://www.erp30.com/inventory/manage/items_inquiry.php?', 'add_and_manage_text'),
('2460', '18', 'https://erp30.com/sales/manage/sales_points.php?', 'point_sale_text'),
('2461', '17', 'https://www.erp30.com/purchasing/manage/suppliers_inquiry.php?', 'manage_supplier_text'),
('2462', '17', 'https://www.erp30.com/gl/gl_journal.php?NewJournal=Yes', 'journal_entry_text'),
('2463', '18', 'https://erp30.com/inventory/manage/item_codes.php?', 'foreign_item_codes_text'),
('2464', '12', 'https://www.erp30.com/admin/users.php?', 'user_account_setup_text'),
('2465', '18', 'https://erp30.com/inventory/manage/items_inquiry.php?', 'add_and_manage_text'),
('2466', '12', 'https://www.erp30.com/admin/security_roles.php?', 'access_setup_text'),
('2467', '18', 'https://erp30.com//purchasing/po_entry_items.php?NewInvoice=Yes', 'direct_supplier_invoice_text'),
('2468', '18', 'https://erp30.com//purchasing/inquiry/grn_search_completed.php?', 'import_purchase_text'),
('2469', '18', 'https://erp30.com/reporting/reports_main.php?Class=2', 'inventory_reports_text'),
('2470', '18', 'https://erp30.com/reporting/reports_main.php?Class=2', 'inventory_reports_text'),
('2471', '18', 'https://erp30.com/reporting/reports_main.php?Class=2', 'inventory_reports_text'),
('2472', '18', 'https://erp30.com/modules/import_items/import_items.php?', 'import_item_text'),
('2473', '17', 'https://www.erp30.com/sales/sales_order_entry.php?NewOrder=Yes', 'sale_order_entry_text'),
('2474', '17', 'https://www.erp30.com/reporting/reports_main.php?Class=0', 'sale_report_text'),
('2475', '17', 'https://www.erp30.com/reporting/reports_main.php?Class=0', 'sale_report_text'),
('2476', '17', 'https://www.erp30.com/taxes/tax_types.php?', 'taxes_text'),
('2477', '17', 'https://www.erp30.com/taxes/tax_groups.php?', 'tax_group_text'),
('2478', '17', 'https://www.erp30.com/inventory/manage/items_inquiry.php?', 'add_and_manage_text'),
('2479', '18', 'https://erp30.com/gl/inquiry/cash_flow_statement.php?', ''),
('2480', '18', 'https://erp30.com/gl/manage/exchange_rates.php?', 'exchange_rates_text'),
('2481', '18', 'https://erp30.com/gl/manage/gl_account_classes.php?', 'gl_account_classes_text'),
('2482', '17', 'https://www.erp30.com/inventory/transfers.php?NewTransfer=1', 'inventry_location_text'),
('2483', '17', 'https://www.erp30.com/manufacturing/search_work_orders.php?', 'work_order_inquiry_text'),
('2484', '17', 'https://www.erp30.com/reporting/reports_main.php?Class=4', 'dimension_reports_text'),
('2485', '18', 'https://erp30.com/modules/import_items_adjustment/import_items_adjustment.php?', 'import_opening_balance_text'),
('2486', '18', 'https://erp30.com/modules/requisitions/requisitions.php', 'requisition_entries_text'),
('2487', '18', 'https://erp30.com/purchasing/po_entry_items.php?NewGRN=Yes', 'direct_grn_text'),
('2488', '17', 'https://erp30.com/gl/gl_bankCV.php?NewDeposit=Yes', 'cash_receipt_voucher_text'),
('2489', '17', 'https://erp30.com/gl/inquiry/journal_inquiry.php?', 'journal_inquiry_text'),
('2490', '17', 'https://erp30.com/inventory/adjustments.php?NewAdjustment=1', 'inventory_adjustments_text'),
('2491', '17', 'https://erp30.com/gl/gl_journal.php?NewJournal=Yes', 'journal_entry_text'),
('2492', '17', 'https://erp30.com/sales/inquiry/sales_deliveries_view.php?OutstandingOnly=1', 'invoice_against_text'),
('2493', '17', 'https://erp30.com/sales/inquiry/sales_orders_view.php?type=30', 'sale_order_inquiry_text'),
('2494', '17', 'https://erp30.com/manufacturing/search_work_orders.php?outstanding_only=1', 'outstanding_work_order_text'),
('2495', '17', 'https://erp30.com/reporting/reports_main.php?Class=0', 'sales_reports_text'),
('2496', '17', 'https://erp30.com/reporting/reports_main.php?Class=0', 'sales_reports_text'),
('2497', '17', 'https://www.erp30.com/manufacturing/work_order_entry_cart_req.php?NewWorkOrder=1', ''),
('2498', '17', 'https://www.erp30.com/manufacturing/search_work_orders.php?outstanding_only=1', 'outstanding_work_order_text'),
('2499', '17', 'https://erp30.com/sales/sales_order_entry.php?NewQuotation=Yes', 'sales_quotation_text'),
('2500', '17', 'https://erp30.com/taxes/tax_types.php?', 'taxes_text'),
('2501', '17', 'https://erp30.com/taxes/tax_types.php?', 'taxes_text'),
('2502', '17', 'https://www.erp30.com/sales/manage/customer_branches.php?', 'customer_branches_text'),
('2503', '12', 'https://erp30.com/admin/backups.php?', 'backup_text'),
('2504', '17', 'https://erp30.com/gl/gl_bank.php?NewPayment=Yes', 'bank_payments_voucher_text'),
('2505', '17', 'https://erp30.com/gl/inquiry/gl_account_inquiry.php?', 'gl_text'),
('2506', '17', 'https://erp30.com/modules/requisitions/requisitions.php', 'requisition_entries_text'),
('2507', '12', 'https://erp30.com/gl/gl_bank.php?NewPayment=Yes', 'bank_payments_voucher_text'),
('2508', '12', 'https://erp30.com/gl/inquiry/journal_inquiry.php?', 'journal_inquiry_text'),
('2509', '17', 'https://erp30.com/modules/requisitions/requisitions.php', 'requisition_entries_text'),
('2510', '17', 'https://erp30.com/modules/requisitions/requisitions.php', 'requisition_entries_text'),
('2511', '17', 'https://erp30.com/sales/sales_order_entry.php?NewOrder=Yes', 'sale_order_entry_text'),
('2512', '17', 'https://erp30.com/modules/requisitions/requisitions.php', 'requisition_entries_text'),
('2513', '17', 'https://erp30.com/purchasing/po_entry_items.php?NewOrder=Yes', 'purchase_order_text'),
('2514', '17', 'https://erp30.com/modules/requisitions/requisitions.php', 'requisition_entries_text'),
('2515', '17', 'https://erp30.com/purchasing/inquiry/po_search.php?', 'opom_text'),
('2516', '17', 'https://erp30.com/purchasing/inquiry/grn_search_completed.php?', 'import_purchase_text'),
('2517', '17', 'https://erp30.com/purchasing/manage/suppliers_inquiry.php?', 'manage_supplier_text'),
('2518', '17', 'https://erp30.com/purchasing/inquiry/po_search_completed.php?', 'purchase_order_inquiry_text'),
('2519', '17', 'https://erp30.com/purchasing/inquiry/pr_search_completed.php?', 'purchase_requisitions_inquiry_'),
('2520', '17', 'https://erp30.com/purchasing/inquiry/supplier_inquiry.php?', 'supplier_transaction_inquiry_t'),
('2521', '12', 'https://erp30.com/purchasing/inquiry/pr_search_completed.php?', 'purchase_requisitions_inquiry_'),
('2522', '12', 'https://erp30.com/modules/requisitions/requisition_allocations.php', 'requisition_allocation_text'),
('2523', '12', 'https://erp30.com/modules/requisitions/requisition_allocations.php', 'requisition_allocation_text'),
('2524', '12', 'https://erp30.com/modules/requisitions/requisition_allocations.php', 'requisition_allocation_text'),
('2525', '12', 'https://erp30.com/purchasing/inquiry/po_search_completed.php?', 'purchase_order_inquiry_text'),
('2526', '12', 'https://erp30.com/purchasing/inquiry/pr_search_completed.php?', 'purchase_requisitions_inquiry_'),
('2527', '12', 'https://erp30.com/modules/requisitions/requisition_allocations.php', 'requisition_allocation_text'),
('2528', '12', 'https://erp30.com/purchasing/inquiry/pr_search_completed.php?', 'purchase_requisitions_inquiry_'),
('2529', '17', 'https://erp30.com/modules/requisitions/requisitions.php', 'requisition_entries_text'),
('2530', '17', 'https://erp30.com/modules/requisitions/requisition_allocations.php', 'requisition_allocation_text'),
('2531', '17', 'https://erp30.com/modules/requisitions/requisition_allocations.php', 'requisition_allocation_text'),
('2532', '12', 'https://erp30.com/modules/requisitions/requisition_allocations.php', 'requisition_allocation_text'),
('2533', '12', 'https://erp30.com/purchasing/inquiry/pr_search_completed.php?', 'purchase_requisitions_inquiry_'),
('2534', '12', 'https://erp30.com/modules/requisitions/requisition_allocations.php', 'requisition_allocation_text'),
('2535', '12', 'https://erp30.com/modules/requisitions/requisition_allocations.php', 'requisition_allocation_text'),
('2536', '17', 'https://erp30.com/purchasing/inquiry/po_search.php?', 'opom_text'),
('2537', '17', 'https://erp30.com/purchasing/inquiry/po_search.php?', 'opom_text'),
('2538', '17', 'https://erp30.com/purchasing/po_entry_items.php?NewGRN=Yes', 'direct_grn_text'),
('2539', '17', 'https://erp30.com/purchasing/supplier_invoice.php?New=1', 'supplier_invoice_text'),
('2540', '17', 'https://erp30.com/purchasing/inquiry/grn_search_completed.php?', 'import_purchase_text'),
('2541', '17', 'https://erp30.com/purchasing/allocations/supplier_allocation_main.php?', 'allocates_text'),
('2542', '17', 'https://erp30.com/inventory/transfers.php?NewTransfer=1', 'inventry_location_text'),
('2543', '17', 'https://erp30.com/inventory/inquiry/stock_status_customize.php?', 'inventory_item_status_text'),
('2544', '17', 'https://erp30.com/inventory/inquiry/daily_stock_movements.php?', 'daily_movement_text'),
('2545', '17', 'https://erp30.com/sales/manage/item_code.php?', 'updated_items_text'),
('2546', '17', 'https://erp30.com/sales/inquiry/sales_deliveries_view.php?OutstandingOnly=1', 'invoice_against_text'),
('2547', '17', 'https://erp30.com/inventory/inquiry/stock_movements.php?', 'inventory_item_movemnets_text'),
('2548', '17', 'https://erp30.com/sales/manage/item_code.php?', 'updated_items_text'),
('2549', '17', 'https://erp30.com/inventory/manage/item_codes.php?', 'foreign_item_codes_text'),
('2550', '17', 'https://erp30.com/inventory/manage/sales_kits.php?', 'sales_kits_text'),
('2551', '17', 'https://erp30.com/inventory/manage/item_categories.php?', 'item_categories_text'),
('2552', '17', 'https://erp30.com/gl/manage/bank_accounts.php?', 'bank_account_text'),
('2553', '17', 'https://erp30.com/gl/manage/gl_account_types.php?', 'gl_account_group_text'),
('2554', '17', 'https://erp30.com/gl/inquiry/balance_sheet.php?', 'drill_balance_text'),
('2555', '17', 'https://erp30.com/gl/inquiry/profit_loss.php?', 'pf_drill_text'),
('2556', '17', 'https://erp30.com/inventory/manage/batches.php?', 'batch_text'),
('2557', '17', 'https://erp30.com/gl/inquiry/balance_sheet.php?', 'drill_balance_text'),
('2558', '17', 'https://erp30.com/gl/inquiry/profit_loss.php?', 'pf_drill_text'),
('2559', '17', 'https://erp30.com/modules/requisitions/requisitions.php', 'requisition_entries_text'),
('2560', '17', 'https://erp30.com/modules/requisitions/requisitions.php', 'requisition_entries_text'),
('2561', '17', 'https://erp30.com/reporting/reports_main.php?Class=4', 'dimension_reports_text'),
('2562', '17', 'https://erp30.com/admin/forms_setup.php?', 'transaction_ref_text'),
('2563', '17', 'https://erp30.com/reporting/reports_main.php?Class=4', 'dimension_reports_text'),
('2564', '17', 'https://erp30.com/gl/bank_account_reconcile.php?', 'reconcile_account_text'),
('2565', '17', 'https://erp30.com/modules/import_items/import_items.php?', 'import_item_text'),
('2566', '17', 'https://erp30.com/inventory/manage/sales_kits.php?', 'sales_kits_text'),
('2567', '17', 'https://erp30.com/inventory/manage/batches.php?', 'batch_text'),
('2568', '17', 'https://erp30.com/inventory/manage/locations.php?', 'inventory_locations_text'),
('2569', '17', 'https://erp30.com/inventory/manage/item_units.php?', 'unit_measure_text'),
('2570', '17', 'https://erp30.com/inventory/reorder_level.php?', 'recorder_levels_text'),
('2571', '17', 'https://erp30.com/purchasing/po_entry_items.php?NewInvoice=Yes', 'wht_types'),
('2572', '17', 'https://erp30.com/inventory/transfers.php?NewTransfer=1', 'wht_types'),
('2573', '17', 'https://erp30.com/inventory/adjustments.php?NewAdjustment=1', 'wht_types'),
('2574', '17', 'https://erp30.com/sales/sales_order_entry.php?NewInvoice=0', 'wht_types'),
('2575', '12', 'https://erp30.com/gl/bank_account_reconcile.php?', 'reconcile_account_text'),
('2576', '17', 'https://erp30.com/fixed_assets/inquiry/stock_inquiry.php?', 'asset_inquiry_text'),
('2577', '12', 'https://erp30.com/purchasing/inquiry/grn_search_completed.php?', 'import_purchase_text'),
('2578', '17', 'https://erp30.com/reporting/reports_main.php?Class=7', 'assets_reports_text'),
('2579', '17', 'https://erp30.com/inventory/manage/items.php?FixedAsset=1', 'fixed_assets_text'),
('2580', '17', 'https://erp30.com/inventory/manage/locations.php?FixedAsset=1', 'fixed_assets_locations_text'),
('2581', '17', 'https://erp30.com/inventory/manage/item_categories.php?FixedAsset=1', 'fixed_assets_categories_text'),
('2582', '17', 'https://erp30.com/fixed_assets/fixed_asset_classes.php', 'fixed_assets_classes_text'),
('2583', '17', 'https://erp30.com/fixed_assets/fixed_asset_classes.php', 'fixed_assets_classes_text'),
('2584', '17', 'https://erp30.com/dimensions/dimension_entry.php?', 'dimension_entry_text'),
('2585', '17', 'https://erp30.com/dimensions/inquiry/search_dimensions.php?outstanding_only=1', 'outstanding_dimension_text'),
('2586', '17', 'https://erp30.com/dimensions/inquiry/search_dimensions.php?outstanding_only=1', 'outstanding_dimension_text'),
('2587', '17', 'https://erp30.com/dimensions/inquiry/search_dimensions.php?', 'dimension_inquiry_text'),
('2588', '17', 'https://erp30.com/reporting/reports_main.php?Class=4', 'dimension_reports_text'),
('2589', '17', 'https://erp30.com/admin/tags.php?type=dimension', 'dimension_tags_text'),
('2590', '17', 'https://erp30.com/gl/inquiry/balance_sheet.php?', 'drill_balance_text'),
('2591', '17', 'https://erp30.com/gl/accruals.php?', 'revenue_cost_text'),
('2592', '17', 'https://erp30.com/reporting/reports_main.php?Class=5', 'banking_reports_text'),
('2593', '17', 'https://erp30.com/gl/bank_account_reconcile.php?', 'reconcile_account_text'),
('2594', '12', 'https://erp30.com/reporting/reports_main.php?Class=6', 'general_ledger_text'),
('2595', '12', 'https://erp30.com/sales/customer_payments.php?', 'customer_payment_text'),
('2596', '17', 'https://erp30.com/gl/manage/currencies.php?', 'currencies_text'),
('2597', '17', 'https://erp30.com/sales/pos_order_entry.php?NewInvoice=0', 'pos_text'),
('2598', '18', 'https://erp30.com/reporting/reports_main.php?Class=2', 'inventory_reports_text'),
('2599', '12', 'https://erp30.com/purchasing/inquiry/grn_search_completed.php?', 'import_purchase_text'),
('2600', '12', 'https://erp30.com/purchasing/inquiry/grn_search_completed.php?', 'import_purchase_text'),
('2601', '17', 'https://erp30.com/sales/pos_order_entry.php?NewInvoice=0', 'pos_text'),
('2602', '12', 'https://erp30.com/purchasing/inquiry/grn_search_completed.php?', 'import_purchase_text'),
('2603', '18', 'https://erp30.com/reporting/reports_main.php?Class=5', 'banking_reports_text'),
('2604', '18', 'https://erp30.com/reporting/reports_main.php?Class=2', 'inventory_reports_text'),
('2605', '18', 'https://erp30.com/purchasing/inquiry/grn_search_completed.php?', 'import_purchase_text'),
('2606', '17', 'https://erp30.com/sales/inquiry/sales_deliveries_view.php?OutstandingOnly=1', 'invoice_against_text'),
('2607', '17', 'https://erp30.com/reporting/reports_main.php?Class=0', 'sale_report_text'),
('2608', '17', 'https://erp30.com/taxes/tax_groups.php?', 'tax_group_text'),
('2609', '17', 'https://erp30.com/sales/manage/customers.php?', 'add_customer_text'),
('2610', '12', 'https://erp30.com/gl/manage/gl_account_types.php?', 'gl_account_group_text'),
('2611', '12', 'https://erp30.com/gl/manage/gl_account_types.php?', 'gl_account_group_text'),
('2612', '12', 'https://erp30.com/gl/inquiry/gl_account_types.php?', 'gl_account_text'),
('2613', '12', 'https://erp30.com/reporting/reports_main.php?Class=6', 'general_ledger_text'),
('2614', '12', 'https://erp30.com/gl/gl_journal.php?NewJournal=Yes', 'journal_entry_text'),
('2615', '12', 'https://erp30.com/gl/gl_journal.php?NewJournal=Yes', 'journal_entry_text'),
('2616', '12', 'https://erp30.com/gl/gl_journal.php?NewJournal=Yes', 'journal_entry_text'),
('2617', '12', 'https://erp30.com/gl/gl_journal.php?NewJournal=Yes', 'journal_entry_text'),
('2618', '12', 'https://erp30.com/reporting/reports_main.php?Class=6', 'general_ledger_text'),
('2619', '12', 'https://erp30.com/reporting/reports_main.php?Class=6', 'general_ledger_text'),
('2620', '12', 'https://erp30.com/gl/gl_journal.php?NewJournal=Yes', 'journal_entry_text'),
('2621', '12', 'https://erp30.com/sales/manage/customers_inquiry.php?', 'manage_customer_text'),
('2622', '12', 'https://erp30.com/gl/gl_journal.php?NewJournal=Yes', 'journal_entry_text'),
('2623', '12', 'https://erp30.com/reporting/reports_main.php?Class=0', 'sales_reports_text'),
('2624', '12', 'https://erp30.com/gl/gl_journal.php?NewJournal=Yes', 'journal_entry_text'),
('2625', '12', 'https://erp30.com/reporting/reports_main.php?Class=0', 'sales_reports_text'),
('2626', '12', 'https://erp30.com/gl/manage/gl_account_classes.php?', 'gl_account_classes_text'),
('2627', '12', 'https://erp30.com/gl/manage/gl_account_types.php?', 'gl_account_group_text'),
('2628', '12', 'https://erp30.com/gl/manage/gl_account_types.php?', 'gl_account_group_text');
INSERT INTO `0_history_tabs` VALUES
('2629', '12', 'https://erp30.com/gl/inquiry/gl_account_types.php?', 'gl_account_text'),
('2630', '12', 'https://erp30.com/gl/inquiry/gl_account_types.php?', 'gl_account_text'),
('2631', '12', 'https://erp30.com/gl/manage/gl_account_types.php?', 'gl_account_group_text'),
('2632', '12', 'https://erp30.com/gl/inquiry/gl_account_types.php?', 'gl_account_text'),
('2633', '12', 'https://erp30.com/gl/manage/gl_account_types.php?', 'gl_account_group_text'),
('2634', '12', 'https://erp30.com/gl/gl_bank.php?NewPayment=Yes', 'bank_payments_voucher_text'),
('2635', '12', 'https://erp30.com/gl/manage/bank_accounts.php?', 'bank_account_text'),
('2636', '12', 'https://erp30.com/gl/gl_bank.php?NewPayment=Yes', 'bank_payments_voucher_text'),
('2637', '12', 'https://erp30.com/reporting/reports_main.php?Class=0', 'sales_reports_text'),
('2638', '12', 'https://erp30.com/gl/manage/gl_account_types.php?', 'gl_account_group_text'),
('2639', '12', 'https://erp30.com/gl/inquiry/gl_account_types.php?', 'gl_account_text'),
('2640', '12', 'https://erp30.com/gl/gl_bank.php?NewPayment=Yes', 'bank_payments_voucher_text'),
('2641', '12', 'https://erp30.com/gl/manage/bank_accounts.php?', 'bank_account_text'),
('2642', '12', 'https://erp30.com/gl/gl_bank.php?NewPayment=Yes', 'bank_payments_voucher_text'),
('2643', '12', 'https://erp30.com/gl/manage/bank_accounts.php?', 'bank_account_text'),
('2644', '17', 'https://erp30.com/manufacturing/work_order_entry.php?WOType=2', 'work_order_entry_advance_manuf'),
('2645', '17', 'https://erp30.com/manufacturing/work_order_entry_cart.php?NewWorkOrder=1', ''),
('2646', '17', 'https://erp30.com/manufacturing/inquiry/bom_cost_inquiry.php?', 'costed_bill_material_text'),
('2647', '17', 'https://erp30.com/manufacturing/manage/bom_edit.php?', 'bill_of_material_text'),
('2648', '17', 'https://erp30.com/modules/requisitions/requisitions.php', 'requisition_entries_text'),
('2649', '17', 'https://erp30.com/purchasing/po_entry_items.php?NewOrder=Yes', 'purchase_order_text'),
('2650', '17', 'https://erp30.com/inventory/manage/items_inquiry.php?', 'add_and_manage_text'),
('2651', '12', 'https://erp30.com/sales/sales_order_entry.php?NewQuotation=Yes', 'sales_quotation_text'),
('2652', '12', 'https://erp30.com/inventory/manage/items_inquiry.php?', 'add_and_manage_text'),
('2653', '12', 'https://erp30.com/sales/sales_order_entry.php?NewQuotation=Yes', 'sales_quotation_text'),
('2654', '12', 'https://erp30.com/purchasing/inquiry/grn_search_completed.php?', 'import_purchase_text'),
('2655', '12', 'https://erp30.com/purchasing/supplier_payment.php?', 'payments_suppliers_text'),
('2656', '12', 'https://erp30.com/gl/manage/bank_accounts.php?', 'bank_account_text'),
('2657', '17', 'https://erp30.com/gl/inquiry/gl_account_inquiry.php?', 'gl_text'),
('2658', '12', 'https://erp30.com/gl/inquiry/gl_account_inquiry.php?', 'gl_text'),
('2659', '12', 'https://erp30.com/purchasing/po_entry_items.php?NewGRN=Yes', 'direct_grn_text'),
('2660', '17', 'https://erp30.com/gl/gl_bank.php?NewPayment=Yes', 'bank_payments_voucher_text'),
('2661', '17', 'https://erp30.com/gl/inquiry/cash_flow_statement.php?', ''),
('2662', '12', 'https://erp30.com/purchasing/inquiry/po_search.php?', 'opom_text'),
('2663', '12', 'https://erp30.com/modules/requisitions/requisition_allocations.php', 'requisition_allocation_text'),
('2664', '12', 'https://erp30.com/purchasing/po_entry_items.php?NewGRN=Yes', 'direct_grn_text'),
('2665', '12', 'https://erp30.com/reporting/reports_main.php?Class=0', 'sales_reports_text'),
('2666', '12', 'https://erp30.com/purchasing/inquiry/grn_search_completed.php?', 'import_purchase_text'),
('2667', '17', 'https://erp30.com/reporting/reports_main.php?Class=0', 'sales_reports_text'),
('2668', '17', 'https://erp30.com/reporting/reports_main.php?Class=0', 'sales_reports_text'),
('2669', '17', 'https://erp30.com/sales/sales_order_entry.php?NewInvoice=0', 'direct_invoice_text'),
('2670', '12', 'https://erp30.com/admin/gl_setup.php?', 'system_gl_text'),
('2671', '12', 'https://erp30.com/admin/gl_setup.php?', 'system_gl_text'),
('2672', '12', 'https://erp30.com/admin/security_roles.php?', 'access_setup_text'),
('2673', '12', 'https://erp30.com/admin/users.php?', 'user_account_setup_text'),
('2674', '12', 'https://erp30.com/admin/security_roles.php?', 'access_setup_text'),
('2675', '12', 'https://erp30.com/admin/security_roles.php?', 'access_setup_text'),
('2676', '17', 'https://erp30.com/sales/customer_payments.php?', 'customer_payment_text'),
('2677', '18', 'https://erp30.com/inventory/manage/items_inquiry.php?', 'add_and_manage_text'),
('2678', '18', 'https://erp30.com//sales/sales_order_entry.php?NewInvoice=0', 'direct_invoice_text'),
('2679', '18', 'https://erp30.com//purchasing/po_entry_items.php?NewGRN=Yes', 'direct_grn_text'),
('2680', '18', 'https://erp30.com//admin/company_preferences.php?', 'company_setup_text'),
('2681', '17', 'https://erp30.com/admin/gl_setup.php?', 'system_gl_text'),
('2682', '17', 'https://erp30.com/sales/allocations/customer_allocation_main.php?', 'allocate_text'),
('2683', '17', 'https://erp30.com/reporting/reports_main.php?Class=0', 'sales_reports_text'),
('2684', '18', 'https://erp30.com//admin/users.php?', 'user_account_setup_text'),
('2685', '18', 'https://erp30.com//admin/security_roles.php?', 'access_setup_text'),
('2686', '17', 'https://erp30.com/purchasing/supplier_invoice.php?New=1', 'supplier_invoice_text'),
('2687', '18', 'https://erp30.com//admin/user_banks.php?', 'user_bank_access_text'),
('2688', '17', 'https://erp30.com/purchasing/supplier_payment.php?', 'payments_suppliers_text'),
('2689', '18', 'https://erp30.com//admin/print_profiles.php?', 'print_profile_text'),
('2690', '17', 'https://erp30.com/reporting/reports_main.php?Class=1', 'supplier_reports_text'),
('2691', '17', 'https://erp30.com/purchasing/manage/suppliers_inquiry.php?', 'manage_supplier_text'),
('2692', '18', 'https://erp30.com//modules/import_items_adjustment/import_items_adjustment.php?', 'import_opening_balance_text'),
('2693', '18', 'https://erp30.com/modules/requisitions/requisitions.php', 'requisition_entries_text'),
('2694', '17', 'https://erp30.com/purchasing/po_entry_items.php?NewOrder=Yes', 'purchase_order_text'),
('2695', '17', 'https://erp30.com/purchasing/po_entry_items.php?NewGRN=Yes', 'direct_grn_text'),
('2696', '17', 'https://erp30.com/purchasing/po_entry_items.php?NewInvoice=Yes', 'direct_supplier_invoice_text'),
('2697', '17', 'https://erp30.com/purchasing/inquiry/grn_search_completed.php?', 'import_purchase_text'),
('2698', '18', 'https://erp30.com/inventory/transfers.php?NewTransfer=1', 'inventry_location_text'),
('2699', '18', 'https://erp30.com/modules/requisitions/requisition_allocations.php', 'requisition_allocation_text'),
('2700', '17', 'https://erp30.com/purchasing/po_entry_items.php?NewOrder=Yes', 'purchase_order_text'),
('2701', '17', 'https://erp30.com/reporting/reports_main.php?Class=2', 'inventory_reports_text'),
('2702', '17', 'https://erp30.com/reporting/reports_main.php?Class=1', 'supplier_reports_text'),
('2703', '17', 'https://erp30.com/purchasing/supplier_invoice.php?New=1', 'supplier_invoice_text'),
('2704', '17', 'https://erp30.com/reporting/reports_main.php?Class=1', 'supplier_reports_text'),
('2705', '17', 'https://erp30.com/reporting/reports_main.php?Class=1', 'supplier_reports_text'),
('2706', '17', 'https://erp30.com/admin/gl_setup.php?', 'system_gl_text'),
('2707', '12', 'https://erp30.com/admin/gl_setup.php?', 'system_gl_text'),
('2708', '12', 'https://erp30.com/reporting/reports_main.php?Class=2', 'inventory_reports_text'),
('2709', '12', 'https://erp30.com/reporting/reports_main.php?Class=2', 'inventory_reports_text'),
('2710', '12', 'https://erp30.com/reporting/reports_main.php?Class=2', 'inventory_reports_text'),
('2711', '17', 'https://erp30.com/reporting/reports_main.php?Class=2', 'inventory_reports_text'),
('2712', '17', 'https://erp30.com/admin/gl_setup.php?', 'system_gl_text'),
('2713', '17', 'https://erp30.com/admin/gl_setup.php?', 'system_gl_text'),
('2714', '12', 'https://erp30.com/inventory/adjustments.php?NewAdjustment=1', 'inventory_adjustments_text'),
('2715', '12', 'https://erp30.com/inventory/adjustments.php?NewAdjustment=1', 'inventory_adjustments_text'),
('2716', '12', 'https://erp30.com/inventory/manage/item_categories.php?', 'item_categories_text'),
('2717', '18', 'https://erp30.com/purchasing/po_entry_items.php?NewOrder=Yes', 'purchase_order_text'),
('2718', '18', 'https://erp30.com/purchasing/inquiry/po_search.php?', 'opom_text'),
('2719', '18', 'https://erp30.com/purchasing/inquiry/grn_search_completed.php?', 'import_purchase_text'),
('2720', '18', 'https://erp30.com/reporting/reports_main.php?Class=1', 'supplier_reports_text'),
('2721', '18', 'https://erp30.com/sales/sales_order_entry.php?NewOrder=Yes', 'sale_order_entry_text'),
('2722', '18', 'https://erp30.com/sales/sales_order_entry.php?NewOrder=Yes', 'sale_order_entry_text'),
('2723', '18', 'https://erp30.com/sales/sales_order_entry.php?NewOrder=Yes', 'sale_order_entry_text'),
('2724', '18', 'https://erp30.com/sales/sales_order_entry.php?NewOrder=Yes', 'sale_order_entry_text'),
('2725', '18', 'https://erp30.com/sales/sales_order_entry.php?NewOrder=Yes', 'sale_order_entry_text'),
('2726', '18', 'https://erp30.com/sales/sales_order_entry.php?NewOrder=Yes', 'sale_order_entry_text'),
('2727', '18', 'https://erp30.com/sales/inquiry/sales_orders_view.php?OutstandingOnly=1', 'delivery_against_text'),
('2728', '18', 'https://erp30.com/sales/inquiry/sales_deliveries_view.php?OutstandingOnly=1', 'invoice_against_text'),
('2729', '18', 'https://erp30.com/sales/inquiry/sales_deliveries_view.php?OutstandingOnly=1', 'invoice_against_text'),
('2730', '18', 'https://erp30.com/sales/customer_payments.php?', 'customer_payment_text'),
('2731', '18', 'https://erp30.com/reporting/reports_main.php?Class=5', 'banking_reports_text'),
('2732', '18', 'https://erp30.com/reporting/reports_main.php?Class=6', 'general_ledger_text'),
('2733', '18', 'https://erp30.com/reporting/reports_main.php?Class=0', 'sale_report_text'),
('2734', '18', 'https://erp30.com/sales/pos_order_entry.php?NewInvoice=0', 'pos_text'),
('2735', '18', 'https://erp30.com/sales/sales_order_entry.php?NewInvoice=0', 'direct_invoice_text'),
('2736', '18', 'https://erp30.com/sales/sales_order_entry.php?NewInvoice=0', 'direct_invoice_text'),
('2737', '18', 'https://erp30.com/sales/credit_note_entry.php?NewCredit=Yes', 'customer_credit_note_text'),
('2738', '18', 'https://erp30.com/purchasing/po_entry_items.php?NewOrder=Yes', 'purchase_order_text'),
('2739', '17', 'https://erp30.com/purchasing/supplier_invoice.php?New=1', 'supplier_invoice_text'),
('2740', '17', 'https://erp30.com/inventory/inquiry/stock_status_customize.php?', 'inventory_item_status_text'),
('2741', '18', 'https://erp30.com/purchasing/inquiry/grn_search_completed.php?', 'import_purchase_text'),
('2742', '18', 'https://erp30.com/inventory/inquiry/stock_movements.php?', 'inventory_item_movemnets_text'),
('2743', '18', 'https://erp30.com/inventory/reorder_level.php?', 'recorder_levels_text'),
('2744', '18', 'https://erp30.com/purchasing/inquiry/grn_search_completed.php?', 'import_purchase_text'),
('2745', '18', 'https://erp30.com/purchasing/inquiry/grn_search_completed.php?', 'import_purchase_text'),
('2746', '18', 'https://erp30.com/sales/customer_payments.php?', 'customer_payment_text'),
('2747', '18', 'https://erp30.com/sales/customer_payments.php?', 'customer_payment_text'),
('2748', '18', 'https://erp30.com/sales/sales_order_entry.php?NewInvoice=0', 'direct_invoice_text'),
('2749', '18', 'https://erp30.com/reporting/reports_main.php?Class=0', 'sale_report_text'),
('2750', '18', 'https://erp30.com/sales/credit_note_entry.php?NewCredit=Yes', 'customer_credit_note_text'),
('2751', '18', 'https://erp30.com/sales/sales_order_entry.php?NewInvoice=0', 'direct_invoice_text'),
('2752', '18', 'https://erp30.com/sales/customer_payments.php?', 'customer_payment_text'),
('2753', '18', 'https://erp30.com/sales/allocations/customer_allocation_main.php?', 'allocate_text'),
('2754', '18', 'https://erp30.com/sales/inquiry/sales_orders_view.php?OutstandingOnly=1', 'delivery_against_text'),
('2755', '18', 'https://erp30.com/sales/sales_order_entry.php?NewOrder=Yes', 'sale_order_entry_text'),
('2756', '18', 'https://erp30.com/sales/inquiry/sales_orders_view.php?OutstandingOnly=1', 'delivery_against_text'),
('2757', '18', 'https://erp30.com/sales/customer_payments.php?', 'customer_payment_text'),
('2758', '18', 'https://erp30.com/sales/inquiry/sales_deliveries_view.php?OutstandingOnly=1', 'invoice_against_text'),
('2759', '18', 'https://erp30.com/sales/credit_note_entry.php?NewCredit=Yes', 'customer_credit_note_text'),
('2760', '18', 'https://erp30.com/sales/customer_payments.php?', 'customer_payment_text'),
('2761', '18', 'https://erp30.com/sales/allocations/customer_allocation_main.php?', 'allocate_text'),
('2762', '18', 'https://erp30.com/reporting/reports_main.php?Class=0', 'sale_report_text'),
('2763', '18', 'https://erp30.com/purchasing/inquiry/grn_search_completed.php?', 'import_purchase_text'),
('2764', '18', 'https://erp30.com/reporting/reports_main.php?Class=1', 'supplier_reports_text'),
('2765', '18', 'https://erp30.com/purchasing/po_entry_items.php?NewOrder=Yes', 'purchase_order_text'),
('2766', '18', 'https://erp30.com/purchasing/po_entry_items.php?NewOrder=Yes', 'purchase_order_text'),
('2767', '18', 'https://erp30.com/purchasing/inquiry/po_search.php?', 'opom_text'),
('2768', '18', 'https://erp30.com/purchasing/po_entry_items.php?NewOrder=Yes', 'purchase_order_text'),
('2769', '18', 'https://erp30.com/purchasing/inquiry/po_search.php?', 'opom_text'),
('2770', '18', 'https://erp30.com/purchasing/po_entry_items.php?NewOrder=Yes', 'purchase_order_text'),
('2771', '18', 'https://erp30.com/purchasing/inquiry/po_search.php?', 'opom_text'),
('2772', '18', 'https://erp30.com/purchasing/inquiry/grn_search_completed.php?', 'import_purchase_text'),
('2773', '18', 'https://erp30.com/purchasing/inquiry/po_search.php?', 'opom_text'),
('2774', '18', 'https://erp30.com/purchasing/po_entry_items.php?NewGRN=Yes', 'direct_grn_text'),
('2775', '18', 'https://erp30.com/purchasing/inquiry/grn_search_completed.php?', 'import_purchase_text'),
('2776', '18', 'https://erp30.com/purchasing/supplier_invoice.php?New=1', 'supplier_invoice_text'),
('2777', '18', 'https://erp30.com/purchasing/inquiry/po_search.php?', 'opom_text'),
('2778', '18', 'https://erp30.com/purchasing/inquiry/po_search.php?', 'opom_text'),
('2779', '18', 'https://erp30.com/purchasing/inquiry/grn_search_completed.php?', 'import_purchase_text'),
('2780', '18', 'https://erp30.com/purchasing/po_entry_items.php?NewOrder=Yes', 'purchase_order_text'),
('2781', '18', 'https://erp30.com/purchasing/po_entry_items.php?NewOrder=Yes', 'purchase_order_text'),
('2782', '18', 'https://erp30.com/purchasing/inquiry/po_search.php?', 'opom_text'),
('2783', '18', 'https://erp30.com/purchasing/inquiry/po_search.php?', 'opom_text'),
('2784', '18', 'https://erp30.com/purchasing/inquiry/po_search.php?', 'opom_text'),
('2785', '18', 'https://erp30.com/purchasing/inquiry/grn_search_completed.php?', 'import_purchase_text'),
('2786', '18', 'https://erp30.com/purchasing/inquiry/po_search.php?', 'opom_text'),
('2787', '18', 'https://erp30.com/purchasing/po_entry_items.php?NewOrder=Yes', 'purchase_order_text'),
('2788', '18', 'https://erp30.com/purchasing/inquiry/po_search.php?', 'opom_text'),
('2789', '18', 'https://erp30.com/purchasing/po_entry_items.php?NewOrder=Yes', 'purchase_order_text'),
('2790', '18', 'https://erp30.com/purchasing/supplier_invoice.php?New=1', 'supplier_invoice_text'),
('2791', '18', 'https://erp30.com/purchasing/supplier_invoice.php?New=1', 'supplier_invoice_text'),
('2792', '18', 'https://erp30.com/purchasing/po_entry_items.php?NewGRN=Yes', 'direct_grn_text'),
('2793', '18', 'https://erp30.com/purchasing/supplier_invoice.php?New=1', 'supplier_invoice_text'),
('2794', '18', 'https://erp30.com/purchasing/supplier_invoice.php?New=1', 'supplier_invoice_text'),
('2795', '18', 'https://erp30.com/purchasing/supplier_invoice.php?New=1', 'supplier_invoice_text'),
('2796', '18', 'https://erp30.com/purchasing/po_entry_items.php?NewGRN=Yes', 'direct_grn_text'),
('2797', '18', 'https://erp30.com/purchasing/po_entry_items.php?NewGRN=Yes', 'direct_grn_text'),
('2798', '18', 'https://erp30.com/purchasing/supplier_invoice.php?New=1', 'supplier_invoice_text'),
('2799', '18', 'https://erp30.com/purchasing/supplier_invoice.php?New=1', 'supplier_invoice_text'),
('2800', '18', 'https://erp30.com/purchasing/po_entry_items.php?NewGRN=Yes', 'direct_grn_text'),
('2801', '18', 'https://erp30.com/purchasing/po_entry_items.php?NewGRN=Yes', 'direct_grn_text'),
('2802', '18', 'https://erp30.com/purchasing/po_entry_items.php?NewGRN=Yes', 'direct_grn_text'),
('2803', '18', 'https://erp30.com/purchasing/po_entry_items.php?NewGRN=Yes', 'direct_grn_text'),
('2804', '18', 'https://erp30.com/reporting/reports_main.php?Class=2', 'inventory_reports_text'),
('2805', '18', 'https://erp30.com/purchasing/po_entry_items.php?NewGRN=Yes', 'direct_grn_text'),
('2806', '17', 'https://erp30.com/taxes/tax_groups.php?', 'tax_group_text'),
('2807', '17', 'https://erp30.com/gl/gl_bank.php?NewPayment=Yes', 'bank_payments_voucher_text'),
('2808', '18', 'https://erp30.com/purchasing/po_entry_items.php?NewGRN=Yes', 'direct_grn_text'),
('2809', '18', 'https://erp30.com/purchasing/supplier_invoice.php?New=1', 'supplier_invoice_text'),
('2810', '17', 'https://erp30.com/inventory/purchasing_data.php?', 'purchase_pricing_text'),
('2811', '18', 'https://erp30.com/purchasing/supplier_invoice.php?New=1', 'supplier_invoice_text'),
('2812', '18', 'https://erp30.com/purchasing/supplier_invoice.php?New=1', 'supplier_invoice_text'),
('2813', '17', 'https://erp30.com/purchasing/inquiry/supplier_inquiry.php?', 'supplier_transaction_inquiry_t'),
('2814', '17', 'https://erp30.com/purchasing/inquiry/po_search_completed.php?', 'purchase_order_inquiry_text'),
('2815', '17', 'https://erp30.com/purchasing/po_entry_items.php?NewOrder=Yes', 'purchase_order_text'),
('2816', '17', 'https://erp30.com/purchasing/supplier_invoice.php?New=1', 'supplier_invoice_text'),
('2817', '17', 'https://erp30.com/purchasing/supplier_payment.php?', 'payments_suppliers_text'),
('2818', '17', 'https://erp30.com/sales/manage/customers_inquiry.php?', 'manage_customer_text'),
('2819', '17', 'https://erp30.com/project/inquiry/task_inquiry.php?status=112', 'task_inquiry_text'),
('2820', '18', 'https://erp30.com/sales/sales_order_entry.php?NewInvoice=0', 'direct_invoice_text'),
('2821', '17', 'https://erp30.com/reporting/reports_main.php?Class=0', 'sales_reports_text'),
('2822', '17', 'https://erp30.com/reporting/reports_main.php?Class=0', 'sales_reports_text'),
('2823', '17', 'https://erp30.com/sales/sales_order_entry.php?NewQuotation=Yes', 'sales_quotation_text'),
('2824', '17', 'https://erp30.com/sales/inquiry/sales_orders_view.php?type=32', 'sales_quotation_inquiry_text'),
('2825', '17', 'https://erp30.com/sales/inquiry/sales_orders_view.php?type=32', 'sales_quotation_inquiry_text'),
('2826', '17', 'https://erp30.com/sales/inquiry/sales_orders_view.php?OutstandingOnly=1', 'delivery_against_text'),
('2827', '17', 'https://erp30.com/sales/inquiry/sales_orders_view.php?OutstandingOnly=1', 'delivery_against_text'),
('2828', '17', 'https://erp30.com/sales/inquiry/sales_deliveries_view.php?OutstandingOnly=1', 'invoice_against_text'),
('2829', '17', 'https://erp30.com/sales/inquiry/sales_deliveries_view.php?OutstandingOnly=1', 'invoice_against_text'),
('2830', '17', 'https://erp30.com/sales/pos_order_entry.php?NewInvoice=0', 'pos_text'),
('2831', '17', 'https://erp30.com/sales/manage/sms_template.php?', 'sms_template_text'),
('2832', '17', 'https://erp30.com/sales/manage/gate_pass_dashboard.php?', 'gate_pass_text'),
('2833', '17', 'https://erp30.com/sales/manage/sales_types.php?', 'sales_type_text'),
('2834', '17', 'https://erp30.com/sales/manage/sales_people.php?', 'sales_persons_text'),
('2835', '17', 'https://erp30.com/sales/manage/customers_inquiry.php?', 'manage_customer_text'),
('2836', '17', 'https://erp30.com/sales/inquiry/sales_orders_view.php?type=30', 'sale_order_inquiry_text'),
('2837', '17', 'https://erp30.com/project/task.php?type=task', 'add_task_text'),
('2838', '17', 'https://erp30.com/project/task.php?type=event', 'add_event_text'),
('2839', '17', 'https://erp30.com/dimensions/inquiry/search_dimensions.php?outstanding_only=1', 'outstanding_dimension_text'),
('2840', '17', 'https://erp30.com/dimensions/dimension_entry.php?', 'dimension_entry_text'),
('2841', '17', 'https://erp30.com/admin/tags.php?type=dimension', 'dimension_tags_text'),
('2842', '17', 'https://erp30.com/reporting/reports_main.php?Class=4', 'dimension_reports_text'),
('2843', '17', 'https://erp30.com/reporting/reports_main.php?Class=1', 'supplier_reports_text'),
('2844', '17', 'https://erp30.com/purchasing/inquiry/supplier_allocation_inquiry.php?', 'allocate_inquiry_text'),
('2845', '17', 'https://erp30.com/purchasing/inquiry/po_search_completed.php?', 'purchase_order_inquiry_text'),
('2846', '17', 'https://erp30.com/purchasing/inquiry/pr_search_completed.php?', 'purchase_requisitions_inquiry_'),
('2847', '17', 'https://erp30.com/purchasing/inquiry/supplier_inquiry.php?', 'supplier_transaction_inquiry_t'),
('2848', '17', 'https://erp30.com/purchasing/inquiry/po_search.php?', 'opom_text'),
('2849', '17', 'https://erp30.com/reporting/reports_main.php?Class=1', 'supplier_reports_text'),
('2850', '17', 'https://erp30.com/inventory/cost_update.php?', 'standard_cost_text'),
('2851', '12', 'https://erp30.com/admin/backups.php?', 'backup_text'),
('2852', '12', 'https://erp30.com/admin/backups.php?', 'backup_text'),
('2853', '12', 'https://erp30.com/reporting/reports_main.php?Class=0', 'sale_report_text'),
('2854', '12', 'https://erp30.com/admin/backups.php?', 'backup_text');

### Structure of table `0_hourly_rate` ###

DROP TABLE IF EXISTS `0_hourly_rate`;

CREATE TABLE `0_hourly_rate` (
  `id` int(11) NOT NULL AUTO_INCREMENT,
  `dept` int(11) NOT NULL,
  `grade` int(11) NOT NULL,
  `salary_from` int(11) NOT NULL,
  `salary_to` int(11) NOT NULL,
  `ot` int(11) NOT NULL,
  `state` int(11) NOT NULL,
  `inactive` int(11) NOT NULL,
  PRIMARY KEY (`id`)
) ENGINE=InnoDB DEFAULT CHARSET=latin1 ;

### Data of table `0_hourly_rate` ###


### Structure of table `0_increment` ###

DROP TABLE IF EXISTS `0_increment`;

CREATE TABLE `0_increment` (
  `id` int(11) NOT NULL AUTO_INCREMENT,
  `increment_code` varchar(50) NOT NULL,
  `emp_id` int(11) NOT NULL,
  `valid_from` date NOT NULL DEFAULT '0000-00-00',
  `increment_date` date NOT NULL,
  `increament_amount` double NOT NULL,
  `last_salary` double NOT NULL,
  `remarks` varchar(50) NOT NULL,
  `f_year` int(11) NOT NULL,
  `division` int(11) NOT NULL,
  `project` int(11) NOT NULL,
  `location` int(11) NOT NULL,
  PRIMARY KEY (`id`)
) ENGINE=InnoDB DEFAULT CHARSET=latin1 ;

### Data of table `0_increment` ###


### Structure of table `0_industry` ###

DROP TABLE IF EXISTS `0_industry`;

CREATE TABLE `0_industry` (
  `id` int(11) NOT NULL AUTO_INCREMENT,
  `name` varchar(60) NOT NULL,
  `inactive` tinyint(1) NOT NULL DEFAULT '0',
  PRIMARY KEY (`id`)
) ENGINE=InnoDB AUTO_INCREMENT=3 DEFAULT CHARSET=latin1 ;

### Data of table `0_industry` ###

INSERT INTO `0_industry` VALUES
('2', 'General', '0');

### Structure of table `0_item_codes` ###

DROP TABLE IF EXISTS `0_item_codes`;

CREATE TABLE `0_item_codes` (
  `id` int(11) unsigned NOT NULL AUTO_INCREMENT,
  `item_code` varchar(20) COLLATE utf8_unicode_ci NOT NULL,
  `stock_id` varchar(20) COLLATE utf8_unicode_ci NOT NULL,
  `description` varchar(200) COLLATE utf8_unicode_ci NOT NULL DEFAULT '',
  `category_id` smallint(6) unsigned NOT NULL,
  `quantity` double NOT NULL DEFAULT '1',
  `is_foreign` tinyint(1) NOT NULL DEFAULT '0',
  `inactive` tinyint(1) NOT NULL DEFAULT '0',
  PRIMARY KEY (`id`),
  UNIQUE KEY `stock_id` (`stock_id`,`item_code`),
  KEY `item_code` (`item_code`)
) ENGINE=InnoDB AUTO_INCREMENT=61 DEFAULT CHARSET=utf8 COLLATE=utf8_unicode_ci ;

### Data of table `0_item_codes` ###

INSERT INTO `0_item_codes` VALUES
('1', '500166666', '1001', 'Test Item', '1', '1', '0', '0'),
('2', '1002', '1002', 'Sugar Free (Vanilla) (Double Scoop)', '1', '1', '0', '0'),
('3', '11122220000', '1003', 'Coconut (Double Scoop)', '1', '1', '0', '0'),
('4', '1004', '1004', 'A-HO 20/30 SEA BREAM', '1', '1', '0', '0'),
('5', '1005', '1005', 'RIBBON FISH ', '1', '1', '0', '0'),
('6', '1006', '1006', 'panadol ', '1', '1', '0', '0'),
('7', '1007', '1007', 'NATURE WATER ', '1', '1', '0', '0'),
('8', '1008', '1008', 'NESCAFEE COFEE ', '1', '1', '0', '0'),
('9', '1009', '1009', 'HP LAPTOP', '1', '1', '0', '0'),
('10', '1010', '1010', 'ROYAL FAN', '1', '1', '0', '0'),
('11', '1011', '1011', 'Import Item', '1', '1', '0', '0'),
('12', '10122', '10122', 'import item 1111', '1', '1', '0', '0'),
('13', '101232', '101232', 'import item 1234', '1', '1', '0', '0'),
('14', '101233', '101233', 'Import Item 2', '1', '1', '0', '0'),
('15', '101234', '101234', 'Import 3', '1', '1', '0', '0'),
('16', '101235', '101235', 'import 4', '1', '1', '0', '0'),
('17', '101236', '101236', 'HSD', '1', '1', '0', '0'),
('18', '101237', '101237', 'Lucky Cement  ', '1', '1', '0', '0'),
('19', '101238', '101238', 'HP LAPTOP', '1', '1', '0', '0'),
('20', '101239', '101239', 'CARS ', '1', '1', '0', '0'),
('21', '4001', '4001', 'CAR ', '4', '1', '0', '0'),
('22', '4002', '4002', 'Computer', '4', '1', '0', '0'),
('23', '4003', '4003', 'AMPROLIUM HCL', '4', '1', '0', '0'),
('24', '101240', '101240', 'Testing Item 2', '1', '1', '0', '0'),
('25', '2001', '2001', 'Item 9', '2', '1', '0', '0'),
('26', '2002', '2002', 'Item12', '2', '1', '0', '0'),
('27', '101241', '101241', 'AUX DAIKOOL 1 TON INV, SET', '1', '1', '0', '0'),
('28', '3001', '3001', 'COPPER TUBE 3/8', '1', '1', '0', '0'),
('29', '2003', '2003', 'Bridal', '2', '1', '0', '0'),
('30', '3009', '3009', 'Branded SMS', '3', '1', '0', '0'),
('31', '2004', '2004', 'Branded SMS 2', '2', '1', '0', '0'),
('32', '3002', '3002', 'Daikool 5685', '1', '1', '0', '0'),
('33', '3003', '3003', 'Stop Valve 5/8&quot;', '1', '1', '0', '0'),
('34', '3004', '3004', 'TYRE', '1', '1', '0', '0'),
('35', '5001', '5001', '450-12 8 PR R-503(SUPER)', '5', '1', '0', '0'),
('36', '5002', '5002', 'TUBE', '5', '1', '0', '0'),
('37', '3005', '3005', 'Nitrogen Gas', '1', '1', '0', '0'),
('38', '3006', '3006', 'D/A ', '1', '1', '0', '0'),
('39', '3007', '3007', 'Stop Valve 3/8&quot;', '1', '1', '0', '0'),
('40', '3008', '3008', 'Biryani', '1', '1', '0', '0'),
('41', '30010', '30010', 'Haldi', '1', '1', '0', '0'),
('42', '30011', '30011', 'Zera', '1', '1', '0', '0'),
('43', '3020', '3020', 'Service Charges', '1', '1', '0', '0'),
('44', '3021', '3021', 'Gold 24k', '1', '1', '0', '0'),
('45', '3022', '3022', 'DTG0B05034-902 3/8 Flare', '1', '1', '0', '0'),
('46', '3010', '3010', 'Smart Box Mxq 4k Quad Core 1g+8g', '3', '1', '0', '0'),
('47', '3023', '3023', 'led', '1', '1', '0', '0'),
('48', '3024', '3024', 'nova pipes testing', '1', '1', '0', '0'),
('49', '3025', '3025', 'Test batch 1', '1', '1', '0', '0'),
('50', '3026', '3026', 'Test batch 2', '1', '1', '0', '0'),
('51', '3027', '3027', 'Test batch 3', '1', '1', '0', '0'),
('52', '3028', '3028', 'Batch testing 44', '1', '1', '0', '0'),
('53', '3029', '3029', 'GD', '1', '1', '0', '0'),
('54', '3011', '3011', 'AIR MOUSE C120 FOR ANDROID AND SMART TV', '3', '1', '0', '0'),
('55', '3012', '3012', 'RS 232 ZTEK CABLE', '3', '1', '0', '0'),
('56', '3013', '3013', 'CAR DVR MIRROR DUAL CAMERA FRONT/BACK 1080P', '3', '1', '0', '0'),
('57', '3014', '3014', 'CASH DRAWER', '3', '1', '0', '0'),
('58', '3015', '3015', 'NIA Q5 BLUETOOTH WIRELESS HEADPHONE BLACK', '3', '1', '0', '0'),
('59', '3016', '3016', 'NIA X2 BLUETOOTH WIRELESS HEADPHONE BLACK', '3', '1', '0', '0'),
('60', '3017', '3017', 'REMAX TABLET IPAD HOLDER C16', '3', '1', '0', '0');

### Structure of table `0_item_customers` ###

DROP TABLE IF EXISTS `0_item_customers`;

CREATE TABLE `0_item_customers` (
  `id` int(11) NOT NULL AUTO_INCREMENT,
  `stock_id` varchar(20) NOT NULL,
  `customer_id` int(11) NOT NULL,
  `price` varchar(50) NOT NULL,
  `inactive` int(11) NOT NULL,
  PRIMARY KEY (`id`)
) ENGINE=InnoDB DEFAULT CHARSET=latin1 ;

### Data of table `0_item_customers` ###


### Structure of table `0_item_log` ###

DROP TABLE IF EXISTS `0_item_log`;

CREATE TABLE `0_item_log` (
  `id` int(11) NOT NULL AUTO_INCREMENT,
  `pre_item` int(11) NOT NULL,
  `new_item` int(11) NOT NULL,
  `user_id` int(11) NOT NULL,
  PRIMARY KEY (`id`)
) ENGINE=InnoDB AUTO_INCREMENT=17 DEFAULT CHARSET=latin1 ;

### Data of table `0_item_log` ###

INSERT INTO `0_item_log` VALUES
('1', '9', '99999999', '0'),
('2', '9', '99999999', '0'),
('3', '99999999', '9', '1'),
('4', '9', '99999999', '1'),
('5', '3008', '88888', '1'),
('6', '99999999', '9', '1'),
('7', '9', '3008', '1'),
('8', '3008', '8', '1'),
('9', '258', '11111111', '1'),
('10', '30001', '111111111', '1'),
('11', '3002', '2147483647', '1'),
('12', '3007', '11', '1'),
('13', '30001', '2147483647', '1'),
('14', '1001', '500166666', '12'),
('15', '1001', '500166677', '12'),
('16', '1003', '2147483647', '12');

### Structure of table `0_item_pref` ###

DROP TABLE IF EXISTS `0_item_pref`;

CREATE TABLE `0_item_pref` (
  `name` varchar(60) NOT NULL,
  `label_value` varchar(60) NOT NULL,
  `type` tinyint(1) NOT NULL DEFAULT '0',
  `item_enable` tinyint(1) NOT NULL DEFAULT '0',
  `inventory_enable` tinyint(1) NOT NULL DEFAULT '0',
  `sale_enable` tinyint(1) NOT NULL DEFAULT '0',
  `purchase_enable` tinyint(1) NOT NULL DEFAULT '0',
  `s_position` int(11) DEFAULT NULL,
  `p_position` tinyint(1) NOT NULL DEFAULT '0',
  `s_width` tinyint(4) NOT NULL DEFAULT '20',
  `p_width` tinyint(4) NOT NULL DEFAULT '20',
  `i_position` int(11) NOT NULL,
  `item_combo_search` tinyint(1) NOT NULL,
  PRIMARY KEY (`name`),
  UNIQUE KEY `s_position` (`s_position`)
) ENGINE=InnoDB DEFAULT CHARSET=latin1 ;

### Data of table `0_item_pref` ###

INSERT INTO `0_item_pref` VALUES
('amount1', 'Amount 1', '1', '0', '0', '0', '0', '1', '2', '10', '10', '0', '0'),
('amount2', 'Amount 2', '1', '0', '0', '0', '0', '2', '2', '10', '10', '0', '0'),
('amount3', 'Amount 3', '1', '0', '0', '0', '0', '3', '3', '10', '10', '0', '0'),
('amount4', 'Amount 4', '1', '0', '0', '0', '0', '4', '4', '10', '10', '0', '0'),
('amount5', 'Amount 5', '1', '0', '0', '0', '0', '5', '5', '10', '10', '0', '0'),
('amount6', 'Amount 6', '1', '0', '0', '0', '0', '6', '6', '10', '10', '6', '0'),
('combo1', 'BRAND', '2', '0', '0', '0', '0', '14', '14', '10', '10', '0', '0'),
('combo2', 'comb2', '2', '0', '0', '0', '0', '15', '15', '10', '10', '0', '0'),
('combo3', 'comb3', '2', '0', '0', '0', '0', '16', '16', '10', '10', '0', '0'),
('combo4', 'comb4', '2', '0', '0', '0', '0', '17', '17', '10', '10', '0', '0'),
('combo5', 'comb5', '2', '0', '0', '0', '0', '18', '18', '10', '10', '0', '0'),
('combo6', 'comb6', '2', '0', '0', '0', '0', '19', '19', '10', '10', '0', '0'),
('con_factor', 'Conversion Factor', '1', '0', '0', '0', '0', '20', '20', '20', '20', '0', '0'),
('date1', 'ITEM DATE ', '3', '0', '0', '0', '0', '21', '21', '10', '10', '0', '0'),
('date2', 'date2', '3', '0', '0', '0', '0', '22', '22', '10', '10', '0', '0'),
('date3', 'date3', '3', '0', '0', '0', '0', '23', '24', '10', '10', '0', '0'),
('formula', '', '0', '0', '0', '0', '0', NULL, '0', '20', '20', '0', '0'),
('itemwise_discount ', '', '1', '0', '0', '0', '0', NULL, '0', '20', '20', '0', '0'),
('item_code_auto', '', '1', '0', '0', '0', '0', NULL, '0', '20', '20', '0', '0'),
('sales_persons', '', '1', '0', '0', '0', '0', NULL, '0', '20', '20', '0', '0'),
('text1', 'Length', '4', '1', '0', '0', '1', '7', '7', '10', '10', '0', '0'),
('text2', 'Width', '4', '1', '0', '0', '1', '8', '8', '10', '10', '0', '0'),
('text3', 'Height', '4', '1', '0', '0', '1', '9', '9', '10', '10', '0', '0'),
('text4', 'Text Field 4', '4', '0', '0', '0', '0', '10', '10', '10', '10', '0', '0'),
('text5', 'Text Field 5	', '4', '0', '0', '0', '0', '11', '11', '10', '10', '0', '0'),
('text6', 'Text Field 6', '4', '0', '0', '0', '0', '12', '12', '10', '10', '0', '0'),
('text7', 'Long Text Field	', '4', '0', '0', '0', '0', '13', '13', '10', '10', '0', '0'),
('total_amount', '5', '30', '0', '0', '1', '0', NULL, '0', '10', '10', '0', '0'),
('total_combo', '6', '30', '0', '0', '1', '0', NULL, '0', '10', '10', '0', '0'),
('total_date', '', '30', '0', '0', '0', '0', NULL, '0', '10', '10', '0', '0'),
('total_text', '1', '30', '0', '0', '1', '0', NULL, '0', '10', '10', '0', '0');

### Structure of table `0_item_tax_type_exemptions` ###

DROP TABLE IF EXISTS `0_item_tax_type_exemptions`;

CREATE TABLE `0_item_tax_type_exemptions` (
  `item_tax_type_id` int(11) NOT NULL DEFAULT '0',
  `tax_type_id` int(11) NOT NULL DEFAULT '0',
  PRIMARY KEY (`item_tax_type_id`,`tax_type_id`)
) ENGINE=InnoDB DEFAULT CHARSET=utf8 COLLATE=utf8_unicode_ci ;

### Data of table `0_item_tax_type_exemptions` ###


### Structure of table `0_item_tax_types` ###

DROP TABLE IF EXISTS `0_item_tax_types`;

CREATE TABLE `0_item_tax_types` (
  `id` int(11) NOT NULL AUTO_INCREMENT,
  `name` varchar(60) COLLATE utf8_unicode_ci NOT NULL DEFAULT '',
  `exempt` tinyint(1) NOT NULL DEFAULT '0',
  `inactive` tinyint(1) NOT NULL DEFAULT '0',
  PRIMARY KEY (`id`),
  UNIQUE KEY `name` (`name`)
) ENGINE=InnoDB AUTO_INCREMENT=3 DEFAULT CHARSET=utf8 COLLATE=utf8_unicode_ci ;

### Data of table `0_item_tax_types` ###

INSERT INTO `0_item_tax_types` VALUES
('1', 'Tax Exempt', '0', '0'),
('2', 'Taxable', '0', '0');

### Structure of table `0_item_units` ###

DROP TABLE IF EXISTS `0_item_units`;

CREATE TABLE `0_item_units` (
  `abbr` varchar(20) COLLATE utf8_unicode_ci NOT NULL,
  `name` varchar(40) COLLATE utf8_unicode_ci NOT NULL,
  `decimals` tinyint(2) NOT NULL,
  `inactive` tinyint(1) NOT NULL DEFAULT '0',
  PRIMARY KEY (`abbr`),
  UNIQUE KEY `name` (`name`)
) ENGINE=InnoDB DEFAULT CHARSET=utf8 COLLATE=utf8_unicode_ci ;

### Data of table `0_item_units` ###

INSERT INTO `0_item_units` VALUES
(' units &amp; pkgs', 'Import', '5', '0'),
('BOTTLE', 'BTL', '-1', '0'),
('boxes', 'boxes', '-1', '0'),
('kg ', 'kilogram ', '2', '0'),
('ltr', 'litre', '-1', '0'),
('pcs', 'pcs', '-1', '0');

### Structure of table `0_job_type` ###

DROP TABLE IF EXISTS `0_job_type`;

CREATE TABLE `0_job_type` (
  `id` int(11) NOT NULL AUTO_INCREMENT,
  `description` varchar(50) NOT NULL,
  `inactive` tinyint(6) NOT NULL,
  PRIMARY KEY (`id`)
) ENGINE=InnoDB AUTO_INCREMENT=5 DEFAULT CHARSET=latin1 ;

### Data of table `0_job_type` ###

INSERT INTO `0_job_type` VALUES
('2', 'Permanant', '0'),
('4', 'Part Time', '0');

### Structure of table `0_journal` ###

DROP TABLE IF EXISTS `0_journal`;

CREATE TABLE `0_journal` (
  `type` smallint(6) NOT NULL DEFAULT '0',
  `trans_no` int(11) NOT NULL DEFAULT '0',
  `tran_date` date DEFAULT '0000-00-00',
  `reference` varchar(60) COLLATE utf8_unicode_ci NOT NULL DEFAULT '',
  `source_ref` varchar(60) COLLATE utf8_unicode_ci NOT NULL DEFAULT '',
  `event_date` date DEFAULT '0000-00-00',
  `doc_date` date NOT NULL DEFAULT '0000-00-00',
  `currency` char(3) COLLATE utf8_unicode_ci NOT NULL DEFAULT '',
  `amount` double NOT NULL DEFAULT '0',
  `rate` double NOT NULL DEFAULT '1',
  PRIMARY KEY (`type`,`trans_no`),
  KEY `tran_date` (`tran_date`)
) ENGINE=InnoDB DEFAULT CHARSET=utf8 COLLATE=utf8_unicode_ci ;

### Data of table `0_journal` ###

INSERT INTO `0_journal` VALUES
('0', '1', '2018-10-22', 'JV001/10/2018', '213.21', '2018-10-22', '2018-10-22', 'PKR', '100', '1'),
('0', '2', '2018-10-22', 'JV002/10/2018', '', '2018-10-22', '2018-10-22', 'PKR', '100', '1'),
('0', '3', '2018-10-22', 'JV003/10/2018', '', '2018-10-22', '2018-10-22', 'PKR', '0', '1'),
('0', '4', '2018-10-23', 'JV004/10/2018', '', '2018-10-23', '2018-10-23', 'PKR', '1000', '1'),
('0', '5', '2018-10-23', 'JV005/10/2018', '', '2018-10-23', '2018-10-23', 'PKR', '1000', '1'),
('0', '6', '2019-06-30', 'JV001/06/2019', '', '2018-10-23', '2018-10-23', 'PKR', '0', '1'),
('0', '7', '2018-10-24', 'JV006/10/2018', '', '2018-10-24', '2018-10-24', 'PKR', '284000', '1'),
('0', '8', '2018-10-22', 'JV003/10/2018', '', '2018-10-22', '2018-10-22', 'PKR', '5000', '1'),
('0', '9', '2018-10-25', 'JV007/10/2018', '', '2018-10-25', '2018-10-25', 'PKR', '500', '1'),
('0', '10', '2018-10-30', 'JV008/10/2018', '687687678', '2018-10-30', '2018-10-30', 'PKR', '5000', '1'),
('0', '11', '2018-10-31', 'JV009/10/2018', '', '2018-10-31', '2018-10-31', 'PKR', '500', '1'),
('0', '12', '2018-11-02', 'JV001/11/2018', '', '2018-11-02', '2018-11-02', 'USD', '1', '120'),
('0', '13', '2018-11-02', 'JV002/11/2018', '', '2018-11-02', '2018-11-02', 'USD', '0', '0.0076'),
('0', '14', '2018-11-02', 'JV002/11/2018', '', '2018-11-02', '2018-11-02', 'USD', '1', '0.0076'),
('0', '15', '2018-11-02', 'JV003/11/2018', '', '2018-11-02', '2018-11-02', 'USD', '1', '0.0076'),
('0', '16', '2018-11-02', 'JV004/11/2018', '', '2018-11-02', '2018-11-02', 'USD', '1', '1'),
('0', '17', '2018-11-02', 'JV005/11/2018', '', '2018-11-02', '2018-11-02', 'USD', '100', '120'),
('0', '18', '2018-11-02', 'JV006/11/2018', '', '2018-11-02', '2018-11-02', 'USD', '100', '0.0076'),
('0', '19', '2018-11-02', 'JV007/11/2018', '', '2018-11-02', '2018-11-02', 'USD', '15000', '0.0076'),
('0', '20', '2018-11-13', 'JV008/11/2018', '', '0000-00-00', '0000-00-00', 'PKR', '0', '1'),
('0', '21', '2018-11-17', 'JV009/11/2018', '', '2018-11-17', '2018-11-17', 'PKR', '3456', '1'),
('0', '22', '2018-11-17', 'JV010/11/2018', '', '2018-11-17', '2018-11-17', 'PKR', '45454', '1'),
('0', '23', '2018-11-20', 'JV011/11/2018', '', '2018-11-20', '2018-11-20', 'PKR', '5000', '1'),
('0', '24', '2018-11-20', 'JV012/11/2018', '', '2018-11-20', '2018-11-20', 'PKR', '0', '1'),
('0', '25', '2018-07-30', 'JV001/07/2018', '', '2018-11-20', '2018-11-20', 'PKR', '1200', '1'),
('35', '1', '2018-10-31', 'CU001/10/2018', '', '2018-10-31', '2018-10-31', 'PKR', '49000', '1');

### Structure of table `0_leave` ###

DROP TABLE IF EXISTS `0_leave`;

CREATE TABLE `0_leave` (
  `id` int(11) NOT NULL AUTO_INCREMENT,
  `emp_id` int(11) NOT NULL DEFAULT '0',
  `from_date` date NOT NULL DEFAULT '0000-00-00',
  `to_date` date NOT NULL DEFAULT '0000-00-00',
  `leave_type` tinyint(6) NOT NULL DEFAULT '0',
  `no_of_leave` varchar(50) NOT NULL,
  `reason` tinytext NOT NULL,
  `approve` tinyint(1) NOT NULL DEFAULT '0',
  `f_year` int(11) NOT NULL,
  `availed` varchar(10) NOT NULL,
  PRIMARY KEY (`id`)
) ENGINE=InnoDB DEFAULT CHARSET=latin1 ;

### Data of table `0_leave` ###


### Structure of table `0_leave_encashment` ###

DROP TABLE IF EXISTS `0_leave_encashment`;

CREATE TABLE `0_leave_encashment` (
  `id` int(11) NOT NULL AUTO_INCREMENT,
  `encashment_id` int(11) NOT NULL,
  `emp_name` varchar(50) NOT NULL,
  `approve` int(11) NOT NULL,
  `f_year` int(11) NOT NULL,
  `amount` int(50) NOT NULL,
  `taxable_amount` varchar(50) NOT NULL,
  `income_tax` varchar(50) NOT NULL,
  `mode_of_payment` int(11) NOT NULL,
  `remarks` varchar(50) NOT NULL,
  `gl_voucher` varchar(50) NOT NULL,
  `check_no` varchar(50) NOT NULL,
  `check_date` varchar(50) NOT NULL,
  `date` date NOT NULL,
  `tax_installments` varchar(50) NOT NULL,
  `gl_it` varchar(50) NOT NULL,
  `payment_date` date NOT NULL,
  `days` int(11) NOT NULL,
  `account_info` varchar(50) NOT NULL,
  PRIMARY KEY (`id`)
) ENGINE=InnoDB DEFAULT CHARSET=latin1 ;

### Data of table `0_leave_encashment` ###


### Structure of table `0_leave_type` ###

DROP TABLE IF EXISTS `0_leave_type`;

CREATE TABLE `0_leave_type` (
  `id` smallint(6) unsigned NOT NULL AUTO_INCREMENT,
  `description` varchar(60) NOT NULL,
  `leave_days` varchar(55) NOT NULL,
  `emp_grade` int(11) NOT NULL,
  `encash` varchar(60) NOT NULL,
  `no_of_f_years` int(11) NOT NULL,
  `max_accum_leaves` int(11) NOT NULL,
  `project` int(11) NOT NULL,
  `location` int(11) NOT NULL,
  `division` int(11) NOT NULL,
  `inactive` tinyint(4) NOT NULL DEFAULT '0',
  PRIMARY KEY (`id`)
) ENGINE=InnoDB AUTO_INCREMENT=6 DEFAULT CHARSET=latin1 ;

### Data of table `0_leave_type` ###

INSERT INTO `0_leave_type` VALUES
('2', 'EARNED LEAVE', '30', '0', '', '0', '0', '0', '0', '0', '0'),
('3', 'Sick Leave', '18', '0', '', '0', '0', '0', '0', '0', '0'),
('5', 'CASUAL LEAVE', '12', '0', '', '0', '0', '0', '0', '0', '0');

### Structure of table `0_loc_stock` ###

DROP TABLE IF EXISTS `0_loc_stock`;

CREATE TABLE `0_loc_stock` (
  `loc_code` char(5) COLLATE utf8_unicode_ci NOT NULL DEFAULT '',
  `stock_id` char(20) COLLATE utf8_unicode_ci NOT NULL DEFAULT '',
  `reorder_level` double NOT NULL DEFAULT '0',
  `rack_location` varchar(55) COLLATE utf8_unicode_ci DEFAULT NULL,
  PRIMARY KEY (`loc_code`,`stock_id`),
  KEY `stock_id` (`stock_id`)
) ENGINE=InnoDB DEFAULT CHARSET=utf8 COLLATE=utf8_unicode_ci ;

### Data of table `0_loc_stock` ###

INSERT INTO `0_loc_stock` VALUES
('DEF', '1004', '0', NULL),
('DEF', '1005', '0', NULL),
('DEF', '1006', '0', NULL),
('DEF', '1007', '0', NULL),
('DEF', '1008', '0', NULL),
('DEF', '1009', '0', NULL),
('DEF', '1010', '0', NULL),
('DEF', '1011', '0', NULL),
('DEF', '10122', '0', NULL),
('DEF', '101232', '0', NULL),
('DEF', '101233', '0', NULL),
('DEF', '101234', '0', NULL),
('DEF', '101235', '0', NULL),
('DEF', '101236', '0', NULL),
('DEF', '101237', '0', NULL),
('DEF', '101238', '0', NULL),
('DEF', '101239', '0', NULL),
('DEF', '101240', '0', NULL),
('DEF', '101241', '0', NULL),
('DEF', '11122220000', '0', NULL),
('DEF', '2001', '0', NULL),
('DEF', '2002', '0', NULL),
('DEF', '2003', '0', NULL),
('DEF', '2004', '0', NULL),
('DEF', '3001', '0', NULL),
('DEF', '30010', '0', NULL),
('DEF', '30011', '0', NULL),
('DEF', '3002', '10', NULL),
('DEF', '3003', '0', NULL),
('DEF', '3004', '0', NULL),
('DEF', '3005', '0', NULL),
('DEF', '3006', '0', NULL),
('DEF', '3007', '0', NULL),
('DEF', '3008', '0', NULL),
('DEF', '3009', '0', NULL),
('DEF', '3010', '0', NULL),
('DEF', '3011', '100', NULL),
('DEF', '3012', '50', NULL),
('DEF', '3013', '50', NULL),
('DEF', '3014', '25', NULL),
('DEF', '3015', '0', NULL),
('DEF', '3016', '0', NULL),
('DEF', '3017', '0', NULL),
('DEF', '3020', '0', NULL),
('DEF', '3021', '0', NULL),
('DEF', '3022', '0', NULL),
('DEF', '3023', '0', NULL),
('DEF', '3024', '0', NULL),
('DEF', '3025', '0', NULL),
('DEF', '3026', '0', NULL),
('DEF', '3027', '0', NULL),
('DEF', '3028', '0', NULL),
('DEF', '3029', '0', NULL),
('DEF', '4001', '0', NULL),
('DEF', '4002', '0', NULL),
('DEF', '4003', '0', NULL),
('DEF', '5001', '0', NULL),
('DEF', '50010022222', '0', NULL),
('DEF', '500166666', '0', NULL),
('DEF', '5002', '0', NULL),
('IT', '1004', '0', NULL),
('IT', '1005', '0', NULL),
('IT', '1006', '0', NULL),
('IT', '1007', '0', NULL),
('IT', '1008', '0', NULL),
('IT', '1009', '0', NULL),
('IT', '1010', '0', NULL),
('IT', '1011', '0', NULL),
('IT', '10122', '0', NULL),
('IT', '101232', '0', NULL),
('IT', '101233', '0', NULL),
('IT', '101234', '0', NULL),
('IT', '101235', '0', NULL),
('IT', '101236', '0', NULL),
('IT', '101237', '0', NULL),
('IT', '101238', '0', NULL),
('IT', '101239', '0', NULL),
('IT', '101240', '0', NULL),
('IT', '101241', '0', NULL),
('IT', '11122220000', '0', NULL),
('IT', '2001', '0', NULL),
('IT', '2002', '0', NULL),
('IT', '2003', '0', NULL),
('IT', '2004', '0', NULL),
('IT', '3001', '0', NULL),
('IT', '30010', '0', NULL),
('IT', '30011', '0', NULL),
('IT', '3002', '0', NULL),
('IT', '3003', '0', NULL),
('IT', '3004', '0', NULL),
('IT', '3005', '0', NULL),
('IT', '3006', '0', NULL),
('IT', '3007', '0', NULL),
('IT', '3008', '0', NULL),
('IT', '3009', '0', NULL),
('IT', '3010', '0', NULL),
('IT', '3011', '0', NULL),
('IT', '3012', '0', NULL),
('IT', '3013', '0', NULL),
('IT', '3014', '0', NULL),
('IT', '3015', '0', NULL),
('IT', '3016', '0', NULL),
('IT', '3017', '0', NULL),
('IT', '3020', '0', NULL),
('IT', '3021', '0', NULL),
('IT', '3022', '0', NULL),
('IT', '3023', '0', NULL),
('IT', '3024', '0', NULL),
('IT', '3025', '0', NULL),
('IT', '3026', '0', NULL),
('IT', '3027', '0', NULL),
('IT', '3028', '0', NULL),
('IT', '3029', '0', NULL),
('IT', '4001', '0', NULL),
('IT', '4002', '0', NULL),
('IT', '4003', '0', NULL),
('IT', '5001', '0', NULL),
('IT', '50010022222', '0', NULL),
('IT', '500166666', '0', NULL),
('IT', '5002', '0', NULL),
('MAIN', '1004', '0', NULL),
('MAIN', '1005', '0', NULL),
('MAIN', '1006', '0', NULL),
('MAIN', '1007', '0', NULL),
('MAIN', '1008', '0', NULL),
('MAIN', '1009', '0', NULL),
('MAIN', '1010', '0', NULL),
('MAIN', '1011', '0', NULL),
('MAIN', '10122', '0', NULL),
('MAIN', '101232', '0', NULL),
('MAIN', '101233', '0', NULL),
('MAIN', '101234', '0', NULL),
('MAIN', '101235', '0', NULL),
('MAIN', '101236', '0', NULL),
('MAIN', '101237', '0', NULL),
('MAIN', '101238', '0', NULL),
('MAIN', '101239', '0', NULL),
('MAIN', '101240', '0', NULL),
('MAIN', '101241', '0', NULL),
('MAIN', '11122220000', '0', NULL),
('MAIN', '2001', '0', NULL),
('MAIN', '2002', '0', NULL),
('MAIN', '2003', '0', NULL),
('MAIN', '2004', '0', NULL),
('MAIN', '3001', '0', NULL),
('MAIN', '30010', '0', NULL),
('MAIN', '30011', '0', NULL),
('MAIN', '3002', '0', NULL),
('MAIN', '3003', '0', NULL),
('MAIN', '3004', '0', NULL),
('MAIN', '3005', '0', NULL),
('MAIN', '3006', '0', NULL),
('MAIN', '3007', '0', NULL),
('MAIN', '3008', '0', NULL),
('MAIN', '3009', '0', NULL),
('MAIN', '3010', '0', NULL),
('MAIN', '3011', '0', NULL),
('MAIN', '3012', '0', NULL),
('MAIN', '3013', '0', NULL),
('MAIN', '3014', '0', NULL),
('MAIN', '3015', '0', NULL),
('MAIN', '3016', '0', NULL),
('MAIN', '3017', '0', NULL),
('MAIN', '3020', '0', NULL),
('MAIN', '3021', '0', NULL),
('MAIN', '3022', '0', NULL),
('MAIN', '3023', '0', NULL),
('MAIN', '3024', '0', NULL),
('MAIN', '3025', '0', NULL),
('MAIN', '3026', '0', NULL),
('MAIN', '3027', '0', NULL),
('MAIN', '3028', '0', NULL),
('MAIN', '3029', '0', NULL),
('MAIN', '4001', '0', NULL),
('MAIN', '4002', '0', NULL),
('MAIN', '4003', '0', NULL),
('MAIN', '5001', '0', NULL),
('MAIN', '50010022222', '0', NULL),
('MAIN', '500166666', '0', NULL),
('MAIN', '5002', '0', NULL);

### Structure of table `0_locations` ###

DROP TABLE IF EXISTS `0_locations`;

CREATE TABLE `0_locations` (
  `loc_code` varchar(5) COLLATE utf8_unicode_ci NOT NULL DEFAULT '',
  `location_name` varchar(60) COLLATE utf8_unicode_ci NOT NULL DEFAULT '',
  `delivery_address` tinytext COLLATE utf8_unicode_ci NOT NULL,
  `phone` varchar(30) COLLATE utf8_unicode_ci NOT NULL DEFAULT '',
  `phone2` varchar(30) COLLATE utf8_unicode_ci NOT NULL DEFAULT '',
  `fax` varchar(30) COLLATE utf8_unicode_ci NOT NULL DEFAULT '',
  `email` varchar(100) COLLATE utf8_unicode_ci NOT NULL DEFAULT '',
  `contact` varchar(30) COLLATE utf8_unicode_ci NOT NULL DEFAULT '',
  `fixed_asset` tinyint(1) NOT NULL DEFAULT '0',
  `dim1` int(11) NOT NULL,
  `inactive` tinyint(1) NOT NULL DEFAULT '0',
  `dimension_id` int(11) NOT NULL,
  PRIMARY KEY (`loc_code`)
) ENGINE=InnoDB DEFAULT CHARSET=utf8 COLLATE=utf8_unicode_ci ;

### Data of table `0_locations` ###

INSERT INTO `0_locations` VALUES
('DEF', 'Default', 'N/A', '', '', '', 'emailsent@gmail.com', '', '0', '0', '0', '0'),
('IT', 'IN TRANSIT', '', '', '', '', '', '', '0', '0', '0', '0'),
('MAIN', 'MAIN', '', '', '', '', '', '', '1', '0', '0', '0');

### Structure of table `0_man_month` ###

DROP TABLE IF EXISTS `0_man_month`;

CREATE TABLE `0_man_month` (
  `id` int(11) NOT NULL AUTO_INCREMENT,
  `employee_name` varchar(60) NOT NULL,
  `project_name` varchar(55) NOT NULL,
  `man_month_value` varchar(55) NOT NULL,
  `month_id` varchar(60) NOT NULL,
  `employee_id` int(11) NOT NULL,
  `emp_dept` varchar(50) NOT NULL,
  `date` date NOT NULL,
  `f_year` varchar(50) NOT NULL,
  `division` int(11) NOT NULL,
  `location` int(11) NOT NULL,
  `man_month` tinyint(4) NOT NULL,
  PRIMARY KEY (`id`)
) ENGINE=InnoDB AUTO_INCREMENT=2 DEFAULT CHARSET=latin1 ;

### Data of table `0_man_month` ###

INSERT INTO `0_man_month` VALUES
('1', 'Gandhi Patel', '0', '1', '7', '1', '', '0000-00-00', '3', '4', '10', '0');

### Structure of table `0_man_qualification` ###

DROP TABLE IF EXISTS `0_man_qualification`;

CREATE TABLE `0_man_qualification` (
  `id` int(11) NOT NULL AUTO_INCREMENT,
  `emp_name` varchar(150) COLLATE utf8_unicode_ci NOT NULL,
  `degree` varchar(150) COLLATE utf8_unicode_ci NOT NULL,
  `passing_year` year(4) NOT NULL,
  `institute` varchar(200) COLLATE utf8_unicode_ci NOT NULL,
  `passing_percent` double NOT NULL,
  `remarks` varchar(200) COLLATE utf8_unicode_ci NOT NULL,
  `employee_id` int(11) NOT NULL,
  PRIMARY KEY (`id`)
) ENGINE=InnoDB DEFAULT CHARSET=utf8 COLLATE=utf8_unicode_ci ;

### Data of table `0_man_qualification` ###


### Structure of table `0_month` ###

DROP TABLE IF EXISTS `0_month`;

CREATE TABLE `0_month` (
  `id` smallint(6) NOT NULL AUTO_INCREMENT,
  `description` varchar(60) NOT NULL,
  `days` int(2) NOT NULL DEFAULT '0',
  PRIMARY KEY (`id`)
) ENGINE=InnoDB AUTO_INCREMENT=13 DEFAULT CHARSET=latin1 ;

### Data of table `0_month` ###

INSERT INTO `0_month` VALUES
('1', 'Jan', '31'),
('2', 'Feb', '28'),
('3', 'March', '31'),
('4', 'Apr', '30'),
('5', 'May', '31'),
('6', 'June', '30'),
('7', 'July', '31'),
('8', 'August', '31'),
('9', 'Sep', '30'),
('10', 'Oct', '31'),
('11', 'Nov', '30'),
('12', 'Dec', '31');

### Structure of table `0_movement_types` ###

DROP TABLE IF EXISTS `0_movement_types`;

CREATE TABLE `0_movement_types` (
  `id` int(11) NOT NULL AUTO_INCREMENT,
  `name` varchar(60) COLLATE utf8_unicode_ci NOT NULL DEFAULT '',
  `inactive` tinyint(1) NOT NULL DEFAULT '0',
  PRIMARY KEY (`id`),
  UNIQUE KEY `name` (`name`)
) ENGINE=InnoDB AUTO_INCREMENT=3 DEFAULT CHARSET=utf8 COLLATE=utf8_unicode_ci ;

### Data of table `0_movement_types` ###

INSERT INTO `0_movement_types` VALUES
('1', 'Adjustment', '0'),
('2', 'Opening Balance', '0');

### Structure of table `0_multiple_gate_pass` ###

DROP TABLE IF EXISTS `0_multiple_gate_pass`;

CREATE TABLE `0_multiple_gate_pass` (
  `id` int(11) NOT NULL AUTO_INCREMENT,
  `gate_pass_no` varchar(60) NOT NULL,
  `driver_name` varchar(60) NOT NULL,
  `vehicle_no` varchar(60) NOT NULL,
  `delivery_no` int(11) NOT NULL,
  `gate_pass_date` date NOT NULL,
  `type` int(11) NOT NULL,
  `gate_pass_amount` varchar(60) NOT NULL,
  `gate_pass_debit` int(11) NOT NULL,
  `gate_pass_credit` int(11) NOT NULL,
  PRIMARY KEY (`id`)
) ENGINE=InnoDB AUTO_INCREMENT=2 DEFAULT CHARSET=latin1 ;

### Data of table `0_multiple_gate_pass` ###

INSERT INTO `0_multiple_gate_pass` VALUES
('1', '1', '', '', '9', '2018-11-13', '0', '', '0', '0');

### Structure of table `0_nationality` ###

DROP TABLE IF EXISTS `0_nationality`;

CREATE TABLE `0_nationality` (
  `id` int(11) NOT NULL AUTO_INCREMENT,
  `description` varchar(50) NOT NULL,
  `inactive` tinyint(6) NOT NULL DEFAULT '0',
  PRIMARY KEY (`id`)
) ENGINE=InnoDB AUTO_INCREMENT=7 DEFAULT CHARSET=latin1 ;

### Data of table `0_nationality` ###

INSERT INTO `0_nationality` VALUES
('2', 'Afghani', '0'),
('5', 'Iran', '0'),
('6', 'Bengali', '0');

### Structure of table `0_overtime` ###

DROP TABLE IF EXISTS `0_overtime`;

CREATE TABLE `0_overtime` (
  `id` int(11) NOT NULL AUTO_INCREMENT,
  `employee_id` int(11) NOT NULL DEFAULT '0',
  `emp_dept` int(11) NOT NULL DEFAULT '0',
  `over_time` double NOT NULL DEFAULT '0',
  `date` date NOT NULL DEFAULT '0000-00-00',
  PRIMARY KEY (`id`)
) ENGINE=InnoDB DEFAULT CHARSET=latin1 ;

### Data of table `0_overtime` ###


### Structure of table `0_payment_terms` ###

DROP TABLE IF EXISTS `0_payment_terms`;

CREATE TABLE `0_payment_terms` (
  `terms_indicator` int(11) NOT NULL AUTO_INCREMENT,
  `terms` char(80) COLLATE utf8_unicode_ci NOT NULL DEFAULT '',
  `days_before_due` smallint(6) NOT NULL DEFAULT '0',
  `day_in_following_month` smallint(6) NOT NULL DEFAULT '0',
  `inactive` tinyint(1) NOT NULL DEFAULT '0',
  PRIMARY KEY (`terms_indicator`),
  UNIQUE KEY `terms` (`terms`)
) ENGINE=InnoDB AUTO_INCREMENT=7 DEFAULT CHARSET=utf8 COLLATE=utf8_unicode_ci ;

### Data of table `0_payment_terms` ###

INSERT INTO `0_payment_terms` VALUES
('3', 'Payment due within 10 days', '10', '0', '0'),
('4', 'Cash Only', '0', '0', '0'),
('5', '90 Days', '90', '0', '0'),
('6', 'Advance Payment', '-1', '0', '0');

### Structure of table `0_payroll` ###

DROP TABLE IF EXISTS `0_payroll`;

CREATE TABLE `0_payroll` (
  `trans_no` int(11) unsigned NOT NULL AUTO_INCREMENT,
  `emp_id` int(11) unsigned NOT NULL DEFAULT '0',
  `month` smallint(4) unsigned DEFAULT '0',
  `type` tinyint(4) DEFAULT '0',
  `tax` double DEFAULT '0',
  `tax_rate` double NOT NULL DEFAULT '0',
  `overtime` double DEFAULT '0',
  `late_deduction` double DEFAULT '0',
  `advance_deduction` double DEFAULT '0',
  `dept_id` smallint(4) DEFAULT '0',
  `basic_salary` double DEFAULT '0',
  `date` date NOT NULL DEFAULT '0000-00-00',
  `payroll_head` int(11) NOT NULL,
  `over_time_hour` double NOT NULL DEFAULT '0',
  `absent_days` double NOT NULL DEFAULT '0',
  `leave_days` double NOT NULL DEFAULT '0',
  `advance` double NOT NULL DEFAULT '0',
  `ov_amount` double NOT NULL DEFAULT '0',
  `remarks` varchar(200) NOT NULL,
  `allowance` double NOT NULL DEFAULT '0',
  `deduction` double NOT NULL DEFAULT '0',
  `emp_cpf` double NOT NULL DEFAULT '0',
  `employer_cpf` double NOT NULL DEFAULT '0',
  `f_year` int(11) NOT NULL,
  `divison` int(11) NOT NULL,
  `location` int(11) NOT NULL,
  `project` int(11) NOT NULL,
  `project_wise_salary` int(11) NOT NULL,
  `eobi` int(11) NOT NULL,
  `man_month_value` varchar(10) NOT NULL,
  `total_deduction` int(11) NOT NULL,
  `net_salary` int(11) NOT NULL,
  `arrer` varchar(55) NOT NULL,
  PRIMARY KEY (`trans_no`)
) ENGINE=InnoDB DEFAULT CHARSET=latin1 ;

### Data of table `0_payroll` ###


### Structure of table `0_payroll_allowance` ###

DROP TABLE IF EXISTS `0_payroll_allowance`;

CREATE TABLE `0_payroll_allowance` (
  `id` int(11) NOT NULL AUTO_INCREMENT,
  `payroll_id` int(11) NOT NULL,
  `allow_id` int(6) NOT NULL,
  `amount` double NOT NULL DEFAULT '0',
  `emp_id` int(11) NOT NULL,
  PRIMARY KEY (`id`)
) ENGINE=InnoDB DEFAULT CHARSET=latin1 ;

### Data of table `0_payroll_allowance` ###


### Structure of table `0_payroll_deduction` ###

DROP TABLE IF EXISTS `0_payroll_deduction`;

CREATE TABLE `0_payroll_deduction` (
  `id` int(11) NOT NULL AUTO_INCREMENT,
  `payroll_id` int(11) NOT NULL,
  `deduct_id` tinyint(6) NOT NULL DEFAULT '0',
  `amount` double NOT NULL DEFAULT '0',
  `emp_id` int(11) NOT NULL,
  PRIMARY KEY (`id`)
) ENGINE=InnoDB DEFAULT CHARSET=latin1 ;

### Data of table `0_payroll_deduction` ###


### Structure of table `0_payroll_gl_setup` ###

DROP TABLE IF EXISTS `0_payroll_gl_setup`;

CREATE TABLE `0_payroll_gl_setup` (
  `id` int(11) NOT NULL AUTO_INCREMENT,
  `payroll_expenses` varchar(50) NOT NULL,
  `advance_receivable` varchar(50) NOT NULL,
  `payment` varchar(50) NOT NULL,
  `payroll_liabilty` varchar(50) NOT NULL,
  `tax_liability` varchar(50) NOT NULL,
  `eobi_liability` varchar(50) NOT NULL,
  `loan_account` varchar(50) NOT NULL,
  `advance_account` varchar(50) NOT NULL,
  `salary_account` varchar(50) NOT NULL,
  `bonus_account` varchar(50) NOT NULL,
  `deduction_account` varchar(50) NOT NULL,
  `division` int(11) NOT NULL,
  `project` int(11) NOT NULL,
  `location` int(11) NOT NULL,
  `inactive` int(11) NOT NULL,
  PRIMARY KEY (`id`)
) ENGINE=InnoDB DEFAULT CHARSET=latin1 ;

### Data of table `0_payroll_gl_setup` ###


### Structure of table `0_payroll_head` ###

DROP TABLE IF EXISTS `0_payroll_head`;

CREATE TABLE `0_payroll_head` (
  `trans_no` int(11) NOT NULL AUTO_INCREMENT,
  `dept_id` int(11) NOT NULL,
  `month_id` int(11) NOT NULL,
  `date` date NOT NULL DEFAULT '0000-00-00',
  `gl_id` int(11) NOT NULL,
  PRIMARY KEY (`trans_no`)
) ENGINE=InnoDB DEFAULT CHARSET=latin1 ;

### Data of table `0_payroll_head` ###


### Structure of table `0_ph_combo1` ###

DROP TABLE IF EXISTS `0_ph_combo1`;

CREATE TABLE `0_ph_combo1` (
  `combo_code` int(11) NOT NULL AUTO_INCREMENT,
  `description` varchar(60) COLLATE utf8_unicode_ci NOT NULL DEFAULT '',
  `inactive` tinyint(1) NOT NULL DEFAULT '0',
  PRIMARY KEY (`combo_code`),
  UNIQUE KEY `description` (`description`)
) ENGINE=InnoDB DEFAULT CHARSET=utf8 COLLATE=utf8_unicode_ci ;

### Data of table `0_ph_combo1` ###


### Structure of table `0_ph_combo2` ###

DROP TABLE IF EXISTS `0_ph_combo2`;

CREATE TABLE `0_ph_combo2` (
  `combo_code` int(11) NOT NULL AUTO_INCREMENT,
  `description` varchar(60) COLLATE utf8_unicode_ci NOT NULL DEFAULT '',
  `inactive` tinyint(1) NOT NULL DEFAULT '0',
  PRIMARY KEY (`combo_code`),
  UNIQUE KEY `description` (`description`)
) ENGINE=InnoDB DEFAULT CHARSET=utf8 COLLATE=utf8_unicode_ci ;

### Data of table `0_ph_combo2` ###


### Structure of table `0_ph_combo3` ###

DROP TABLE IF EXISTS `0_ph_combo3`;

CREATE TABLE `0_ph_combo3` (
  `combo_code` int(11) NOT NULL AUTO_INCREMENT,
  `description` varchar(60) COLLATE utf8_unicode_ci NOT NULL DEFAULT '',
  `inactive` tinyint(1) NOT NULL DEFAULT '0',
  PRIMARY KEY (`combo_code`),
  UNIQUE KEY `description` (`description`)
) ENGINE=InnoDB DEFAULT CHARSET=utf8 COLLATE=utf8_unicode_ci ;

### Data of table `0_ph_combo3` ###


### Structure of table `0_portal` ###

DROP TABLE IF EXISTS `0_portal`;

CREATE TABLE `0_portal` (
  `id` int(11) NOT NULL AUTO_INCREMENT,
  `date` datetime NOT NULL DEFAULT '0000-00-00 00:00:00',
  `customer` int(11) NOT NULL DEFAULT '0',
  `owner` varchar(40) NOT NULL,
  `server` double NOT NULL DEFAULT '0',
  `support` double NOT NULL DEFAULT '0',
  `industry` int(11) NOT NULL DEFAULT '0',
  `type` int(11) NOT NULL,
  `salesman` int(11) NOT NULL,
  `server_url` varchar(40) NOT NULL DEFAULT '0',
  `user` varchar(40) NOT NULL DEFAULT '0',
  `userpassword` varchar(40) NOT NULL DEFAULT '0',
  `inactive` tinyint(4) NOT NULL DEFAULT '0',
  `cityname` int(11) NOT NULL,
  `memo` longtext NOT NULL,
  `terms` longtext NOT NULL,
  `contact` varchar(20) NOT NULL,
  `care_of` varchar(60) NOT NULL,
  `alt_contact` varchar(20) NOT NULL,
  `email` varchar(55) NOT NULL,
  `reg_address` longtext NOT NULL,
  PRIMARY KEY (`id`)
) ENGINE=InnoDB DEFAULT CHARSET=latin1 ;

### Data of table `0_portal` ###


### Structure of table `0_presence` ###

DROP TABLE IF EXISTS `0_presence`;

CREATE TABLE `0_presence` (
  `id` int(11) NOT NULL AUTO_INCREMENT,
  `employee_id` int(11) NOT NULL DEFAULT '0',
  `emp_dept` int(11) NOT NULL DEFAULT '0',
  `present` tinyint(4) NOT NULL DEFAULT '0',
  `absent` tinyint(4) NOT NULL DEFAULT '0',
  `over_time` double NOT NULL DEFAULT '0',
  `month_id` tinyint(4) NOT NULL DEFAULT '0',
  `date` date NOT NULL DEFAULT '0000-00-00',
  `remark` tinytext NOT NULL,
  `f_year` int(11) NOT NULL,
  `divison` int(11) NOT NULL,
  `location` int(11) NOT NULL,
  PRIMARY KEY (`id`)
) ENGINE=InnoDB DEFAULT CHARSET=latin1 ;

### Data of table `0_presence` ###


### Structure of table `0_prices` ###

DROP TABLE IF EXISTS `0_prices`;

CREATE TABLE `0_prices` (
  `id` int(11) NOT NULL AUTO_INCREMENT,
  `stock_id` varchar(20) COLLATE utf8_unicode_ci NOT NULL DEFAULT '',
  `sales_type_id` int(11) NOT NULL DEFAULT '0',
  `curr_abrev` char(3) COLLATE utf8_unicode_ci NOT NULL DEFAULT '',
  `price` double NOT NULL DEFAULT '0',
  `discount` double NOT NULL,
  PRIMARY KEY (`id`),
  UNIQUE KEY `price` (`stock_id`,`sales_type_id`,`curr_abrev`)
) ENGINE=InnoDB AUTO_INCREMENT=16 DEFAULT CHARSET=utf8 COLLATE=utf8_unicode_ci ;

### Data of table `0_prices` ###

INSERT INTO `0_prices` VALUES
('1', '500166666', '1', 'PKR', '100', '0'),
('2', '101240', '1', 'PKR', '500', '0'),
('3', '2001', '1', 'PKR', '1000', '0'),
('4', '2002', '1', 'PKR', '1500', '0'),
('5', '101241', '1', 'PKR', '40000', '0'),
('6', '3004', '1', 'PKR', '6240', '0'),
('7', '500166666', '2', 'PKR', '70', '0'),
('8', '1001', '3', 'PKR', '1500', '0'),
('9', '3011', '2', 'PKR', '700', '0'),
('10', '3012', '2', 'PKR', '240', '0'),
('11', '3013', '2', 'PKR', '3000', '0'),
('12', '3014', '2', 'PKR', '5000', '4'),
('14', '3011', '3', 'PKR', '650', '0'),
('15', '3011', '1', 'PKR', '900', '0');

### Structure of table `0_print_profiles` ###

DROP TABLE IF EXISTS `0_print_profiles`;

CREATE TABLE `0_print_profiles` (
  `id` smallint(6) unsigned NOT NULL AUTO_INCREMENT,
  `profile` varchar(30) COLLATE utf8_unicode_ci NOT NULL,
  `report` varchar(5) COLLATE utf8_unicode_ci DEFAULT NULL,
  `printer` tinyint(3) unsigned DEFAULT NULL,
  `inactive` tinyint(3) NOT NULL DEFAULT '0',
  PRIMARY KEY (`id`)
) ENGINE=InnoDB AUTO_INCREMENT=669 DEFAULT CHARSET=utf8 COLLATE=utf8_unicode_ci ;

### Data of table `0_print_profiles` ###

INSERT INTO `0_print_profiles` VALUES
('435', 'Reports', '101', '0', '0'),
('436', 'Reports', '102', '0', '0'),
('437', 'Reports', '103', '0', '0'),
('438', 'Reports', '104', '0', '0'),
('439', 'Reports', '105', '0', '0'),
('440', 'Reports', '106', '0', '0'),
('441', 'Reports', '107', '0', '0'),
('442', 'Reports', '108', '0', '0'),
('443', 'Reports', '109', '0', '0'),
('444', 'Reports', '110', '0', '0'),
('445', 'Reports', '111', '0', '0'),
('446', 'Reports', '112', '0', '0'),
('447', 'Reports', '113', '0', '0'),
('448', 'Reports', '114', '0', '0'),
('449', 'Reports', '201', '0', '0'),
('450', 'Reports', '202', '0', '0'),
('451', 'Reports', '203', '0', '0'),
('452', 'Reports', '204', '0', '0'),
('453', 'Reports', '205', '0', '0'),
('454', 'Reports', '208', '0', '0'),
('455', 'Reports', '209', '0', '0'),
('456', 'Reports', '210', '0', '0'),
('457', 'Reports', '301', '0', '0'),
('458', 'Reports', '302', '0', '0'),
('459', 'Reports', '303', '0', '0'),
('460', 'Reports', '304', '0', '0'),
('461', 'Reports', '305', '0', '0'),
('462', 'Reports', '306', '0', '0'),
('463', 'Reports', '307', '0', '0'),
('464', 'Reports', '308', '0', '0'),
('465', 'Reports', '309', '0', '0'),
('466', 'Reports', '401', '0', '0'),
('467', 'Reports', '402', '0', '0'),
('468', 'Reports', '409', '0', '0'),
('469', 'Reports', '451', '0', '0'),
('470', 'Reports', '501', '0', '0'),
('471', 'Reports', '601', '0', '0'),
('472', 'Reports', '602', '0', '0'),
('473', 'Reports', '701', '0', '0'),
('474', 'Reports', '702', '0', '0'),
('475', 'Reports', '704', '0', '0'),
('476', 'Reports', '705', '0', '0'),
('477', 'Reports', '706', '0', '0'),
('478', 'Reports', '707', '0', '0'),
('479', 'Reports', '708', '0', '0'),
('480', 'Reports', '709', '0', '0'),
('481', 'Reports', '710', '0', '0'),
('482', 'Reports', '999', '0', '0'),
('483', 'Reports', '1001', '0', '0'),
('484', 'Reports', '1007', '0', '0'),
('485', 'Reports', '1009', '0', '0'),
('486', 'Reports', '1011', '0', '0'),
('487', 'Reports', '1012', '0', '0'),
('488', 'Reports', '1013', '0', '0'),
('489', 'Reports', '1014', '0', '0'),
('490', 'Reports', '1015', '0', '0'),
('491', 'Reports', '1016', '0', '0'),
('492', 'Reports', '1017', '0', '0'),
('493', 'Reports', '1018', '0', '0'),
('494', 'Reports', '1019', '0', '0'),
('495', 'Reports', '1020', '0', '0'),
('496', 'Reports', '1021', '0', '0'),
('497', 'Reports', '1031', '0', '0'),
('498', 'Reports', '1051', '0', '0'),
('499', 'Reports', '1052', '0', '0'),
('500', 'Reports', '1070', '0', '0'),
('501', 'Reports', '1071', '0', '0'),
('502', 'Reports', '1073', '0', '0'),
('503', 'Reports', '1074', '0', '0'),
('504', 'Reports', '1075', '0', '0'),
('505', 'Reports', '1076', '0', '0'),
('506', 'Reports', '1077', '0', '0'),
('507', 'Reports', '1078', '0', '0'),
('508', 'Reports', '1079', '0', '0'),
('509', 'Reports', '1082', '0', '0'),
('510', 'Reports', '1090', '0', '0'),
('511', 'Reports', '1091', '0', '0'),
('512', 'Reports', '1092', '0', '0'),
('513', 'Reports', '1093', '0', '0'),
('514', 'Reports', '1095', '0', '0'),
('515', 'Reports', '1096', '0', '0'),
('516', 'Reports', '1097', '0', '0'),
('517', 'Reports', '1098', '0', '0'),
('518', 'Reports', '1100', '0', '0'),
('519', 'Reports', '1101', '0', '0'),
('520', 'Reports', '1105', '0', '0'),
('521', 'Reports', '1106', '0', '0'),
('522', 'Reports', '1108', '0', '0'),
('523', 'Reports', '1110', '0', '0'),
('524', 'Reports', '1112', '0', '0'),
('525', 'Reports', '1119', '0', '0'),
('526', 'Reports', '2004', '0', '0'),
('527', 'Reports', '2088', '0', '0'),
('528', 'Reports', '2090', '0', '0'),
('529', 'Reports', '2091', '0', '0'),
('530', 'Reports', '2092', '0', '0'),
('531', 'Reports', '2096', '0', '0'),
('532', 'Reports', '2099', '0', '0'),
('533', 'Reports', '3030', '0', '0'),
('534', 'Reports', '3033', '0', '0'),
('535', 'Reports', '3040', '0', '0'),
('536', 'Reports', '3041', '0', '0'),
('537', 'Reports', '3042', '0', '0'),
('538', 'Reports', '3043', '0', '0'),
('539', 'Reports', '3044', '0', '0'),
('540', 'Reports', '3046', '0', '0'),
('541', 'Reports', '3047', '0', '0'),
('542', 'Reports', '3072', '0', '0'),
('543', 'Reports', '3077', '0', '0'),
('544', 'Reports', '3087', '0', '0'),
('545', 'Reports', '4021', '0', '0'),
('546', 'Reports', '4090', '0', '0'),
('547', 'Reports', '4091', '0', '0'),
('548', 'Reports', '4099', '0', '0'),
('549', 'Reports', '5000', '0', '0'),
('550', 'Reports', '7013', '0', '0'),
('551', 'Reports', '7044', '0', '0'),
('552', 'Reports', '7080', '0', '0'),
('553', 'Reports', '10110', '0', '0'),
('554', 'Reports', '10112', '0', '0'),
('555', 'Reports', '10114', '0', '0'),
('556', 'Reports', '10141', '0', '0'),
('557', 'Reports', '10142', '0', '0'),
('558', 'Reports', '10181', '0', '0'),
('559', 'Reports', '10188', '0', '0'),
('560', 'Reports', '10511', '0', '0'),
('561', 'Reports', '10700', '0', '0'),
('562', 'Reports', '10702', '0', '0'),
('563', 'Reports', '10705', '0', '0'),
('564', 'Reports', '10710', '0', '0'),
('565', 'Reports', '10711', '0', '0'),
('566', 'Reports', '10712', '0', '0'),
('567', 'Reports', '10713', '0', '0'),
('568', 'Reports', '10714', '0', '0'),
('569', 'Reports', '10715', '0', '0'),
('570', 'Reports', '10716', '0', '0'),
('571', 'Reports', '10717', '0', '0'),
('572', 'Reports', '10727', '0', '0'),
('573', 'Reports', '10730', '0', '0'),
('574', 'Reports', '10731', '0', '0'),
('575', 'Reports', '10755', '0', '0'),
('576', 'Reports', '10771', '0', '0'),
('577', 'Reports', '10772', '0', '0'),
('578', 'Reports', '10773', '0', '0'),
('579', 'Reports', '10774', '0', '0'),
('580', 'Reports', '10777', '0', '0'),
('581', 'Reports', '10780', '0', '0'),
('582', 'Reports', '10787', '0', '0'),
('583', 'Reports', '10788', '0', '0'),
('584', 'Reports', '10789', '0', '0'),
('585', 'Reports', '10799', '0', '0'),
('586', 'Reports', '10889', '0', '0'),
('587', 'Reports', '10902', '0', '0'),
('588', 'Reports', '10903', '0', '0'),
('589', 'Reports', '10909', '0', '0'),
('590', 'Reports', '10911', '0', '0'),
('591', 'Reports', '10980', '0', '0'),
('592', 'Reports', '10981', '0', '0'),
('593', 'Reports', '10982', '0', '0'),
('594', 'Reports', '10983', '0', '0'),
('595', 'Reports', '10984', '0', '0'),
('596', 'Reports', '10988', '0', '0'),
('597', 'Reports', '10991', '0', '0'),
('598', 'Reports', '11000', '0', '0'),
('599', 'Reports', '11005', '0', '0'),
('600', 'Reports', '11009', '0', '0'),
('601', 'Reports', '11011', '0', '0'),
('602', 'Reports', '11055', '0', '0'),
('603', 'Reports', '11100', '0', '0'),
('604', 'Reports', '11102', '0', '0'),
('605', 'Reports', '11103', '0', '0'),
('606', 'Reports', '11104', '0', '0'),
('607', 'Reports', '11105', '0', '0'),
('608', 'Reports', '11106', '0', '0'),
('609', 'Reports', '11111', '0', '0'),
('610', 'Reports', '11112', '0', '0'),
('611', 'Reports', '13012', '0', '0'),
('612', 'Reports', '20111', '0', '0'),
('613', 'Reports', '20112', '0', '0'),
('614', 'Reports', '20888', '0', '0'),
('615', 'Reports', '20902', '0', '0'),
('616', 'Reports', '20909', '0', '0'),
('617', 'Reports', '20911', '0', '0'),
('618', 'Reports', '20990', '0', '0'),
('619', 'Reports', '20999', '0', '0'),
('620', 'Reports', '30333', '0', '0'),
('621', 'Reports', '30444', '0', '0'),
('622', 'Reports', '30722', '0', '0'),
('623', 'Reports', '70123', '0', '0'),
('624', 'Reports', '10705', '0', '0'),
('625', 'Reports', '10710', '0', '0'),
('626', 'Reports', '10714', '0', '0'),
('627', 'Reports', '10731', '0', '0'),
('628', 'Reports', '10770', '0', '0'),
('629', 'Reports', '10777', '0', '0'),
('630', 'Reports', '10777', '0', '0'),
('631', 'Reports', '10777', '0', '0'),
('632', 'Reports', '10777', '0', '0'),
('633', 'Reports', '10777', '0', '0'),
('634', 'Reports', '10788', '0', '0'),
('635', 'Reports', '10889', '0', '0'),
('636', 'Reports', '10901', '0', '0'),
('637', 'Reports', '10902', '0', '0'),
('638', 'Reports', '11000', '0', '0'),
('639', 'Reports', '11000', '0', '0'),
('640', 'Reports', '11001', '0', '0'),
('641', 'Reports', '11009', '0', '0'),
('642', 'Reports', '11009', '0', '0'),
('643', 'Reports', '11055', '0', '0'),
('644', 'Reports', '11073', '0', '0'),
('645', 'Reports', '11100', '0', '0'),
('646', 'Reports', '11110', '0', '0'),
('647', 'Reports', '11110', '0', '0'),
('648', 'Reports', '11111', '0', '0'),
('649', 'Reports', '11112', '0', '0'),
('650', 'Reports', '20999', '0', '0'),
('651', 'Reports', '10700', '0', '0'),
('652', 'Reports', '10705', '0', '0'),
('653', 'Reports', '10705', '0', '0'),
('654', 'Reports', '10710', '0', '0'),
('655', 'Reports', '10717', '0', '0'),
('656', 'Reports', '10722', '0', '0'),
('657', 'Reports', '10777', '0', '0'),
('658', 'Reports', '11000', '0', '0'),
('659', 'Reports', '11100', '0', '0'),
('660', 'Reports', '10700', '0', '0'),
('661', 'Reports', '10710', '0', '0'),
('662', 'Reports', '10717', '0', '0'),
('663', 'Reports', '10777', '0', '0'),
('664', 'Reports', '11000', '0', '0'),
('665', 'Reports', '10700', '0', '0'),
('666', 'Reports', '10710', '0', '0'),
('667', 'Reports', '10777', '0', '0'),
('668', 'Reports', '11100', '0', '0');

### Structure of table `0_printers` ###

DROP TABLE IF EXISTS `0_printers`;

CREATE TABLE `0_printers` (
  `id` tinyint(3) unsigned NOT NULL AUTO_INCREMENT,
  `name` varchar(20) COLLATE utf8_unicode_ci NOT NULL,
  `description` varchar(60) COLLATE utf8_unicode_ci NOT NULL,
  `queue` varchar(20) COLLATE utf8_unicode_ci NOT NULL,
  `host` varchar(40) COLLATE utf8_unicode_ci NOT NULL,
  `port` smallint(11) unsigned NOT NULL,
  `timeout` tinyint(3) unsigned NOT NULL,
  PRIMARY KEY (`id`),
  UNIQUE KEY `name` (`name`)
) ENGINE=InnoDB AUTO_INCREMENT=4 DEFAULT CHARSET=utf8 COLLATE=utf8_unicode_ci ;

### Data of table `0_printers` ###

INSERT INTO `0_printers` VALUES
('1', 'QL500', 'Label printer', 'QL500', 'server', '127', '20'),
('2', 'Samsung', 'Main network printer', 'scx4521F', 'server', '515', '5'),
('3', 'Local', 'Local print server at user IP', 'lp', '', '515', '10');

### Structure of table `0_priority` ###

DROP TABLE IF EXISTS `0_priority`;

CREATE TABLE `0_priority` (
  `id` int(11) NOT NULL AUTO_INCREMENT,
  `priority` varchar(55) NOT NULL,
  `inactive` tinyint(1) NOT NULL,
  PRIMARY KEY (`id`)
) ENGINE=InnoDB AUTO_INCREMENT=4 DEFAULT CHARSET=latin1 ;

### Data of table `0_priority` ###

INSERT INTO `0_priority` VALUES
('1', 'H', '0'),
('2', 'M', '0'),
('3', 'L', '0');

### Structure of table `0_profession` ###

DROP TABLE IF EXISTS `0_profession`;

CREATE TABLE `0_profession` (
  `id` int(11) NOT NULL AUTO_INCREMENT,
  `profession` varchar(50) NOT NULL,
  `inactive` tinyint(6) NOT NULL DEFAULT '0',
  PRIMARY KEY (`id`)
) ENGINE=InnoDB AUTO_INCREMENT=9 DEFAULT CHARSET=latin1 ;

### Data of table `0_profession` ###

INSERT INTO `0_profession` VALUES
('8', 'IT', '0');

### Structure of table `0_project` ###

DROP TABLE IF EXISTS `0_project`;

CREATE TABLE `0_project` (
  `id` int(11) NOT NULL AUTO_INCREMENT,
  `description` varchar(50) NOT NULL,
  `inactive` tinyint(4) NOT NULL DEFAULT '0',
  PRIMARY KEY (`id`)
) ENGINE=InnoDB AUTO_INCREMENT=2 DEFAULT CHARSET=latin1 ;

### Data of table `0_project` ###

INSERT INTO `0_project` VALUES
('1', 'project1', '0');

### Structure of table `0_pstatus` ###

DROP TABLE IF EXISTS `0_pstatus`;

CREATE TABLE `0_pstatus` (
  `id` int(11) NOT NULL AUTO_INCREMENT,
  `status` varchar(55) NOT NULL,
  `inactive` tinyint(1) NOT NULL,
  PRIMARY KEY (`id`)
) ENGINE=InnoDB AUTO_INCREMENT=8 DEFAULT CHARSET=latin1 ;

### Data of table `0_pstatus` ###

INSERT INTO `0_pstatus` VALUES
('1', 'DONE', '0'),
('2', 'ON HOLD', '0'),
('5', 'ASSIGNED', '0'),
('6', 'UN ASSIGNED', '1'),
('7', 'TODAY&#039;S', '0');

### Structure of table `0_purch_data` ###

DROP TABLE IF EXISTS `0_purch_data`;

CREATE TABLE `0_purch_data` (
  `supplier_id` int(11) NOT NULL DEFAULT '0',
  `stock_id` char(20) COLLATE utf8_unicode_ci NOT NULL DEFAULT '',
  `price` double NOT NULL DEFAULT '0',
  `suppliers_uom` char(50) COLLATE utf8_unicode_ci NOT NULL DEFAULT '',
  `conversion_factor` double NOT NULL DEFAULT '1',
  `supplier_description` char(50) COLLATE utf8_unicode_ci NOT NULL DEFAULT '',
  `discount` double NOT NULL,
  PRIMARY KEY (`supplier_id`,`stock_id`)
) ENGINE=InnoDB DEFAULT CHARSET=utf8 COLLATE=utf8_unicode_ci ;

### Data of table `0_purch_data` ###

INSERT INTO `0_purch_data` VALUES
('1', '', '0', '', '1', '', '0'),
('2', '', '0', '', '1', '', '0'),
('2', '1002', '250', '', '1', 'Sugar Free (Vanilla) (Double Scoop)', '0'),
('2', '1004', '1500', '', '1', 'A-HO 20/30 SEA BREAM', '0'),
('2', '1006', '100', '', '1', 'panadol', '0'),
('2', '11220000000', '150', '', '1', 'Coconut (Double Scoop)', '0'),
('3', '', '0', '', '1', '', '0'),
('3', '1007', '450', '', '1', 'NATURE WATER', '0'),
('4', '', '0', '', '1', '', '0'),
('4', '1009', '15000', '', '1', 'HP LAPTOP', '0'),
('4', '1010', '20000', '', '1', 'ROYAL FAN', '0'),
('4', '101238', '15000', '', '1', 'HP LAPTOP', '0'),
('5', '', '0', '', '1', '', '0'),
('5', '1001', '1500', '', '1', '', '0'),
('5', '1002', '1000', '', '1', 'Sugar Free (Vanilla) (Double Scoop)', '0'),
('5', '1005', '435', '', '1', 'RIBBON FISH', '0'),
('5', '1006', '300', '', '1', 'panadol', '0'),
('5', '1008', '350', '', '1', 'NESCAFEE COFEE', '0'),
('5', '1011', '100000', '', '1', 'Import Item', '0'),
('5', '101233', '100000', '', '1', 'Import Item 2', '0'),
('5', '101236', '500', '', '1', 'HSD', '0'),
('5', '101240', '10', '', '1', 'Testing Item 2', '0'),
('5', '11220000000', '0', '', '1', 'Coconut (Double Scoop)', '0'),
('5', '2001', '800', '', '1', '', '0'),
('5', '2002', '1400', '', '1', '', '0'),
('5', '2004', '0.2', '', '1', 'Branded SMS 2', '0'),
('5', '3001', '10000', 'KG', '1', 'COPPER TUBE 3/8', '0'),
('5', '3004', '4000', '', '1', '', '0'),
('5', '3009', '0.2', '', '1', 'Branded SMS', '0'),
('5', '4002', '100000', '', '1', 'Computer', '0'),
('5', '4003', '200000', '', '1', 'AMPROLIUM HCL', '0'),
('5', '500166666', '1000', '', '1', 'Test Item', '0'),
('6', '', '0', '', '1', '', '0'),
('6', '1005', '2500', '', '1', 'RIBBON FISH', '0'),
('6', '1009', '40000', '', '1', 'HP LAPTOP', '0'),
('6', '101237', '1500', 'kilogram', '1', '0123', '0'),
('6', '4001', '38000', '', '1', 'CAR', '0'),
('7', '', '0', '', '1', '', '0'),
('7', '1007', '150', '', '1', 'NATURE WATER', '0'),
('8', '', '0', '', '1', '', '0'),
('8', '1009', '35000', '', '1', 'HP LAPTOP', '0'),
('8', '1010', '4000', '', '1', 'ROYAL FAN', '0'),
('8', '101239', '850000', '', '1', 'CARS', '0'),
('9', '', '0', '', '1', '', '0'),
('9', '1002', '50000', '', '1', 'Sugar Free (Vanilla) (Double Scoop)', '0'),
('9', '1006', '495', '', '1', 'panadol', '0'),
('9', '1011', '850', '', '1', 'Import Item', '0'),
('9', '101232', '100000', '', '1', 'import item 1234', '0'),
('9', '101234', '100', '', '1', 'Import 3', '0'),
('9', '101235', '100', '', '1', 'import 4', '0'),
('9', '500166666', '850', '', '1', 'Test Item', '0'),
('10', '', '0', '', '1', '', '0'),
('11', '', '0', '', '1', '', '0'),
('11', '1006', '1200', '', '1', 'panadol', '0'),
('11', '1007', '120', '', '1', 'NATURE WATER', '0'),
('11', '500166666', '0', '', '1', 'Test Item', '0'),
('12', '', '0', '', '1', '', '0'),
('13', '', '0', '', '1', '', '0'),
('13', '1006', '500', '', '1', 'panadol', '0'),
('13', '1010', '4000', '', '1', 'ROYAL FAN', '0'),
('14', '', '0', '', '1', '', '0'),
('14', '3022', '640', '', '1', 'DTG0B05034-902 3/8 Flare', '0'),
('15', '', '0', '', '1', '', '0'),
('15', '1002', '0', '', '1', '', '0'),
('18', '3011', '400', '', '1', 'AIR MOUSE C120 FOR ANDROID AND SMART TV', '0'),
('18', '3012', '200', '', '1', 'RS 232 ZTEK CABLE', '0'),
('18', '3013', '2500', '', '1', 'CAR DVR MIRROR DUAL CAMERA FRONT/BACK 1080P', '0'),
('18', '3014', '4000', '', '1', 'CASH DRAWER', '0'),
('18', '3015', '1200', '', '1', 'NIA Q5 BLUETOOTH WIRELESS HEADPHONE BLACK', '0'),
('18', '3016', '900', '', '1', 'NIA X2 BLUETOOTH WIRELESS HEADPHONE BLACK', '0'),
('18', '3017', '800', '', '1', 'REMAX TABLET IPAD HOLDER C16', '0');

### Structure of table `0_purch_order_details` ###

DROP TABLE IF EXISTS `0_purch_order_details`;

CREATE TABLE `0_purch_order_details` (
  `po_detail_item` int(11) NOT NULL AUTO_INCREMENT,
  `order_no` int(11) NOT NULL DEFAULT '0',
  `item_code` varchar(20) COLLATE utf8_unicode_ci NOT NULL DEFAULT '',
  `description` tinytext COLLATE utf8_unicode_ci,
  `delivery_date` date NOT NULL DEFAULT '0000-00-00',
  `qty_invoiced` double NOT NULL DEFAULT '0',
  `unit_price` double NOT NULL DEFAULT '0',
  `act_price` double NOT NULL DEFAULT '0',
  `std_cost_unit` double NOT NULL DEFAULT '0',
  `quantity_ordered` double NOT NULL DEFAULT '0',
  `quantity_received` double NOT NULL DEFAULT '0',
  `text1` varchar(30) COLLATE utf8_unicode_ci NOT NULL,
  `text2` varchar(30) COLLATE utf8_unicode_ci NOT NULL,
  `text3` varchar(30) COLLATE utf8_unicode_ci NOT NULL,
  `text4` varchar(30) COLLATE utf8_unicode_ci NOT NULL,
  `text5` varchar(30) COLLATE utf8_unicode_ci NOT NULL,
  `text6` varchar(30) COLLATE utf8_unicode_ci NOT NULL,
  `text7` longtext COLLATE utf8_unicode_ci NOT NULL,
  `amount1` double NOT NULL,
  `amount2` double NOT NULL,
  `amount3` double NOT NULL,
  `amount4` double NOT NULL,
  `amount5` double NOT NULL,
  `amount6` double NOT NULL,
  `date1` date NOT NULL DEFAULT '0000-00-00',
  `date2` date NOT NULL DEFAULT '0000-00-00',
  `date3` date NOT NULL DEFAULT '0000-00-00',
  `combo1` int(11) NOT NULL,
  `combo2` int(11) NOT NULL,
  `combo3` int(11) NOT NULL,
  `combo4` int(11) NOT NULL,
  `combo5` int(11) NOT NULL,
  `combo6` int(11) NOT NULL,
  `op_po` tinyint(1) DEFAULT NULL,
  `con_factor` double NOT NULL,
  `units_id` varchar(50) COLLATE utf8_unicode_ci NOT NULL,
  `purpose` varchar(40) COLLATE utf8_unicode_ci NOT NULL,
  `discount_percent` double NOT NULL,
  PRIMARY KEY (`po_detail_item`),
  KEY `order` (`order_no`,`po_detail_item`),
  KEY `itemcode` (`item_code`)
) ENGINE=InnoDB AUTO_INCREMENT=107 DEFAULT CHARSET=utf8 COLLATE=utf8_unicode_ci ;

### Data of table `0_purch_order_details` ###

INSERT INTO `0_purch_order_details` VALUES
('1', '1', '1006', 'panadol ', '2018-10-19', '10', '30', '30', '30', '10', '10', '', '', '', '', '', '', '', '0', '0', '0', '0', '0', '0', '0000-00-00', '0000-00-00', '0000-00-00', '0', '0', '0', '0', '0', '0', NULL, '0', 'boxes', '', '0'),
('2', '2', '1005', 'RIBBON FISH ', '2018-10-20', '671', '435', '435', '435', '671', '671', '', '', '', '', '', '', '', '0', '0', '0', '0', '0', '0', '0000-00-00', '0000-00-00', '0000-00-00', '0', '0', '0', '0', '0', '0', NULL, '0', 'boxes', '', '0'),
('3', '3', '1004', 'A-HO 20/30 SEA BREAM', '2018-10-30', '90', '1500', '1500', '0', '100', '100', '', '', '', '', '', '', '', '0', '0', '0', '0', '0', '0', '0000-00-00', '0000-00-00', '0000-00-00', '0', '0', '0', '0', '0', '0', NULL, '0', 'boxes', '', '0'),
('4', '4', '500166666', 'Test Item', '2018-10-22', '1', '1000', '1000', '1000', '1', '1', '', '', '', '', '', '', '', '0', '0', '0', '0', '0', '0', '0000-00-00', '0000-00-00', '0000-00-00', '0', '0', '0', '0', '0', '0', NULL, '1', 'boxes', '', '0'),
('5', '5', '500166666', 'Test Item', '2018-10-22', '1', '1000', '1000', '1000', '1', '1', '', '', '', '', '', '', '', '0', '0', '0', '0', '0', '0', '0000-00-00', '0000-00-00', '0000-00-00', '0', '0', '0', '0', '0', '0', NULL, '1', 'boxes', '', '0'),
('6', '6', '1002', 'Sugar Free (Vanilla) (Double Scoop)', '2018-10-22', '100', '250', '250', '250', '100', '100', '', '', '', '', '', '', '', '0', '0', '0', '0', '0', '0', '0000-00-00', '0000-00-00', '0000-00-00', '0', '0', '0', '0', '0', '0', NULL, '0', 'boxes', '', '0'),
('7', '6', '1006', 'panadol ', '2018-10-22', '150', '100', '100', '96.87898089172', '150', '150', '', '', '', '', '', '', '', '0', '0', '0', '0', '0', '0', '0000-00-00', '0000-00-00', '0000-00-00', '0', '0', '0', '0', '0', '0', NULL, '0', 'boxes', '', '0'),
('8', '6', '11122220000', 'Coconut (Double Scoop)', '2018-10-22', '150', '150', '150', '150', '150', '150', '', '', '', '', '', '', '', '0', '0', '0', '0', '0', '0', '0000-00-00', '0000-00-00', '0000-00-00', '0', '0', '0', '0', '0', '0', NULL, '0', 'boxes', '', '0'),
('9', '7', '1009', 'HP LAPTOP', '2018-11-01', '120', '40000', '40000', '40000', '120', '120', '', '', '', '', '', '', '', '0', '0', '0', '0', '0', '0', '0000-00-00', '0000-00-00', '0000-00-00', '0', '0', '0', '0', '0', '0', NULL, '0', 'boxes', '', '0'),
('10', '8', '1007', 'NATURE WATER ', '2018-11-01', '40000', '450', '450', '450', '40000', '40000', '', '', '', '', '', '', '', '0', '0', '0', '0', '0', '0', '0000-00-00', '0000-00-00', '0000-00-00', '0', '0', '0', '0', '0', '0', NULL, '0', 'boxes', '', '0'),
('11', '9', '1009', 'HP LAPTOP', '2018-11-01', '0', '35000', '35000', '0', '40', '40', '', '', '', '', '', '', '', '0', '0', '0', '0', '0', '0', '0000-00-00', '0000-00-00', '0000-00-00', '0', '0', '0', '0', '0', '0', NULL, '0', 'boxes', '', '0'),
('12', '10', '1009', 'HP LAPTOP', '2018-10-22', '10', '40000', '40000', '40000', '10', '10', '', '', '', '', '', '', '', '0', '0', '0', '0', '0', '0', '0000-00-00', '0000-00-00', '0000-00-00', '0', '0', '0', '0', '0', '0', NULL, '0', 'boxes', '', '0'),
('13', '11', '1007', 'NATURE WATER ', '2018-10-22', '200', '150', '150', '448.50746268657', '200', '200', '', '', '', '', '', '', '', '0', '0', '0', '0', '0', '0', '0000-00-00', '0000-00-00', '0000-00-00', '0', '0', '0', '0', '0', '0', NULL, '0', 'ltr', '', '0'),
('14', '12', '1002', 'Sugar Free (Vanilla) (Double Scoop)', '2018-11-01', '1', '100000', '100000', '1654.9295774648', '1', '1', '', '', '', '', '', '', '', '0', '0', '0', '0', '0', '0', '0000-00-00', '0000-00-00', '0000-00-00', '0', '0', '0', '0', '0', '0', NULL, '0', 'boxes', '', '0'),
('15', '13', '1011', 'Import Item', '2018-11-01', '2', '100000', '100000', '100000', '2', '2', '', '', '', '', '', '', '', '0', '0', '0', '0', '0', '0', '0000-00-00', '0000-00-00', '0000-00-00', '0', '0', '0', '0', '0', '0', NULL, '0', 'boxes', '', '0'),
('16', '14', '1009', 'HP LAPTOP', '2018-11-01', '10', '10000', '10000', '37857.142857143', '10', '10', '', '', '', '', '', '', '', '0', '0', '0', '0', '0', '0', '0000-00-00', '0000-00-00', '0000-00-00', '0', '0', '0', '0', '0', '0', NULL, '0', 'boxes', '', '0'),
('17', '15', '1008', 'NESCAFEE COFEE ', '2018-11-01', '12', '350', '350', '0', '12', '12', '', '', '', '', '', '', '', '0', '0', '0', '0', '0', '0', '0000-00-00', '0000-00-00', '0000-00-00', '0', '0', '0', '0', '0', '0', NULL, '0', 'boxes', '', '0'),
('18', '15', '1006', 'panadol ', '2018-11-01', '3', '300', '300', '0', '0', '0', '', '', '', '', '', '', '', '0', '0', '0', '0', '0', '0', '0000-00-00', '0000-00-00', '0000-00-00', '0', '0', '0', '0', '0', '0', NULL, '0', 'boxes', '', '0'),
('19', '16', '1011', 'Import Item', '2018-11-01', '1', '1000', '850', '104000', '1', '1', '', '', '', '', '', '', '', '0', '0', '0', '0', '0', '0', '0000-00-00', '0000-00-00', '0000-00-00', '0', '0', '0', '0', '0', '0', NULL, '0', 'boxes', '', '0'),
('20', '17', '101232', 'import item 1234', '2018-11-02', '1', '100000', '100000', '12000000', '1', '1', '', '', '', '', '', '', '', '0', '0', '0', '0', '0', '0', '0000-00-00', '0000-00-00', '0000-00-00', '0', '0', '0', '0', '0', '0', NULL, '0', 'boxes', '', '0'),
('21', '18', '101233', 'Import Item 2', '2018-11-02', '2', '100000', '100000', '100000', '2', '2', '', '', '', '', '', '', '', '0', '0', '0', '0', '0', '0', '0000-00-00', '0000-00-00', '0000-00-00', '0', '0', '0', '0', '0', '0', NULL, '0', 'boxes', '', '0'),
('22', '19', '101234', 'Import 3', '2018-11-02', '2', '100', '100', '0', '2', '2', '', '', '', '', '', '', '', '0', '0', '0', '0', '0', '0', '0000-00-00', '0000-00-00', '0000-00-00', '0', '0', '0', '0', '0', '0', NULL, '0', 'boxes', '', '0'),
('23', '20', '101234', 'Import 3', '2018-11-02', '2', '100', '100', '12000', '2', '2', '', '', '', '', '', '', '', '0', '0', '0', '0', '0', '0', '0000-00-00', '0000-00-00', '0000-00-00', '0', '0', '0', '0', '0', '0', NULL, '0', 'boxes', '', '0'),
('24', '21', '101235', 'import 4', '2018-11-02', '0', '100', '0', '0', '1', '0', '', '', '', '', '', '', '', '0', '0', '0', '0', '0', '0', '0000-00-00', '0000-00-00', '0000-00-00', '0', '0', '0', '0', '0', '0', NULL, '0', 'boxes', '', '0'),
('25', '22', '101235', 'import 4', '2018-11-02', '2', '100', '100', '12000', '2', '2', '', '', '', '', '', '', '', '0', '0', '0', '0', '0', '0', '0000-00-00', '0000-00-00', '0000-00-00', '0', '0', '0', '0', '0', '0', NULL, '0', 'boxes', '', '0'),
('26', '23', '500166666', 'Test Item', '2018-11-02', '0', '100', '0', '0', '5', '0', '', '', '', '', '', '', '', '0', '0', '0', '0', '0', '0', '0000-00-00', '0000-00-00', '0000-00-00', '0', '0', '0', '0', '0', '0', NULL, '1', 'boxes', '', '0.1'),
('27', '24', '500166666', 'Test Item', '2018-10-23', '1', '1000', '1000', '1000', '1', '1', '', '', '', '', '', '', '', '0', '0', '0', '0', '0', '0', '0000-00-00', '0000-00-00', '0000-00-00', '0', '0', '0', '0', '0', '0', NULL, '1', 'boxes', '', '0'),
('28', '25', '1009', 'HP LAPTOP', '2018-11-03', '12', '12000', '12000', '35815.789473684', '12', '12', '', '', '', '', '', '', '', '0', '0', '0', '0', '0', '0', '0000-00-00', '0000-00-00', '0000-00-00', '0', '0', '0', '0', '0', '0', NULL, '0', 'boxes', '', '0'),
('29', '26', '1002', 'Sugar Free (Vanilla) (Double Scoop)', '2018-10-24', '100', '1000', '1000', '1000', '100', '100', '', '', '', '', '', '', '', '0', '0', '0', '0', '0', '0', '0000-00-00', '0000-00-00', '0000-00-00', '0', '0', '0', '0', '0', '0', NULL, '0', 'boxes', '', '0'),
('30', '27', '1010', 'ROYAL FAN', '2018-11-03', '23', '4000', '4000', '4000', '23', '23', '', '', '', '', '', '', '', '0', '0', '0', '0', '0', '0', '0000-00-00', '0000-00-00', '0000-00-00', '0', '0', '0', '0', '0', '0', NULL, '0', 'boxes', '', '0'),
('31', '28', '11122220000', 'Coconut (Double Scoop)', '2018-10-24', '1', '0', '0', '0', '1', '1', '', '', '', '', '', '', '', '0', '0', '0', '0', '0', '0', '0000-00-00', '0000-00-00', '0000-00-00', '0', '0', '0', '0', '0', '0', NULL, '0', 'boxes', '', '0'),
('32', '29', '500166666', 'Test Item', '2018-10-24', '1', '1000', '1000', '1000', '1', '1', '', '', '', '', '', '', '', '0', '0', '0', '0', '0', '0', '0000-00-00', '0000-00-00', '0000-00-00', '0', '0', '0', '0', '0', '0', NULL, '1', 'boxes', '', '0'),
('33', '30', '101239', 'CARS ', '2018-11-03', '2', '850000', '850000', '850000', '2', '2', '', '', '', '', '', '', '', '0', '0', '0', '0', '0', '0', '0000-00-00', '0000-00-00', '0000-00-00', '0', '0', '0', '0', '0', '0', NULL, '0', 'pcs', '', '0'),
('34', '31', '4001', 'CAR ', '2018-10-24', '1', '38000', '38000', '38000', '1', '1', '', '', '', '', '', '', '', '0', '0', '0', '0', '0', '0', '0000-00-00', '0000-00-00', '0000-00-00', '0', '0', '0', '0', '0', '0', NULL, '0', 'boxes', '', '0'),
('35', '32', '4002', 'Computer', '2018-10-24', '1', '100000', '100000', '100000', '1', '1', '', '', '', '', '', '', '', '0', '0', '0', '0', '0', '0', '0000-00-00', '0000-00-00', '0000-00-00', '0', '0', '0', '0', '0', '0', NULL, '0', 'boxes', '', '0'),
('36', '33', '4003', 'AMPROLIUM HCL', '2018-10-24', '1', '200000', '200000', '200000', '1', '1', '', '', '', '', '', '', '', '0', '0', '0', '0', '0', '0', '0000-00-00', '0000-00-00', '0000-00-00', '0', '0', '0', '0', '0', '0', NULL, '0', 'boxes', '', '0'),
('37', '34', '101240', 'Testing Item 2', '2018-10-22', '10', '10', '10', '10', '10', '10', '', '', '', '', '', '', '', '0', '0', '0', '0', '0', '0', '0000-00-00', '0000-00-00', '0000-00-00', '0', '0', '0', '0', '0', '0', NULL, '0', 'boxes', '', '0'),
('38', '35', '500166666', 'Test Item', '2018-10-27', '1', '1000', '1000', '1000', '1', '1', '', '', '', '', '', '', '', '0', '0', '0', '0', '0', '0', '0000-00-00', '0000-00-00', '0000-00-00', '0', '0', '0', '0', '0', '0', NULL, '1', 'boxes', '', '0'),
('39', '36', '500166666', 'Test Item', '2018-10-27', '1', '1000', '1000', '1000', '1', '1', '', '', '', '', '', '', '', '0', '0', '0', '0', '0', '0', '0000-00-00', '0000-00-00', '0000-00-00', '0', '0', '0', '0', '0', '0', NULL, '1', 'boxes', '', '0'),
('40', '37', '500166666', 'Test Item', '2018-10-27', '1', '1000', '1000', '1000', '1', '1', '', '', '', '', '', '', '', '0', '0', '0', '0', '0', '0', '0000-00-00', '0000-00-00', '0000-00-00', '0', '0', '0', '0', '0', '0', NULL, '1', 'boxes', '', '0'),
('41', '38', '500166666', 'Test Item', '2018-10-27', '1', '1000', '1000', '1000', '1', '1', '', '', '', '', '', '', '', '0', '0', '0', '0', '0', '0', '0000-00-00', '0000-00-00', '0000-00-00', '0', '0', '0', '0', '0', '0', NULL, '1', 'boxes', '', '0'),
('42', '39', '101236', 'HSD', '2018-10-27', '1', '500', '500', '500', '1', '1', '', '', '', '', '', '', '', '0', '0', '0', '0', '0', '0', '0000-00-00', '0000-00-00', '0000-00-00', '0', '0', '0', '0', '0', '0', NULL, '0', 'ltr', '', '0'),
('43', '40', '500166666', 'Test Item', '2018-10-27', '1', '1000', '1000', '1000', '1', '1', '', '', '', '', '', '', '', '0', '0', '0', '0', '0', '0', '0000-00-00', '0000-00-00', '0000-00-00', '0', '0', '0', '0', '0', '0', NULL, '1', 'boxes', '', '0'),
('44', '41', '3009', 'Branded SMS', '2018-10-29', '100000', '0.2', '0.2', '0', '100000', '100000', '', '', '', '', '', '', '', '0', '0', '0', '0', '0', '0', '0000-00-00', '0000-00-00', '0000-00-00', '0', '0', '0', '0', '0', '0', NULL, '0', 'boxes', '', '0'),
('45', '42', '2004', 'Branded SMS 2', '2018-10-29', '10000000', '0.2', '0.2', '0.2', '10000000', '10000000', '', '', '', '', '', '', '', '0', '0', '0', '0', '0', '0', '0000-00-00', '0000-00-00', '0000-00-00', '0', '0', '0', '0', '0', '0', NULL, '0', 'boxes', '', '0'),
('46', '43', '1011', 'Import Item', '2018-11-08', '1', '850', '850', '126241.66047175', '1', '1', '', '', '', '', '', '', '', '0', '0', '0', '0', '0', '0', '0000-00-00', '0000-00-00', '0000-00-00', '0', '0', '0', '0', '0', '0', NULL, '0', 'boxes', '', '0'),
('47', '44', '500166666', 'Test Item', '2018-10-29', '10', '1000', '1000', '1000', '10', '10', '', '', '', '', '', '', '', '0', '0', '0', '0', '0', '0', '0000-00-00', '0000-00-00', '0000-00-00', '0', '0', '0', '0', '0', '0', NULL, '1', 'boxes', '', '0'),
('48', '45', '500166666', 'Test Item', '2018-11-09', '1', '5000', '5000', '50000', '1', '1', '', '', '', '', '', '', '', '0', '0', '0', '0', '0', '0', '0000-00-00', '0000-00-00', '0000-00-00', '0', '0', '0', '0', '0', '0', NULL, '1', 'boxes', '', '0.1'),
('49', '45', '1002', 'Sugar Free (Vanilla) (Double Scoop)', '2018-11-09', '0', '4000', '4000', '480000', '1', '1', '', '', '', '', '', '', '', '0', '0', '0', '0', '0', '0', '0000-00-00', '0000-00-00', '0000-00-00', '0', '0', '0', '0', '0', '0', NULL, '0', 'boxes', '', '0'),
('50', '46', '500166666', 'Test Item', '2018-10-27', '1', '0', '0', '45833.333333333', '1', '1', '', '', '', '', '', '', '', '0', '0', '0', '0', '0', '0', '0000-00-00', '0000-00-00', '0000-00-00', '0', '0', '0', '0', '0', '0', NULL, '1', 'boxes', '', '0'),
('51', '47', '1006', 'panadol ', '2018-10-27', '1', '2500', '2550', '115.22341615209', '1', '1', '', '', '', '', '', '', '', '0', '0', '0', '0', '0', '0', '0000-00-00', '0000-00-00', '0000-00-00', '0', '0', '0', '0', '0', '0', NULL, '0', 'boxes', '', '0'),
('52', '48', '500166666', 'Test Item', '2018-11-09', '0', '500', '500', '0', '100', '90', '', '', '', '', '', '', '', '0', '0', '0', '0', '0', '0', '0000-00-00', '0000-00-00', '0000-00-00', '0', '0', '0', '0', '0', '0', NULL, '1', 'boxes', '', '0'),
('53', '49', '1006', 'panadol ', '2018-10-25', '56', '1200', '1200', '440.34367655574', '56', '56', '', '', '', '', '', '', '', '0', '0', '0', '0', '0', '0', '0000-00-00', '0000-00-00', '0000-00-00', '0', '0', '0', '0', '0', '0', NULL, '0', 'boxes', '', '0'),
('54', '50', '500166666', 'Test Item', '2018-11-01', '1', '1000', '1000', '57765.676567656', '1', '1', '', '', '', '', '', '', '', '0', '0', '0', '0', '0', '0', '0000-00-00', '0000-00-00', '0000-00-00', '0', '0', '0', '0', '0', '0', NULL, '0', 'boxes', '', '0'),
('55', '51', '3001', 'COPPER TUBE 3/8', '2018-11-02', '10', '10000', '10000', '10000', '10', '10', '', '', '', '', '', '', '', '0', '0', '0', '0', '0', '0', '0000-00-00', '0000-00-00', '0000-00-00', '0', '0', '0', '0', '0', '0', NULL, '0', 'kg ', '', '0'),
('56', '52', '3001', 'COPPER TUBE 3/8', '2018-11-02', '50', '10000', '10000', '10000', '50', '50', '', '', '', '', '', '', '', '0', '0', '0', '0', '0', '0', '0000-00-00', '0000-00-00', '0000-00-00', '0', '0', '0', '0', '0', '0', NULL, '0', 'kg ', '', '0'),
('57', '53', '1006', 'panadol ', '2018-11-02', '0', '30', '30', '418.40016444046', '0', '0', '', '', '', '', '', '', '', '0', '0', '0', '0', '0', '0', '0000-00-00', '0000-00-00', '0000-00-00', '0', '0', '0', '0', '0', '0', NULL, '0', 'boxes', '', '0'),
('58', '54', '1007', 'NATURE WATER ', '2018-11-12', '0', '120', '120', '448.42576473514', '10', '10', '', '', '', '', '', '', '', '0', '0', '0', '0', '0', '0', '0000-00-00', '0000-00-00', '0000-00-00', '0', '0', '0', '0', '0', '0', NULL, '0', 'ltr', '', '0'),
('59', '55', '1007', 'NATURE WATER ', '2018-11-13', '0', '150', '0', '0', '1', '0', '', '', '', '', '', '', '', '0', '0', '0', '0', '0', '0', '0000-00-00', '0000-00-00', '0000-00-00', '0', '0', '0', '0', '0', '0', NULL, '0', 'ltr', '', '0'),
('60', '56', '1007', 'NATURE WATER ', '2018-11-13', '0', '200', '0', '0', '1', '0', '', '', '', '', '', '', '', '0', '0', '0', '0', '0', '0', '0000-00-00', '0000-00-00', '0000-00-00', '0', '0', '0', '0', '0', '0', NULL, '0', 'ltr', '', '0'),
('61', '57', '1002', 'Sugar Free (Vanilla) (Double Scoop)', '2018-11-16', '30', '1000', '1000', '199.03846153846', '30', '30', '', '', '', '', '', '', '', '0', '0', '0', '0', '0', '0', '0000-00-00', '0000-00-00', '0000-00-00', '0', '0', '0', '0', '0', '0', NULL, '0', 'boxes', '', '0'),
('62', '58', '3022', 'DTG0B05034-902 3/8 Flare', '2018-11-06', '0', '641', '0', '0', '10', '10', '', '', '', '', '', '', '', '0', '0', '0', '0', '0', '0', '0000-00-00', '0000-00-00', '0000-00-00', '0', '0', '0', '0', '0', '0', NULL, '0', 'pcs', '', '0'),
('63', '59', '3022', 'DTG0B05034-902 3/8 Flare', '2018-11-16', '10', '641', '640', '641', '10', '10', '', '', '', '', '', '', '', '0', '0', '0', '0', '0', '0', '0000-00-00', '0000-00-00', '0000-00-00', '0', '0', '0', '0', '0', '0', NULL, '0', 'pcs', '', '0'),
('64', '60', '101238', 'HP LAPTOP', '2018-11-17', '150', '15000', '15000', '15000', '150', '150', '', '', '', '', '', '', '', '0', '0', '0', '0', '0', '0', '0000-00-00', '0000-00-00', '0000-00-00', '0', '0', '0', '0', '0', '0', NULL, '0', 'pcs', '', '0'),
('65', '61', '1006', 'panadol ', '2018-11-17', '1', '1200', '1200', '419.38254274801', '1', '1', '', '', '', '', '', '', '', '0', '0', '0', '0', '0', '0', '0000-00-00', '0000-00-00', '0000-00-00', '0', '0', '0', '0', '0', '0', NULL, '0', 'boxes', '', '0'),
('66', '62', '500166666', 'Test Item', '2018-11-17', '1', '550', '0', '0', '1', '101', '', '', '', '', '', '', '', '0', '0', '0', '0', '0', '0', '0000-00-00', '0000-00-00', '0000-00-00', '0', '0', '0', '0', '0', '0', NULL, '0', 'boxes', '', '0'),
('67', '63', '1010', 'ROYAL FAN', '2018-11-17', '50', '4000', '0', '0', '1', '51', '', '', '', '', '', '', '', '0', '0', '0', '0', '0', '0', '0000-00-00', '0000-00-00', '0000-00-00', '0', '0', '0', '0', '0', '0', NULL, '0', 'boxes', '', '0'),
('68', '64', '1007', 'NATURE WATER ', '2018-11-18', '100', '150', '0', '0', '1', '101', '', '', '', '', '', '', '', '0', '0', '0', '0', '0', '0', '0000-00-00', '0000-00-00', '0000-00-00', '0', '0', '0', '0', '0', '0', NULL, '0', 'ltr', '', '0'),
('69', '65', '1007', 'NATURE WATER ', '2018-11-08', '0', '100', '0', '0', '1', '1', '', '', '', '', '', '', '', '0', '0', '0', '0', '0', '0', '0000-00-00', '0000-00-00', '0000-00-00', '0', '0', '0', '0', '0', '0', NULL, '0', '', '', '0'),
('70', '66', '', NULL, '0020-00-08', '1', '0', '0', '0', '1', '2', '', '', '', '', '', '', '', '0', '0', '0', '0', '0', '0', '0000-00-00', '0000-00-00', '0000-00-00', '0', '0', '0', '0', '0', '0', NULL, '0', '', '', '0'),
('71', '67', '', NULL, '0020-00-08', '1', '0', '0', '0', '1', '2', '', '', '', '', '', '', '', '0', '0', '0', '0', '0', '0', '0000-00-00', '0000-00-00', '0000-00-00', '0', '0', '0', '0', '0', '0', NULL, '0', '', '', '0'),
('72', '68', '', NULL, '0020-00-08', '1', '0', '0', '0', '1', '2', '', '', '', '', '', '', '', '0', '0', '0', '0', '0', '0', '0000-00-00', '0000-00-00', '0000-00-00', '0', '0', '0', '0', '0', '0', NULL, '0', '', '', '0'),
('73', '69', '', NULL, '0020-00-08', '1', '0', '0', '0', '1', '2', '', '', '', '', '', '', '', '0', '0', '0', '0', '0', '0', '0000-00-00', '0000-00-00', '0000-00-00', '0', '0', '0', '0', '0', '0', NULL, '0', '', '', '0'),
('74', '70', '', NULL, '0020-00-08', '1', '0', '0', '0', '1', '2', '', '', '', '', '', '', '', '0', '0', '0', '0', '0', '0', '0000-00-00', '0000-00-00', '0000-00-00', '0', '0', '0', '0', '0', '0', NULL, '0', '', '', '0'),
('75', '71', '', NULL, '0020-00-08', '1', '0', '0', '0', '1', '2', '', '', '', '', '', '', '', '0', '0', '0', '0', '0', '0', '0000-00-00', '0000-00-00', '0000-00-00', '0', '0', '0', '0', '0', '0', NULL, '0', '', '', '0'),
('76', '72', '', NULL, '0020-00-08', '1', '0', '0', '0', '1', '2', '', '', '', '', '', '', '', '0', '0', '0', '0', '0', '0', '0000-00-00', '0000-00-00', '0000-00-00', '0', '0', '0', '0', '0', '0', NULL, '0', '', '', '0'),
('77', '73', '', NULL, '0020-00-08', '1', '0', '0', '0', '1', '2', '', '', '', '', '', '', '', '0', '0', '0', '0', '0', '0', '0000-00-00', '0000-00-00', '0000-00-00', '0', '0', '0', '0', '0', '0', NULL, '0', '', '', '0'),
('78', '74', '', NULL, '0020-00-08', '1', '0', '0', '0', '1', '2', '', '', '', '', '', '', '', '0', '0', '0', '0', '0', '0', '0000-00-00', '0000-00-00', '0000-00-00', '0', '0', '0', '0', '0', '0', NULL, '0', '', '', '0'),
('79', '75', '', NULL, '0020-00-08', '1', '0', '0', '0', '1', '2', '', '', '', '', '', '', '', '0', '0', '0', '0', '0', '0', '0000-00-00', '0000-00-00', '0000-00-00', '0', '0', '0', '0', '0', '0', NULL, '0', '', '', '0'),
('80', '76', '', NULL, '0020-00-08', '1', '0', '0', '0', '1', '2', '', '', '', '', '', '', '', '0', '0', '0', '0', '0', '0', '0000-00-00', '0000-00-00', '0000-00-00', '0', '0', '0', '0', '0', '0', NULL, '0', '', '', '0'),
('81', '77', '', NULL, '0020-00-08', '1', '0', '0', '0', '1', '1', '', '', '', '', '', '', '', '0', '0', '0', '0', '0', '0', '0000-00-00', '0000-00-00', '0000-00-00', '0', '0', '0', '0', '0', '0', NULL, '0', '', '', '0'),
('82', '78', '', NULL, '0020-00-08', '1', '0', '0', '0', '1', '1', '', '', '', '', '', '', '', '0', '0', '0', '0', '0', '0', '0000-00-00', '0000-00-00', '0000-00-00', '0', '0', '0', '0', '0', '0', NULL, '0', '', '', '0'),
('83', '79', '', NULL, '0020-00-08', '1', '0', '0', '0', '1', '1', '', '', '', '', '', '', '', '0', '0', '0', '0', '0', '0', '0000-00-00', '0000-00-00', '0000-00-00', '0', '0', '0', '0', '0', '0', NULL, '0', '', '', '0'),
('84', '80', '', NULL, '0020-00-08', '1', '0', '0', '0', '1', '1', '', '', '', '', '', '', '', '0', '0', '0', '0', '0', '0', '0000-00-00', '0000-00-00', '0000-00-00', '0', '0', '0', '0', '0', '0', NULL, '0', '', '', '0'),
('85', '81', '11122220000', 'Coconut (Double Scoop)', '2018-11-18', '0', '600', '0', '0', '6', '0', '', '', '', '', '', '', '', '0', '0', '0', '0', '0', '0', '0000-00-00', '0000-00-00', '0000-00-00', '0', '0', '0', '0', '0', '0', NULL, '0', 'boxes', '', '0.02'),
('86', '82', '1006', 'panadol ', '2018-11-18', '0', '500', '500', '2229.0908982888', '5', '5', '', '', '', '', '', '', '', '0', '0', '0', '0', '0', '0', '0000-00-00', '0000-00-00', '0000-00-00', '0', '0', '0', '0', '0', '0', NULL, '0', 'boxes', '', '0.01'),
('87', '83', '1006', 'panadol ', '2018-11-19', '9', '500', '500', '2287.5895994023', '9', '9', '', '', '', '', '', '', '', '0', '0', '0', '0', '0', '0', '0000-00-00', '0000-00-00', '0000-00-00', '0', '0', '0', '0', '0', '0', NULL, '0', 'boxes', '', '0.01'),
('88', '84', '1002', 'Sugar Free (Vanilla) (Double Scoop)', '2018-11-09', '500', '50000', '50000', '4366867.6068217', '500', '500', '', '', '', '', '', '', '', '0', '0', '0', '0', '0', '0', '0000-00-00', '0000-00-00', '0000-00-00', '0', '0', '0', '0', '0', '0', NULL, '0', 'boxes', '', '0'),
('89', '85', '1005', 'RIBBON FISH ', '2018-11-24', '1', '2500', '2500', '466.76923076923', '1', '1', '', '', '', '', '', '', '', '0', '0', '0', '0', '0', '0', '0000-00-00', '0000-00-00', '0000-00-00', '0', '0', '0', '0', '0', '0', NULL, '0', 'boxes', '', '0'),
('90', '86', '1002', 'Sugar Free (Vanilla) (Double Scoop)', '2018-11-26', '10', '850', '850', '7925240.6576915', '1', '1', '', '', '', '', '', '', '', '0', '0', '0', '0', '0', '0', '0000-00-00', '0000-00-00', '0000-00-00', '0', '0', '0', '0', '0', '0', NULL, '0', 'boxes', '', '0'),
('91', '87', '1002', 'Sugar Free (Vanilla) (Double Scoop)', '2018-11-26', '0', '1000', '0', '0', '5', '0', '', '', '', '', '', '', '', '0', '0', '0', '0', '0', '0', '0000-00-00', '0000-00-00', '0000-00-00', '0', '0', '0', '0', '0', '0', NULL, '0', 'boxes', '', '0'),
('92', '88', '1009', 'HP LAPTOP', '2018-11-27', '0', '15000', '15000', '34149.758454106', '15', '15', '', '', '', '', '', '', '', '0', '0', '0', '0', '0', '0', '0000-00-00', '0000-00-00', '0000-00-00', '0', '0', '0', '0', '0', '0', NULL, '0', 'boxes', '', '0'),
('93', '88', '1010', 'ROYAL FAN', '2018-11-27', '0', '20000', '20000', '20000', '20', '20', '', '', '', '', '', '', '', '0', '0', '0', '0', '0', '0', '0000-00-00', '0000-00-00', '0000-00-00', '0', '0', '0', '0', '0', '0', NULL, '0', 'boxes', '', '0'),
('94', '89', '3011', 'AIR MOUSE C120 FOR ANDROID AND SMART TV', '2018-11-30', '200', '350', '350', '350', '200', '200', '', '', '', '', '', '', '', '0', '0', '0', '0', '0', '0', '0000-00-00', '0000-00-00', '0000-00-00', '0', '0', '0', '0', '0', '0', NULL, '0', 'boxes', '', '0'),
('95', '89', '3012', 'RS 232 ZTEK CABLE', '2018-11-30', '150', '200', '200', '200', '150', '150', '', '', '', '', '', '', '', '0', '0', '0', '0', '0', '0', '0000-00-00', '0000-00-00', '0000-00-00', '0', '0', '0', '0', '0', '0', NULL, '0', 'boxes', '', '0'),
('96', '89', '3013', 'CAR DVR MIRROR DUAL CAMERA FRONT/BACK 1080P', '2018-11-30', '100', '2500', '2500', '2500', '100', '100', '', '', '', '', '', '', '', '0', '0', '0', '0', '0', '0', '0000-00-00', '0000-00-00', '0000-00-00', '0', '0', '0', '0', '0', '0', NULL, '0', 'boxes', '', '0'),
('97', '89', '3014', 'CASH DRAWER', '2018-11-30', '50', '4000', '4000', '4000', '50', '50', '', '', '', '', '', '', '', '0', '0', '0', '0', '0', '0', '0000-00-00', '0000-00-00', '0000-00-00', '0', '0', '0', '0', '0', '0', NULL, '0', 'boxes', '', '0'),
('98', '90', '3011', 'AIR MOUSE C120 FOR ANDROID AND SMART TV', '2018-11-30', '0', '350', '0', '0', '50', '0', '', '', '', '', '', '', '', '0', '0', '0', '0', '0', '0', '0000-00-00', '0000-00-00', '0000-00-00', '0', '0', '0', '0', '0', '0', NULL, '0', 'boxes', '', '0'),
('99', '91', '3011', 'AIR MOUSE C120 FOR ANDROID AND SMART TV', '2018-11-30', '25', '350', '350', '570.483737705', '25', '25', '', '', '', '', '', '', '', '0', '0', '0', '0', '0', '0', '0000-00-00', '0000-00-00', '0000-00-00', '0', '0', '0', '0', '0', '0', NULL, '0', 'boxes', '', '0'),
('100', '92', '3011', 'AIR MOUSE C120 FOR ANDROID AND SMART TV', '2018-11-30', '0', '350', '350', '528.486990164', '0', '0', '', '', '', '', '', '', '', '0', '0', '0', '0', '0', '0', '0000-00-00', '0000-00-00', '0000-00-00', '0', '0', '0', '0', '0', '0', NULL, '0', 'boxes', '', '0'),
('101', '93', '3011', 'AIR MOUSE C120 FOR ANDROID AND SMART TV', '2018-11-20', '0', '350', '0', '0', '25', '0', '', '', '', '', '', '', '', '0', '0', '0', '0', '0', '0', '0000-00-00', '0000-00-00', '0000-00-00', '0', '0', '0', '0', '0', '0', NULL, '0', 'boxes', '', '0'),
('102', '94', '3011', 'AIR MOUSE C120 FOR ANDROID AND SMART TV', '2018-11-20', '20', '400', '400', '510.7646466931', '20', '20', '', '', '', '', '', '', '', '0', '0', '0', '0', '0', '0', '0000-00-00', '0000-00-00', '0000-00-00', '0', '0', '0', '0', '0', '0', NULL, '0', 'boxes', '', '0'),
('103', '95', '3015', 'NIA Q5 BLUETOOTH WIRELESS HEADPHONE BLACK', '2018-11-20', '10', '1200', '1200', '1200', '10', '10', '', '', '', '', '', '', '', '0', '0', '0', '0', '0', '0', '0000-00-00', '0000-00-00', '0000-00-00', '0', '0', '0', '0', '0', '0', NULL, '0', 'boxes', '', '0'),
('104', '96', '3017', 'REMAX TABLET IPAD HOLDER C16', '2018-11-20', '25', '800', '800', '800', '25', '25', '', '', '', '', '', '', '', '0', '0', '0', '0', '0', '0', '0000-00-00', '0000-00-00', '0000-00-00', '0', '0', '0', '0', '0', '0', NULL, '0', 'boxes', '', '0'),
('105', '97', '3017', 'REMAX TABLET IPAD HOLDER C16', '2018-11-20', '20', '800', '800', '800', '20', '20', '', '', '', '', '', '', '', '0', '0', '0', '0', '0', '0', '0000-00-00', '0000-00-00', '0000-00-00', '0', '0', '0', '0', '0', '0', NULL, '0', 'boxes', '', '0'),
('106', '98', '3016', 'NIA X2 BLUETOOTH WIRELESS HEADPHONE BLACK', '2018-11-20', '10', '900', '900', '900', '10', '10', '', '', '', '', '', '', '', '0', '0', '0', '0', '0', '0', '0000-00-00', '0000-00-00', '0000-00-00', '0', '0', '0', '0', '0', '0', NULL, '0', 'boxes', '', '0');

### Structure of table `0_purch_orders` ###

DROP TABLE IF EXISTS `0_purch_orders`;

CREATE TABLE `0_purch_orders` (
  `order_no` int(11) NOT NULL AUTO_INCREMENT,
  `supplier_id` int(11) NOT NULL DEFAULT '0',
  `comments` tinytext COLLATE utf8_unicode_ci,
  `ord_date` date NOT NULL DEFAULT '0000-00-00',
  `reference` tinytext COLLATE utf8_unicode_ci NOT NULL,
  `requisition_no` tinytext COLLATE utf8_unicode_ci,
  `into_stock_location` varchar(5) COLLATE utf8_unicode_ci NOT NULL DEFAULT '',
  `delivery_address` tinytext COLLATE utf8_unicode_ci NOT NULL,
  `total` double NOT NULL DEFAULT '0',
  `prep_amount` double NOT NULL DEFAULT '0',
  `alloc` double NOT NULL DEFAULT '0',
  `tax_included` tinyint(1) NOT NULL DEFAULT '0',
  `pr` varchar(60) COLLATE utf8_unicode_ci NOT NULL,
  `payments` int(11) NOT NULL,
  `delivery_term` varchar(50) COLLATE utf8_unicode_ci NOT NULL,
  `sales_tax` varchar(50) COLLATE utf8_unicode_ci NOT NULL,
  `h_text1` varchar(30) COLLATE utf8_unicode_ci NOT NULL,
  `h_text2` varchar(30) COLLATE utf8_unicode_ci NOT NULL,
  `h_text3` varchar(30) COLLATE utf8_unicode_ci NOT NULL,
  `h_comb1` varchar(30) COLLATE utf8_unicode_ci NOT NULL,
  `h_comb2` varchar(30) COLLATE utf8_unicode_ci NOT NULL,
  `h_comb3` varchar(30) COLLATE utf8_unicode_ci NOT NULL,
  `Comments1` text COLLATE utf8_unicode_ci NOT NULL,
  `Comments2` text COLLATE utf8_unicode_ci NOT NULL,
  `Comments3` text COLLATE utf8_unicode_ci NOT NULL,
  `Comments4` text COLLATE utf8_unicode_ci NOT NULL,
  `Comments5` text COLLATE utf8_unicode_ci NOT NULL,
  `Comments6` text COLLATE utf8_unicode_ci,
  `requisition_detail_id` int(11) DEFAULT NULL,
  `op_po` varchar(20) COLLATE utf8_unicode_ci DEFAULT NULL,
  `receive_ref` varchar(20) COLLATE utf8_unicode_ci DEFAULT NULL,
  `dimension` int(11) NOT NULL,
  `dimension2` int(11) NOT NULL,
  `approval` tinyint(1) NOT NULL DEFAULT '0',
  `sale_order` int(11) NOT NULL,
  `transaction_type` tinyint(1) NOT NULL DEFAULT '0',
  `invoice_to` varchar(50) COLLATE utf8_unicode_ci NOT NULL,
  `discount1` double NOT NULL,
  `disc1` double NOT NULL,
  `lading_date` date NOT NULL,
  `arrival_date` date NOT NULL,
  `lc_ref` varchar(60) COLLATE utf8_unicode_ci NOT NULL,
  `lading_no` varchar(60) COLLATE utf8_unicode_ci NOT NULL,
  PRIMARY KEY (`order_no`),
  KEY `ord_date` (`ord_date`)
) ENGINE=InnoDB AUTO_INCREMENT=99 DEFAULT CHARSET=utf8 COLLATE=utf8_unicode_ci ;

### Data of table `0_purch_orders` ###

INSERT INTO `0_purch_orders` VALUES
('1', '5', NULL, '2018-10-19', 'auto', 'GRN001/10/2018', 'DEF', 'N/A', '351', '0', '0', '0', '', '3', '', '', '', '', '', '', '', '', '', '', '', '', '', NULL, NULL, NULL, NULL, '0', '0', '0', '0', '0', '', '0', '0', '0000-00-00', '0000-00-00', '', ''),
('2', '5', NULL, '2018-10-20', 'auto', NULL, 'DEF', 'N/A', '341505.45', '0', '0', '0', '', '5', '', '', '', '', '', '', '', '', '', '', '', '', '', NULL, NULL, NULL, NULL, '0', '0', '0', '0', '0', '', '0', '0', '0000-00-00', '0000-00-00', '', ''),
('3', '2', NULL, '2018-10-20', 'PO001/10/2018', NULL, 'DEF', 'N/A', '175500', '0', '0', '0', '', '5', '', '', '', '', '', '', '', '', '', '', '', '', '', NULL, NULL, NULL, NULL, '0', '0', '0', '0', '0', '', '0', '0', '0000-00-00', '0000-00-00', '', ''),
('4', '5', NULL, '2018-10-22', 'auto', '1', 'DEF', 'N/A', '1170', '0', '0', '0', '', '5', '', '', '', '', '', '', '', '', '', '', '', '', '', NULL, NULL, NULL, NULL, '0', '0', '0', '0', '0', '', '0', '0', '0000-00-00', '0000-00-00', '', ''),
('5', '5', NULL, '2018-10-22', 'auto', '2', 'DEF', 'N/A', '1170', '0', '0', '0', '', '5', '', '', '', '', '', '', '', '', '', '', '', '', '', NULL, NULL, NULL, NULL, '0', '0', '0', '0', '0', '', '0', '0', '0000-00-00', '0000-00-00', '', ''),
('6', '2', NULL, '2018-10-22', 'auto', NULL, 'DEF', 'N/A', '73125', '0', '0', '0', '', '5', '', '', '', '', '', '', '', '', '', '', '', '', '', NULL, NULL, NULL, NULL, '0', '0', '0', '0', '0', '', '0', '0', '0000-00-00', '0000-00-00', '', ''),
('7', '6', NULL, '2018-10-22', 'PO002/10/2018', NULL, 'DEF', 'N/A', '5616000', '0', '0', '0', '', '5', '', '', '', '', '', '', '', '', '', '', '', '', '', NULL, NULL, NULL, NULL, '0', '0', '0', '0', '0', '', '0', '0', '0000-00-00', '0000-00-00', '', ''),
('8', '3', NULL, '2018-10-22', 'PO003/10/2018', NULL, 'DEF', 'N/A', '21060000', '0', '0', '0', '', '5', '', '', '', '', '', '', '', '', '', '', '', '', '', NULL, NULL, NULL, NULL, '0', '0', '0', '0', '0', '', '0', '0', '0000-00-00', '0000-00-00', '', ''),
('9', '8', NULL, '2018-10-22', 'PO004/10/2018', NULL, 'DEF', 'N/A', '1638000', '0', '0', '0', '', '5', '', '', '', '', '', '', '', '', '', '', '', '', '', NULL, NULL, NULL, NULL, '0', '0', '0', '0', '0', '', '0', '0', '0000-00-00', '0000-00-00', '', ''),
('10', '6', NULL, '2018-10-22', 'auto', NULL, 'DEF', 'N/A', '468000', '0', '0', '0', '', '5', '', '', '', '', '', '', '', '', '', '', '', '', '', NULL, NULL, NULL, NULL, '0', '0', '0', '0', '0', '', '0', '0', '0000-00-00', '0000-00-00', '', ''),
('11', '7', NULL, '2018-10-22', 'auto', NULL, 'DEF', 'N/A', '35100', '0', '0', '0', '', '5', '', '', '', '', '', '', '', '', '', '', '', '', '', NULL, NULL, NULL, NULL, '0', '0', '0', '0', '0', '', '0', '0', '0000-00-00', '0000-00-00', '', ''),
('12', '5', NULL, '2018-10-22', 'PO005/10/2018', NULL, 'DEF', 'N/A', '117000', '0', '0', '0', '', '5', '', '', '', '', '', '', '', '', '', '', '', '', '', NULL, NULL, NULL, NULL, '0', '0', '0', '0', '1', '', '0', '0', '2018-10-22', '2018-10-22', '', ''),
('13', '5', NULL, '2018-10-22', 'PO006/10/2018', NULL, 'DEF', 'N/A', '234000', '0', '0', '0', '', '5', '', '', '', '', '', '', '', '', '', '', '', '', '', NULL, NULL, NULL, NULL, '0', '0', '0', '0', '1', '', '0', '0', '2018-10-22', '2018-10-22', '', ''),
('14', '8', NULL, '2018-10-22', 'PO006/10/2018 12', NULL, 'DEF', 'N/A', '117000', '0', '0', '0', '', '5', '', '', '', '', '', '', '', '', '', '', '', '', '', NULL, NULL, NULL, NULL, '0', '0', '0', '0', '0', '', '0', '0', '0000-00-00', '0000-00-00', '', ''),
('15', '5', NULL, '2018-10-22', 'PO007/10/2018', NULL, 'DEF', 'N/A', '6954', '0', '0', '0', '', '5', '', '', '', '', '', '', '', '', '', '', '', '', '', NULL, NULL, NULL, NULL, '0', '0', '0', '0', '0', '', '0', '0', '0000-00-00', '0000-00-00', '', ''),
('16', '9', NULL, '2018-10-22', 'PO008/10/2018', NULL, 'DEF', 'N/A', '1000', '0', '0', '0', '', '5', '', '', '', '', '', '', '', '', '', '', '', '', '', NULL, NULL, NULL, NULL, '0', '0', '0', '0', '1', '', '0', '0', '2018-10-22', '2018-10-22', '', ''),
('17', '9', NULL, '2018-10-23', 'PO009/10/2018', NULL, 'DEF', 'N/A', '100000', '0', '0', '0', '', '5', '', '', '', '', '', '', '', '', '', '', '', '', '', NULL, NULL, NULL, NULL, '0', '0', '0', '0', '1', '', '0', '0', '2018-10-23', '2018-10-23', '', ''),
('18', '5', NULL, '2018-10-23', 'PO010/10/2018', NULL, 'DEF', 'N/A', '234000', '0', '0', '0', '', '5', '', '', '', '', '', '', '', '', '', '', '', '', '', NULL, NULL, NULL, NULL, '0', '0', '0', '0', '0', '', '0', '0', '0000-00-00', '0000-00-00', '', ''),
('19', '9', NULL, '2018-10-23', 'PO011/10/2018', NULL, 'DEF', 'N/A', '200', '0', '0', '0', '', '5', '', '', '', '', '', '', '', '', '', '', '', '', '', NULL, NULL, NULL, NULL, '0', '0', '0', '0', '1', '', '0', '0', '2018-10-23', '2018-10-23', '', ''),
('20', '9', NULL, '2018-10-23', 'PO012/10/2018', NULL, 'DEF', 'N/A', '200', '0', '0', '0', '', '5', '', '', '', '', '', '', '', '', '', '', '', '', '', NULL, NULL, NULL, NULL, '0', '0', '0', '0', '1', '', '0', '0', '2018-10-23', '2018-10-23', '', ''),
('21', '9', NULL, '2018-10-23', 'PO013/10/2018', NULL, 'DEF', 'N/A', '100', '0', '0', '0', '', '5', '', '', '', '', '', '', '', '', '', '', '', '', '', NULL, NULL, NULL, NULL, '0', '0', '0', '0', '1', '', '0', '0', '0000-00-00', '0000-00-00', '', ''),
('22', '9', NULL, '2018-10-23', 'PO014/10/2018', NULL, 'DEF', 'N/A', '200', '0', '0', '0', '', '5', '', '', '', '', '', '', '', '', '', '', '', '', '', NULL, NULL, NULL, NULL, '0', '0', '0', '0', '1', '', '0', '0', '2018-10-23', '2018-10-23', '', ''),
('23', '3', NULL, '2018-10-23', 'PO015/10/2018', NULL, 'DEF', 'N/A', '549', '0', '0', '0', '', '5', '', '', '', '', '', '', '', '', '', '', '', '', '', NULL, NULL, NULL, NULL, '0', '0', '0', '0', '0', '', '0', '0', '0000-00-00', '0000-00-00', '', ''),
('24', '5', NULL, '2018-10-23', 'auto', '35', 'DEF', 'N/A', '1170', '0', '0', '0', '', '5', '', '', '', '', '', '', '', '', '', '', '', '', '', NULL, NULL, NULL, NULL, '0', '0', '0', '0', '0', '', '0', '0', '0000-00-00', '0000-00-00', '', ''),
('25', '8', NULL, '2018-10-24', 'PO016/10/2018', 'PO016/10/2018', 'DEF', 'N/A', '168480', '0', '0', '0', '', '5', '', '', '', '', '', '', '', '', '', '', '', '', '', NULL, NULL, NULL, NULL, '0', '0', '0', '0', '0', '', '0', '0', '0000-00-00', '0000-00-00', '', ''),
('26', '5', NULL, '2018-10-24', 'auto', 'N020/10/2018', 'DEF', 'N/A', '117000', '0', '0', '0', '', '3', '', '', '', '', '', '', '', '', '', '', '', '', '', NULL, NULL, NULL, NULL, '0', '0', '0', '0', '0', '', '0', '0', '0000-00-00', '0000-00-00', '', ''),
('27', '8', NULL, '2018-10-24', 'PO017/10/2018', 'PO017/10/2018', 'DEF', 'N/A', '107640', '0', '0', '0', '', '5', '', '', '', '', '', '', '', '', '', '', '', '', '', NULL, NULL, NULL, NULL, '0', '0', '0', '0', '0', '', '0', '0', '0000-00-00', '0000-00-00', '', ''),
('28', '5', NULL, '2018-10-24', 'auto', '2546', 'DEF', 'N/A', '0', '0', '0', '0', '', '5', '', '', '', '', '', '', '', '', '', '', '', '', '', NULL, NULL, NULL, NULL, '0', '0', '0', '0', '0', '', '0', '0', '0000-00-00', '0000-00-00', '', ''),
('29', '5', NULL, '2018-10-24', 'auto', '663', 'DEF', 'N/A', '1170', '0', '0', '0', '', '5', '', '', '', '', '', '', '', '', '', '', '', '', '', NULL, NULL, NULL, NULL, '0', '0', '0', '0', '0', '', '0', '0', '0000-00-00', '0000-00-00', '', ''),
('30', '8', NULL, '2018-10-24', 'PO018/10/2018', 'PO018/10/2018', 'DEF', 'N/A', '1989000', '0', '0', '0', '', '5', '', '', '', '', '', '', '', '', '', '', '', '', '', NULL, NULL, NULL, NULL, '0', '0', '0', '0', '0', '', '0', '0', '0000-00-00', '0000-00-00', '', ''),
('31', '6', NULL, '2018-10-24', 'auto', 'PI013/10/2018', 'DEF', 'N/A', '44460', '0', '0', '0', '', '5', '', '', '', '', '', '', '', '', '', '', '', '', '', NULL, NULL, NULL, NULL, '0', '0', '0', '0', '0', '', '0', '0', '0000-00-00', '0000-00-00', '', ''),
('32', '5', NULL, '2018-10-24', 'auto', '5454', 'DEF', 'N/A', '117000', '0', '0', '0', '', '5', '', '', '', '', '', '', '', '', '', '', '', '', '', NULL, NULL, NULL, NULL, '0', '0', '0', '0', '0', '', '0', '0', '0000-00-00', '0000-00-00', '', ''),
('33', '5', NULL, '2018-10-24', 'auto', '45454', 'DEF', 'N/A', '234000', '0', '0', '0', '', '5', '', '', '', '', '', '', '', '', '', '', '', '', '', NULL, NULL, NULL, NULL, '0', '0', '0', '0', '0', '', '0', '0', '0000-00-00', '0000-00-00', '', ''),
('34', '5', NULL, '2018-10-22', 'auto', '434', 'DEF', 'N/A', '117', '0', '0', '0', '', '5', '', '', '', '', '', '', '', '', '', '', '', '', '', NULL, NULL, NULL, NULL, '0', '0', '0', '0', '0', '', '0', '0', '0000-00-00', '0000-00-00', '', ''),
('35', '5', NULL, '2018-10-27', 'auto', 'vb', 'DEF', 'N/A', '1170', '0', '0', '0', 'vc', '5', '', '', '', '', '', '', '', '', '', '', '', '', '', NULL, NULL, NULL, NULL, '0', '0', '0', '0', '0', '', '0', '0', '0000-00-00', '0000-00-00', '', ''),
('36', '5', NULL, '2018-10-27', 'auto', '5345', 'DEF', 'N/A', '1170', '0', '0', '0', '', '5', '', '', '', '', '', '', '', '', '', '', '', '', '', NULL, NULL, NULL, NULL, '0', '0', '0', '0', '0', '', '0', '0', '0000-00-00', '0000-00-00', '', ''),
('37', '5', NULL, '2018-10-27', 'auto', 'sdfsdf', 'DEF', 'N/A', '1170', '0', '0', '0', '', '5', '', '', '', '', '', '', '', '', '', '', '', '', '', NULL, NULL, NULL, NULL, '0', '0', '0', '0', '0', '', '0', '0', '0000-00-00', '0000-00-00', '', ''),
('38', '5', NULL, '2018-10-27', 'auto', '321', 'DEF', 'N/A', '1170', '0', '0', '0', '5465', '5', '', '', '', '', '', '', '', '', '', '', '', '', '', NULL, NULL, NULL, NULL, '0', '0', '0', '0', '0', '', '0', '0', '0000-00-00', '0000-00-00', '', ''),
('39', '5', NULL, '2018-10-27', 'auto', '4564', 'DEF', 'N/A', '585', '0', '0', '0', '', '5', '', '', '', '', '', '', '', '', '', '', '', '', '', NULL, NULL, NULL, NULL, '0', '0', '0', '0', '0', '', '0', '0', '0000-00-00', '0000-00-00', '', ''),
('40', '5', NULL, '2018-10-27', 'auto', '32321321', 'DEF', 'N/A', '1170', '0', '0', '0', '', '5', '', '', '', '', '', '', '', '', '', '', '', '', '', NULL, NULL, NULL, NULL, '0', '0', '0', '0', '0', '', '0', '0', '0000-00-00', '0000-00-00', '', ''),
('41', '5', NULL, '2018-10-29', 'auto', '5667', 'DEF', 'N/A', '23400', '0', '0', '0', '', '5', '', '', '', '', '', '', '', '', '', '', '', '', '', NULL, NULL, NULL, NULL, '0', '0', '0', '0', '0', '', '0', '0', '0000-00-00', '0000-00-00', '', ''),
('42', '5', NULL, '2018-10-29', 'auto', '65765', 'DEF', 'N/A', '2340000', '0', '0', '0', '', '5', '', '', '', '', '', '', '', '', '', '', '', '', '', NULL, NULL, NULL, NULL, '0', '0', '0', '0', '0', '', '0', '0', '0000-00-00', '0000-00-00', '', ''),
('43', '9', NULL, '2018-10-29', 'PO019/10/2018', NULL, 'DEF', 'N/A', '850', '0', '0', '0', '', '5', '', '', '', '', '', '', '', '', '', '', '', '', '', NULL, NULL, NULL, NULL, '0', '0', '0', '0', '1', '', '0', '0', '2018-10-29', '2018-10-29', '', ''),
('44', '5', NULL, '2018-10-29', 'auto', NULL, 'DEF', 'N/A', '11700', '0', '0', '0', '', '5', '', '', '', '', '', '', '', '', '', '', '', '', '', NULL, NULL, NULL, NULL, '0', '0', '0', '0', '0', '', '0', '0', '0000-00-00', '0000-00-00', '', ''),
('45', '9', NULL, '2018-10-30', 'PO020/10/2018', NULL, 'DEF', 'N/A', '8500', '0', '0', '0', '', '5', '', '', '', '', '', '', '', '', '', '', '', '', '', NULL, NULL, NULL, NULL, '0', '0', '0', '0', '0', '', '100', '100', '0000-00-00', '0000-00-00', '', ''),
('46', '11', NULL, '2018-10-27', 'auto', NULL, 'DEF', 'N/A', '0', '0', '0', '0', '', '5', '', '', '', '', '', '', '', '', '', '', '', '', '', NULL, NULL, NULL, NULL, '0', '0', '0', '0', '0', '', '0', '0', '0000-00-00', '0000-00-00', '', ''),
('47', '11', NULL, '2018-10-27', 'auto', NULL, 'DEF', 'N/A', '2500', '0', '0', '0', '', '5', '', '', '', '', '', '', '', '', '', '', '', '', '', NULL, NULL, NULL, NULL, '0', '0', '0', '0', '0', '', '0', '0', '0000-00-00', '0000-00-00', '', ''),
('48', '9', NULL, '2018-10-30', 'PO021/10/2018', NULL, 'DEF', 'N/A', '50000', '0', '0', '0', '', '5', '', '', '', '', '', '', '', '', '', '', '', '', '', NULL, NULL, NULL, NULL, '0', '0', '0', '0', '1', '', '0', '0', '2018-10-30', '2018-10-30', '', ''),
('49', '11', NULL, '2018-10-25', 'auto', NULL, 'DEF', 'N/A', '67200', '0', '0', '0', '', '5', '', '', '', '', '', '', '', '', '', '', '', '', '', NULL, NULL, NULL, NULL, '0', '0', '0', '0', '0', '', '0', '0', '0000-00-00', '0000-00-00', '', ''),
('50', '5', NULL, '2018-11-01', 'auto', '121221', 'DEF', 'N/A', '1220', '0', '0', '0', '', '5', '', '', '', '', '', '', '', '', '', '', '', '', '', NULL, NULL, NULL, NULL, '0', '0', '0', '0', '0', '', '0', '0', '0000-00-00', '0000-00-00', '', ''),
('51', '5', NULL, '2018-11-02', 'auto', NULL, 'DEF', 'N/A', '122000', '0', '0', '0', '', '5', '', '', '', '', '', '', '', '', '', '', '', '', '', NULL, NULL, NULL, NULL, '0', '0', '0', '0', '0', '', '0', '0', '0000-00-00', '0000-00-00', '', ''),
('52', '5', NULL, '2018-11-02', 'auto', NULL, 'DEF', 'N/A', '610000', '0', '0', '0', '', '5', '', '', '', '', '', '', '', '', '', '', '', '', '', NULL, NULL, NULL, NULL, '0', '0', '0', '0', '0', '', '0', '0', '0000-00-00', '0000-00-00', '', ''),
('53', '5', NULL, '2018-11-02', 'auto', NULL, 'DEF', 'N/A', '366', '0', '0', '0', '', '5', '', '', '', '', '', '', '', '', '', '', '', '', '', NULL, NULL, NULL, NULL, '0', '0', '0', '0', '0', '', '0', '0', '0000-00-00', '0000-00-00', '', ''),
('54', '11', NULL, '2018-10-22', 'PO022/10/2018', NULL, 'DEF', 'N/A', '1200', '0', '0', '0', 'PO022/10/2018', '5', '', '', '', '', '', '', '', '', '', '', '', '', '', NULL, NULL, NULL, NULL, '0', '0', '0', '0', '0', '', '0', '0', '0000-00-00', '0000-00-00', '', ''),
('55', '4', NULL, '2018-11-03', 'PO001/11/2018', NULL, 'DEF', 'N/A', '183', '0', '183', '0', '', '5', '', '', '', '', '', '', '', '', '', '', '', '', '', NULL, NULL, NULL, NULL, '0', '0', '0', '0', '0', '', '0', '0', '0000-00-00', '0000-00-00', '', ''),
('56', '6', NULL, '2018-11-03', 'PO002/11/2018', NULL, 'DEF', 'N/A', '244', '0', '0', '0', '', '5', '', '', '', '', '', '', '', '', '', '', '', '', '', NULL, NULL, NULL, NULL, '0', '0', '0', '0', '0', '', '0', '0', '0000-00-00', '0000-00-00', '', ''),
('57', '5', NULL, '2018-11-06', 'PO003/11/2018', NULL, 'DEF', 'N/A', '36600', '0', '0', '0', '321', '5', '', '', '', '', '', '', '', '', '', '', '', '', '', NULL, NULL, NULL, NULL, '0', '0', '1', '0', '1', '', '0', '0', '2018-11-06', '2018-11-06', '', ''),
('58', '14', NULL, '2018-11-06', 'PO004/11/2018', NULL, 'DEF', 'N/A', '7499.7', '0', '0', '0', '', '5', '', '', '', '', '', '', '', '', '', '', '', '', '', NULL, NULL, NULL, NULL, '0', '0', '0', '0', '0', '', '0', '0', '0000-00-00', '0000-00-00', '', ''),
('59', '14', NULL, '2018-11-06', 'PO005/11/2018', NULL, 'DEF', 'N/A', '7499.7', '0', '0', '0', '', '5', '', '', '', '', '', '', '', '', '', '', '', '', '', NULL, NULL, NULL, NULL, '0', '0', '0', '0', '0', '', '0', '0', '0000-00-00', '0000-00-00', '', ''),
('60', '4', NULL, '2018-11-07', 'PO006/11/2018', NULL, 'DEF', 'N/A', '2745000', '0', '0', '0', '', '5', '', '', '', '', '', '', '', '', '', '', '', '', '', NULL, NULL, NULL, NULL, '0', '0', '0', '0', '0', '', '0', '0', '0000-00-00', '0000-00-00', '', ''),
('61', '11', NULL, '2018-11-07', 'PO007/11/2018', NULL, 'DEF', 'N/A', '1200', '0', '0', '0', '', '5', '', '', '', '', '', '', '', '', '', '', '', '', '', NULL, NULL, NULL, NULL, '0', '0', '0', '0', '0', '', '0', '0', '0000-00-00', '0000-00-00', '', ''),
('62', '9', NULL, '2018-11-07', 'PO008/11/2018', NULL, 'DEF', 'N/A', '55000', '0', '0', '0', '', '5', '', '', '', '', '', '', '', '', '', '', '', '', '', NULL, NULL, NULL, NULL, '0', '0', '0', '0', '1', '', '0', '0', '2018-11-07', '2018-11-07', '', ''),
('63', '13', NULL, '2018-11-07', 'PO009/11/2018', NULL, 'DEF', 'N/A', '234000', '0', '0', '0', '123454', '5', '', '', '', '', '', '', '', '', '', '', '', '', '', NULL, NULL, NULL, NULL, '0', '0', '0', '0', '0', '', '0', '0', '0000-00-00', '0000-00-00', '', ''),
('64', '7', NULL, '2018-11-08', 'PO010/11/2018', NULL, 'DEF', 'N/A', '18300', '0', '0', '0', '', '5', '', '', '', '', '', '', '', '', '', '', '', '', '', NULL, NULL, NULL, NULL, '0', '0', '0', '0', '0', '', '0', '0', '0000-00-00', '0000-00-00', '', ''),
('65', '5', NULL, '2018-11-08', 'PO011/11/2018', NULL, 'DEF', 'address', '10000', '0', '0', '0', '3', '0', '', '', '', '', '', '', '', '', '', '', '', '', '', NULL, '5', NULL, NULL, '0', '0', '0', '0', '0', '', '0', '0', '0000-00-00', '0000-00-00', '', ''),
('66', '1', 'Opening Balance', '0020-00-08', 'auto', 'Test Supplier', 'DEF', '', '0', '0', '0', '0', '', '5', '', '', '', '', '', '', '', '', '', '', '', '', '', NULL, NULL, NULL, NULL, '0', '0', '0', '0', '0', '', '0', '0', '0000-00-00', '0000-00-00', '', ''),
('67', '2', 'Opening Balance', '0020-00-08', 'auto', 'SAFA PACKEGES ', 'DEF', '', '0', '0', '0', '0', '', '5', '', '', '', '', '', '', '', '', '', '', '', '', '', NULL, NULL, NULL, NULL, '0', '0', '0', '0', '0', '', '0', '0', '0000-00-00', '0000-00-00', '', ''),
('68', '3', 'Opening Balance', '0020-00-08', 'auto', 'PURE WATER PRIVATE  LTD ', 'DEF', '', '0', '0', '0', '0', '', '5', '', '', '', '', '', '', '', '', '', '', '', '', '', NULL, NULL, NULL, NULL, '0', '0', '0', '0', '0', '', '0', '0', '0000-00-00', '0000-00-00', '', ''),
('69', '4', 'Opening Balance', '0020-00-08', 'auto', 'USMAN COMPUTER ', 'DEF', '', '0', '0', '0', '0', '', '5', '', '', '', '', '', '', '', '', '', '', '', '', '', NULL, NULL, NULL, NULL, '0', '0', '0', '0', '0', '', '0', '0', '0000-00-00', '0000-00-00', '', ''),
('70', '5', 'Opening Balance', '0020-00-08', 'auto', 'ALI  SUPER STORE ', 'DEF', '', '0', '0', '0', '0', '', '5', '', '', '', '', '', '', '', '', '', '', '', '', '', NULL, NULL, NULL, NULL, '0', '0', '0', '0', '0', '', '0', '0', '0000-00-00', '0000-00-00', '', ''),
('71', '6', 'Opening Balance', '0020-00-08', 'auto', 'TRANSWORLD PVT LTD ', 'DEF', '', '0', '0', '0', '0', '', '5', '', '', '', '', '', '', '', '', '', '', '', '', '', NULL, NULL, NULL, NULL, '0', '0', '0', '0', '0', '', '0', '0', '0000-00-00', '0000-00-00', '', ''),
('72', '7', 'Opening Balance', '0020-00-08', 'auto', 'NATURE WATER PVT LTD', 'DEF', '', '0', '0', '0', '0', '', '5', '', '', '', '', '', '', '', '', '', '', '', '', '', NULL, NULL, NULL, NULL, '0', '0', '0', '0', '0', '', '0', '0', '0000-00-00', '0000-00-00', '', ''),
('73', '8', 'Opening Balance', '0020-00-08', 'auto', 'NADIR ONE TRADERS ', 'DEF', '', '0', '0', '0', '0', '', '5', '', '', '', '', '', '', '', '', '', '', '', '', '', NULL, NULL, NULL, NULL, '0', '0', '0', '0', '0', '', '0', '0', '0000-00-00', '0000-00-00', '', ''),
('74', '9', 'Opening Balance', '0020-00-08', 'auto', 'Import Supplier', 'DEF', '', '0', '0', '0', '0', '', '5', '', '', '', '', '', '', '', '', '', '', '', '', '', NULL, NULL, NULL, NULL, '0', '0', '0', '0', '0', '', '0', '0', '0000-00-00', '0000-00-00', '', ''),
('75', '10', 'Opening Balance', '0020-00-08', 'auto', 'Berger Paints Pakistan Ltd.', 'DEF', '', '0', '0', '0', '0', '', '5', '', '', '', '', '', '', '', '', '', '', '', '', '', NULL, NULL, NULL, NULL, '0', '0', '0', '0', '0', '', '0', '0', '0000-00-00', '0000-00-00', '', ''),
('76', '11', 'Opening Balance', '0020-00-08', 'auto', 'Fraz Gas Traders', 'DEF', '', '0', '0', '0', '0', '', '5', '', '', '', '', '', '', '', '', '', '', '', '', '', NULL, NULL, NULL, NULL, '0', '0', '0', '0', '0', '', '0', '0', '0000-00-00', '0000-00-00', '', ''),
('77', '12', 'Opening Balance', '0020-00-08', 'auto', 'test2', 'DEF', '', '0', '0', '0', '0', '', '5', '', '', '', '', '', '', '', '', '', '', '', '', '', NULL, NULL, NULL, NULL, '0', '0', '0', '0', '0', '', '0', '0', '0000-00-00', '0000-00-00', '', ''),
('78', '13', 'Opening Balance', '0020-00-08', 'auto', 'Crescent Corp', 'DEF', '', '0', '0', '0', '0', '', '5', '', '', '', '', '', '', '', '', '', '', '', '', '', NULL, NULL, NULL, NULL, '0', '0', '0', '0', '0', '', '0', '0', '0000-00-00', '0000-00-00', '', ''),
('79', '14', 'Opening Balance', '0020-00-08', 'auto', 'Burhani Engineering', 'DEF', '', '0', '0', '0', '0', '', '5', '', '', '', '', '', '', '', '', '', '', '', '', '', NULL, NULL, NULL, NULL, '0', '0', '0', '0', '0', '', '0', '0', '0000-00-00', '0000-00-00', '', ''),
('80', '15', 'Opening Balance', '0020-00-08', 'auto', 'w shark', 'DEF', '', '0', '0', '0', '0', '', '5', '', '', '', '', '', '', '', '', '', '', '', '', '', NULL, NULL, NULL, NULL, '0', '0', '0', '0', '0', '', '0', '0', '0000-00-00', '0000-00-00', '', ''),
('81', '5', NULL, '2018-11-08', 'PO012/11/2018', NULL, 'DEF', 'N/A', '4304.16', '0', '0', '0', '', '5', '', '', '', '', '', '', '', '', '', '', '', '', '', NULL, NULL, NULL, NULL, '0', '0', '0', '0', '0', '', '0', '0', '0000-00-00', '0000-00-00', '', ''),
('82', '9', NULL, '2018-11-08', 'PO013/11/2018', NULL, 'DEF', 'N/A', '2475', '0', '0', '0', '', '5', '', '', '', '', '', '', '', '', '', '', '', '', '', NULL, NULL, NULL, NULL, '0', '0', '0', '0', '0', '', '25', '0', '0000-00-00', '0000-00-00', '', ''),
('83', '13', NULL, '2018-11-09', 'PO014/11/2018', NULL, 'DEF', 'N/A', '5791.5', '0', '0', '0', '', '5', '', '', '', '', '', '', '', '', '', '', '', '', '', NULL, NULL, NULL, NULL, '0', '0', '0', '0', '0', '', '0', '0', '0000-00-00', '0000-00-00', '', ''),
('84', '9', NULL, '2018-11-09', 'auto', NULL, 'DEF', 'N/A', '25000000', '0', '0', '0', '', '5', '', '', '', '', '', '', '', '', '', '', '', '', '', NULL, NULL, NULL, NULL, '0', '0', '0', '0', '1', '', '0', '0', '2018-11-09', '2018-11-09', '', ''),
('85', '6', NULL, '2018-11-14', 'PO015/11/2018', NULL, 'DEF', 'N/A', '3050', '0', '0', '0', '', '5', '', '', '', '', '', '', '', '', '', '', '', '', '', NULL, NULL, NULL, NULL, '0', '0', '0', '0', '1', '', '0', '0', '2018-11-14', '2018-11-14', '', ''),
('86', '5', NULL, '2018-11-16', 'PO016/11/2018', NULL, 'DEF', 'N/A', '1037', '0', '0', '0', '', '5', '', '', '', '', '', '', '', '', '', '', '', '', '', NULL, NULL, NULL, NULL, '0', '0', '0', '0', '1', '', '0', '0', '2018-11-16', '2018-11-16', '', ''),
('87', '15', NULL, '2018-11-16', 'PO017/11/2018', NULL, 'DEF', 'N/A', '5850', '0', '0', '0', '', '5', '', '', '', '', '', '', '', '', '', '', '', '', '', NULL, NULL, NULL, NULL, '0', '0', '1', '0', '0', '', '0', '0', '0000-00-00', '0000-00-00', '', ''),
('88', '4', NULL, '2018-11-17', 'PO018/11/2018', '222', 'DEF', 'N/A', '762500', '0', '0', '0', '', '5', '', '', '', '', '', '', '', '', '', '', '', '', '', NULL, NULL, NULL, NULL, '0', '0', '1', '0', '1', '', '0', '0', '2018-11-17', '2018-11-17', '', ''),
('89', '18', NULL, '2018-11-20', 'PO019/11/2018', NULL, 'DEF', 'N/A', '550000', '0', '0', '0', '', '5', '', '', '', '', '', '', '', '', '', '', '', '', '', NULL, NULL, NULL, NULL, '0', '0', '0', '0', '1', '', '0', '0', '2018-11-20', '2018-11-20', '', ''),
('90', '5', NULL, '2018-11-20', 'PO020/11/2018', NULL, 'DEF', 'N/A', '21350', '0', '0', '0', '', '5', '', '', '', '', '', '', '', '', '', '', '', '', '', NULL, NULL, NULL, NULL, '0', '0', '0', '0', '0', '', '0', '0', '0000-00-00', '0000-00-00', '', ''),
('91', '18', NULL, '2018-11-20', 'PO021/11/2018', NULL, 'DEF', 'N/A', '8750', '0', '0', '0', '', '5', '', '', '', '', '', '', '', '', '', '', '', '', '', NULL, NULL, NULL, NULL, '0', '0', '0', '0', '1', '', '0', '0', '2018-11-20', '2018-11-20', '', ''),
('92', '18', NULL, '2018-11-20', 'PO022/11/2018', NULL, 'DEF', 'N/A', '8750', '0', '0', '0', '', '5', '', '', '', '', '', '', '', '', '', '', '', '', '', NULL, NULL, NULL, NULL, '0', '0', '0', '0', '0', '', '0', '0', '0000-00-00', '0000-00-00', '', ''),
('93', '18', NULL, '2018-11-20', 'PO023/11/2018', NULL, 'DEF', 'N/A', '8750', '0', '0', '0', '', '5', '', '', '', '', '', '', '', '', '', '', '', '', '', NULL, NULL, NULL, NULL, '0', '0', '0', '0', '0', '', '0', '0', '0000-00-00', '0000-00-00', '', ''),
('94', '18', NULL, '2018-11-20', 'auto', NULL, 'DEF', 'N/A', '8000', '0', '0', '0', '', '5', '', '', '', '', '', '', '', '', '', '', '', '', '', NULL, NULL, NULL, NULL, '0', '0', '0', '0', '0', '', '0', '0', '0000-00-00', '0000-00-00', '', ''),
('95', '18', NULL, '2018-11-20', 'auto', NULL, 'DEF', 'N/A', '12000', '0', '0', '0', '', '4', '', '', '', '', '', '', '', '', '', '', '', '', '', NULL, NULL, NULL, NULL, '0', '0', '0', '0', '0', '', '0', '0', '0000-00-00', '0000-00-00', '', ''),
('96', '18', NULL, '2018-11-20', 'auto', NULL, 'DEF', 'N/A', '20000', '0', '0', '0', '', '4', '', '', '', '', '', '', '', '', '', '', '', '', '', NULL, NULL, NULL, NULL, '0', '0', '0', '0', '0', '', '0', '0', '0000-00-00', '0000-00-00', '', ''),
('97', '18', NULL, '2018-11-20', 'auto', NULL, 'DEF', 'N/A', '16000', '0', '0', '0', '', '4', '', '', '', '', '', '', '', '', '', '', '', '', '', NULL, NULL, NULL, NULL, '0', '0', '0', '0', '0', '', '0', '0', '0000-00-00', '0000-00-00', '', ''),
('98', '18', NULL, '2018-11-20', 'auto', NULL, 'DEF', 'N/A', '9000', '0', '0', '0', '', '4', '', '', '', '', '', '', '', '', '', '', '', '', '', NULL, NULL, NULL, NULL, '0', '0', '0', '0', '0', '', '0', '0', '0000-00-00', '0000-00-00', '', '');

### Structure of table `0_purch_pref` ###

DROP TABLE IF EXISTS `0_purch_pref`;

CREATE TABLE `0_purch_pref` (
  `name` varchar(20) NOT NULL,
  `label_value` varchar(30) NOT NULL,
  `po_enable` tinyint(1) NOT NULL,
  `grn_enable` tinyint(1) NOT NULL,
  PRIMARY KEY (`name`)
) ENGINE=InnoDB DEFAULT CHARSET=latin1 ;

### Data of table `0_purch_pref` ###

INSERT INTO `0_purch_pref` VALUES
('cart1', '', '0', '0'),
('cart2', '', '0', '0'),
('cart3', '', '0', '0'),
('cart4', '', '0', '0'),
('cart5', 'Header 5', '0', '0'),
('cart6', 'Header 6', '0', '0'),
('footer_long_text1', 'Header Combo Label 3', '0', '0'),
('footer_long_text2', '', '0', '0'),
('header_combo1', '', '0', '0'),
('header_combo2', '', '0', '0'),
('header_combo3', 'Header Combo Label 3', '1', '0'),
('header_long_text', '', '0', '0'),
('header_text1', 'Label text 1', '0', '0'),
('header_text2', ' Text Label 2', '0', '0'),
('header_text3', 'Label text 3', '0', '0'),
('h_combo1', 'h1', '0', '1'),
('h_combo2', 'h2', '0', '1'),
('h_combo3', 'h3', '0', '1'),
('total_headers', 'h1', '0', '0'),
('total_headers2', 'f', '0', '0');

### Structure of table `0_purchase_email` ###

DROP TABLE IF EXISTS `0_purchase_email`;

CREATE TABLE `0_purchase_email` (
  `id` int(11) NOT NULL AUTO_INCREMENT,
  `description` varchar(60) COLLATE utf8_unicode_ci NOT NULL DEFAULT '',
  `inactive` tinyint(1) NOT NULL DEFAULT '0',
  PRIMARY KEY (`id`),
  UNIQUE KEY `description` (`description`)
) ENGINE=InnoDB DEFAULT CHARSET=utf8 COLLATE=utf8_unicode_ci ;

### Data of table `0_purchase_email` ###


### Structure of table `0_query` ###

DROP TABLE IF EXISTS `0_query`;

CREATE TABLE `0_query` (
  `id` int(11) NOT NULL AUTO_INCREMENT,
  `date` date NOT NULL DEFAULT '0000-00-00',
  `name` varchar(100) NOT NULL,
  `business_name` varchar(100) NOT NULL,
  `care_of` varchar(100) NOT NULL,
  `status` int(11) DEFAULT '0',
  `source_status` int(11) NOT NULL DEFAULT '0',
  `phone1` varchar(100) DEFAULT NULL,
  `phone2` varchar(100) DEFAULT NULL,
  `mobile` varchar(100) NOT NULL,
  `email` varchar(100) NOT NULL,
  `package` varchar(100) NOT NULL,
  `package_final` varchar(100) NOT NULL,
  `address` longtext NOT NULL,
  `remarks` longtext NOT NULL,
  `price` double NOT NULL,
  `user` int(11) NOT NULL,
  `stock_id` varchar(20) NOT NULL,
  PRIMARY KEY (`id`)
) ENGINE=InnoDB DEFAULT CHARSET=latin1 ;

### Data of table `0_query` ###


### Structure of table `0_query_status` ###

DROP TABLE IF EXISTS `0_query_status`;

CREATE TABLE `0_query_status` (
  `id` int(11) NOT NULL AUTO_INCREMENT,
  `status` varchar(55) NOT NULL,
  `inactive` tinytext NOT NULL,
  PRIMARY KEY (`id`)
) ENGINE=InnoDB AUTO_INCREMENT=5 DEFAULT CHARSET=latin1 ;

### Data of table `0_query_status` ###

INSERT INTO `0_query_status` VALUES
('1', 'Active', ''),
('2', 'Purchase Elsewhere', ''),
('3', 'Not Active', ''),
('4', 'Done', '');

### Structure of table `0_quick_entries` ###

DROP TABLE IF EXISTS `0_quick_entries`;

CREATE TABLE `0_quick_entries` (
  `id` smallint(6) unsigned NOT NULL AUTO_INCREMENT,
  `type` tinyint(1) NOT NULL DEFAULT '0',
  `description` varchar(60) COLLATE utf8_unicode_ci NOT NULL,
  `usage` varchar(120) COLLATE utf8_unicode_ci DEFAULT NULL,
  `base_amount` double NOT NULL DEFAULT '0',
  `base_desc` varchar(60) COLLATE utf8_unicode_ci DEFAULT NULL,
  `bal_type` tinyint(1) NOT NULL DEFAULT '0',
  PRIMARY KEY (`id`),
  KEY `description` (`description`)
) ENGINE=InnoDB AUTO_INCREMENT=4 DEFAULT CHARSET=utf8 COLLATE=utf8_unicode_ci ;

### Data of table `0_quick_entries` ###

INSERT INTO `0_quick_entries` VALUES
('1', '1', 'Maintenance', NULL, '0', 'Amount', '0'),
('2', '4', 'Phone', NULL, '0', 'Amount', '0'),
('3', '2', 'Cash Sales', 'Retail sales without invoice', '0', 'Amount', '0');

### Structure of table `0_quick_entry_lines` ###

DROP TABLE IF EXISTS `0_quick_entry_lines`;

CREATE TABLE `0_quick_entry_lines` (
  `id` smallint(6) unsigned NOT NULL AUTO_INCREMENT,
  `qid` smallint(6) unsigned NOT NULL,
  `amount` double DEFAULT '0',
  `memo` tinytext COLLATE utf8_unicode_ci NOT NULL,
  `action` varchar(2) COLLATE utf8_unicode_ci NOT NULL,
  `dest_id` varchar(15) COLLATE utf8_unicode_ci NOT NULL DEFAULT '',
  `dimension_id` smallint(6) unsigned DEFAULT NULL,
  `dimension2_id` smallint(6) unsigned DEFAULT NULL,
  PRIMARY KEY (`id`),
  KEY `qid` (`qid`)
) ENGINE=InnoDB AUTO_INCREMENT=7 DEFAULT CHARSET=utf8 COLLATE=utf8_unicode_ci ;

### Data of table `0_quick_entry_lines` ###

INSERT INTO `0_quick_entry_lines` VALUES
('1', '1', '0', '', 't-', '1', '0', '0'),
('2', '2', '0', '', 't-', '1', '0', '0'),
('3', '3', '0', '', 't-', '1', '0', '0'),
('4', '3', '0', '', '=', '4010', '0', '0'),
('5', '1', '0', '', '=', '5765', '0', '0'),
('6', '2', '0', '', '=', '5780', '0', '0');

### Structure of table `0_recurrent_invoices` ###

DROP TABLE IF EXISTS `0_recurrent_invoices`;

CREATE TABLE `0_recurrent_invoices` (
  `id` smallint(6) unsigned NOT NULL AUTO_INCREMENT,
  `description` varchar(60) COLLATE utf8_unicode_ci NOT NULL DEFAULT '',
  `order_no` int(11) unsigned NOT NULL,
  `debtor_no` int(11) unsigned DEFAULT NULL,
  `group_no` smallint(6) unsigned DEFAULT NULL,
  `days` int(11) NOT NULL DEFAULT '0',
  `monthly` int(11) NOT NULL DEFAULT '0',
  `begin` date NOT NULL DEFAULT '0000-00-00',
  `end` date NOT NULL DEFAULT '0000-00-00',
  `last_sent` date NOT NULL DEFAULT '0000-00-00',
  PRIMARY KEY (`id`),
  UNIQUE KEY `description` (`description`)
) ENGINE=InnoDB DEFAULT CHARSET=utf8 COLLATE=utf8_unicode_ci ;

### Data of table `0_recurrent_invoices` ###


### Structure of table `0_reflines` ###

DROP TABLE IF EXISTS `0_reflines`;

CREATE TABLE `0_reflines` (
  `id` int(11) NOT NULL AUTO_INCREMENT,
  `trans_type` int(11) NOT NULL,
  `prefix` char(5) COLLATE utf8_unicode_ci NOT NULL DEFAULT '',
  `pattern` varchar(35) COLLATE utf8_unicode_ci NOT NULL DEFAULT '1',
  `description` varchar(60) COLLATE utf8_unicode_ci NOT NULL DEFAULT '',
  `default` tinyint(1) NOT NULL DEFAULT '0',
  `inactive` tinyint(1) NOT NULL DEFAULT '0',
  PRIMARY KEY (`id`),
  UNIQUE KEY `prefix` (`trans_type`,`prefix`)
) ENGINE=InnoDB AUTO_INCREMENT=31 DEFAULT CHARSET=utf8 COLLATE=utf8_unicode_ci ;

### Data of table `0_reflines` ###

INSERT INTO `0_reflines` VALUES
('1', '0', 'JV', '{001}/{MM}/{YYYY}', '70123', '1', '0'),
('2', '1', 'BPV', '{001}/{MM}/{YYYY}', '70120', '1', '0'),
('3', '2', 'BRV', '{001}/{MM}/{YYYY}', '70120', '1', '0'),
('4', '4', 'FT', '{001}/{MM}/{YYYY}', '7013', '1', '0'),
('5', '10', 'SI', '{001}/{MM}/{YYYY}', '107', '1', '0'),
('6', '11', 'CCN', '{001}/{MM}/{YYYY}', '113', '1', '0'),
('7', '12', 'CP', '{001}/{MM}/{YYYY}', '70120', '1', '0'),
('8', '13', 'DN', '{001}/{MM}/{YYYY}', '110', '1', '0'),
('9', '16', 'LT', '{001}/{MM}/{YYYY}', '', '1', '0'),
('10', '17', 'IA', '{001}/{MM}/{YYYY}', '', '1', '0'),
('11', '18', 'PO', '{001}/{MM}/{YYYY}', '209', '1', '0'),
('12', '20', 'PI', '{001}/{MM}/{YYYY}', '', '1', '0'),
('13', '21', 'SCN', '{001}/{MM}/{YYYY}', '', '1', '0'),
('14', '22', 'SP', '{001}/{MM}/{YYYY}', '70120', '1', '0'),
('15', '25', 'GRN', '{001}/{MM}/{YYYY}', '', '1', '0'),
('16', '26', 'WO', '{001}/{MM}/{YYYY}', '409', '1', '0'),
('17', '28', 'WOI', '{001}/{MM}/{YYYY}', '', '1', '0'),
('18', '29', 'WOP', '{001}/{MM}/{YYYY}', '', '1', '0'),
('19', '30', 'SO', '{001}/{MM}/{YYYY}', '109', '1', '0'),
('20', '32', 'SQ', '{001}/{MM}/{YYYY}', '111', '1', '0'),
('21', '35', 'CU', '{001}/{MM}/{YYYY}', '', '1', '0'),
('22', '40', 'CC', '{001}', '', '1', '0'),
('23', '41', 'CPV', '{001}/{MM}/{YYYY}', '70120', '1', '0'),
('24', '42', 'CRV', '{001}/{MM}/{YYYY}', '70120', '1', '0'),
('25', '43', '', '{001}/{YYYY}', '', '1', '0'),
('26', '10', 'GST', '{001}/{MM}/{YYYY}', '107', '0', '0'),
('27', '32', 'GST', '{001}/{MM}/{YYYY}', '111', '0', '0'),
('28', '45', 'FA', '{001}/{MM}/{YYYY}', '', '1', '0'),
('29', '46', 'BT', '{001}/{MM}/{YYYY}', '', '1', '0'),
('30', '1103', '', '{001}', '', '1', '0');

### Structure of table `0_refs` ###

DROP TABLE IF EXISTS `0_refs`;

CREATE TABLE `0_refs` (
  `id` int(11) NOT NULL DEFAULT '0',
  `type` int(11) NOT NULL DEFAULT '0',
  `reference` varchar(100) COLLATE utf8_unicode_ci NOT NULL DEFAULT '',
  PRIMARY KEY (`id`,`type`),
  KEY `Type_and_Reference` (`type`,`reference`)
) ENGINE=InnoDB DEFAULT CHARSET=utf8 COLLATE=utf8_unicode_ci ;

### Data of table `0_refs` ###

INSERT INTO `0_refs` VALUES
('6', '0', 'JV001/06/2019'),
('25', '0', 'JV001/07/2018'),
('1', '0', 'JV001/10/2018'),
('12', '0', 'JV001/11/2018'),
('2', '0', 'JV002/10/2018'),
('13', '0', 'JV002/11/2018'),
('14', '0', 'JV002/11/2018'),
('3', '0', 'JV003/10/2018'),
('8', '0', 'JV003/10/2018'),
('15', '0', 'JV003/11/2018'),
('4', '0', 'JV004/10/2018'),
('16', '0', 'JV004/11/2018'),
('5', '0', 'JV005/10/2018'),
('17', '0', 'JV005/11/2018'),
('7', '0', 'JV006/10/2018'),
('18', '0', 'JV006/11/2018'),
('9', '0', 'JV007/10/2018'),
('19', '0', 'JV007/11/2018'),
('10', '0', 'JV008/10/2018'),
('20', '0', 'JV008/11/2018'),
('11', '0', 'JV009/10/2018'),
('21', '0', 'JV009/11/2018'),
('22', '0', 'JV010/11/2018'),
('23', '0', 'JV011/11/2018'),
('24', '0', 'JV012/11/2018'),
('1', '1', 'BPV001/10/2018'),
('13', '1', 'BPV001/11/2018'),
('2', '1', 'BPV002/10/2018'),
('14', '1', 'BPV002/11/2018'),
('3', '1', 'BPV003/10/2018'),
('4', '1', 'BPV004/10/2018'),
('5', '1', 'BPV005/10/2018'),
('6', '1', 'BPV006/10/2018'),
('7', '1', 'BPV007/10/2018'),
('8', '1', 'BPV008/10/2018'),
('9', '1', 'BPV009/10/2018'),
('10', '1', 'BPV010/10/2018'),
('11', '1', 'BPV011/10/2018'),
('12', '1', 'BPV012/10/2018'),
('1', '2', 'BRV001/11/2018'),
('1', '4', 'FT001/10/2018'),
('4', '4', 'FT001/11/2018'),
('2', '4', 'FT002/10/2018'),
('3', '4', 'FT003/10/2018'),
('9', '10', 'GST001/10/2018'),
('34', '10', 'GST001/11/2018'),
('37', '10', 'GST002/11/2018'),
('1', '10', 'SI001/10/2018'),
('27', '10', 'SI001/11/2018'),
('2', '10', 'SI002/10/2018'),
('28', '10', 'SI002/11/2018'),
('3', '10', 'SI003/10/2018'),
('29', '10', 'SI003/11/2018'),
('4', '10', 'SI004/10/2018'),
('30', '10', 'SI004/11/2018'),
('5', '10', 'SI005/10/2018'),
('31', '10', 'SI005/11/2018'),
('6', '10', 'SI006/10/2018'),
('32', '10', 'SI006/11/2018'),
('7', '10', 'SI007/10/2018'),
('33', '10', 'SI007/11/2018'),
('8', '10', 'SI008/10/2018'),
('35', '10', 'SI008/11/2018'),
('10', '10', 'SI009/10/2018'),
('36', '10', 'SI009/11/2018'),
('11', '10', 'SI010/10/2018'),
('38', '10', 'SI010/11/2018'),
('12', '10', 'SI011/10/2018'),
('39', '10', 'SI011/11/2018'),
('13', '10', 'SI012/10/2018'),
('40', '10', 'SI012/11/2018'),
('14', '10', 'SI013/10/2018'),
('41', '10', 'SI013/11/2018'),
('15', '10', 'SI014/10/2018'),
('42', '10', 'SI014/11/2018'),
('16', '10', 'SI015/10/2018'),
('43', '10', 'SI015/11/2018'),
('17', '10', 'SI016/10/2018'),
('44', '10', 'SI016/11/2018'),
('18', '10', 'SI017/10/2018'),
('45', '10', 'SI017/11/2018'),
('19', '10', 'SI018/10/2018'),
('46', '10', 'SI018/11/2018'),
('20', '10', 'SI019/10/2018'),
('47', '10', 'SI019/11/2018'),
('21', '10', 'SI020/10/2018'),
('48', '10', 'SI020/11/2018'),
('22', '10', 'SI021/10/2018'),
('49', '10', 'SI021/11/2018'),
('23', '10', 'SI022/10/2018'),
('50', '10', 'SI022/11/2018'),
('24', '10', 'SI023/10/2018'),
('51', '10', 'SI023/11/2018'),
('25', '10', 'SI024/10/2018'),
('52', '10', 'SI024/11/2018'),
('26', '10', 'SI025/10/2018'),
('53', '10', 'SI025/11/2018'),
('57', '10', 'SI026/10/2018'),
('54', '10', 'SI026/11/2018'),
('55', '10', 'SI027/11/2018'),
('56', '10', 'SI028/11/2018'),
('1', '11', 'CCN001/10/2018'),
('5', '11', 'CCN001/11/2018'),
('2', '11', 'CCN002/10/2018'),
('6', '11', 'CCN002/11/2018'),
('3', '11', 'CCN003/10/2018'),
('7', '11', 'CCN003/11/2018'),
('4', '11', 'CCN004/10/2018'),
('8', '11', 'CCN004/11/2018'),
('9', '11', 'CCN005/11/2018'),
('12', '12', 'CP001/07/2018'),
('1', '12', 'CP001/10/2018'),
('15', '12', 'CP001/11/2018'),
('2', '12', 'CP002/10/2018'),
('18', '12', 'CP002/11/2018'),
('3', '12', 'CP003/10/2018'),
('19', '12', 'CP003/11/2018'),
('4', '12', 'CP004/10/2018'),
('20', '12', 'CP004/11/2018'),
('5', '12', 'CP005/10/2018'),
('21', '12', 'CP005/11/2018'),
('6', '12', 'CP006/10/2018'),
('22', '12', 'CP006/11/2018'),
('7', '12', 'CP007/10/2018'),
('23', '12', 'CP007/11/2018'),
('8', '12', 'CP008/10/2018'),
('24', '12', 'CP008/11/2018'),
('9', '12', 'CP009/10/2018'),
('25', '12', 'CP009/11/2018'),
('10', '12', 'CP010/10/2018'),
('26', '12', 'CP010/11/2018'),
('11', '12', 'CP011/10/2018'),
('27', '12', 'CP011/11/2018'),
('13', '12', 'CP012/10/2018'),
('28', '12', 'CP012/11/2018'),
('14', '12', 'CP013/10/2018'),
('29', '12', 'CP013/11/2018'),
('16', '12', 'CP014/10/2018'),
('30', '12', 'CP014/11/2018'),
('17', '12', 'CP015/10/2018'),
('31', '12', 'CP016/10/2018'),
('3', '13', 'DN001/10/2018'),
('32', '13', 'DN001/11/2018'),
('6', '13', 'DN002/10/2018'),
('36', '13', 'DN002/11/2018'),
('8', '13', 'DN003/10/2018'),
('39', '13', 'DN003/11/2018'),
('9', '13', 'DN004/10/2018'),
('42', '13', 'DN004/11/2018'),
('10', '13', 'DN005/10/2018'),
('43', '13', 'DN005/11/2018'),
('11', '13', 'DN006/10/2018'),
('44', '13', 'DN006/11/2018'),
('12', '13', 'DN007/10/2018'),
('47', '13', 'DN007/11/2018'),
('14', '13', 'DN008/10/2018'),
('54', '13', 'DN008/11/2018'),
('15', '13', 'DN009/10/2018'),
('57', '13', 'DN009/11/2018'),
('16', '13', 'DN010/10/2018'),
('60', '13', 'DN010/11/2018'),
('17', '13', 'DN011/10/2018'),
('62', '13', 'DN011/11/2018'),
('18', '13', 'DN012/10/2018'),
('19', '13', 'DN013/10/2018'),
('20', '13', 'DN014/10/2018'),
('23', '13', 'DN015/10/2018'),
('29', '13', 'DN016/10/2018'),
('63', '13', 'DN017/10/2018'),
('64', '13', 'DN018/10/2018'),
('65', '13', 'DN019/10/2018'),
('66', '13', 'DN020/10/2018'),
('67', '13', 'DN021/10/2018'),
('68', '13', 'DN022/10/2018'),
('69', '13', 'DN023/10/2018'),
('70', '13', 'DN024/10/2018'),
('1', '16', 'LT001/10/2018'),
('2', '16', 'LT001/11/2018'),
('3', '16', 'LT002/11/2018'),
('1', '17', 'IA001/11/2018'),
('2', '17', 'IA002/11/2018'),
('3', '17', 'IA003/11/2018'),
('4', '17', 'IA004/11/2018'),
('5', '17', 'IA005/11/2018'),
('6', '17', 'IA005/11/2018'),
('7', '17', 'IA006/11/2018'),
('8', '17', 'IA007/11/2018'),
('3', '18', 'PO001/10/2018'),
('55', '18', 'PO001/11/2018'),
('7', '18', 'PO002/10/2018'),
('56', '18', 'PO002/11/2018'),
('8', '18', 'PO003/10/2018'),
('57', '18', 'PO003/11/2018'),
('9', '18', 'PO004/10/2018'),
('58', '18', 'PO004/11/2018'),
('12', '18', 'PO005/10/2018'),
('59', '18', 'PO005/11/2018'),
('13', '18', 'PO006/10/2018'),
('14', '18', 'PO006/10/2018 12'),
('60', '18', 'PO006/11/2018'),
('15', '18', 'PO007/10/2018'),
('61', '18', 'PO007/11/2018'),
('16', '18', 'PO008/10/2018'),
('62', '18', 'PO008/11/2018'),
('17', '18', 'PO009/10/2018'),
('63', '18', 'PO009/11/2018'),
('18', '18', 'PO010/10/2018'),
('64', '18', 'PO010/11/2018'),
('19', '18', 'PO011/10/2018'),
('65', '18', 'PO011/11/2018'),
('20', '18', 'PO012/10/2018'),
('81', '18', 'PO012/11/2018'),
('21', '18', 'PO013/10/2018'),
('82', '18', 'PO013/11/2018'),
('22', '18', 'PO014/10/2018'),
('83', '18', 'PO014/11/2018'),
('23', '18', 'PO015/10/2018'),
('85', '18', 'PO015/11/2018'),
('25', '18', 'PO016/10/2018'),
('86', '18', 'PO016/11/2018'),
('27', '18', 'PO017/10/2018'),
('87', '18', 'PO017/11/2018'),
('30', '18', 'PO018/10/2018'),
('88', '18', 'PO018/11/2018'),
('43', '18', 'PO019/10/2018'),
('89', '18', 'PO019/11/2018'),
('45', '18', 'PO020/10/2018'),
('90', '18', 'PO020/11/2018'),
('48', '18', 'PO021/10/2018'),
('91', '18', 'PO021/11/2018'),
('54', '18', 'PO022/10/2018'),
('92', '18', 'PO022/11/2018'),
('93', '18', 'PO023/11/2018'),
('46', '20', 'PI001/00/0020'),
('1', '20', 'PI001/10/2018'),
('37', '20', 'PI001/11/2018'),
('47', '20', 'PI002/00/0020'),
('2', '20', 'PI002/10/2018'),
('38', '20', 'PI002/11/2018'),
('48', '20', 'PI003/00/0020'),
('3', '20', 'PI003/10/2018'),
('4', '20', 'PI003/10/2018 12'),
('39', '20', 'PI003/11/2018'),
('49', '20', 'PI004/00/0020'),
('5', '20', 'PI004/10/2018'),
('40', '20', 'PI004/11/2018'),
('50', '20', 'PI005/00/0020'),
('6', '20', 'PI005/10/2018'),
('41', '20', 'PI005/11/2018'),
('51', '20', 'PI006/00/0020'),
('7', '20', 'PI006/10/2018'),
('42', '20', 'PI006/11/2018'),
('52', '20', 'PI007/00/0020'),
('8', '20', 'PI007/10/2018'),
('43', '20', 'PI007/11/2018'),
('53', '20', 'PI008/00/0020'),
('9', '20', 'PI008/10/2018'),
('44', '20', 'PI008/11/2018'),
('54', '20', 'PI009/00/0020'),
('10', '20', 'PI009/10/2018'),
('45', '20', 'PI009/11/2018'),
('55', '20', 'PI010/00/0020'),
('11', '20', 'PI010/10/2018'),
('61', '20', 'PI010/11/2018'),
('56', '20', 'PI011/00/0020'),
('12', '20', 'PI011/10/2018'),
('62', '20', 'PI011/11/2018'),
('57', '20', 'PI012/00/0020'),
('13', '20', 'PI012/10/2018'),
('63', '20', 'PI012/11/2018'),
('58', '20', 'PI013/00/0020'),
('14', '20', 'PI013/10/2018'),
('64', '20', 'PI013/11/2018'),
('59', '20', 'PI014/00/0020'),
('15', '20', 'PI014/10/2018'),
('65', '20', 'PI014/11/2018'),
('60', '20', 'PI015/00/0020'),
('16', '20', 'PI015/10/2018'),
('66', '20', 'PI015/11/2018'),
('17', '20', 'PI016/10/2018'),
('67', '20', 'PI016/11/2018'),
('18', '20', 'PI017/10/2018'),
('19', '20', 'PI018/10/2018'),
('20', '20', 'PI019/10/2018'),
('21', '20', 'PI020/10/2018'),
('22', '20', 'PI021/10/2018'),
('23', '20', 'PI022/10/2018'),
('24', '20', 'PI023/10/2018'),
('25', '20', 'PI024/10/2018'),
('26', '20', 'PI025/10/2018'),
('27', '20', 'PI026/10/2018'),
('28', '20', 'PI027/10/2018'),
('29', '20', 'PI028/10/2018'),
('30', '20', 'PI029/10/2018'),
('31', '20', 'PI030/10/2018'),
('32', '20', 'PI031/10/2018'),
('33', '20', 'PI032/10/2018'),
('34', '20', 'PI033/10/2018'),
('35', '20', 'PI034/10/2018'),
('36', '20', 'PI034/10/2018'),
('1', '21', 'SCN001/11/2018'),
('1', '22', 'SP001/10/2018'),
('15', '22', 'SP001/11/2018'),
('2', '22', 'SP002/10/2018'),
('16', '22', 'SP002/11/2018'),
('17', '22', 'SP002/11/2018'),
('3', '22', 'SP003/10/2018'),
('18', '22', 'SP003/11/2018'),
('4', '22', 'SP004/10/2018'),
('19', '22', 'SP004/11/2018'),
('5', '22', 'SP005/10/2018'),
('20', '22', 'SP005/11/2018'),
('6', '22', 'SP006/10/2018'),
('21', '22', 'SP006/11/2018'),
('7', '22', 'SP007/10/2018'),
('22', '22', 'SP007/11/2018'),
('8', '22', 'SP008/10/2018'),
('23', '22', 'SP008/11/2018'),
('9', '22', 'SP009/10/2018'),
('24', '22', 'SP009/11/2018'),
('10', '22', 'SP010/10/2018'),
('25', '22', 'SP010/11/2018'),
('11', '22', 'SP011/10/2018'),
('26', '22', 'SP011/11/2018'),
('12', '22', 'SP012/10/2018'),
('27', '22', 'SP012/11/2018'),
('13', '22', 'SP013/10/2018'),
('28', '22', 'SP013/11/2018'),
('14', '22', 'SP014/10/2018'),
('29', '22', 'SP015/10/2018'),
('1', '25', 'GRN001/10/2018'),
('51', '25', 'GRN001/11/2018'),
('2', '25', 'GRN002/10/2018'),
('52', '25', 'GRN002/11/2018'),
('3', '25', 'GRN003/10/2018'),
('53', '25', 'GRN003/11/2018'),
('6', '25', 'GRN004/10/2018'),
('54', '25', 'GRN004/11/2018'),
('7', '25', 'GRN005/10/2018'),
('55', '25', 'GRN005/11/2018'),
('8', '25', 'GRN006/10/2018'),
('56', '25', 'GRN006/11/2018'),
('9', '25', 'GRN007/10/2018'),
('57', '25', 'GRN007/11/2018'),
('10', '25', 'GRN008/10/2018'),
('58', '25', 'GRN008/11/2018'),
('59', '25', 'GRN008/11/2018'),
('11', '25', 'GRN009/10/2018'),
('60', '25', 'GRN009/11/2018'),
('12', '25', 'GRN010/10/2018'),
('61', '25', 'GRN010/11/2018'),
('13', '25', 'GRN011/10/2018'),
('62', '25', 'GRN011/11/2018'),
('14', '25', 'GRN012/10/2018'),
('63', '25', 'GRN012/11/2018'),
('15', '25', 'GRN013/10/2018'),
('64', '25', 'GRN013/11/2018'),
('16', '25', 'GRN014/10/2018'),
('65', '25', 'GRN014/11/2018'),
('17', '25', 'GRN015/10/2018'),
('81', '25', 'GRN015/11/2018'),
('18', '25', 'GRN016/10/2018'),
('82', '25', 'GRN016/11/2018'),
('19', '25', 'GRN017/10/2018'),
('83', '25', 'GRN017/11/2018'),
('20', '25', 'GRN018/10/2018'),
('84', '25', 'GRN018/11/2018'),
('22', '25', 'GRN019/10/2018'),
('85', '25', 'GRN019/11/2018'),
('23', '25', 'GRN020/10/2018'),
('86', '25', 'GRN020/11/2018'),
('24', '25', 'GRN021/10/2018'),
('87', '25', 'GRN021/11/2018'),
('27', '25', 'GRN022/10/2018'),
('88', '25', 'GRN022/11/2018'),
('40', '25', 'GRN023/10/2018'),
('89', '25', 'GRN023/11/2018'),
('41', '25', 'GRN024/10/2018'),
('90', '25', 'GRN024/11/2018'),
('42', '25', 'GRN025/10/2018'),
('91', '25', 'GRN025/11/2018'),
('43', '25', 'GRN026/10/2018'),
('92', '25', 'GRN026/11/2018'),
('44', '25', 'GRN027/10/2018'),
('93', '25', 'GRN027/11/2018'),
('45', '25', 'GRN028/10/2018'),
('94', '25', 'GRN028/11/2018'),
('46', '25', 'GRN029/10/2018'),
('47', '25', 'GRN030/10/2018'),
('48', '25', 'GRN031/10/2018'),
('49', '25', 'GRN032/10/2018'),
('1', '26', 'WO001/10/2018'),
('3', '26', 'WO001/11/2018'),
('2', '26', 'WO002/10/2018'),
('4', '26', 'WO002/11/2018'),
('5', '26', 'WO003/11/2018'),
('6', '26', 'WO004/11/2018'),
('7', '26', 'WO005/11/2018'),
('8', '26', 'WO006/11/2018'),
('9', '26', 'WO007/11/2018'),
('10', '26', 'WO008/11/2018'),
('11', '26', 'WO009/11/2018'),
('1', '28', 'WOI001/10/2018'),
('3', '28', 'WOI001/11/2018'),
('2', '28', 'WOI002/10/2018'),
('4', '28', 'WOI002/11/2018'),
('5', '28', 'WOI003/11/2018'),
('6', '28', 'WOI004/11/2018'),
('1', '29', 'WOP001/00/0000'),
('3', '29', 'WOP001/11/2018'),
('2', '29', 'WOP002/00/0000'),
('4', '29', 'WOP002/11/2018'),
('8', '29', 'WOP003/00/0000'),
('5', '29', 'WOP003/11/2018'),
('6', '29', 'WOP004/11/2018'),
('7', '29', 'WOP005/11/2018'),
('3', '30', 'SO001/10/2018'),
('36', '30', 'SO001/11/2018'),
('4', '30', 'SO002/10/2018'),
('37', '30', 'SO002/11/2018'),
('5', '30', 'SO003/10/2018'),
('38', '30', 'SO003/11/2018'),
('6', '30', 'SO004/10/2018'),
('41', '30', 'SO004/11/2018'),
('9', '30', 'SO005/10/2018'),
('46', '30', 'SO005/11/2018'),
('10', '30', 'SO006/10/2018'),
('47', '30', 'SO006/11/2018'),
('12', '30', 'SO007/10/2018'),
('50', '30', 'SO007/11/2018'),
('13', '30', 'SO008/10/2018'),
('52', '30', 'SO008/11/2018'),
('14', '30', 'SO009/10/2018'),
('60', '30', 'SO009/11/2018'),
('16', '30', 'SO010/10/2018'),
('63', '30', 'SO010/11/2018'),
('17', '30', 'SO011/10/2018'),
('65', '30', 'SO011/11/2018'),
('18', '30', 'SO012/10/2018'),
('19', '30', 'SO013/10/2018'),
('20', '30', 'SO014/10/2018'),
('21', '30', 'SO015/10/2018'),
('22', '30', 'SO016/10/2018'),
('25', '30', 'SO017/10/2018'),
('28', '30', 'SO018/10/2018'),
('32', '30', 'SO019/10/2018'),
('5', '32', 'GST001/11/2018'),
('1', '32', 'SQ001/10/2018'),
('6', '32', 'SQ001/11/2018'),
('2', '32', 'SQ002/10/2018'),
('3', '32', 'SQ003/10/2018'),
('4', '32', 'SQ004/10/2018'),
('1', '35', 'CU001/10/2018'),
('1', '40', 'CC001'),
('2', '40', 'CC002'),
('1', '41', 'CPV001/10/2018'),
('2', '41', 'CPV001/10/2018'),
('4', '41', 'CPV001/11/2018'),
('5', '41', 'CPV001/11/2018'),
('3', '41', 'CPV002/10/2018'),
('6', '41', 'CPV002/11/2018'),
('1', '42', 'CRV001/10/2018'),
('2', '42', 'CRV002/10/2018'),
('1', '43', '001/0020'),
('2', '43', '002/0020'),
('3', '43', '003/0020'),
('4', '43', '004/0020'),
('5', '43', '005/0020'),
('6', '43', '006/0020'),
('7', '43', '007/0020'),
('8', '43', '008/0020'),
('9', '43', '009/0020'),
('10', '43', '010/0020'),
('11', '43', '011/0020'),
('12', '43', '012/0020'),
('13', '43', '013/0020'),
('1', '46', ''),
('2', '46', ''),
('3', '46', ''),
('4', '46', ''),
('5', '46', ''),
('6', '46', ''),
('10', '46', ''),
('7', '46', '50001'),
('8', '46', 'BT001/11/2018'),
('9', '46', 'BT002/11/2018'),
('11', '46', 'BT003/11/2018'),
('10', '1103', '001'),
('11', '1103', '002'),
('12', '1103', '003');

### Structure of table `0_rep_types` ###

DROP TABLE IF EXISTS `0_rep_types`;

CREATE TABLE `0_rep_types` (
  `rep_type` int(11) NOT NULL,
  `description` varchar(50) NOT NULL,
  `inactive` int(11) NOT NULL
) ENGINE=InnoDB DEFAULT CHARSET=latin1 ;

### Data of table `0_rep_types` ###

INSERT INTO `0_rep_types` VALUES
('0', 'Journal Entry', '0'),
('1', 'Bank Payment', '0'),
('2', 'Bank Deposit', '0'),
('4', 'Bank Transfer', '0'),
('10', 'Sales Invoice', '0'),
('11', 'Customer Credit', '0'),
('12', 'Customer Payment', '0'),
('13', 'Customer Delivery', '0'),
('16', 'Location Transfer', '0'),
('17', 'Inventory Adjustment', '0'),
('18', 'Purchase Order', '0'),
('20', 'Supplier Invoice', '0'),
('21', 'Supplier Credit', '0'),
('22', 'Supplier Payment', '0'),
('25', 'Supplier Receive / GRN', '0'),
('26', 'Work Order', '0'),
('28', 'Manufacturing Issue', '0'),
('29', 'Manufacturing Receive', '0'),
('30', 'Sales Order', '0'),
('32', 'Sales Quotation', '0'),
('35', 'Cost Update', '0'),
('40', 'Dimension/ Cost Center', '0'),
('15', 'Gate Pass', '0'),
('14', 'POS Invoice', '0'),
('24', 'Sales Tax Invoice', '0'),
('3', 'Customer Reports', '0'),
('5', 'Supplier Reports ', '0'),
('6', 'Inventory Reports', '0'),
('7', 'Manufacturing Reports', '0'),
('8', 'Fixed Assets Reports', '0'),
('9', 'Dimensions Reports', '0'),
('23', 'General Ledger Reports', '0'),
('19', 'Banking Reports', '0'),
('93', 'Supplier Requisition', '0');

### Structure of table `0_report_profiles` ###

DROP TABLE IF EXISTS `0_report_profiles`;

CREATE TABLE `0_report_profiles` (
  `id` smallint(6) unsigned NOT NULL AUTO_INCREMENT,
  `profile` varchar(30) COLLATE utf8_unicode_ci NOT NULL,
  `report` varchar(5) COLLATE utf8_unicode_ci DEFAULT NULL,
  `printer` tinyint(3) unsigned DEFAULT NULL,
  `value` int(11) NOT NULL,
  PRIMARY KEY (`id`),
  UNIQUE KEY `profile` (`profile`,`report`)
) ENGINE=InnoDB AUTO_INCREMENT=152 DEFAULT CHARSET=utf8 COLLATE=utf8_unicode_ci ;

### Data of table `0_report_profiles` ###

INSERT INTO `0_report_profiles` VALUES
('41', 'testing', NULL, NULL, '0'),
('42', 'testing', '101', '1', '0'),
('43', 'testing', '102', '1', '0'),
('44', 'testing', '103', '1', '0'),
('45', 'testing', '104', '1', '0'),
('46', 'testing', '105', '1', '0'),
('47', 'testing', '106', '1', '0'),
('48', 'testing', '107', '1', '0'),
('49', 'testing', '108', '1', '0'),
('50', 'testing', '109', '1', '0'),
('87', 'RPL', NULL, '1', '0'),
('88', 'RPL', '101', '1', '0'),
('89', 'RPL', '102', '1', '0'),
('90', 'RPL', '103', '1', '0'),
('91', 'RPL', '104', '1', '0'),
('92', 'RPL', '105', '1', '0'),
('93', 'RPL', '106', '1', '0'),
('94', 'RPL', '107', '1', '0'),
('95', 'RPL', '108', '1', '0'),
('96', 'RPL', '109', '1', '0'),
('97', 'RPL', '110', '1', '0'),
('98', 'RPL', '111', '1', '0'),
('99', 'RPL', '112', '1', '0'),
('100', 'RPL', '113', '1', '0'),
('101', 'RPL', '114', '1', '0'),
('102', 'RPL', '201', '1', '0'),
('103', 'RPL', '202', '1', '0'),
('104', 'RPL', '203', '1', '0'),
('105', 'RPL', '204', '1', '0'),
('106', 'RPL', '205', '1', '0'),
('107', 'RPL', '209', '1', '0'),
('108', 'RPL', '210', '1', '0'),
('109', 'RPL', '301', '1', '0'),
('110', 'RPL', '302', '1', '0'),
('111', 'RPL', '303', '1', '0'),
('112', 'RPL', '304', '1', '0'),
('113', 'RPL', '305', '1', '0'),
('114', 'RPL', '306', '1', '0'),
('115', 'RPL', '307', '1', '0'),
('116', 'RPL', '308', '1', '0'),
('117', 'RPL', '309', '1', '0'),
('118', 'RPL', '401', '1', '0'),
('119', 'RPL', '402', '1', '0'),
('120', 'RPL', '409', '1', '0'),
('121', 'RPL', '451', '1', '0'),
('122', 'RPL', '501', '1', '0'),
('123', 'RPL', '601', '1', '0'),
('124', 'RPL', '602', '1', '0'),
('125', 'RPL', '701', '1', '0'),
('126', 'RPL', '702', '1', '0'),
('127', 'RPL', '704', '1', '0'),
('128', 'RPL', '705', '1', '0'),
('129', 'RPL', '706', '1', '0'),
('130', 'RPL', '707', '1', '0'),
('131', 'RPL', '708', '1', '0'),
('132', 'RPL', '709', '1', '0'),
('133', 'RPL', '710', '1', '0'),
('134', 'RPL', '1009', '1', '0'),
('135', 'RPL', '1011', '1', '0'),
('136', 'RPL', '1012', '1', '0'),
('137', 'RPL', '1013', '1', '0'),
('138', 'RPL', '1014', '1', '0'),
('139', 'RPL', '1015', '1', '0'),
('140', 'RPL', '1016', '1', '0'),
('141', 'RPL', '1017', '1', '0'),
('142', 'RPL', '1018', '1', '0'),
('143', 'RPL', '1071', '1', '0'),
('144', 'RPL', '1072', '1', '0'),
('145', 'RPL', '1073', '1', '0'),
('146', 'RPL', '1091', '1', '0'),
('147', 'RPL', '1100', '1', '0'),
('148', 'RPL', '2099', '1', '0'),
('149', 'RPL', '3041', '1', '0'),
('150', 'RPL', '3042', '1', '0'),
('151', 'RPL', '22011', '1', '0');

### Structure of table `0_reports_pref` ###

DROP TABLE IF EXISTS `0_reports_pref`;

CREATE TABLE `0_reports_pref` (
  `id` smallint(6) NOT NULL AUTO_INCREMENT,
  `profile` varchar(30) COLLATE utf8_unicode_ci NOT NULL,
  `report` varchar(30) COLLATE utf8_unicode_ci DEFAULT NULL,
  `printer` text COLLATE utf8_unicode_ci,
  `inactive` tinyint(3) NOT NULL DEFAULT '0',
  PRIMARY KEY (`id`)
) ENGINE=InnoDB AUTO_INCREMENT=235 DEFAULT CHARSET=utf8 COLLATE=utf8_unicode_ci ;

### Data of table `0_reports_pref` ###

INSERT INTO `0_reports_pref` VALUES
('1', 'Reports', '101', 'Customer Balances', '0'),
('2', 'Reports', '102', 'Aged Customer Analysis', '0'),
('3', 'Reports', '103', 'Customer Details Listing', '0'),
('4', 'Reports', '104', 'Price Listing', '0'),
('5', 'Reports', '105', 'Order Status Listing', '0'),
('6', 'Reports', '106', 'Salesman Listing', '0'),
('7', 'Reports', '107', 'INVOICE', '0'),
('8', 'Reports', '108', 'STATEMENT', '0'),
('9', 'Reports', '109', 'SALES ORDER', '0'),
('10', 'Reports', '110', 'DELIVERY', '0'),
('11', 'Reports', '111', 'SALES QUOTATION', '0'),
('12', 'Reports', '112', 'RECEIPT', '0'),
('13', 'Reports', '113', 'CREDIT NOTE', '0'),
('14', 'Reports', '114', 'Sales Summary Report', '0'),
('15', 'Reports', '201', 'Supplier Balances', '0'),
('16', 'Reports', '202', 'Aged Supplier Analysis', '0'),
('17', 'Reports', '203', 'Payment Report', '0'),
('18', 'Reports', '204', 'Outstanding GRNs Report', '0'),
('19', 'Reports', '205', 'Supplier Details Listing', '0'),
('20', 'Reports', '208', 'PURCHASE ORDER', '0'),
('21', 'Reports', '209', 'PURCHASE ORDER', '0'),
('22', 'Reports', '210', 'REMITTANCE', '0'),
('23', 'Reports', '301', 'Inventory Valuation Report', '0'),
('24', 'Reports', '302', 'Inventory Planning Report', '0'),
('25', 'Reports', '303', 'Stock Check Sheets', '0'),
('26', 'Reports', '304', 'Inventory Sales Report', '0'),
('27', 'Reports', '305', 'GRN Valuation Report', '0'),
('28', 'Reports', '306', 'Inventory Purchasing Report', '0'),
('29', 'Reports', '307', 'Inventory Movements', '0'),
('30', 'Reports', '308', 'Costed Inventory Movements', '0'),
('31', 'Reports', '309', 'Item Sales Summary Report', '0'),
('32', 'Reports', '401', 'Bill of Material Listing', '0'),
('33', 'Reports', '402', 'Work Order Listing', '0'),
('34', 'Reports', '409', 'WORK ORDER', '0'),
('35', 'Reports', '451', 'Fixed Assets Valuation Report', '0'),
('36', 'Reports', '501', 'Dimension Summary', '0'),
('37', 'Reports', '601', 'Bank Statement', '0'),
('38', 'Reports', '602', 'Bank Statement w/Reconcile', '0'),
('39', 'Reports', '701', 'Chart of Accounts', '0'),
('40', 'Reports', '702', 'List of Journal Entries', '0'),
('41', 'Reports', '704', 'GL Account Transactions', '0'),
('42', 'Reports', '705', 'Annual Expense Breakdown', '0'),
('43', 'Reports', '706', 'Balance Sheet', '0'),
('44', 'Reports', '707', 'Profit and Loss Statement', '0'),
('45', 'Reports', '708', 'Trial Balance', '0'),
('46', 'Reports', '709', 'Tax Report', '0'),
('47', 'Reports', '710', 'Audit Trail', '0'),
('48', 'Reports', '999', 'INVOICE', '0'),
('49', 'Reports', '1001', 'DELIVERY', '0'),
('50', 'Reports', '1007', 'INVOICE', '0'),
('51', 'Reports', '1009', 'SALES ORDER', '0'),
('52', 'Reports', '1011', 'Customer Balances Detailed 2', '0'),
('53', 'Reports', '1012', 'Customer Balances - Detailed 1', '0'),
('54', 'Reports', '1013', 'Customer Balances - Branch Wise', '0'),
('55', 'Reports', '1014', 'Customer Balances Summary', '0'),
('56', 'Reports', '1015', 'Customer Movements', '0'),
('57', 'Reports', '1016', 'Customer Receipt Report', '0'),
('58', 'Reports', '1017', 'Salesman Balances Report', '0'),
('59', 'Reports', '1018', 'Salesman Recovery Report - Summary', '0'),
('60', 'Reports', '1019', 'Month Wise Sales Comparison', '0'),
('61', 'Reports', '1020', 'Customer Balances', '0'),
('62', 'Reports', '1021', 'Customer Sales History', '0'),
('63', 'Reports', '1031', 'Customer Details Listing', '0'),
('64', 'Reports', '1051', 'Bulk Delivery Order Report', '0'),
('65', 'Reports', '1052', 'Bulk Delivery Order Report', '0'),
('66', 'Reports', '1070', 'INVOICE', '0'),
('67', 'Reports', '1071', 'ESTIMATE', '0'),
('68', 'Reports', '1073', 'INVOICE', '0'),
('69', 'Reports', '1074', 'INVOICE', '0'),
('70', 'Reports', '1075', 'INVOICE', '0'),
('71', 'Reports', '1076', 'INVOICE', '0'),
('72', 'Reports', '1077', 'INVOICE', '0'),
('73', 'Reports', '1078', 'INVOICE', '0'),
('74', 'Reports', '1079', 'INVOICE', '0'),
('75', 'Reports', '1082', 'INVOICE', '0'),
('76', 'Reports', '1090', 'SALES ORDER', '0'),
('77', 'Reports', '1091', 'ESTIMATE', '0'),
('78', 'Reports', '1092', 'SALES ORDER', '0'),
('79', 'Reports', '1093', 'SALES ORDER', '0'),
('80', 'Reports', '1095', 'SALES ORDER', '0'),
('81', 'Reports', '1096', 'Sale Order - Detailed', '0'),
('82', 'Reports', '1097', 'SALES ORDER', '0'),
('83', 'Reports', '1098', 'SALES ORDER SUMMARY', '0'),
('84', 'Reports', '1100', 'DELIVERY', '0'),
('85', 'Reports', '1101', 'DELIVERY', '0'),
('86', 'Reports', '1105', 'DELIVERY', '0'),
('87', 'Reports', '1106', 'DELIVERY', '0'),
('88', 'Reports', '1108', 'DELIVERY', '0'),
('89', 'Reports', '1110', 'SALES QUOTATION', '0'),
('90', 'Reports', '1112', 'SALES QUOTATION', '0'),
('91', 'Reports', '1119', 'SALES QUOTATION', '0'),
('92', 'Reports', '2004', 'Outstanding GRNs Report', '0'),
('93', 'Reports', '2088', 'PURCHASE ORDER', '0'),
('94', 'Reports', '2090', 'PURCHASE ORDER', '0'),
('95', 'Reports', '2091', 'PURCHASE ORDER', '0'),
('96', 'Reports', '2092', 'PURCHASE ORDER', '0'),
('97', 'Reports', '2096', 'PURCHASE ORDER', '0'),
('98', 'Reports', '2099', 'PURCHASE ORDER', '0'),
('99', 'Reports', '3030', 'Stock Check Sheets', '0'),
('100', 'Reports', '3033', 'Stock Check Sheets', '0'),
('101', 'Reports', '3040', 'Inventory Sales Report-Item Wise', '0'),
('102', 'Reports', '3041', 'Inventory Sales Report - Summary', '0'),
('103', 'Reports', '3042', 'Daily Sales Report', '0'),
('104', 'Reports', '3043', 'Supply Register', '0'),
('105', 'Reports', '3044', 'Inventory Location Transfer', '0'),
('106', 'Reports', '3046', 'Profit &amp; Loss Report', '0'),
('107', 'Reports', '3047', 'Inventory Purchasing Report', '0'),
('108', 'Reports', '3072', 'Inventory Stock Report', '0'),
('109', 'Reports', '3077', 'Inventory Movements', '0'),
('110', 'Reports', '3087', 'Inventory Movements', '0'),
('111', 'Reports', '4021', 'Work Order Listing Summary', '0'),
('112', 'Reports', '4090', 'WORK ORDER', '0'),
('113', 'Reports', '4091', 'WORK ORDER', '0'),
('114', 'Reports', '4099', 'WORK ORDER', '0'),
('115', 'Reports', '5000', 'WORK ORDER', '0'),
('116', 'Reports', '7013', 'Funds Transfer', '0'),
('117', 'Reports', '7044', 'GL Account Transactions - 1', '0'),
('118', 'Reports', '7080', 'Subsidiary Trial Balance', '0'),
('119', 'Reports', '10110', 'P.O.Delivery with Unit Price (include tax)', '0'),
('120', 'Reports', '10112', 'Query Report', '0'),
('121', 'Reports', '10114', 'Party Wise Tax Deduction', '0'),
('122', 'Reports', '10141', 'Customer Outstanding Summary', '0'),
('123', 'Reports', '10142', 'Recovery Against Targets', '0'),
('124', 'Reports', '10181', 'Salesman Recovery Report - Summary', '0'),
('125', 'Reports', '10188', 'Salesman Recovery Report - Summary', '0'),
('126', 'Reports', '10511', 'Bulk Delivery Order Report', '0'),
('127', 'Reports', '10700', 'INVOICE', '0'),
('128', 'Reports', '10702', 'INVOICE', '0'),
('129', 'Reports', '10705', 'INVOICE', '0'),
('130', 'Reports', '10710', 'INVOICE', '0'),
('131', 'Reports', '10711', 'INVOICE', '0'),
('132', 'Reports', '10712', 'INVOICE', '0'),
('133', 'Reports', '10713', 'INVOICE', '0'),
('134', 'Reports', '10714', 'INVOICE', '0'),
('135', 'Reports', '10715', 'INVOICE', '0'),
('136', 'Reports', '10716', 'INVOICE', '0'),
('137', 'Reports', '10717', 'INVOICE', '0'),
('138', 'Reports', '10727', 'INVOICE', '0'),
('139', 'Reports', '10730', 'INVOICE', '0'),
('140', 'Reports', '10731', 'INVOICE', '0'),
('141', 'Reports', '10755', 'INVOICE', '0'),
('142', 'Reports', '10771', 'INVOICE', '0'),
('143', 'Reports', '10772', 'INVOICE', '0'),
('144', 'Reports', '10773', 'INVOICE', '0'),
('145', 'Reports', '10774', 'INVOICE', '0'),
('146', 'Reports', '10777', 'ESTIMATE', '0'),
('147', 'Reports', '10780', 'INVOICE', '0'),
('148', 'Reports', '10787', 'INVOICE', '0'),
('149', 'Reports', '10788', 'INVOICE', '0'),
('150', 'Reports', '10789', 'INVOICE', '0'),
('151', 'Reports', '10799', 'INVOICE', '0'),
('152', 'Reports', '10889', 'Bank Direct Transfer Letter', '0'),
('153', 'Reports', '10902', 'SALES ORDER', '0'),
('154', 'Reports', '10903', 'SALES ORDER', '0'),
('155', 'Reports', '10909', 'SALES ORDER', '0'),
('156', 'Reports', '10911', 'SALES ORDER', '0'),
('157', 'Reports', '10980', 'SALES ORDER', '0'),
('158', 'Reports', '10981', 'SALES ORDER', '0'),
('159', 'Reports', '10982', 'SALES ORDER', '0'),
('160', 'Reports', '10983', 'DELIVERY', '0'),
('161', 'Reports', '10984', 'DELIVERY', '0'),
('162', 'Reports', '10988', 'SALES ORDER', '0'),
('163', 'Reports', '10991', 'SALES ORDER', '0'),
('164', 'Reports', '11000', 'DELIVERY', '0'),
('165', 'Reports', '11005', 'DELIVERY', '0'),
('166', 'Reports', '11009', 'DELIVERY', '0'),
('167', 'Reports', '11011', 'DELIVERY', '0'),
('168', 'Reports', '11055', 'DELIVERY', '0'),
('169', 'Reports', '11100', 'SALES QUOTATION', '0'),
('170', 'Reports', '11102', 'SALES QUOTATION', '0'),
('171', 'Reports', '11103', 'SALES QUOTATION', '0'),
('172', 'Reports', '11104', 'SALES QUOTATION', '0'),
('173', 'Reports', '11105', 'SALES QUOTATION', '0'),
('174', 'Reports', '11106', 'SALES QUOTATION', '0'),
('175', 'Reports', '11111', 'SALES QUOTATION', '0'),
('176', 'Reports', '11112', 'SALES QUOTATION', '0'),
('177', 'Reports', '13012', 'Monthly Wise Inventory Sales Report', '0'),
('178', 'Reports', '20111', 'Supplier Balances - Detailed', '0'),
('179', 'Reports', '20112', 'Job Detail Report', '0'),
('180', 'Reports', '20888', 'PURCHASE ORDER', '0'),
('181', 'Reports', '20902', 'PURCHASE ORDER', '0'),
('182', 'Reports', '20909', 'PURCHASE ORDER', '0'),
('183', 'Reports', '20911', 'PURCHASE ORDER', '0'),
('184', 'Reports', '20990', 'PURCHASE ORDER', '0'),
('185', 'Reports', '20999', 'PURCHASE ORDER', '0'),
('186', 'Reports', '30333', 'Multi Barcode Printing new', '0'),
('187', 'Reports', '30444', 'Inventory Location Transfer', '0'),
('188', 'Reports', '30722', 'Inventory Movements', '0'),
('189', 'Reports', '70123', 'Journal Entry', '0'),
('190', 'Reports', '10705', 'INVOICE', '0'),
('191', 'Reports', '10710', 'INVOICE', '0'),
('192', 'Reports', '10714', 'INVOICE', '0'),
('193', 'Reports', '10731', 'INVOICE', '0'),
('194', 'Reports', '10770', 'INVOICE', '0'),
('195', 'Reports', '10777', 'ESTIMATE', '0'),
('196', 'Reports', '10777', 'ESTIMATE', '0'),
('197', 'Reports', '10777', 'INVOICE', '0'),
('198', 'Reports', '10777', 'ESTIMATE', '0'),
('199', 'Reports', '10777', 'ESTIMATE', '0'),
('200', 'Reports', '10788', 'INVOICE', '0'),
('201', 'Reports', '10889', 'Bank Direct Transfer Letter', '0'),
('202', 'Reports', '10901', 'SALES ORDER', '0'),
('203', 'Reports', '10902', 'SALES ORDER', '0'),
('204', 'Reports', '11000', 'DELIVERY', '0'),
('205', 'Reports', '11000', 'DELIVERY', '0'),
('206', 'Reports', '11001', 'DELIVERY', '0'),
('207', 'Reports', '11009', 'DELIVERY', '0'),
('208', 'Reports', '11009', 'DELIVERY', '0'),
('209', 'Reports', '11055', 'DELIVERY', '0'),
('210', 'Reports', '11073', 'INVOICE', '0'),
('211', 'Reports', '11100', 'SALES QUOTATION', '0'),
('212', 'Reports', '11110', 'DELIVERY', '0'),
('213', 'Reports', '11110', 'DELIVERY', '0'),
('214', 'Reports', '11111', 'SALES QUOTATION', '0'),
('215', 'Reports', '11112', 'Bulk Delivery Order Report', '0'),
('216', 'Reports', '20999', 'PURCHASE ORDER', '0'),
('217', 'Reports', '10700', 'INVOICE', '0'),
('218', 'Reports', '10705', 'INVOICE', '0'),
('219', 'Reports', '10705', 'INVOICE', '0'),
('220', 'Reports', '10710', 'SALES ORDER', '0'),
('221', 'Reports', '10717', 'INVOICE', '0'),
('222', 'Reports', '10722', 'INVOICE', '0'),
('223', 'Reports', '10777', 'SALES INVOICE', '0'),
('224', 'Reports', '11000', 'DELIVERY', '0'),
('225', 'Reports', '11100', 'SALES QUOTATION', '0'),
('226', 'Reports', '10700', 'INVOICE', '0'),
('227', 'Reports', '10710', 'SALES QUOTATION', '0'),
('228', 'Reports', '10717', 'INVOICE', '0'),
('229', 'Reports', '10777', 'INVOICE', '0'),
('230', 'Reports', '11000', 'DELIVERY', '0'),
('231', 'Reports', '10700', 'INVOICE', '0'),
('232', 'Reports', '10710', 'DELIVERY', '0'),
('233', 'Reports', '10777', 'INVOICE', '0'),
('234', 'Reports', '11100', 'SALES QUOTATION', '0');

### Structure of table `0_reports_preference` ###

DROP TABLE IF EXISTS `0_reports_preference`;

CREATE TABLE `0_reports_preference` (
  `id` int(11) NOT NULL AUTO_INCREMENT,
  `rep_type` int(11) NOT NULL,
  `rep_name` varchar(100) NOT NULL,
  `rep_no` varchar(100) NOT NULL,
  `inactive` tinyint(3) NOT NULL,
  PRIMARY KEY (`id`)
) ENGINE=InnoDB AUTO_INCREMENT=366 DEFAULT CHARSET=latin1 ;

### Data of table `0_reports_preference` ###

INSERT INTO `0_reports_preference` VALUES
('1', '13', 'Print Deliveries 1', '110', '0'),
('3', '13', 'Print Deliveries 3', '1101', '0'),
('4', '13', 'Print Deliveries 4', '1102', '0'),
('5', '13', 'Print Deliveries 5', '1103', '0'),
('6', '13', 'Print Deliveries 5 - Barcode', '1104', '0'),
('7', '13', 'Print Deliveries 6', '1105', '0'),
('8', '13', 'Print Deliveries 7', '1106', '0'),
('9', '13', 'Print Deliveries 8', '1107', '0'),
('10', '13', 'Print Deliveries 9', '1108', '0'),
('11', '13', 'Print Deliveries 10', '1109', '0'),
('12', '13', 'Print Deliveries 11', '11010', '0'),
('13', '13', 'Print Deliveries 12', '11011', '0'),
('14', '13', 'Print Deliveries 13', '11012', '0'),
('15', '13', 'Print Deliveries 14', '11013', '0'),
('16', '13', 'Print Deliveries 15', '11014', '0'),
('17', '13', 'Print Deliveries 16', '11015', '0'),
('18', '13', 'Print Deliveries 17', '11016', '0'),
('19', '13', 'Print Deliveries 18', '11017', '0'),
('20', '13', 'Print Deliveries 19', '11018', '0'),
('21', '13', 'Print Deliveries 20', '11019', '0'),
('22', '13', 'Goods Delivery Challan', '11020', '0'),
('23', '13', 'Print Delivery Challan', '11021', '0'),
('24', '15', 'Print Gate Pass', '119', '0'),
('25', '15', 'Print Gate Pass 1', '1190', '0'),
('26', '15', 'Print Gate Pass 2', '1191', '0'),
('27', '15', 'Print Gate Pass 3', '1192', '0'),
('28', '15', 'Print Gate Pass 4', '1193', '0'),
('29', '15', 'Print Gate Pass 5 ', '1194', '0'),
('30', '32', 'Print Sales Quotations', '111', '0'),
('31', '32', 'Print Sales Quotations 1', '1110', '0'),
('32', '32', 'Print Sales Quotations 2', '1111', '0'),
('33', '32', 'Print Sales Quotations 3', '1112', '0'),
('34', '32', 'Print Sales Quotations 4', '1113', '0'),
('36', '32', 'Print Sales Quotations 5', '1114', '0'),
('37', '32', 'Print Sales Quotations 6', '1115', '0'),
('38', '32', 'Print Sales Quotations 7', '1116', '0'),
('39', '32', 'Print Sales Quotations 8', '1117', '0'),
('40', '32', 'Print Zero % Sales Quotation 9', '1118', '0'),
('41', '32', 'Print Sales Quotations 10', '1119', '0'),
('42', '32', 'Print Commercial Quotations 11', '11110', '0'),
('43', '32', 'Print Sales Quotations 12', '11111', '0'),
('44', '32', 'Print Sales Quotations 13', '11112', '0'),
('45', '32', 'Print Sales Quotations 14', '11113', '0'),
('46', '32', 'Print Sales Quotations 15', '11114', '0'),
('47', '32', 'Print Sales Quotations 16', '11115', '0'),
('48', '30', 'Print Sales Orders', '109', '0'),
('49', '30', 'Print Sales Orders 1', '1090', '0'),
('50', '30', 'Print Sales Orders 2', '1092', '0'),
('51', '30', 'Print Sales Orders 3', '1093', '0'),
('52', '30', 'Print Sales Orders 4', '1094', '0'),
('53', '30', 'Print Sales Orders 5', '1095', '0'),
('54', '30', 'Print Sales Orders 6', '1096', '0'),
('55', '30', 'Print Sales Orders 7', '1097', '0'),
('56', '30', 'Sale Order - Summary 8', '1098', '0'),
('57', '30', 'Print Sales Orders 9- Barcode', '1099', '0'),
('58', '30', 'Print Sales Orders 10', '10910', '0'),
('59', '30', 'Print Sales Orders 11', '10911', '0'),
('60', '30', 'Print Sales Orders 12', '10912', '0'),
('61', '30', 'Print Sales Orders 13', '10913', '0'),
('62', '30', 'Print Sales Orders UOM 14', '10914', '0'),
('63', '30', 'Print Sales Orders UOM (A5) 15', '10915', '0'),
('64', '30', 'Print  Sale Order 16', '10916', '0'),
('65', '30', 'Print  Sale Order 17', '10917', '0'),
('66', '30', 'Print Sale Order 18', '10918', '0'),
('67', '30', 'Print Sale Order 19', '10919', '0'),
('68', '30', 'Total Sales Order 20', '10920', '0'),
('69', '30', 'Print Sales Orders 21 (UOM)', '10921', '0'),
('70', '30', 'Print Sales Order - POS', '1091', '0'),
('71', '24', 'Print Sales Tax Invoices', '116', '0'),
('72', '24', 'Print Zero percent Sales Tax', '1160', '0'),
('73', '24', 'Print Sales Tax Invoice 1', '1161', '0'),
('74', '24', 'Print Sales Tax Invoice 2', '1162', '0'),
('75', '24', 'Print Sales Tax Invoice 3', '1163', '0'),
('76', '24', 'Print Sales Tax Invoice 4', '1164', '0'),
('77', '24', 'Print Sales Tax Invoice 5  bar', '1165', '0'),
('78', '24', 'Print Sales Tax Invoice 6', '1166', '0'),
('79', '24', 'Print Sales Tax Invoice 7', '1167', '0'),
('80', '24', 'Print Sales Tax Invoice 8', '1168', '0'),
('81', '24', 'Print Sales Tax Invoice 9', '1169', '0'),
('82', '24', 'Print Sales Tax Invoice 10', '11610', '0'),
('83', '24', 'Print Sales Tax Invoice 11', '11611', '0'),
('84', '24', 'Print Sales Tax Invoice 12', '11612', '0'),
('85', '10', 'Print Invoice 1', '107', '0'),
('86', '10', 'Print Invoice 2', '1070', '0'),
('87', '10', 'Print Invoice 3', '1071', '0'),
('88', '10', 'Print Invoice 4', '1072', '0'),
('89', '10', 'Print Invoice 5', '1073', '0'),
('90', '10', 'Print Commercial Invoice 1', '1074', '0'),
('91', '10', 'Print Invoice 6', '1075', '0'),
('92', '10', 'Print Invoice 7', '1076', '0'),
('93', '10', 'Print Invoice 8', '1077', '0'),
('94', '10', 'Print Invoice 9', '1078', '0'),
('95', '10', 'Print Proforma Invoice 1', '1079', '0'),
('96', '10', 'Print Invoice 10', '10710', '0'),
('97', '10', 'Print Commercial Invoice 2', '10711', '0'),
('98', '10', 'Print Invoice 2 - barcode', '10712', '0'),
('99', '10', 'Print Performa Invoice 2', '10713', '0'),
('100', '10', 'Print Invoice 11', '10714', '0'),
('101', '10', 'Print Invoice 12', '10715', '0'),
('102', '10', 'Print Invoice 13', '10716', '0'),
('103', '10', 'Print Invoice 14', '10717', '0'),
('104', '10', 'Print Invoice 15', '10718', '0'),
('105', '10', 'Print Invoice 16', '10719', '0'),
('106', '10', 'Print Invoice 17', '10720', '0'),
('107', '10', 'Print Invoice 18', '10721', '0'),
('108', '10', 'Print Invoice 1 - A5', '10722', '0'),
('109', '10', 'Print Invoice 19', '10723', '0'),
('110', '10', 'Print Invoice 20', '10724', '0'),
('111', '10', 'Print Invoice 21', '10725', '0'),
('112', '10', 'Print Commercial Invoice 3', '10726', '0'),
('113', '10', 'Print Performa Invoice 3', '10727', '0'),
('114', '10', 'Print Performa Invoice 4', '10728', '0'),
('115', '10', 'Print Invoice 22', '10729', '0'),
('116', '10', 'Print Invoice 23 (UOM)', '10730', '0'),
('117', '10', 'Print Invoice 24', '10731', '0'),
('118', '10', 'Print Invoice 25', '10732', '0'),
('119', '10', 'Print Invoice 26 (A5)', '10733', '0'),
('120', '10', 'Print Invoice 27', '10734', '0'),
('121', '10', 'Print Commercial Invoice 4', '10735', '0'),
('122', '10', 'Print Invoices 28', '10736', '0'),
('123', '10', 'Print Invoice 29', '10737', '0'),
('124', '10', 'Print Invoice 30', '10738', '0'),
('125', '10', 'Print Invoice 31', '10739', '0'),
('126', '10', 'Print Invoice 32', '10740', '0'),
('127', '10', 'Print Invoice 33', '10741', '0'),
('128', '10', 'Print Invoice 34', '10742', '0'),
('129', '10', 'Print Commercial Invoice 5', '10743', '0'),
('130', '10', 'Print Commercial Invoice 6', '10744', '0'),
('131', '10', 'Print Invoice 35', '10745', '0'),
('132', '10', 'Print Commercial Invoice 7', '10746', '0'),
('133', '10', 'Print Commercial Invoice 8', '10747', '0'),
('134', '10', 'Packing List Invoice ', '10748', '0'),
('135', '10', 'Print Performa Invoice 5', '10749', '0'),
('136', '14', 'Print POS Invoices  1 (4 Inch)', '118', '0'),
('137', '14', 'Print POS Invoices 2 (3 Inch)', '1180', '0'),
('138', '14', 'Print POS Invoices 3 (3 Inch)', '1181', '0'),
('139', '14', 'Print POS Invoices 4 (4 Inch)', '1182', '0'),
('140', '14', 'Print POS Invoices 5', '1183', '0'),
('141', '18', 'Print Purchase Orders 1', '209', '0'),
('142', '18', 'Print Purchase Orders 2', '2090', '0'),
('143', '18', 'Print Purchase Orders 3', '2091', '0'),
('144', '18', 'Print Purchase Orders 4', '2092', '0'),
('145', '18', 'Print Purchase Orders 5', '2093', '0'),
('146', '18', 'Print Purchase Orders 6', '2094', '0'),
('147', '18', 'Print Purchase Orders 7', '2095', '0'),
('148', '18', 'Print Purchase Orders 8', '2096', '0'),
('149', '10', 'Print Purchase Orders 9', '2097', '0'),
('150', '18', 'Print Purchase Orders 10', '2098', '0'),
('151', '10', 'Print Purchase Orders 11', '2099', '0'),
('152', '18', 'Print Purchase Orders 12', '20910', '0'),
('153', '18', 'Print Purchase Orders 13', '20911', '0'),
('154', '18', 'Print Purchase Orders 14', '20912', '0'),
('155', '18', 'Print Purchase Orders 15 (UOM)', '20913', '0'),
('156', '18', 'Print Purchase Orders 16', '20914', '0'),
('157', '18', 'Print Purchase Orders 17', '20915', '0'),
('158', '18', 'Print Purchase Orders 18 - Barcode', '20916', '0'),
('159', '18', 'Print Purchase Orders 19', '20917', '0'),
('160', '25', 'Print Receiving Challan', '208', '0'),
('161', '25', 'Print Good Receipt Note', '2080', '0'),
('162', '3', 'Customer Balances', '101', '0'),
('163', '3', 'Customer Statements', '1010', '0'),
('164', '3', 'POS Daily Sheet', '10121', '1'),
('165', '3', 'Tax Customer Listing', '101211', '0'),
('166', '3', 'Cust Bal - Detailed 2', '1011', '0'),
('167', '3', 'Cust Bal - Branch Wise', '1013', '0'),
('168', '3', 'Customer Balances - Detailed With Banks', '101112', '0'),
('169', '3', 'Aged Customer Analysis', '102', '0'),
('170', '3', 'Aged Customer Analysis - 2', '10221', '0'),
('171', '3', 'Customer Sales History', '1021', '0'),
('172', '3', 'Customer Outstanding Summary Report', '10141', '0'),
('173', '3', 'Recovery Against Target Report', '10142', '0'),
('174', '3', 'Customer Balances Summary', '1014', '0'),
('175', '3', 'Customer Movements', '1015', '0'),
('176', '3', 'Customer Receipts', '1016', '0'),
('177', '3', 'Party Wise Tax Deduction', '10114', '0'),
('178', '3', 'Salesman Balances', '1017', '0'),
('179', '3', 'Salesman Recovery - Summary', '1018', '0'),
('180', '3', 'Salesman Recovery - Summary - dimensions', '10188', '0'),
('181', '3', 'Salesman Recovery - Sales Target Customer Wise', '10181', '0'),
('182', '3', 'Yearly / Monthly Comparison', '1019', '0'),
('183', '3', 'Customer Balances-Summary (New)', '1020', '0'),
('184', '3', 'Customer Detail Listing', '103', '0'),
('185', '3', 'New Customer Detail Listing', '1031', '0'),
('186', '3', 'Price Listing', '104', '0'),
('187', '3', 'Order Status Listing', '105', '0'),
('188', '3', 'Salesman Listing', '106', '0'),
('189', '3', 'Sales Summary Report', '114', '0'),
('190', '3', 'Bulk Delivery Order Report(Date wise)', '1051', '1'),
('191', '3', 'Bulk Delivery Order(Item Location wise)', '10511', '1'),
('192', '3', 'Bulk Delivery Order(Item Location wise) (New)', '111120', '1'),
('193', '3', 'Bulk Delivery Order Report(Ref wise)', '1052', '1'),
('194', '3', 'Goods Delivery Challan Location Items', '10984', '1'),
('195', '5', 'Supplier Balances', '201', '0'),
('196', '5', 'Supplier Balance Detail', '20111', '0'),
('197', '5', 'Aged Supplier Analyses', '202', '0'),
('198', '5', 'Payment Report', '203', '0'),
('199', '5', 'Import Register', '209088', '0'),
('200', '5', 'Job Detail Report', '20112', '0'),
('201', '5', 'Purchase Order Quantity Report', '101101', '0'),
('202', '5', 'Purchase Order Delivery with Unit Price (exclude t', '1011010', '0'),
('203', '5', 'Purchase Order Delivery with Unit Price (include t', '1011012', '0'),
('204', '5', 'Supplier Ledger (Rev)', '220111', '0'),
('205', '5', 'Outstanding GRNs Report', '204', '0'),
('206', '5', 'Outstanding GRNs Report - with date', '2004', '0'),
('207', '5', 'Supplier Detail Listing', '205', '0'),
('208', '6', 'Inventory Valuation Report', '301', '0'),
('209', '6', 'Inventory Planning Report', '302', '0'),
('210', '6', 'Monthly Itemized Sales Report', '13012', '0'),
('212', '6', 'Stock Check Sheets', '303', '0'),
('213', '6', 'Stock Check Sheets UOM', '3030', '0'),
('214', '6', 'Single Barcode Printing', '3032', '0'),
('215', '6', 'Multi Barcode Printing', '30333', '0'),
('216', '6', 'Inventory Sales Report', '304', '0'),
('217', '6', 'Inventory Sales Report - 1', '30410', '0'),
('218', '6', 'Items Detail Listing', '3034', '0'),
('219', '6', 'Profit &amp; Loss/Sales Book Report', '3046', '0'),
('220', '6', 'Overall Stock Value Report', '3047', '0'),
('221', '6', 'Inventory Transfer - 2', '304448', '0'),
('222', '6', 'Inventory Location Transfer', '30441', '0'),
('223', '6', 'Inventory Sales Report Item Wise', '3040', '0'),
('224', '6', 'Inventory Sales Report - Summary', '3041', '0'),
('225', '6', 'Daily Sales Report', '3042', '0'),
('226', '6', 'Daily Sales Report New', '3049', '0'),
('227', '6', 'Supply Register', '3043', '0'),
('228', '6', 'Supply Register2', '3048', '0'),
('229', '6', 'Sales Invoice Register Report', '30436', '0'),
('230', '6', 'GRN Valuation Report', '305', '0'),
('231', '6', 'Inventory Purchasing Report', '306', '0'),
('232', '6', 'Inventory Movement - Qty', '307', '1'),
('233', '6', 'Inventory Movement Report', '30722', '0'),
('234', '6', 'Inventory Movement Report - item-wise', '3077', '1'),
('235', '6', 'Inventory Movement Report - item-wise', '3087', '0'),
('236', '6', 'Inventory Movement Report - item-wise (Amount3)', '307777', '1'),
('237', '6', 'Inventory Stock Report', '3072', '0'),
('238', '6', 'Costed Inventory Movement Report', '308', '0'),
('239', '6', 'Item Sales Summary Report', '309', '0'),
('240', '6', 'Dated Stock Sheet', '_dated_stock', '0'),
('241', '6', 'Sales Summary Report', '_sales_summary', '0'),
('242', '6', 'Inventory History', '_inventory_history', '0'),
('243', '7', 'Bill of Material Listing', '401', '0'),
('244', '7', 'Work Order Listing', '402', '0'),
('245', '7', 'Work Order Listing-Summary', '4021', '0'),
('246', '7', 'Print Production Report', '4090', '0'),
('247', '7', 'Print Production Report Datewise', '4091', '0'),
('248', '7', 'Print Work Orders', '409', '0'),
('249', '7', 'Print Work Orders - new', '4099', '0'),
('250', '7', 'Print Work Orders - UOM', '40999', '0'),
('251', '7', 'Print Work Orders 1', '5000', '0'),
('252', '8', 'Fixed Assets Valuation', '451', '0'),
('253', '9', 'Dimension Summary', '501', '0'),
('254', '19', 'Bank Statement', '601', '0'),
('255', '19', 'Cash Flow Statement', '_cash_flow_statement', '0'),
('256', '19', 'Bank Statement w/Reconcile', '_statement_reconcile', '0'),
('257', '23', 'Chart of Accounts', '701', '0'),
('258', '23', 'List of Journal Entries', '702', '0'),
('259', '23', 'GL Account Transactions', '704', '0'),
('260', '23', 'GL Account Transactions - 1', '7044', '0'),
('261', '23', 'Annual Expense Breakdown', '705', '0'),
('262', '23', 'Balance Sheet', '706', '0'),
('263', '23', 'Profit and Loss Statement', '707', '0'),
('264', '23', 'Trial Balance', '708', '0'),
('265', '23', 'Trial Balance2', '7080', '0'),
('266', '23', 'Tax Report', '709', '0'),
('267', '23', 'Audit Trail', '710', '0'),
('268', '23', 'Annual Balance Breakdown - Detailed', '_annual_balance_breakdown', '0'),
('269', '23', 'Annual Expense Breakdown - Detailed', '_annual_expense_breakdown', '0'),
('270', '23', 'Tax Details (Cash Basis)', '_tax_details_cash', '0'),
('271', '4', 'Funds Transfer', '7013', '0'),
('272', '24', 'Print Sales Tax Invoice 13', '11613', '0'),
('273', '13', 'Print Deliveries 21', '11022', '0'),
('274', '30', 'Print Sales Orders 23', '10923', '0'),
('275', '10', 'Print Commercial Invoice 9', '10751', '0'),
('276', '24', 'Print Sales Tax Invoice 14', '11614', '0'),
('281', '5', 'Supplier / Service Performance Monitoring Report', '220112', '0'),
('282', '1', 'Bank Payment Voucher', '70120', '0'),
('283', '0', 'Journal Voucher', '70123', '0'),
('284', '12', 'Customer Payment', '112', '0'),
('285', '19', 'Bank Statement 2', '603', '0'),
('286', '10', 'Print Invoice 40', '10756', '0'),
('288', '10', 'Print Invoice 37', '10753', '0'),
('289', '10', 'Print Invoice 38', '10754', '0'),
('290', '10', 'Print Invoice 41', '10757', '0'),
('291', '10', 'Print Invoice 42', '10758', '0'),
('292', '10', 'Print Invoice 43', '10759', '0'),
('293', '23', 'GL account transactions Multiple', '70444', '0'),
('294', '3', 'Party Wise Tax Deduction2', '30432', '0'),
('295', '6', 'Inventory Valuation Summary', '3031', '0'),
('296', '23', 'AR/AP Consolidated Statement-SOA Report', '7045', '0'),
('297', '23', 'Print Consodilated RA &amp; PA', '7081', '0'),
('298', '10', 'Print Invoice 47', '10764', '0'),
('299', '18', 'Print Purchase Orders 22', '20920', '0'),
('300', '13', 'Print Deliveries 26', '11027', '0'),
('301', '30', 'Print Sales Orders 28', '10928', '0'),
('302', '18', 'Print Purchase Orders 20', '20918', '0'),
('303', '18', 'Print Purchase Orders 21', '20919', '0'),
('304', '13', 'Print Deliveries 22', '11023', '0'),
('305', '13', 'Print Deliveries 23', '11024', '0'),
('306', '13', 'Print Deliveries 24', '11025', '0'),
('307', '13', 'Print Deliveries 25', '11026', '0'),
('308', '30', 'Print Sales Orders 24', '10924', '0'),
('309', '30', 'Print Sales Orders 25', '10925', '0'),
('310', '30', 'Print Sales Orders 26', '10926', '0'),
('311', '30', 'Print Sales Orders 27', '10927', '0'),
('312', '10', 'Print Invoice 36', '10752', '0'),
('313', '10', 'Print Invoice 39', '10755', '0'),
('314', '10', 'Print Invoice 44', '10760', '0'),
('315', '10', 'Print Invoice Non-Corporate', '10761', '0'),
('316', '10', 'Print Invoice 45', '10762', '0'),
('317', '10', 'Print Invoice 46', '10763', '0'),
('318', '24', 'Print Sales Tax Invoice 15', '11615', '0'),
('320', '19', 'Bank Statement w/Reconcile-New', '_statement_reconcile2', '0'),
('321', '14', 'Print POS Invoices 6 (3 Inch)', '1184', '0'),
('325', '22', 'Supplier Payment 2', '212', '0'),
('326', '93', 'Print Purchase Requisition 2', '2070', '1'),
('327', '93', 'Print Purchase Requisition', '207', '1'),
('328', '6', 'Inventory Activity', '3073', '0'),
('330', '32', 'Print Sales Quotations 17', '11117', '0'),
('331', '32', 'Print Sales Quotations 18', '11118', '0'),
('333', '32', 'Print Sales Quotations (UOM)', '11116', '0'),
('334', '24', 'Print Sales Tax invoice UOM', '11616', '0'),
('335', '18', 'Print Purchase Order-Item Wise', '20921', '0'),
('336', '18', 'Print Purchase Tax Invoice', '20922', '0'),
('337', '10', 'Print Commercial Invoice 10', '10765', '0'),
('338', '24', 'Print Sales Tax Invoice 16', '11617', '0'),
('339', '3', 'Print Statements', '108', '0'),
('340', '10', ' Print Invoice 48', '10766', '0'),
('341', '17', 'Inventory Adjustment 2', '10999', '0'),
('342', '6', 'Location Wise Re-order Report', '310', '0'),
('343', '3', 'Customer Balances - Detailed', '1012', '0'),
('344', '20', 'Print Supplier Invoice', '211', '1'),
('345', '3', 'Customer Invoices', '1023', '0'),
('346', '6', 'Location Transfer Itemized Activity', '3088', '0'),
('347', '18', 'Print Purchase Orders 24', '20927', '0'),
('348', '5', 'Supplier Balances Summary', '2011', '0'),
('349', '17', 'Inventory Adjustment two copies', '10992', '0'),
('350', '10', 'Print Invoice 49', '10769', '0'),
('351', '32', 'Print Sales Quotations 19', '11119', '0'),
('352', '13', 'Print Deliveries 27', '11028', '0'),
('353', '13', 'Print Deliveries 28', '11029', '0'),
('354', '13', 'Print Deliveries 29', '11030', '0'),
('355', '13', 'Print Deliveries 30', '11031', '0'),
('356', '3', 'Aged Customer Analysis-Allocated', '10222', '0'),
('357', '3', 'Sale Order Summary', '10555', '0'),
('358', '3', 'Load Sheet', '120', '0'),
('359', '19', 'Bank Summary Report', '605', '0'),
('360', '32', 'Print Sales Quotations 21', '11121', '0'),
('361', '3', 'Sales Return Summary', '10124', '0'),
('362', '3', 'Aged Customer Analysis Testing', '10211', '0'),
('363', '6', 'Stock Status Multi Location', '3035', '0'),
('364', '5', 'suplier balance detail copy', '201111', '0'),
('365', '5', 'Purchase Return Summary', '2013', '0');

### Structure of table `0_requisition_details` ###

DROP TABLE IF EXISTS `0_requisition_details`;

CREATE TABLE `0_requisition_details` (
  `requisition_detail_id` bigint(20) unsigned NOT NULL AUTO_INCREMENT,
  `requisition_id` int(11) DEFAULT NULL,
  `item_code` varchar(20) COLLATE utf8_unicode_ci DEFAULT NULL,
  `supplier_id` int(11) DEFAULT NULL,
  `lpo_id` int(11) DEFAULT '0',
  `order_quantity` int(11) NOT NULL DEFAULT '0',
  `estimate_price` double NOT NULL DEFAULT '0',
  `quantity` int(11) NOT NULL DEFAULT '0',
  `price` double NOT NULL DEFAULT '0',
  `purpose` varchar(320) COLLATE utf8_unicode_ci DEFAULT NULL,
  `make_po` int(11) DEFAULT NULL,
  `wo_id` int(11) NOT NULL,
  PRIMARY KEY (`requisition_detail_id`),
  UNIQUE KEY `requisition_detail_id` (`requisition_detail_id`),
  KEY `0_requisition_details_requisition_id` (`requisition_id`),
  KEY `0_requisition_details_item_code` (`item_code`),
  KEY `0_requisition_details_supplier_id` (`supplier_id`)
) ENGINE=InnoDB AUTO_INCREMENT=9 DEFAULT CHARSET=utf8 COLLATE=utf8_unicode_ci ;

### Data of table `0_requisition_details` ###

INSERT INTO `0_requisition_details` VALUES
('1', '2', '1001', '5', '0', '23', '3000', '23', '3000', 'example', '0', '0'),
('2', '2', '1002', '5', '0', '400', '4', '400', '4', NULL, '0', '0'),
('4', '3', '1002', '9', '0', '100', '0', '100', '0', 'for stock', '0', '0'),
('5', '3', '1007', '5', '65', '100', '100', '100', '100', NULL, '0', '0'),
('6', '4', '1001', '5', '0', '2', '1020', '2', '1020', NULL, '0', '0'),
('7', '4', '1003', '14', '0', '50', '200', '50', '200', NULL, '0', '0'),
('8', '5', '1001', '14', '0', '5', '450000', '5', '450000', NULL, '0', '0');

### Structure of table `0_requisitions` ###

DROP TABLE IF EXISTS `0_requisitions`;

CREATE TABLE `0_requisitions` (
  `requisition_id` bigint(20) unsigned NOT NULL AUTO_INCREMENT,
  `point_of_use` varchar(50) COLLATE utf8_unicode_ci DEFAULT NULL,
  `narrative` varchar(240) COLLATE utf8_unicode_ci DEFAULT NULL,
  `application_date` datetime DEFAULT NULL,
  `completed` tinyint(4) NOT NULL DEFAULT '0',
  `processed` tinyint(4) NOT NULL DEFAULT '0',
  `inactive` tinyint(4) NOT NULL DEFAULT '0',
  `details` text COLLATE utf8_unicode_ci,
  `wo_id` int(11) NOT NULL,
  PRIMARY KEY (`requisition_id`),
  UNIQUE KEY `requisition_id` (`requisition_id`)
) ENGINE=InnoDB AUTO_INCREMENT=6 DEFAULT CHARSET=utf8 COLLATE=utf8_unicode_ci ;

### Data of table `0_requisitions` ###

INSERT INTO `0_requisitions` VALUES
('1', 'COMPUTER ', '15000', '2018-10-22 04:31:35', '1', '0', '0', NULL, '0'),
('2', 'Printer', '15000', '2018-10-23 01:32:19', '1', '0', '0', 'For Office Use.', '0'),
('3', 'laptop', '12000', '2018-10-24 10:36:08', '1', '0', '0', NULL, '0'),
('4', 'mobile', '100', '2018-11-02 11:45:02', '0', '0', '0', NULL, '0'),
('5', 'car', '5', '2018-11-09 12:28:43', '1', '0', '0', NULL, '0');

### Structure of table `0_salary` ###

DROP TABLE IF EXISTS `0_salary`;

CREATE TABLE `0_salary` (
  `id` int(11) NOT NULL AUTO_INCREMENT,
  `description` varchar(55) NOT NULL,
  `inactive` tinyint(4) NOT NULL DEFAULT '0',
  PRIMARY KEY (`id`)
) ENGINE=InnoDB AUTO_INCREMENT=7 DEFAULT CHARSET=latin1 ;

### Data of table `0_salary` ###

INSERT INTO `0_salary` VALUES
('2', 'Cheque/PO', '0'),
('3', 'Draft', '0'),
('4', 'Account Transfer', '0'),
('5', 'other', '0'),
('6', 'CASH', '0');

### Structure of table `0_sales_email` ###

DROP TABLE IF EXISTS `0_sales_email`;

CREATE TABLE `0_sales_email` (
  `id` int(11) NOT NULL AUTO_INCREMENT,
  `description` varchar(60) COLLATE utf8_unicode_ci NOT NULL DEFAULT '',
  `inactive` tinyint(1) NOT NULL DEFAULT '0',
  PRIMARY KEY (`id`),
  UNIQUE KEY `description` (`description`)
) ENGINE=InnoDB DEFAULT CHARSET=utf8 COLLATE=utf8_unicode_ci ;

### Data of table `0_sales_email` ###


### Structure of table `0_sales_order_details` ###

DROP TABLE IF EXISTS `0_sales_order_details`;

CREATE TABLE `0_sales_order_details` (
  `id` int(11) NOT NULL AUTO_INCREMENT,
  `order_no` int(11) NOT NULL DEFAULT '0',
  `trans_type` smallint(6) NOT NULL DEFAULT '30',
  `stk_code` varchar(20) COLLATE utf8_unicode_ci NOT NULL DEFAULT '',
  `description` tinytext COLLATE utf8_unicode_ci,
  `qty_sent` double NOT NULL DEFAULT '0',
  `unit_price` double NOT NULL DEFAULT '0',
  `quantity` double NOT NULL DEFAULT '0',
  `invoiced` double NOT NULL DEFAULT '0',
  `discount_percent` double NOT NULL DEFAULT '0',
  `units_id` varchar(20) COLLATE utf8_unicode_ci NOT NULL,
  `con_factor` double NOT NULL,
  `text1` varchar(55) COLLATE utf8_unicode_ci NOT NULL,
  `text2` varchar(55) COLLATE utf8_unicode_ci NOT NULL,
  `text3` varchar(55) COLLATE utf8_unicode_ci NOT NULL,
  `text4` varchar(55) COLLATE utf8_unicode_ci NOT NULL,
  `text5` varchar(55) COLLATE utf8_unicode_ci NOT NULL,
  `text6` text COLLATE utf8_unicode_ci NOT NULL,
  `text7` text COLLATE utf8_unicode_ci,
  `amount1` double NOT NULL,
  `amount2` double NOT NULL,
  `amount3` double NOT NULL,
  `amount4` double NOT NULL,
  `amount5` double NOT NULL,
  `amount6` double NOT NULL,
  `date1` date NOT NULL DEFAULT '0000-00-00',
  `date2` date NOT NULL DEFAULT '0000-00-00',
  `date3` date NOT NULL DEFAULT '0000-00-00',
  `combo1` int(11) NOT NULL,
  `combo2` int(11) NOT NULL,
  `combo3` int(11) NOT NULL,
  `combo4` int(11) NOT NULL,
  `combo5` int(11) NOT NULL,
  `combo6` int(11) NOT NULL,
  `batch` int(11) NOT NULL,
  `op_so` varchar(20) COLLATE utf8_unicode_ci DEFAULT NULL,
  `item_location` char(5) COLLATE utf8_unicode_ci NOT NULL,
  `batch_id` int(11) NOT NULL,
  `status_so` int(11) NOT NULL,
  `stk_id` int(11) NOT NULL,
  `bonus` double NOT NULL,
  PRIMARY KEY (`id`),
  KEY `sorder` (`trans_type`,`order_no`),
  KEY `stkcode` (`stk_code`)
) ENGINE=InnoDB AUTO_INCREMENT=89 DEFAULT CHARSET=utf8 COLLATE=utf8_unicode_ci ;

### Data of table `0_sales_order_details` ###

INSERT INTO `0_sales_order_details` VALUES
('1', '1', '30', '1006', 'panadol ', '3', '50', '3', '0', '0', 'boxes', '0', '', '', '', '', '', '', NULL, '0', '0', '0', '0', '0', '0', '0000-00-00', '0000-00-00', '0000-00-00', '0', '0', '0', '0', '0', '0', '0', NULL, 'DEF', '0', '0', '0', '0'),
('2', '2', '30', '1005', 'RIBBON FISH ', '350', '500', '350', '0', '0', 'boxes', '0', '', '', '', '', '', '', NULL, '0', '0', '0', '0', '0', '0', '0000-00-00', '0000-00-00', '0000-00-00', '0', '0', '0', '0', '0', '0', '0', NULL, 'DEF', '0', '0', '0', '0'),
('3', '3', '30', '11220000000', 'Coconut (Double Scoop)', '500', '150', '500', '0', '0', 'boxes', '0', '', '', '', '', '', '', NULL, '0', '0', '0', '0', '0', '0', '0000-00-00', '0000-00-00', '0000-00-00', '0', '0', '0', '0', '0', '0', '0', NULL, 'DEF', '0', '0', '0', '0'),
('4', '3', '30', '1002', 'Sugar Free (Vanilla) (Double Scoop)', '400', '200', '400', '0', '0', 'boxes', '0', '', '', '', '', '', '', NULL, '0', '0', '0', '0', '0', '0', '0000-00-00', '0000-00-00', '0000-00-00', '0', '0', '0', '0', '0', '0', '0', NULL, 'DEF', '0', '0', '0', '0'),
('5', '4', '30', '1002', 'Sugar Free (Vanilla) (Double Scoop)', '1', '2000', '1', '0', '0', 'boxes', '0', '', '', '', '', '', '', NULL, '0', '0', '0', '0', '0', '0', '0000-00-00', '0000-00-00', '0000-00-00', '0', '0', '0', '0', '0', '0', '0', NULL, 'DEF', '0', '0', '0', '0'),
('6', '5', '30', '1002', 'Sugar Free (Vanilla) (Double Scoop)', '10', '300', '10', '0', '0', 'boxes', '0', '', '', '', '', '', '', NULL, '0', '0', '0', '0', '0', '0', '0000-00-00', '0000-00-00', '0000-00-00', '0', '0', '0', '0', '0', '0', '0', NULL, 'DEF', '0', '0', '0', '0'),
('7', '6', '30', '1006', 'panadol ', '26', '200', '26', '0', '0', 'boxes', '0', '', '', '', '', '', '', NULL, '0', '0', '0', '0', '0', '0', '0000-00-00', '0000-00-00', '0000-00-00', '0', '0', '0', '0', '0', '0', '0', NULL, 'DEF', '0', '0', '0', '0'),
('8', '7', '30', '1002', 'Sugar Free (Vanilla) (Double Scoop)', '20', '150', '20', '0', '0', 'boxes', '0', '', '', '', '', '', '', NULL, '0', '0', '0', '0', '0', '0', '0000-00-00', '0000-00-00', '0000-00-00', '0', '0', '0', '0', '0', '0', '0', NULL, 'DEF', '0', '0', '0', '0'),
('9', '8', '30', '11220000000', 'Coconut (Double Scoop)', '15', '150', '15', '0', '0', 'boxes', '0', '', '', '', '', '', '', NULL, '0', '0', '0', '0', '0', '0', '0000-00-00', '0000-00-00', '0000-00-00', '0', '0', '0', '0', '0', '0', '0', NULL, 'DEF', '0', '0', '0', '0'),
('10', '9', '30', '1007', 'NATURE WATER ', '12000', '100', '12000', '0', '0', 'ltr', '0', '', '', '', '', '', '', NULL, '0', '0', '0', '0', '0', '0', '0000-00-00', '0000-00-00', '0000-00-00', '0', '0', '0', '0', '0', '0', '0', NULL, 'DEF', '0', '0', '0', '0'),
('11', '10', '30', '11220000000', 'Coconut (Double Scoop)', '1', '210', '1', '0', '0', 'boxes', '0', '', '', '', '', '', '', NULL, '0', '0', '0', '0', '0', '0', '0000-00-00', '0000-00-00', '0000-00-00', '0', '0', '0', '0', '0', '0', '0', NULL, 'DEF', '0', '0', '0', '0'),
('12', '11', '30', '1002', 'Sugar Free (Vanilla) (Double Scoop)', '1', '10', '1', '0', '0', 'boxes', '0', '', '', '', '', '', '', NULL, '0', '0', '0', '0', '0', '0', '0000-00-00', '0000-00-00', '0000-00-00', '0', '0', '0', '0', '0', '0', '0', NULL, 'DEF', '0', '0', '0', '0'),
('13', '12', '30', '1006', 'panadol ', '20', '150', '20', '0', '0', 'boxes', '0', '', '', '', '', '', '', NULL, '0', '0', '0', '0', '0', '0', '0000-00-00', '0000-00-00', '0000-00-00', '0', '0', '0', '0', '0', '0', '0', NULL, 'DEF', '0', '0', '0', '0'),
('14', '1', '32', '1008', 'NESCAFEE COFEE ', '0', '250', '200', '0', '0', 'boxes', '0', '', '', '', '', '', '', NULL, '0', '0', '0', '0', '0', '0', '0000-00-00', '0000-00-00', '0000-00-00', '0', '0', '0', '0', '0', '0', '0', NULL, 'DEF', '0', '0', '0', '0'),
('15', '13', '30', '1002', 'Sugar Free (Vanilla) (Double Scoop)', '12', '1500', '12', '0', '0', 'boxes', '0', '', '', '', '', '', '', NULL, '0', '0', '0', '0', '0', '0', '0000-00-00', '0000-00-00', '0000-00-00', '0', '0', '0', '0', '0', '0', '0', NULL, 'DEF', '0', '0', '0', '0'),
('16', '14', '30', '1002', 'Sugar Free (Vanilla) (Double Scoop)', '3', '1500', '3', '0', '0', 'boxes', '0', '', '', '', '', '', '', NULL, '0', '0', '0', '0', '0', '0', '0000-00-00', '0000-00-00', '0000-00-00', '0', '0', '0', '0', '0', '0', '0', NULL, 'DEF', '0', '0', '0', '0'),
('17', '14', '30', '1004', 'A-HO 20/30 SEA BREAM', '1', '20', '1', '0', '0', 'boxes', '0', '', '', '', '', '', '', NULL, '0', '0', '0', '0', '0', '0', '0000-00-00', '0000-00-00', '0000-00-00', '0', '0', '0', '0', '0', '0', '0', NULL, 'DEF', '0', '0', '0', '0'),
('18', '15', '30', '500166666', 'Test Item', '1', '0', '1', '0', '0', 'boxes', '1', '', '', '', '', '', '', NULL, '0', '0', '0', '0', '0', '0', '0000-00-00', '0000-00-00', '0000-00-00', '0', '0', '0', '0', '0', '0', '0', NULL, 'DEF', '0', '0', '0', '0'),
('19', '15', '30', '1006', 'panadol ', '1', '10', '1', '0', '0', 'boxes', '0', '', '', '', '', '', '', NULL, '0', '0', '0', '0', '0', '0', '0000-00-00', '0000-00-00', '0000-00-00', '0', '0', '0', '0', '0', '0', '0', NULL, 'DEF', '0', '0', '0', '0'),
('20', '15', '30', '1004', 'A-HO 20/30 SEA BREAM', '1', '0', '1', '0', '0', 'boxes', '0', '', '', '', '', '', '', NULL, '0', '0', '0', '0', '0', '0', '0000-00-00', '0000-00-00', '0000-00-00', '0', '0', '0', '0', '0', '0', '0', NULL, 'DEF', '0', '0', '0', '0'),
('21', '15', '30', '1005', 'RIBBON FISH ', '1', '0', '1', '0', '0', 'boxes', '0', '', '', '', '', '', '', NULL, '0', '0', '0', '0', '0', '0', '0000-00-00', '0000-00-00', '0000-00-00', '0', '0', '0', '0', '0', '0', '0', NULL, 'DEF', '0', '0', '0', '0'),
('22', '2', '32', '1006', 'panadol ', '0', '150', '1', '0', '0', 'boxes', '0', '', '', '', '', '', '', NULL, '0', '0', '0', '0', '0', '0', '0000-00-00', '0000-00-00', '0000-00-00', '0', '0', '0', '0', '0', '0', '0', NULL, 'DEF', '0', '0', '0', '0'),
('24', '3', '32', '101238', 'HP LAPTOP', '0', '0', '1', '0', '0', 'pcs', '0', '', '', '', '', '', '', NULL, '0', '0', '0', '0', '0', '0', '0000-00-00', '0000-00-00', '0000-00-00', '0', '0', '0', '0', '0', '0', '0', NULL, 'DEF', '0', '0', '0', '0'),
('25', '17', '30', '101240', 'Testing Item 2', '2', '500', '2', '0', '0', 'boxes', '0', '', '', '', '', '', '', NULL, '0', '0', '0', '0', '0', '0', '0000-00-00', '0000-00-00', '0000-00-00', '0', '0', '0', '0', '0', '0', '0', NULL, 'DEF', '0', '0', '0', '0'),
('26', '18', '30', '101240', 'Testing Item 2', '2', '500', '2', '0', '0', 'boxes', '0', '', '', '', '', '', '', NULL, '0', '0', '0', '0', '0', '0', '0000-00-00', '0000-00-00', '0000-00-00', '0', '0', '0', '0', '0', '0', '0', NULL, 'DEF', '0', '0', '0', '0'),
('27', '19', '30', '101240', 'Testing Item 2', '2', '500', '2', '0', '0', 'boxes', '0', '', '', '', '', '', '', NULL, '0', '0', '0', '0', '0', '0', '0000-00-00', '0000-00-00', '0000-00-00', '0', '0', '0', '0', '0', '0', '0', NULL, 'DEF', '0', '0', '0', '0'),
('28', '20', '30', '101240', 'Testing Item 2', '1', '500', '1', '0', '0', 'boxes', '0', '', '', '', '', '', '', NULL, '0', '0', '0', '0', '0', '0', '0000-00-00', '0000-00-00', '0000-00-00', '0', '0', '0', '0', '0', '0', '0', NULL, 'DEF', '0', '0', '0', '0'),
('29', '21', '30', '500166666', 'Test Item', '2', '10', '2', '0', '0', 'boxes', '1', '', '', '', '', '', '', NULL, '0', '0', '0', '0', '0', '0', '0000-00-00', '0000-00-00', '0000-00-00', '0', '0', '0', '0', '0', '0', '0', NULL, 'DEF', '0', '0', '0', '0'),
('30', '22', '30', '2001', 'Item 9', '5', '1000', '5', '0', '0', 'boxes', '0', '', '', '', '', '', '', NULL, '0', '0', '0', '0', '0', '0', '0000-00-00', '0000-00-00', '0000-00-00', '0', '0', '0', '0', '0', '0', '0', NULL, 'DEF', '0', '0', '0', '0'),
('31', '4', '32', '1006', 'panadol ', '0', '0', '5', '0', '0', 'boxes', '0', '', '', '', '', '', '', NULL, '0', '0', '0', '0', '0', '0', '0000-00-00', '0000-00-00', '0000-00-00', '0', '0', '0', '0', '0', '0', '0', NULL, 'DEF', '0', '0', '0', '0'),
('32', '23', '30', '1010', 'ROYAL FAN', '5', '0', '5', '0', '0', 'boxes', '0', '', '', '', '', '', '', NULL, '0', '0', '0', '0', '0', '0', '0000-00-00', '0000-00-00', '0000-00-00', '0', '0', '0', '0', '0', '0', '0', NULL, 'DEF', '0', '0', '0', '0'),
('33', '24', '30', '2001', 'Item 9', '1', '1000', '1', '0', '0', 'boxes', '0', '', '', '', '', '', '', NULL, '0', '0', '0', '0', '0', '0', '0000-00-00', '0000-00-00', '0000-00-00', '0', '0', '0', '0', '0', '0', '0', NULL, 'DEF', '0', '0', '0', '0'),
('34', '25', '30', '500166666', 'Test Item', '4', '2000', '4', '0', '0', 'boxes', '1', '', '', '', '', '', '', NULL, '0', '0', '0', '0', '0', '0', '0000-00-00', '0000-00-00', '0000-00-00', '0', '0', '0', '0', '0', '0', '0', NULL, 'DEF', '0', '0', '0', '0'),
('35', '25', '30', '1002', 'Sugar Free (Vanilla) (Double Scoop)', '10', '1000', '10', '0', '0', 'boxes', '0', '', '', '', '', '', '', NULL, '0', '0', '0', '0', '0', '0', '0000-00-00', '0000-00-00', '0000-00-00', '0', '0', '0', '0', '0', '0', '0', NULL, 'DEF', '0', '0', '0', '0'),
('36', '26', '30', '500166666', 'Test Item', '1', '10', '1', '0', '0', 'boxes', '1', '', '', '', '', '', '', NULL, '0', '0', '0', '0', '0', '0', '0000-00-00', '0000-00-00', '0000-00-00', '0', '0', '0', '0', '0', '0', '0', NULL, 'DEF', '0', '0', '0', '0'),
('37', '27', '30', '500166666', 'Test Item', '2', '500', '2', '0', '0', 'boxes', '1', '', '', '', '', '', '', NULL, '0', '0', '0', '0', '0', '0', '0000-00-00', '0000-00-00', '0000-00-00', '0', '0', '0', '0', '0', '0', '0', NULL, 'DEF', '0', '0', '0', '0'),
('38', '28', '30', '1005', 'RIBBON FISH ', '250', '2', '250', '0', '0', 'boxes', '0', '', '', '', '', '', '', NULL, '0', '0', '0', '0', '0', '0', '0000-00-00', '0000-00-00', '0000-00-00', '0', '0', '0', '0', '0', '0', '0', NULL, 'DEF', '0', '0', '0', '0'),
('39', '29', '30', '1005', 'RIBBON FISH ', '250', '2', '250', '0', '0', 'boxes', '0', '', '', '', '', '', '', NULL, '0', '0', '0', '0', '0', '0', '0000-00-00', '0000-00-00', '0000-00-00', '0', '0', '0', '0', '0', '0', '0', NULL, 'DEF', '0', '0', '0', '0'),
('40', '30', '30', '3009', 'Branded SMS', '100000', '0.4', '100000', '0', '0', 'boxes', '0', '', '', '', '', '', '', NULL, '0', '0', '0', '0', '0', '0', '0000-00-00', '0000-00-00', '0000-00-00', '0', '0', '0', '0', '0', '0', '0', NULL, 'DEF', '0', '0', '0', '0'),
('41', '31', '30', '3009', 'Branded SMS', '1', '1000', '1', '0', '0', 'boxes', '0', '', '', '', '', '', '', NULL, '0', '0', '0', '0', '0', '0', '0000-00-00', '0000-00-00', '0000-00-00', '0', '0', '0', '0', '0', '0', '0', NULL, 'DEF', '0', '0', '0', '0'),
('42', '32', '30', '1002', 'Sugar Free (Vanilla) (Double Scoop)', '8', '14', '8', '0', '0', 'boxes', '0', '', '', '', '', '', '', NULL, '0', '0', '0', '0', '0', '0', '0000-00-00', '0000-00-00', '0000-00-00', '0', '0', '0', '0', '0', '0', '0', NULL, 'DEF', '0', '0', '0', '0'),
('43', '33', '30', '500166666', 'Test Item', '0', '451200', '0', '0', '0', 'boxes', '1', '', '', '', '', '', '', NULL, '0', '0', '0', '0', '0', '0', '0000-00-00', '0000-00-00', '0000-00-00', '0', '0', '0', '0', '0', '0', '0', NULL, 'DEF', '0', '0', '0', '0'),
('44', '34', '30', '500166666', 'Test Item', '1', '120', '1', '0', '0', 'boxes', '1', '', '', '', '', '', '', NULL, '0', '0', '0', '0', '0', '0', '0000-00-00', '0000-00-00', '0000-00-00', '0', '0', '0', '0', '0', '0', '0', NULL, 'DEF', '0', '0', '0', '0'),
('45', '35', '30', '500166666', 'Test Item', '1', '10000', '1', '0', '0', 'boxes', '0', '', '', '', '', '', '', NULL, '0', '0', '0', '0', '0', '0', '0000-00-00', '0000-00-00', '0000-00-00', '0', '0', '0', '0', '0', '0', '0', NULL, 'DEF', '0', '0', '0', '0'),
('46', '36', '30', '1008', 'NESCAFEE COFEE ', '2', '400', '2', '0', '0', 'boxes', '0', '', '', '', '', '', '', NULL, '0', '0', '0', '0', '0', '0', '0000-00-00', '0000-00-00', '0000-00-00', '0', '0', '0', '0', '0', '0', '0', NULL, 'DEF', '0', '0', '0', '0'),
('47', '37', '30', '1006', 'panadol ', '1', '450', '1', '0', '0', 'boxes', '0', '', '', '', '', '', '', NULL, '0', '0', '0', '0', '0', '0', '0000-00-00', '0000-00-00', '0000-00-00', '0', '0', '0', '0', '0', '0', '0', NULL, 'DEF', '0', '0', '0', '0'),
('48', '38', '30', '3002', 'Daikool 5685', '1', '1500', '1', '0', '0', 'pcs', '0', '', '', '', '', '', '', NULL, '0', '0', '0', '0', '0', '0', '0000-00-00', '0000-00-00', '0000-00-00', '0', '0', '0', '0', '0', '0', '0', NULL, 'DEF', '0', '0', '0', '0'),
('49', '39', '30', '3020', 'Service Charges', '1', '700', '1', '0', '0', 'boxes', '0', '', '', '', '', '', '', NULL, '0', '0', '0', '0', '0', '0', '0000-00-00', '0000-00-00', '0000-00-00', '0', '0', '0', '0', '0', '0', '0', NULL, 'DEF', '0', '0', '0', '0'),
('50', '40', '30', '3021', 'Gold 24k', '80', '0', '80', '0', '0', 'boxes', '0', '', '', '', '', '', '', NULL, '0', '0', '0', '0', '0', '0', '0000-00-00', '0000-00-00', '0000-00-00', '0', '0', '0', '0', '0', '0', '0', NULL, 'DEF', '0', '0', '0', '0'),
('51', '40', '30', '3020', 'Service Charges', '1', '700', '1', '0', '0', 'boxes', '0', '', '', '', '', '', '', NULL, '0', '0', '0', '0', '0', '0', '0000-00-00', '0000-00-00', '0000-00-00', '0', '0', '0', '0', '0', '0', '0', NULL, 'DEF', '0', '0', '0', '0'),
('52', '41', '30', '1009', 'HP LAPTOP', '20', '40000', '20', '0', '0', 'boxes', '0', '', '', '', '', '', '', NULL, '0', '0', '0', '0', '0', '0', '0000-00-00', '0000-00-00', '0000-00-00', '0', '0', '0', '0', '0', '0', '0', NULL, 'DEF', '0', '0', '0', '0'),
('53', '42', '30', '500166666', 'Test Item', '1', '10', '1', '0', '0', 'boxes', '0', '', '', '', '', '', '', NULL, '0', '0', '0', '0', '0', '0', '0000-00-00', '0000-00-00', '0000-00-00', '0', '0', '0', '0', '0', '0', '0', NULL, 'DEF', '0', '0', '0', '0'),
('54', '43', '30', '1002', 'Sugar Free (Vanilla) (Double Scoop)', '1', '110502.36', '1', '0', '0', 'boxes', '0', '', '', '', '', '', '', NULL, '0', '0', '0', '0', '0', '0', '0000-00-00', '0000-00-00', '0000-00-00', '0', '0', '0', '0', '0', '0', '0', NULL, 'DEF', '0', '0', '0', '0'),
('55', '44', '30', '500166666', 'Test Item', '1', '2.5', '1', '0', '0', 'boxes', '0', '', '', '', '', '', '', NULL, '0', '0', '0', '0', '0', '0', '0000-00-00', '0000-00-00', '0000-00-00', '0', '0', '0', '0', '0', '0', '0', NULL, 'DEF', '0', '0', '0', '0'),
('56', '45', '30', '1002', 'Sugar Free (Vanilla) (Double Scoop)', '5', '50', '5', '0', '0', 'boxes', '0', '', '', '', '', '', '', NULL, '0', '0', '0', '0', '0', '0', '0000-00-00', '0000-00-00', '0000-00-00', '0', '0', '0', '0', '0', '0', '0', NULL, 'DEF', '0', '0', '0', '0'),
('57', '46', '30', '1005', 'RIBBON FISH ', '2', '500', '2', '0', '0', 'boxes', '0', '', '', '', '', '', '', NULL, '0', '0', '0', '0', '0', '0', '0000-00-00', '0000-00-00', '0000-00-00', '0', '0', '0', '0', '0', '0', '0', NULL, 'DEF', '0', '0', '0', '0'),
('58', '47', '30', '30010', 'Haldi', '2', '1000', '2', '0', '0', 'boxes', '0', '', '', '', '', '', '', NULL, '0', '0', '0', '0', '0', '0', '0000-00-00', '0000-00-00', '0000-00-00', '0', '0', '0', '0', '0', '0', '0', NULL, 'DEF', '0', '0', '0', '0'),
('59', '47', '30', '30011', 'Zera', '1', '1410', '1', '0', '0', 'boxes', '0', '', '', '', '', '', '', NULL, '0', '0', '0', '0', '0', '0', '0000-00-00', '0000-00-00', '0000-00-00', '0', '0', '0', '0', '0', '0', '0', NULL, 'DEF', '0', '0', '0', '0'),
('60', '48', '30', '500166666', 'Test Item', '5', '100', '5', '0', '0', 'boxes', '0', '', '', '', '', '', '', NULL, '0', '0', '0', '0', '0', '0', '0000-00-00', '0000-00-00', '0000-00-00', '0', '0', '0', '0', '0', '0', '0', NULL, 'DEF', '0', '0', '0', '0'),
('61', '49', '30', '500166666', 'Test Item', '1', '100', '1', '0', '0', 'boxes', '0', '', '', '', '', '', '', NULL, '0', '0', '0', '0', '0', '0', '0000-00-00', '0000-00-00', '0000-00-00', '0', '0', '0', '0', '0', '0', '0', NULL, 'DEF', '0', '0', '0', '0'),
('62', '5', '32', '1002', 'Sugar Free (Vanilla) (Double Scoop)', '0', '500', '500', '0', '0', 'boxes', '0', '', '', '', '', '', '', NULL, '0', '0', '0', '0', '0', '0', '0000-00-00', '0000-00-00', '0000-00-00', '0', '0', '0', '0', '0', '0', '0', NULL, 'DEF', '0', '0', '0', '0'),
('63', '50', '30', '1002', 'Sugar Free (Vanilla) (Double Scoop)', '20', '7500', '20', '0', '0', 'boxes', '0', '', '', '', '', '', '', NULL, '0', '0', '0', '0', '0', '0', '0000-00-00', '0000-00-00', '0000-00-00', '0', '0', '0', '0', '0', '0', '0', NULL, 'DEF', '0', '0', '0', '0'),
('64', '51', '30', '1005', 'RIBBON FISH ', '1', '0', '1', '0', '0', 'boxes', '0', '', '', '', '', '', '', NULL, '0', '0', '0', '0', '0', '0', '0000-00-00', '0000-00-00', '0000-00-00', '0', '0', '0', '0', '0', '0', '0', NULL, 'DEF', '0', '0', '0', '0'),
('65', '52', '30', '1002', 'Sugar Free (Vanilla) (Double Scoop)', '15', '1500', '15', '0', '0', 'boxes', '0', '', '', '', '', '', '', NULL, '0', '0', '0', '0', '0', '0', '0000-00-00', '0000-00-00', '0000-00-00', '0', '0', '0', '0', '0', '0', '0', NULL, 'DEF', '0', '0', '0', '0'),
('66', '52', '30', '1006', 'panadol ', '20', '10', '20', '0', '0', 'boxes', '0', '', '', '', '', '', '', NULL, '0', '0', '0', '0', '0', '0', '0000-00-00', '0000-00-00', '0000-00-00', '0', '0', '0', '0', '0', '0', '0', NULL, 'DEF', '0', '0', '0', '0'),
('67', '53', '30', '1002', 'Sugar Free (Vanilla) (Double Scoop)', '15', '2200', '15', '0', '0', 'boxes', '0', '', '', '', '', '', '', NULL, '0', '0', '0', '0', '0', '0', '0000-00-00', '0000-00-00', '0000-00-00', '0', '0', '0', '0', '0', '0', '0', NULL, 'DEF', '0', '0', '0', '0'),
('68', '54', '30', '1005', 'RIBBON FISH ', '1', '1000', '1', '0', '0', 'boxes', '0', '', '', '', '', '', '', NULL, '0', '0', '0', '0', '0', '0', '0000-00-00', '0000-00-00', '0000-00-00', '0', '0', '0', '0', '0', '0', '0', NULL, 'DEF', '0', '0', '0', '0'),
('69', '54', '30', '1006', 'panadol ', '1', '2000', '1', '0', '0', 'boxes', '0', '', '', '', '', '', '', NULL, '0', '0', '0', '0', '0', '0', '0000-00-00', '0000-00-00', '0000-00-00', '0', '0', '0', '0', '0', '0', '0', NULL, 'DEF', '0', '0', '0', '0'),
('70', '55', '30', '3024', 'nova pipes testing', '1', '100', '1', '0', '0', 'boxes', '0', '', '', '', '', '', '', NULL, '0', '0', '0', '0', '0', '0', '0000-00-00', '0000-00-00', '0000-00-00', '0', '0', '0', '0', '0', '0', '4', NULL, 'DEF', '0', '0', '0', '0'),
('71', '56', '30', '3028', 'Batch testing 44', '1', '100', '1', '0', '0', 'boxes', '0', '', '', '', '', '', '', NULL, '0', '0', '0', '0', '0', '0', '0000-00-00', '0000-00-00', '0000-00-00', '0', '0', '0', '0', '0', '0', '12', NULL, 'DEF', '0', '0', '0', '0'),
('72', '57', '30', '3028', 'Batch testing 44', '9', '0', '9', '0', '0', 'boxes', '0', '', '', '', '', '', '', NULL, '0', '0', '0', '0', '0', '0', '0000-00-00', '0000-00-00', '0000-00-00', '0', '0', '0', '0', '0', '0', '12', NULL, 'DEF', '0', '0', '0', '0'),
('73', '58', '30', '1002', 'Sugar Free (Vanilla) (Double Scoop)', '1', '0', '1', '0', '0', 'boxes', '0', '', '', '', '', '', '', NULL, '0', '0', '0', '0', '0', '0', '0000-00-00', '0000-00-00', '0000-00-00', '0', '0', '0', '0', '0', '0', '1', NULL, 'DEF', '0', '0', '0', '0'),
('74', '59', '30', '1004', 'A-HO 20/30 SEA BREAM', '10', '1000', '10', '0', '0', 'boxes', '0', '', '', '', '', '', '', NULL, '0', '0', '0', '0', '0', '0', '0000-00-00', '0000-00-00', '0000-00-00', '0', '0', '0', '0', '0', '0', '0', NULL, 'DEF', '0', '0', '0', '0'),
('75', '60', '30', '3011', 'AIR MOUSE C120 FOR ANDROID AND SMART TV', '50', '420', '50', '0', '0.04', 'boxes', '0', '', '', '', '', '', '', NULL, '0', '0', '0', '0', '0', '0', '0000-00-00', '0000-00-00', '0000-00-00', '0', '0', '0', '0', '0', '0', '0', NULL, 'DEF', '0', '0', '0', '0'),
('76', '60', '30', '3012', 'RS 232 ZTEK CABLE', '50', '240', '50', '0', '0.04', 'boxes', '0', '', '', '', '', '', '', NULL, '0', '0', '0', '0', '0', '0', '0000-00-00', '0000-00-00', '0000-00-00', '0', '0', '0', '0', '0', '0', '0', NULL, 'DEF', '0', '0', '0', '0'),
('77', '60', '30', '3013', 'CAR DVR MIRROR DUAL CAMERA FRONT/BACK 1080P', '2', '3000', '2', '0', '0', 'boxes', '0', '', '', '', '', '', '', NULL, '0', '0', '0', '0', '0', '0', '0000-00-00', '0000-00-00', '0000-00-00', '0', '0', '0', '0', '0', '0', '0', NULL, 'DEF', '0', '0', '0', '0'),
('78', '60', '30', '3014', 'CASH DRAWER', '2', '5000', '2', '0', '0.04', 'boxes', '0', '', '', '', '', '', '', NULL, '0', '0', '0', '0', '0', '0', '0000-00-00', '0000-00-00', '0000-00-00', '0', '0', '0', '0', '0', '0', '0', NULL, 'DEF', '0', '0', '0', '0'),
('79', '61', '30', '3011', 'AIR MOUSE C120 FOR ANDROID AND SMART TV', '100', '420', '100', '0', '0', 'boxes', '0', '', '', '', '', '', '', NULL, '0', '0', '0', '0', '0', '0', '0000-00-00', '0000-00-00', '0000-00-00', '0', '0', '0', '0', '0', '0', '0', NULL, 'DEF', '0', '0', '0', '0'),
('80', '61', '30', '3012', 'RS 232 ZTEK CABLE', '75', '240', '75', '0', '0', 'boxes', '0', '', '', '', '', '', '', NULL, '0', '0', '0', '0', '0', '0', '0000-00-00', '0000-00-00', '0000-00-00', '0', '0', '0', '0', '0', '0', '0', NULL, 'DEF', '0', '0', '0', '0'),
('81', '61', '30', '3013', 'CAR DVR MIRROR DUAL CAMERA FRONT/BACK 1080P', '50', '3000', '50', '0', '0', 'boxes', '0', '', '', '', '', '', '', NULL, '0', '0', '0', '0', '0', '0', '0000-00-00', '0000-00-00', '0000-00-00', '0', '0', '0', '0', '0', '0', '0', NULL, 'DEF', '0', '0', '0', '0'),
('82', '61', '30', '3014', 'CASH DRAWER', '40', '5000', '40', '0', '0.04', 'boxes', '0', '', '', '', '', '', '', NULL, '0', '0', '0', '0', '0', '0', '0000-00-00', '0000-00-00', '0000-00-00', '0', '0', '0', '0', '0', '0', '0', NULL, 'DEF', '0', '0', '0', '0'),
('83', '62', '30', '3014', 'CASH DRAWER', '8', '5000', '8', '0', '0.02', 'boxes', '0', '', '', '', '', '', '', NULL, '0', '0', '0', '0', '0', '0', '0000-00-00', '0000-00-00', '0000-00-00', '0', '0', '0', '0', '0', '0', '0', NULL, 'DEF', '0', '0', '0', '0'),
('84', '63', '30', '3012', 'RS 232 ZTEK CABLE', '30', '240', '30', '0', '0.04', 'boxes', '0', '', '', '', '', '', '', NULL, '0', '0', '0', '0', '0', '0', '0000-00-00', '0000-00-00', '0000-00-00', '0', '0', '0', '0', '0', '0', '0', NULL, 'DEF', '0', '0', '0', '0'),
('85', '63', '30', '3013', 'CAR DVR MIRROR DUAL CAMERA FRONT/BACK 1080P', '48', '3000', '48', '0', '0.04', 'boxes', '0', '', '', '', '', '', '', NULL, '0', '0', '0', '0', '0', '0', '0000-00-00', '0000-00-00', '0000-00-00', '0', '0', '0', '0', '0', '0', '0', NULL, 'DEF', '0', '0', '0', '0'),
('86', '64', '30', '3011', 'AIR MOUSE C120 FOR ANDROID AND SMART TV', '10', '650', '10', '0', '0.04', 'boxes', '0', '', '', '', '', '', '', NULL, '0', '0', '0', '0', '0', '0', '0000-00-00', '0000-00-00', '0000-00-00', '0', '0', '0', '0', '0', '0', '0', NULL, 'DEF', '0', '0', '0', '0'),
('87', '6', '32', '1002', 'Sugar Free (Vanilla) (Double Scoop)', '1', '200', '1', '0', '0', 'boxes', '0', '', '', '', '', '', '', NULL, '0', '0', '0', '0', '0', '0', '0000-00-00', '0000-00-00', '0000-00-00', '0', '0', '0', '0', '0', '0', '0', NULL, 'DEF', '0', '0', '0', '0'),
('88', '65', '30', '1002', 'Sugar Free (Vanilla) (Double Scoop)', '1', '200', '1', '0', '0', 'boxes', '0', '', '', '', '', '', '', NULL, '0', '0', '0', '0', '0', '0', '0000-00-00', '0000-00-00', '0000-00-00', '0', '0', '0', '0', '0', '0', '0', NULL, 'DEF', '0', '0', '0', '0');

### Structure of table `0_sales_orders` ###

DROP TABLE IF EXISTS `0_sales_orders`;

CREATE TABLE `0_sales_orders` (
  `order_no` int(11) NOT NULL,
  `trans_type` smallint(6) NOT NULL DEFAULT '30',
  `version` tinyint(1) unsigned NOT NULL DEFAULT '0',
  `type` tinyint(1) NOT NULL DEFAULT '0',
  `debtor_no` int(11) NOT NULL DEFAULT '0',
  `branch_code` int(11) NOT NULL DEFAULT '0',
  `reference` varchar(100) COLLATE utf8_unicode_ci NOT NULL DEFAULT '',
  `customer_ref` tinytext COLLATE utf8_unicode_ci NOT NULL,
  `comments` tinytext COLLATE utf8_unicode_ci,
  `ord_date` date NOT NULL DEFAULT '0000-00-00',
  `order_type` int(11) NOT NULL DEFAULT '0',
  `ship_via` int(11) NOT NULL DEFAULT '0',
  `delivery_address` tinytext COLLATE utf8_unicode_ci NOT NULL,
  `contact_phone` varchar(30) COLLATE utf8_unicode_ci DEFAULT NULL,
  `contact_email` varchar(100) COLLATE utf8_unicode_ci DEFAULT NULL,
  `deliver_to` tinytext COLLATE utf8_unicode_ci NOT NULL,
  `freight_cost` double NOT NULL DEFAULT '0',
  `from_stk_loc` varchar(5) COLLATE utf8_unicode_ci NOT NULL DEFAULT '',
  `delivery_date` date NOT NULL DEFAULT '0000-00-00',
  `payment_terms` int(11) DEFAULT NULL,
  `total` double NOT NULL DEFAULT '0',
  `prep_amount` double NOT NULL DEFAULT '0',
  `alloc` double NOT NULL DEFAULT '0',
  `sample` tinyint(4) NOT NULL,
  `supply` tinyint(4) NOT NULL,
  `dc` tinyint(4) NOT NULL,
  `invoice` tinyint(4) NOT NULL,
  `application` varchar(60) COLLATE utf8_unicode_ci NOT NULL,
  `discount1` double NOT NULL,
  `discount2` double NOT NULL,
  `disc1` double NOT NULL,
  `disc2` double NOT NULL,
  `po_date` date NOT NULL DEFAULT '0000-00-00',
  `term_cond` longtext COLLATE utf8_unicode_ci,
  `h_text1` varchar(55) COLLATE utf8_unicode_ci NOT NULL,
  `h_text2` varchar(55) COLLATE utf8_unicode_ci NOT NULL,
  `h_text3` varchar(55) COLLATE utf8_unicode_ci NOT NULL,
  `h_text4` varchar(55) COLLATE utf8_unicode_ci NOT NULL,
  `h_text5` varchar(55) COLLATE utf8_unicode_ci NOT NULL,
  `h_text6` varchar(55) COLLATE utf8_unicode_ci NOT NULL,
  `h_amount1` double NOT NULL,
  `h_amount2` double NOT NULL,
  `h_amount3` double NOT NULL,
  `h_date1` date NOT NULL DEFAULT '0000-00-00',
  `h_date2` date NOT NULL DEFAULT '0000-00-00',
  `h_date3` date NOT NULL DEFAULT '0000-00-00',
  `h_combo1` int(11) NOT NULL,
  `h_combo2` int(11) NOT NULL,
  `h_combo3` int(11) NOT NULL,
  `f_text1` varchar(55) COLLATE utf8_unicode_ci NOT NULL,
  `f_text2` varchar(55) COLLATE utf8_unicode_ci NOT NULL,
  `f_text3` varchar(55) COLLATE utf8_unicode_ci NOT NULL,
  `f_text4` varchar(55) COLLATE utf8_unicode_ci NOT NULL,
  `f_text5` varchar(55) COLLATE utf8_unicode_ci NOT NULL,
  `f_text6` varchar(55) COLLATE utf8_unicode_ci NOT NULL,
  `f_text7` varchar(55) COLLATE utf8_unicode_ci NOT NULL,
  `f_text8` varchar(55) COLLATE utf8_unicode_ci NOT NULL,
  `f_text9` varchar(55) COLLATE utf8_unicode_ci NOT NULL,
  `f_text10` varchar(55) COLLATE utf8_unicode_ci NOT NULL,
  `f_date1` date NOT NULL DEFAULT '0000-00-00',
  `f_date2` date NOT NULL DEFAULT '0000-00-00',
  `f_date3` date NOT NULL DEFAULT '0000-00-00',
  `f_combo1` int(11) NOT NULL,
  `f_combo2` int(11) NOT NULL,
  `f_combo3` int(11) NOT NULL,
  `f_comment1` text COLLATE utf8_unicode_ci NOT NULL,
  `f_comment2` text COLLATE utf8_unicode_ci NOT NULL,
  `f_comment3` text COLLATE utf8_unicode_ci NOT NULL,
  `salesman` int(11) NOT NULL,
  `dimension_id` int(11) NOT NULL,
  `dimension2_id` int(11) NOT NULL,
  `cash_received` int(11) NOT NULL,
  `QuoteNo` int(11) NOT NULL,
  `approval` tinyint(1) NOT NULL DEFAULT '0',
  `total_discount` double NOT NULL,
  `so_advance` double NOT NULL,
  `card_num` int(11) NOT NULL,
  `total_discount_pos` double NOT NULL,
  `order_time` time NOT NULL,
  `cash_recieved` double NOT NULL,
  `w_id` int(11) NOT NULL,
  PRIMARY KEY (`trans_type`,`order_no`)
) ENGINE=InnoDB DEFAULT CHARSET=utf8 COLLATE=utf8_unicode_ci ;

### Data of table `0_sales_orders` ###

INSERT INTO `0_sales_orders` VALUES
('1', '30', '1', '0', '4', '4', 'auto', '', NULL, '2018-10-20', '1', '1', '', NULL, NULL, 'AMIR MEDICAL  ', '0', 'DEF', '2018-10-30', '3', '175.5', '0', '0', '0', '0', '0', '0', '', '0', '0', '0', '0', '2018-10-20', NULL, '', '', '', '', '', '', '0', '0', '0', '0000-00-00', '0000-00-00', '0000-00-00', '0', '0', '0', '', '', '', '', '', '', '', '', '', '', '0000-00-00', '0000-00-00', '0000-00-00', '0', '0', '0', '', '', '', '0', '0', '0', '0', '0', '0', '0', '0', '0', '0', '00:00:00', '0', '0'),
('2', '30', '1', '0', '6', '6', 'auto', '', NULL, '2018-10-20', '1', '1', '', NULL, NULL, 'AMIR MEDICAL  ', '0', 'DEF', '2018-10-20', '5', '204750', '0', '0', '0', '0', '0', '0', '', '0', '0', '0', '0', '2018-10-20', NULL, '', '', '', '', '', '', '0', '0', '0', '0000-00-00', '0000-00-00', '0000-00-00', '0', '0', '0', '', '', '', '', '', '', '', '', '', '', '0000-00-00', '0000-00-00', '0000-00-00', '0', '0', '0', '', '', '', '0', '0', '0', '0', '0', '0', '0', '0', '0', '0', '00:00:00', '0', '0'),
('3', '30', '5', '0', '7', '7', 'SO001/10/2018', '', NULL, '2018-10-20', '1', '1', '', NULL, NULL, 'M.M GROUP OF COMPANIES ', '0', 'DEF', '2018-10-21', '5', '181350', '0', '0', '0', '0', '0', '0', '', '0', '0', '0', '0', '2018-10-20', NULL, '', '', '', '', '', '', '0', '0', '0', '0000-00-00', '0000-00-00', '0000-00-00', '0', '0', '0', '', '', '', '', '', '', '', '', '', '', '0000-00-00', '0000-00-00', '0000-00-00', '0', '0', '0', '', '', '', '0', '0', '0', '0', '0', '0', '0', '0', '0', '0', '00:00:00', '0', '0'),
('4', '30', '2', '0', '4', '4', 'SO002/10/2018', '', NULL, '2018-10-20', '1', '1', '', NULL, NULL, 'AMIR MEDICAL  ', '0', 'DEF', '2018-10-21', '5', '2340', '0', '0', '0', '0', '0', '0', '', '0', '0', '0', '0', '2018-10-20', NULL, '', '', '', '', '', '', '0', '0', '0', '0000-00-00', '0000-00-00', '0000-00-00', '0', '0', '0', '', '', '', '', '', '', '', '', '', '', '0000-00-00', '0000-00-00', '0000-00-00', '0', '0', '0', '', '', '', '0', '0', '0', '0', '0', '0', '0', '0', '0', '0', '00:00:00', '0', '0'),
('5', '30', '2', '0', '3', '3', 'SO003/10/2018', '', NULL, '2018-10-22', '1', '1', '', NULL, NULL, 'SHUJAT HYDER ', '0', 'DEF', '2018-10-23', '5', '3510', '0', '0', '0', '0', '0', '0', '', '0', '0', '0', '0', '2018-10-22', NULL, '', '', '', '', '', '', '0', '0', '0', '0000-00-00', '0000-00-00', '0000-00-00', '0', '0', '0', '', '', '', '', '', '', '', '', '', '', '0000-00-00', '0000-00-00', '0000-00-00', '0', '0', '0', '', '', '', '0', '0', '0', '0', '0', '0', '0', '0', '0', '0', '00:00:00', '0', '0'),
('6', '30', '1', '0', '4', '4', 'SO004/10/2018', '', NULL, '2018-10-22', '1', '1', '', NULL, NULL, 'AMIR MEDICAL  ', '0', 'DEF', '2018-10-23', '5', '6084', '0', '0', '0', '0', '0', '0', '', '0', '0', '0', '0', '2018-10-22', NULL, '', '', '', '', '', '', '0', '0', '0', '0000-00-00', '0000-00-00', '0000-00-00', '0', '0', '0', '', '', '', '', '', '', '', '', '', '', '0000-00-00', '0000-00-00', '0000-00-00', '0', '0', '0', '', '', '', '0', '0', '0', '0', '0', '0', '0', '0', '0', '0', '00:00:00', '0', '0'),
('7', '30', '1', '0', '6', '6', 'auto', '', NULL, '2018-10-22', '1', '1', '', NULL, NULL, 'AMIR MEDICAL  ', '0', 'DEF', '2018-10-22', '5', '3510', '0', '0', '0', '0', '0', '0', '', '0', '0', '0', '0', '2018-10-22', NULL, '', '', '', '', '', '', '0', '0', '0', '0000-00-00', '0000-00-00', '0000-00-00', '0', '0', '0', '', '', '', '', '', '', '', '', '', '', '0000-00-00', '0000-00-00', '0000-00-00', '0', '0', '0', '', '', '', '0', '0', '0', '0', '0', '0', '0', '0', '0', '0', '00:00:00', '0', '0'),
('8', '30', '1', '0', '6', '6', 'auto', '', NULL, '2018-10-22', '1', '1', '', NULL, NULL, '', '0', 'DEF', '2018-10-22', '5', '2632.5', '0', '0', '0', '0', '0', '0', '', '0', '0', '0', '0', '2018-10-22', NULL, '', '', '', '', '', '', '0', '0', '0', '0000-00-00', '0000-00-00', '0000-00-00', '0', '0', '0', '', '', '', '', '', '', '', '', '', '', '0000-00-00', '0000-00-00', '0000-00-00', '0', '0', '0', '', '', '', '0', '0', '0', '0', '0', '0', '0', '0', '0', '0', '00:00:00', '0', '0'),
('9', '30', '1', '0', '6', '6', 'SO005/10/2018', '', NULL, '2018-10-22', '1', '1', '', NULL, NULL, 'AL MAKKAH RESTURENT ', '0', 'DEF', '2018-10-23', '5', '1404000', '0', '0', '0', '0', '0', '0', '', '0', '0', '0', '0', '2018-10-22', NULL, '', '', '', '', '', '', '0', '0', '0', '0000-00-00', '0000-00-00', '0000-00-00', '0', '0', '0', '', '', '', '', '', '', '', '', '', '', '0000-00-00', '0000-00-00', '0000-00-00', '0', '0', '0', '', '', '', '0', '0', '0', '0', '0', '0', '0', '0', '0', '0', '00:00:00', '0', '0'),
('10', '30', '1', '0', '6', '6', 'SO006/10/2018', '', NULL, '2018-10-22', '1', '1', '', NULL, NULL, 'AL MAKKAH RESTURENT ', '0', 'DEF', '2018-10-23', '5', '245.7', '0', '0', '0', '0', '0', '0', '', '0', '0', '0', '0', '2018-10-22', NULL, '', '', '', '', '', '', '0', '0', '0', '0000-00-00', '0000-00-00', '0000-00-00', '0', '0', '0', '', '', '', '', '', '', '', '', '', '', '0000-00-00', '0000-00-00', '0000-00-00', '0', '0', '0', '', '', '', '0', '0', '0', '0', '0', '0', '0', '0', '0', '0', '00:00:00', '0', '0'),
('11', '30', '1', '0', '4', '4', 'auto', '', NULL, '2018-10-23', '1', '1', '', NULL, NULL, 'AMIR MEDICAL  ', '0', 'DEF', '2019-01-21', '5', '11.7', '0', '0', '0', '0', '0', '0', '', '0', '0', '0', '0', '2018-10-23', NULL, '', '', '', '', '', '', '0', '0', '0', '0000-00-00', '0000-00-00', '0000-00-00', '0', '0', '0', '', '', '', '', '', '', '', '', '', '', '0000-00-00', '0000-00-00', '0000-00-00', '0', '0', '0', '', '', '', '0', '0', '0', '0', '0', '0', '0', '0', '0', '0', '00:00:00', '0', '0'),
('12', '30', '2', '0', '4', '4', 'SO007/10/2018', '', NULL, '2018-10-24', '1', '1', '', NULL, NULL, 'AMIR MEDICAL  ', '0', 'DEF', '2018-10-25', '5', '3510', '0', '0', '0', '0', '0', '0', '', '0', '0', '0', '0', '2018-10-24', NULL, '', '', '', '', '', '', '0', '0', '0', '0000-00-00', '0000-00-00', '0000-00-00', '0', '0', '0', '', '', '', '', '', '', '', '', '', '', '0000-00-00', '0000-00-00', '0000-00-00', '0', '0', '0', '', '', '', '0', '0', '0', '0', '0', '0', '0', '0', '0', '0', '00:00:00', '0', '0'),
('13', '30', '1', '0', '4', '4', 'SO008/10/2018', '', NULL, '2018-10-24', '1', '1', '', NULL, NULL, 'AMIR MEDICAL  ', '0', 'DEF', '2018-10-25', '5', '21060', '0', '0', '0', '0', '0', '0', '', '0', '0', '0', '0', '2018-10-24', NULL, '', '', '', '', '', '', '0', '0', '0', '0000-00-00', '0000-00-00', '0000-00-00', '0', '0', '0', '', '', '', '', '', '', '', '', '', '', '0000-00-00', '0000-00-00', '0000-00-00', '0', '0', '0', '', '', '', '0', '0', '0', '0', '0', '0', '0', '0', '0', '0', '00:00:00', '0', '0'),
('14', '30', '3', '0', '4', '4', 'SO009/10/2018', '', NULL, '2018-10-24', '1', '1', '', NULL, NULL, 'AMIR MEDICAL  ', '0', 'DEF', '2018-10-25', '5', '5274.8', '0', '0', '0', '0', '0', '0', '', '0', '80', '0', '20', '2018-10-24', NULL, '', '', '', '', '', '', '0', '0', '0', '0000-00-00', '0000-00-00', '0000-00-00', '0', '0', '0', '', '', '', '', '', '', '', '', '', '', '0000-00-00', '0000-00-00', '0000-00-00', '0', '0', '0', '', '', '', '0', '0', '0', '0', '0', '0', '0', '1500', '0', '0', '00:00:00', '0', '0'),
('15', '30', '1', '0', '4', '4', 'auto', '', NULL, '2018-10-24', '1', '1', '', NULL, NULL, '', '0', 'DEF', '2018-10-24', '5', '11.7', '0', '0', '0', '0', '0', '0', '', '0', '0', '0', '0', '2018-10-24', NULL, '', '', '', '', '', '', '0', '0', '0', '0000-00-00', '0000-00-00', '0000-00-00', '0', '0', '0', '', '', '', '', '', '', '', '', '', '', '0000-00-00', '0000-00-00', '0000-00-00', '0', '0', '0', '', '', '', '0', '0', '0', '0', '0', '0', '0', '0', '0', '0', '00:00:00', '0', '0'),
('17', '30', '2', '0', '9', '9', 'SO011/10/2018', '', NULL, '2018-10-22', '1', '1', '', NULL, NULL, 'GLOBAL TRADE MARK ', '0', 'DEF', '2018-10-23', '5', '1000', '0', '0', '0', '0', '0', '0', '', '0', '0', '0', '0', '2018-10-25', NULL, '', '', '', '', '', '', '0', '0', '0', '0000-00-00', '0000-00-00', '0000-00-00', '0', '0', '0', '', '', '', '', '', '', '', '', '', '', '0000-00-00', '0000-00-00', '0000-00-00', '0', '0', '0', '', '', '', '0', '0', '0', '0', '0', '0', '0', '0', '0', '0', '00:00:00', '0', '0'),
('18', '30', '1', '0', '7', '7', 'SO012/10/2018', '', NULL, '2018-10-22', '1', '1', '', NULL, NULL, 'M.M GROUP OF COMPANIES ', '0', 'DEF', '2018-10-23', '5', '1119', '0', '0', '0', '0', '0', '0', '', '300', '0', '30', '0', '2018-10-25', NULL, '', '', '', '', '', '', '0', '0', '0', '0000-00-00', '0000-00-00', '0000-00-00', '0', '0', '0', '', '', '', '', '', '', '', '', '', '', '0000-00-00', '0000-00-00', '0000-00-00', '0', '0', '0', '', '', '', '0', '0', '0', '0', '0', '0', '0', '0', '0', '0', '00:00:00', '0', '0'),
('19', '30', '1', '0', '5', '5', 'SO013/10/2018', '', NULL, '2018-10-22', '1', '1', '', NULL, NULL, 'SUPER NOVA LTD ', '0', 'DEF', '2018-10-23', '5', '1170', '0', '0', '0', '0', '0', '0', '', '0', '0', '0', '0', '2018-10-25', NULL, '', '', '', '', '', '', '0', '0', '0', '0000-00-00', '0000-00-00', '0000-00-00', '0', '0', '0', '', '', '', '', '', '', '', '', '', '', '0000-00-00', '0000-00-00', '0000-00-00', '0', '0', '0', '', '', '', '0', '0', '0', '0', '0', '0', '0', '0', '0', '0', '00:00:00', '0', '0'),
('20', '30', '1', '0', '5', '5', 'SO014/10/2018', '', NULL, '2018-10-22', '1', '1', '', NULL, NULL, 'SUPER NOVA LTD ', '0', 'DEF', '2018-10-23', '5', '585', '0', '0', '0', '0', '0', '0', '', '0', '0', '0', '0', '2018-10-25', NULL, '', '', '', '', '', '', '0', '0', '0', '0000-00-00', '0000-00-00', '0000-00-00', '0', '0', '0', '', '', '', '', '', '', '', '', '', '', '0000-00-00', '0000-00-00', '0000-00-00', '0', '0', '0', '', '', '', '0', '0', '0', '0', '0', '0', '0', '0', '0', '0', '00:00:00', '0', '0'),
('21', '30', '1', '0', '4', '4', 'SO015/10/2018', '', NULL, '2018-10-22', '1', '1', '', NULL, NULL, 'AMIR MEDICAL  ', '0', 'DEF', '2018-10-23', '5', '23.4', '0', '0', '0', '0', '0', '0', '', '0', '0', '0', '0', '2018-10-25', NULL, '', '', '', '', '', '', '0', '0', '0', '0000-00-00', '0000-00-00', '0000-00-00', '0', '0', '0', '', '', '', '', '', '', '', '', '', '', '0000-00-00', '0000-00-00', '0000-00-00', '0', '0', '0', '', '', '', '0', '0', '0', '0', '0', '0', '0', '0', '0', '0', '00:00:00', '0', '0'),
('22', '30', '1', '0', '4', '4', 'SO016/10/2018', '', NULL, '2018-10-22', '1', '1', '', NULL, NULL, 'AMIR MEDICAL  ', '0', 'DEF', '2018-10-23', '5', '5850', '0', '0', '0', '0', '0', '0', '', '0', '0', '0', '0', '2018-10-25', NULL, '', '', '', '', '', '', '0', '0', '0', '0000-00-00', '0000-00-00', '0000-00-00', '0', '0', '0', '', '', '', '', '', '', '', '', '', '', '0000-00-00', '0000-00-00', '0000-00-00', '0', '0', '0', '', '', '', '0', '0', '0', '0', '0', '0', '0', '0', '0', '0', '00:00:00', '0', '0'),
('23', '30', '1', '0', '14', '14', 'auto', '', NULL, '2018-10-26', '1', '1', 'SFC', NULL, NULL, 'Muhammad Suhaib', '1000', 'DEF', '2018-11-05', '3', '1340', '0', '0', '0', '0', '0', '0', '', '0', '0', '0', '0', '2018-10-26', NULL, '', '', '', '', '', '', '0', '0', '0', '0000-00-00', '0000-00-00', '0000-00-00', '0', '0', '0', '', '', '', '', '', '', '', '', '', '', '0000-00-00', '0000-00-00', '0000-00-00', '0', '0', '0', '', '', '', '0', '0', '0', '0', '0', '0', '0', '0', '0', '0', '00:00:00', '0', '0'),
('24', '30', '1', '0', '15', '16', 'auto', '', NULL, '2018-10-27', '1', '1', '', NULL, NULL, 'Abbbs', '0', 'DEF', '2019-01-25', '5', '1170', '0', '0', '0', '0', '0', '0', '', '0', '0', '0', '0', '2018-10-27', NULL, '', '', '', '', '', '', '0', '0', '0', '0000-00-00', '0000-00-00', '0000-00-00', '0', '0', '0', '', '', '', '', '', '', '', '', '', '', '0000-00-00', '0000-00-00', '0000-00-00', '0', '0', '0', '', '', '', '0', '0', '0', '0', '0', '0', '0', '0', '0', '0', '00:00:00', '0', '0'),
('25', '30', '2', '0', '4', '4', 'SO017/10/2018', '', NULL, '2018-10-27', '2', '1', '', '00923002764282', NULL, 'AMIR MEDICAL  ', '0', 'DEF', '2018-10-28', '5', '21060', '0', '0', '0', '0', '0', '0', '', '0', '0', '0', '0', '2018-10-27', NULL, '', '', '', '', '', '', '0', '0', '0', '0000-00-00', '0000-00-00', '0000-00-00', '0', '0', '0', '', '', '', '', '', '', '', '', '', '', '0000-00-00', '0000-00-00', '0000-00-00', '0', '0', '0', '', '', '', '0', '0', '0', '0', '0', '0', '0', '0', '0', '0', '00:00:00', '0', '0'),
('26', '30', '1', '0', '4', '4', 'auto', '', NULL, '2018-10-27', '1', '1', '', NULL, NULL, 'AMIR MEDICAL  ', '0', 'DEF', '2019-01-25', '5', '11.7', '0', '0', '0', '0', '0', '0', '', '0', '0', '0', '0', '2018-10-27', NULL, '', '', '', '', '', '', '0', '0', '0', '0000-00-00', '0000-00-00', '0000-00-00', '0', '0', '0', '', '', '', '', '', '', '', '', '', '', '0000-00-00', '0000-00-00', '0000-00-00', '0', '0', '0', '', '', '', '0', '0', '0', '0', '0', '0', '0', '0', '0', '0', '00:00:00', '0', '0'),
('27', '30', '1', '0', '1', '1', 'auto', '', NULL, '2018-10-28', '1', '1', 'Karachi', NULL, NULL, 'Test Customer', '0', 'DEF', '2019-01-26', '5', '1170', '0', '0', '0', '0', '0', '0', '', '0', '0', '0', '0', '2018-10-28', NULL, '', '', '', '', '', '', '0', '0', '0', '0000-00-00', '0000-00-00', '0000-00-00', '0', '0', '0', '', '', '', '', '', '', '', '', '', '', '0000-00-00', '0000-00-00', '0000-00-00', '0', '0', '0', '', '', '', '0', '0', '0', '0', '0', '0', '0', '0', '0', '0', '00:00:00', '0', '0'),
('28', '30', '1', '0', '3', '3', 'SO018/10/2018', '', NULL, '2018-10-29', '1', '1', '', NULL, NULL, 'SHUJAT HYDER ', '0', 'DEF', '2018-10-30', '5', '585', '0', '0', '0', '0', '0', '0', '', '0', '0', '0', '0', '2018-10-29', NULL, '', '', '', '', '', '', '0', '0', '0', '0000-00-00', '0000-00-00', '0000-00-00', '0', '0', '0', '', '', '', '', '', '', '', '', '', '', '0000-00-00', '0000-00-00', '0000-00-00', '0', '0', '0', '', '', '', '0', '0', '0', '0', '0', '0', '0', '0', '0', '0', '00:00:00', '0', '0'),
('29', '30', '1', '0', '3', '3', 'auto', '', NULL, '2018-10-29', '1', '1', '', NULL, NULL, 'SHUJAT HYDER ', '0', 'DEF', '2019-01-27', '5', '585', '0', '0', '0', '0', '0', '0', '', '0', '0', '0', '0', '2018-10-29', NULL, '', '', '', '', '', '', '0', '0', '0', '0000-00-00', '0000-00-00', '0000-00-00', '0', '0', '0', '', '', '', '', '', '', '', '', '', '', '0000-00-00', '0000-00-00', '0000-00-00', '0', '0', '0', '', '', '', '0', '0', '0', '0', '0', '0', '0', '0', '0', '0', '00:00:00', '0', '0'),
('30', '30', '1', '0', '13', '13', 'auto', '', NULL, '2018-10-29', '1', '1', 'FG5434', NULL, NULL, 'FGFG', '0', 'DEF', '2019-01-27', '5', '46800', '0', '0', '0', '0', '0', '0', '', '0', '0', '0', '0', '2018-10-29', NULL, '', '', '', '', '', '', '0', '0', '0', '0000-00-00', '0000-00-00', '0000-00-00', '0', '0', '0', '', '', '', '', '', '', '', '', '', '', '0000-00-00', '0000-00-00', '0000-00-00', '0', '0', '0', '', '', '', '0', '0', '0', '0', '0', '0', '0', '0', '0', '0', '00:00:00', '0', '0'),
('31', '30', '1', '0', '13', '13', 'auto', '', NULL, '2018-10-29', '1', '1', 'FG5434', NULL, NULL, 'FGFG', '0', 'DEF', '2019-01-27', '5', '1170', '0', '0', '0', '0', '0', '0', '', '0', '0', '0', '0', '2018-10-29', NULL, '', '', '', '', '', '', '0', '0', '0', '0000-00-00', '0000-00-00', '0000-00-00', '0', '0', '0', '', '', '', '', '', '', '', '', '', '', '0000-00-00', '0000-00-00', '0000-00-00', '0', '0', '0', '', '', '', '0', '0', '0', '0', '0', '0', '0', '0', '0', '0', '00:00:00', '0', '0'),
('32', '30', '1', '0', '6', '6', 'SO019/10/2018', '', NULL, '2018-10-29', '1', '1', '', NULL, NULL, 'AL MAKKAH RESTURENT ', '0', 'DEF', '2018-10-30', '5', '131.04', '0', '0', '0', '0', '0', '0', '', '0', '0', '0', '0', '2018-10-29', NULL, '', '', '', '', '', '', '0', '0', '0', '0000-00-00', '0000-00-00', '0000-00-00', '0', '0', '0', '', '', '', '', '', '', '', '', '', '', '0000-00-00', '0000-00-00', '0000-00-00', '0', '0', '0', '', '', '', '0', '1', '0', '0', '0', '0', '0', '0', '0', '0', '00:00:00', '0', '0'),
('33', '30', '1', '0', '15', '16', 'auto', '', NULL, '2018-10-31', '1', '1', '', NULL, NULL, 'Abbbs', '0', 'DEF', '2019-01-29', '5', '550464', '0', '0', '0', '0', '0', '0', '', '0', '0', '0', '0', '2018-10-31', NULL, '', '', '', '', '', '', '0', '0', '0', '0000-00-00', '0000-00-00', '0000-00-00', '0', '0', '0', '', '', '', '', '', '', '', '', '', '', '0000-00-00', '0000-00-00', '0000-00-00', '0', '0', '0', '', '', '', '0', '0', '0', '0', '0', '0', '0', '0', '0', '0', '00:00:00', '0', '0'),
('34', '30', '1', '0', '15', '16', 'auto', '', NULL, '2018-10-31', '1', '1', '', NULL, NULL, 'Abbbs', '0', 'DEF', '2019-01-29', '5', '146.4', '0', '0', '0', '0', '0', '0', '', '0', '0', '0', '0', '2018-10-31', NULL, '', '', '', '', '', '', '0', '0', '0', '0000-00-00', '0000-00-00', '0000-00-00', '0', '0', '0', '', '', '', '', '', '', '', '', '', '', '0000-00-00', '0000-00-00', '0000-00-00', '0', '0', '0', '', '', '', '0', '0', '0', '0', '0', '0', '0', '0', '0', '0', '00:00:00', '0', '0'),
('35', '30', '1', '0', '16', '17', 'auto', '', NULL, '2018-10-01', '1', '1', 'KHI', NULL, NULL, 'NKR', '0', 'DEF', '2018-12-30', '5', '12200', '0', '0', '0', '0', '0', '0', '', '0', '0', '0', '0', '2018-11-02', NULL, '', '', '', '', '', '', '0', '0', '0', '0000-00-00', '0000-00-00', '0000-00-00', '0', '0', '0', '', '', '', '', '', '', '', '', '', '', '0000-00-00', '0000-00-00', '0000-00-00', '0', '0', '0', '', '', '', '0', '0', '0', '0', '0', '0', '0', '0', '0', '0', '00:00:00', '0', '0'),
('36', '30', '1', '0', '9', '9', 'SO001/11/2018', '', NULL, '2018-11-03', '1', '1', '', NULL, NULL, 'GLOBAL TRADE MARK ', '0', 'DEF', '2018-11-04', '5', '976', '0', '0', '0', '0', '0', '0', '', '0', '0', '0', '0', '2018-11-03', NULL, '', '', '', '', '', '', '0', '0', '0', '0000-00-00', '0000-00-00', '0000-00-00', '0', '0', '0', '', '', '', '', '', '', '', '', '', '', '0000-00-00', '0000-00-00', '0000-00-00', '0', '0', '0', '', '', '', '0', '0', '0', '0', '0', '0', '0', '0', '0', '0', '00:00:00', '0', '0'),
('37', '30', '1', '0', '4', '4', 'SO002/11/2018', '', NULL, '2018-11-03', '1', '1', '', NULL, NULL, 'AMIR MEDICAL  ', '0', 'DEF', '2018-11-04', '5', '526.5', '0', '0', '0', '0', '0', '0', '', '0', '0', '0', '0', '2018-11-03', NULL, '', '', '', '', '', '', '0', '0', '0', '0000-00-00', '0000-00-00', '0000-00-00', '0', '0', '0', '', '', '', '', '', '', '', '', '', '', '0000-00-00', '0000-00-00', '0000-00-00', '0', '0', '0', '', '', '', '0', '0', '0', '0', '0', '1', '0', '0', '0', '0', '00:00:00', '0', '0'),
('38', '30', '1', '0', '8', '8', 'SO003/11/2018', '', NULL, '2018-11-03', '1', '1', '', NULL, NULL, 'SOHAIL AND CO PVT LTD ', '0', 'DEF', '2018-11-04', '5', '1830', '0', '0', '0', '0', '0', '0', '', '0', '0', '0', '0', '2018-11-03', NULL, '', '', '', '', '', '', '0', '0', '0', '0000-00-00', '0000-00-00', '0000-00-00', '0', '0', '0', '', '', '', '', '', '', '', '', '', '', '0000-00-00', '0000-00-00', '0000-00-00', '0', '0', '0', '', '', '', '0', '0', '0', '0', '0', '1', '0', '0', '0', '0', '00:00:00', '0', '0'),
('39', '30', '1', '0', '4', '4', 'auto', '', NULL, '2018-11-03', '1', '1', '', NULL, NULL, 'AMIR MEDICAL  ', '0', 'DEF', '2019-02-01', '5', '819', '0', '0', '0', '0', '0', '0', '', '0', '0', '0', '0', '2018-11-03', NULL, '', '', '', '', '', '', '0', '0', '0', '0000-00-00', '0000-00-00', '0000-00-00', '0', '0', '0', '', '', '', '', '', '', '', '', '', '', '0000-00-00', '0000-00-00', '0000-00-00', '0', '0', '0', '', '', '', '0', '0', '0', '0', '0', '1', '0', '0', '0', '0', '00:00:00', '0', '0'),
('40', '30', '1', '0', '4', '4', 'auto', '', NULL, '2018-11-03', '1', '1', '', NULL, NULL, 'AMIR MEDICAL  ', '0', 'DEF', '2019-02-01', '5', '819', '0', '0', '0', '0', '0', '0', '', '0', '0', '0', '0', '2018-11-03', NULL, '', '', '', '', '', '', '0', '0', '0', '0000-00-00', '0000-00-00', '0000-00-00', '0', '0', '0', '', '', '', '', '', '', '', '', '', '', '0000-00-00', '0000-00-00', '0000-00-00', '0', '0', '0', '', '', '', '0', '0', '0', '0', '0', '1', '0', '0', '0', '0', '00:00:00', '0', '0'),
('41', '30', '1', '0', '5', '5', 'SO004/11/2018', '', NULL, '2018-11-07', '1', '1', '', NULL, NULL, 'SUPER NOVA LTD ', '0', 'DEF', '2018-11-08', '5', '976000', '0', '0', '0', '0', '0', '0', '', '0', '0', '0', '0', '2018-11-07', NULL, '', '', '', '', '', '', '0', '0', '0', '0000-00-00', '0000-00-00', '0000-00-00', '0', '0', '0', '', '', '', '', '', '', '', '', '', '', '0000-00-00', '0000-00-00', '0000-00-00', '0', '0', '0', '', '', '', '0', '0', '0', '0', '0', '0', '0', '0', '0', '0', '00:00:00', '0', '0'),
('42', '30', '1', '0', '3', '3', 'auto', '', NULL, '2018-11-07', '1', '1', '', NULL, NULL, 'SHUJAT HYDER ', '0', 'DEF', '2019-02-05', '5', '12.2', '0', '0', '0', '0', '0', '0', '', '0', '0', '0', '0', '2018-11-07', NULL, '', '', '', '', '', '', '0', '0', '0', '0000-00-00', '0000-00-00', '0000-00-00', '0', '0', '0', '', '', '', '', '', '', '', '', '', '', '0000-00-00', '0000-00-00', '0000-00-00', '0', '0', '0', '', '', '', '0', '0', '0', '0', '0', '0', '0', '0', '0', '0', '00:00:00', '0', '0'),
('43', '30', '1', '0', '4', '4', 'auto', '', NULL, '2018-11-07', '1', '1', '', NULL, NULL, 'AMIR MEDICAL  ', '0', 'DEF', '2019-02-05', '5', '129287.76', '0', '0', '0', '0', '0', '0', '', '0', '0', '0', '0', '2018-11-07', NULL, '', '', '', '', '', '', '0', '0', '0', '0000-00-00', '0000-00-00', '0000-00-00', '0', '0', '0', '', '', '', '', '', '', '', '', '', '', '0000-00-00', '0000-00-00', '0000-00-00', '0', '0', '0', '', '', '', '0', '0', '0', '0', '0', '0', '0', '0', '0', '0', '00:00:00', '0', '0'),
('44', '30', '1', '0', '4', '4', 'auto', '', NULL, '2018-11-07', '1', '1', '', NULL, NULL, 'AMIR MEDICAL  ', '0', 'DEF', '2019-02-05', '5', '2.5', '0', '0', '0', '0', '0', '0', '', '0', '0', '0', '0', '2018-11-07', NULL, '', '', '', '', '', '', '0', '0', '0', '0000-00-00', '0000-00-00', '0000-00-00', '0', '0', '0', '', '', '', '', '', '', '', '', '', '', '0000-00-00', '0000-00-00', '0000-00-00', '0', '0', '0', '', '', '', '0', '0', '0', '0', '0', '0', '0', '0', '0', '0', '00:00:00', '0', '0'),
('45', '30', '1', '0', '4', '4', 'auto', '', NULL, '2018-11-07', '2', '1', '', NULL, NULL, 'AMIR MEDICAL  ', '0', 'DEF', '2019-02-05', '5', '250', '0', '0', '0', '0', '0', '0', '', '125', '0', '50', '0', '2018-11-07', NULL, '', '', '', '', '', '', '0', '0', '0', '0000-00-00', '0000-00-00', '0000-00-00', '0', '0', '0', '', '', '', '', '', '', '', '', '', '', '0000-00-00', '0000-00-00', '0000-00-00', '0', '0', '0', '', '', '', '0', '0', '0', '0', '0', '0', '0', '0', '0', '0', '00:00:00', '0', '0'),
('46', '30', '1', '0', '18', '20', 'SO005/11/2018', '', NULL, '2018-11-07', '1', '1', 'Office No 2 2nd Floor\nIjaz Center\nMain Boulevard Gulberg 3', '3202626526', NULL, 'Cash Customer', '0', 'DEF', '2018-11-08', '5', '1170', '0', '0', '0', '0', '0', '0', '', '0', '0', '0', '0', '2018-11-07', NULL, '', '', '', '', '', '', '0', '0', '0', '0000-00-00', '0000-00-00', '0000-00-00', '0', '0', '0', '', '', '', '', '', '', '', '', '', '', '0000-00-00', '0000-00-00', '0000-00-00', '0', '0', '0', '', '', '', '0', '0', '0', '0', '0', '0', '0', '0', '0', '0', '00:00:00', '0', '0'),
('47', '30', '1', '0', '3', '3', 'SO006/11/2018', '', NULL, '2018-11-08', '1', '1', '', NULL, NULL, 'SHUJAT HYDER ', '0', 'DEF', '2018-11-09', '5', '4160.2', '0', '0', '0', '0', '0', '0', '', '0', '0', '0', '0', '2018-11-08', NULL, '', '', '', '', '', '', '0', '0', '0', '0000-00-00', '0000-00-00', '0000-00-00', '0', '0', '0', '', '', '', '', '', '', '', '', '', '', '0000-00-00', '0000-00-00', '0000-00-00', '0', '0', '0', '', '', '', '0', '0', '0', '0', '0', '0', '0', '0', '0', '0', '00:00:00', '0', '0'),
('48', '30', '1', '0', '3', '3', 'auto', '', NULL, '2018-11-08', '1', '1', '', NULL, NULL, 'SHUJAT HYDER ', '0', 'DEF', '2018-11-08', '4', '610', '0', '0', '0', '0', '0', '0', '', '0', '0', '0', '0', '2018-11-08', NULL, '', '', '', '', '', '', '0', '0', '0', '0000-00-00', '0000-00-00', '0000-00-00', '0', '0', '0', '', '', '', '', '', '', '', '', '', '', '0000-00-00', '0000-00-00', '0000-00-00', '0', '0', '0', '', '', '', '0', '0', '0', '0', '0', '0', '0', '0', '0', '0', '00:00:00', '0', '0'),
('49', '30', '1', '0', '9', '9', 'auto', '', NULL, '2018-11-09', '1', '1', '', NULL, NULL, 'GLOBAL TRADE MARK ', '0', 'DEF', '2019-02-07', '5', '122', '0', '0', '0', '0', '0', '0', '', '0', '0', '0', '0', '2018-11-09', NULL, '', '', '', '', '', '', '0', '0', '0', '0000-00-00', '0000-00-00', '0000-00-00', '0', '0', '0', '', '', '', '', '', '', '', '', '', '', '0000-00-00', '0000-00-00', '0000-00-00', '0', '0', '0', '', '', '', '0', '0', '0', '0', '0', '0', '0', '0', '0', '0', '00:00:00', '0', '0'),
('50', '30', '1', '0', '2', '2', 'SO007/11/2018', '', NULL, '2018-11-09', '1', '1', '', NULL, NULL, 'ALI AHMED ', '200', 'DEF', '2018-11-09', '4', '183268', '0', '0', '0', '0', '0', '0', '', '0', '0', '0', '0', '2018-11-09', NULL, '', '', '', '', '', '', '0', '0', '0', '0000-00-00', '0000-00-00', '0000-00-00', '0', '0', '0', '', '', '', '', '', '', '', '', '', '', '0000-00-00', '0000-00-00', '0000-00-00', '0', '0', '0', '', '', '', '0', '0', '0', '0', '0', '0', '0', '0', '0', '0', '00:00:00', '0', '0'),
('51', '30', '1', '0', '4', '4', 'auto', '', NULL, '2018-11-09', '1', '1', '', NULL, NULL, '', '0', 'DEF', '2018-11-09', '5', '0', '0', '0', '0', '0', '0', '0', '', '0', '0', '0', '0', '2018-11-09', NULL, '', '', '', '', '', '', '0', '0', '0', '0000-00-00', '0000-00-00', '0000-00-00', '0', '0', '0', '', '', '', '', '', '', '', '', '', '', '0000-00-00', '0000-00-00', '0000-00-00', '0', '0', '0', '', '', '', '0', '0', '0', '0', '0', '0', '0', '0', '0', '0', '00:00:00', '0', '0'),
('52', '30', '1', '0', '9', '9', 'SO008/11/2018', '', NULL, '2018-11-10', '3', '1', '', '03214495777', NULL, 'GLOBAL TRADE MARK ', '200', 'DEF', '2018-11-10', '4', '22900', '0', '0', '0', '0', '0', '0', '', '0', '0', '0', '0', '2018-11-10', 'CASH ONLY', '', '', '', '', '', '', '0', '0', '0', '0000-00-00', '0000-00-00', '0000-00-00', '0', '0', '0', '', '', '', '', '', '', '', '', '', '', '0000-00-00', '0000-00-00', '0000-00-00', '0', '0', '0', '', '', '', '0', '0', '0', '0', '0', '0', '0', '0', '0', '0', '00:00:00', '0', '0'),
('53', '30', '1', '0', '9', '9', 'auto', '', NULL, '2018-11-10', '1', '1', '', NULL, NULL, 'GLOBAL TRADE MARK ', '500', 'DEF', '2019-02-08', '5', '33500', '0', '0', '0', '0', '0', '0', '', '1320', '0', '4', '0', '2018-11-10', NULL, '', '', '', '', '', '', '0', '0', '0', '0000-00-00', '0000-00-00', '0000-00-00', '0', '0', '0', '', '', '', '', '', '', '', '', '', '', '0000-00-00', '0000-00-00', '0000-00-00', '0', '0', '0', '', '', '', '0', '0', '0', '0', '0', '0', '0', '0', '0', '0', '00:00:00', '0', '0'),
('54', '30', '1', '0', '18', '20', 'auto', '', NULL, '2018-11-12', '1', '1', '', NULL, NULL, 'Cash Customer', '0', 'DEF', '2019-02-10', '5', '3510', '0', '0', '0', '0', '0', '0', '', '0', '0', '0', '0', '2018-11-12', NULL, '', '', '', '', '', '', '0', '0', '0', '0000-00-00', '0000-00-00', '0000-00-00', '0', '0', '0', '', '', '', '', '', '', '', '', '', '', '0000-00-00', '0000-00-00', '0000-00-00', '0', '0', '0', '', '', '', '0', '0', '0', '0', '0', '0', '0', '0', '0', '0', '00:00:00', '0', '0'),
('55', '30', '1', '0', '4', '4', 'auto', '', NULL, '2018-11-12', '1', '1', '', NULL, NULL, 'AMIR MEDICAL  ', '0', 'DEF', '2019-02-10', '5', '100', '0', '0', '0', '0', '0', '0', '', '0', '0', '0', '0', '2018-11-12', NULL, '', '', '', '', '', '', '0', '0', '0', '0000-00-00', '0000-00-00', '0000-00-00', '0', '0', '0', '', '', '', '', '', '', '', '', '', '', '0000-00-00', '0000-00-00', '0000-00-00', '0', '0', '0', '', '', '', '0', '0', '0', '0', '0', '0', '0', '0', '0', '0', '00:00:00', '0', '0'),
('56', '30', '1', '0', '4', '4', 'auto', '', NULL, '2018-11-15', '1', '1', '', NULL, NULL, 'AMIR MEDICAL  ', '0', 'DEF', '2019-02-13', '5', '122', '0', '0', '0', '0', '0', '0', '', '0', '0', '0', '0', '2018-11-15', NULL, '', '', '', '', '', '', '0', '0', '0', '0000-00-00', '0000-00-00', '0000-00-00', '0', '0', '0', '', '', '', '', '', '', '', '', '', '', '0000-00-00', '0000-00-00', '0000-00-00', '0', '0', '0', '', '', '', '0', '0', '0', '0', '0', '0', '0', '0', '0', '0', '00:00:00', '0', '0'),
('57', '30', '1', '0', '4', '4', 'auto', '', NULL, '2018-11-15', '1', '1', '', NULL, NULL, 'AMIR MEDICAL  ', '0', 'DEF', '2019-02-13', '5', '0', '0', '0', '0', '0', '0', '0', '', '0', '0', '0', '0', '2018-11-15', NULL, '', '', '', '', '', '', '0', '0', '0', '0000-00-00', '0000-00-00', '0000-00-00', '0', '0', '0', '', '', '', '', '', '', '', '', '', '', '0000-00-00', '0000-00-00', '0000-00-00', '0', '0', '0', '', '', '', '0', '0', '0', '0', '0', '0', '0', '0', '0', '0', '00:00:00', '0', '0'),
('58', '30', '1', '0', '4', '4', 'auto', '', NULL, '2018-11-17', '1', '1', '', NULL, NULL, 'AMIR MEDICAL  ', '0', 'DEF', '2019-02-15', '5', '0', '0', '0', '0', '0', '0', '0', '', '0', '0', '0', '0', '2018-11-17', NULL, '', '', '', '', '', '', '0', '0', '0', '0000-00-00', '0000-00-00', '0000-00-00', '0', '0', '0', '', '', '', '', '', '', '', '', '', '', '0000-00-00', '0000-00-00', '0000-00-00', '0', '0', '0', '', '', '', '0', '0', '0', '0', '0', '0', '0', '0', '0', '0', '00:00:00', '0', '0'),
('59', '30', '1', '0', '4', '4', 'auto', '', NULL, '2018-11-20', '1', '1', 'Lahore', NULL, NULL, 'AMIR MEDICAL  ', '0', 'DEF', '2019-02-18', '5', '12200', '0', '0', '0', '0', '0', '0', '', '0', '0', '0', '0', '2018-11-20', NULL, '', '', '', '', '', '', '0', '0', '0', '0000-00-00', '0000-00-00', '0000-00-00', '0', '0', '0', '', '', '', '', '', '', '', '', '', '', '0000-00-00', '0000-00-00', '0000-00-00', '0', '0', '0', '', '', '', '0', '0', '0', '0', '0', '0', '0', '0', '0', '0', '00:00:00', '0', '0'),
('60', '30', '1', '0', '28', '30', 'SO009/11/2018', '', NULL, '2018-11-20', '3', '1', 'Hafeez Center', NULL, NULL, 'Four Brothers', '0', 'DEF', '2018-11-21', '4', '47280', '0', '0', '0', '0', '0', '0', '', '0', '0', '0', '0', '2018-11-20', NULL, '', '', '', '', '', '', '0', '0', '0', '0000-00-00', '0000-00-00', '0000-00-00', '0', '0', '0', '', '', '', '', '', '', '', '', '', '', '0000-00-00', '0000-00-00', '0000-00-00', '0', '0', '0', '', '', '', '0', '0', '0', '0', '0', '0', '0', '0', '0', '0', '00:00:00', '0', '0'),
('61', '30', '1', '0', '27', '29', 'auto', '', NULL, '2018-11-20', '2', '1', 'Hafeez Center', NULL, NULL, 'Dynsol', '0', 'DEF', '2018-11-20', '4', '402000', '0', '0', '0', '0', '0', '0', '', '0', '0', '0', '0', '2018-11-20', NULL, '', '', '', '', '', '', '0', '0', '0', '0000-00-00', '0000-00-00', '0000-00-00', '0', '0', '0', '', '', '', '', '', '', '', '', '', '', '0000-00-00', '0000-00-00', '0000-00-00', '0', '0', '0', '', '', '', '0', '0', '0', '0', '0', '0', '0', '0', '0', '0', '00:00:00', '0', '0'),
('62', '30', '1', '0', '28', '30', 'auto', '', NULL, '2018-11-20', '2', '1', 'Hafeez Center', NULL, NULL, 'Four Brothers', '0', 'DEF', '2018-11-20', '4', '39200', '0', '0', '0', '0', '0', '0', '', '0', '0', '0', '0', '2018-11-20', NULL, '', '', '', '', '', '', '0', '0', '0', '0000-00-00', '0000-00-00', '0000-00-00', '0', '0', '0', '', '', '', '', '', '', '', '', '', '', '0000-00-00', '0000-00-00', '0000-00-00', '0', '0', '0', '', '', '', '0', '0', '0', '0', '0', '0', '0', '0', '0', '0', '00:00:00', '0', '0'),
('63', '30', '1', '0', '28', '30', 'SO010/11/2018', '', NULL, '2018-11-20', '3', '1', 'Hafeez Center', NULL, NULL, 'Four Brothers', '0', 'DEF', '2018-11-21', '4', '145152', '0', '0', '0', '0', '0', '0', '', '0', '0', '0', '0', '2018-11-20', NULL, '', '', '', '', '', '', '0', '0', '0', '0000-00-00', '0000-00-00', '0000-00-00', '0', '0', '0', '', '', '', '', '', '', '', '', '', '', '0000-00-00', '0000-00-00', '0000-00-00', '0', '0', '0', '', '', '', '0', '0', '0', '0', '0', '0', '0', '0', '0', '0', '00:00:00', '0', '0'),
('64', '30', '1', '0', '28', '30', 'auto', '', NULL, '2018-11-20', '3', '1', 'Hafeez Center', NULL, NULL, 'Four Brothers', '0', 'DEF', '2018-11-20', '4', '6240', '0', '0', '0', '0', '0', '0', '', '0', '0', '0', '0', '2018-11-20', NULL, '', '', '', '', '', '', '0', '0', '0', '0000-00-00', '0000-00-00', '0000-00-00', '0', '0', '0', '', '', '', '', '', '', '', '', '', '', '0000-00-00', '0000-00-00', '0000-00-00', '0', '0', '0', '', '', '', '0', '0', '0', '0', '0', '0', '0', '0', '0', '0', '00:00:00', '0', '0'),
('65', '30', '1', '0', '4', '4', 'SO011/11/2018', '', 'Sales Quotation # 6', '2018-11-21', '1', '1', '', NULL, NULL, 'AMIR MEDICAL  ', '0', 'DEF', '2018-12-21', '5', '234', '0', '0', '0', '0', '0', '0', '', '0', '0', '0', '0', '2018-11-21', NULL, '', '', '', '', '', '', '0', '0', '0', '0000-00-00', '0000-00-00', '0000-00-00', '0', '0', '0', '', '', '', '', '', '', '', '', '', '', '0000-00-00', '0000-00-00', '0000-00-00', '0', '0', '0', '', '', '', '0', '0', '0', '0', '6', '0', '0', '0', '0', '0', '00:00:00', '0', '0'),
('1', '32', '0', '0', '7', '7', 'SQ001/10/2018', '', NULL, '2018-10-24', '1', '1', '', NULL, NULL, 'M.M GROUP OF COMPANIES ', '0', 'DEF', '2018-10-24', '4', '58500', '0', '0', '0', '0', '0', '0', '', '0', '0', '0', '0', '2018-10-24', NULL, '', '', '', '', '', '', '0', '0', '0', '0000-00-00', '0000-00-00', '0000-00-00', '0', '0', '0', '', '', '', '', '', '', '', '', '', '', '0000-00-00', '0000-00-00', '0000-00-00', '0', '0', '0', '', '', '', '0', '0', '0', '0', '0', '0', '0', '0', '0', '0', '00:00:00', '0', '0'),
('2', '32', '0', '0', '2', '2', 'SQ002/10/2018', '', NULL, '2018-10-25', '1', '1', '', NULL, NULL, 'ALI AHMED ', '0', 'DEF', '2018-11-24', '5', '175.5', '0', '0', '0', '0', '0', '0', '', '0', '0', '0', '0', '2018-10-25', NULL, '', '', '', '', '', '', '0', '0', '0', '0000-00-00', '0000-00-00', '0000-00-00', '0', '0', '0', '', '', '', '', '', '', '', '', '', '', '0000-00-00', '0000-00-00', '0000-00-00', '0', '0', '0', '', '', '', '0', '0', '0', '0', '0', '0', '0', '0', '0', '0', '00:00:00', '0', '0'),
('3', '32', '0', '0', '4', '4', 'SQ003/10/2018', '', NULL, '2018-10-25', '1', '1', '', NULL, NULL, 'AMIR MEDICAL  ', '0', 'DEF', '2018-11-24', '5', '0', '0', '0', '0', '0', '0', '0', '', '0', '0', '0', '0', '2018-10-25', NULL, '', '', '', '', '', '', '0', '0', '0', '0000-00-00', '0000-00-00', '0000-00-00', '0', '0', '0', '', '', '', '', '', '', '', '', '', '', '0000-00-00', '0000-00-00', '0000-00-00', '0', '0', '0', '', '', '', '0', '1', '0', '0', '0', '0', '0', '0', '0', '0', '00:00:00', '0', '0'),
('4', '32', '0', '0', '4', '4', 'SQ004/10/2018', '', NULL, '2018-10-26', '1', '1', '', NULL, NULL, 'AMIR MEDICAL  ', '0', 'DEF', '2018-11-25', '5', '0', '0', '0', '0', '0', '0', '0', '', '0', '0', '0', '0', '2018-10-26', NULL, '', '', '', '', '', '', '0', '0', '0', '0000-00-00', '0000-00-00', '0000-00-00', '0', '0', '0', '', '', '', '', '', '', '', '', '', '', '0000-00-00', '0000-00-00', '0000-00-00', '0', '0', '0', '', '', '', '0', '0', '0', '0', '0', '0', '0', '0', '0', '0', '00:00:00', '0', '0'),
('5', '32', '0', '0', '2', '2', 'GST001/11/2018', '', NULL, '2018-11-09', '2', '1', '', NULL, NULL, 'ALI AHMED ', '1500', 'DEF', '2018-11-09', '4', '307010', '0', '0', '0', '0', '0', '0', '', '0', '0', '0', '0', '2018-11-09', NULL, '', '', '', '', '', '', '0', '0', '0', '0000-00-00', '0000-00-00', '0000-00-00', '0', '0', '0', '', '', '', '', '', '', '', '', '', '', '0000-00-00', '0000-00-00', '0000-00-00', '0', '0', '0', '', '', '', '0', '0', '0', '0', '0', '0', '0', '0', '0', '0', '00:00:00', '0', '0'),
('6', '32', '0', '0', '4', '4', 'SQ001/11/2018', '', NULL, '2018-11-21', '1', '1', '', NULL, NULL, 'AMIR MEDICAL  ', '0', 'DEF', '2018-12-21', '5', '234', '0', '0', '0', '0', '0', '0', '', '0', '0', '0', '0', '2018-11-21', NULL, '', '', '', '', '', '', '0', '0', '0', '0000-00-00', '0000-00-00', '0000-00-00', '0', '0', '0', '', '', '', '', '', '', '', '', '', '', '0000-00-00', '0000-00-00', '0000-00-00', '0', '0', '0', '', '', '', '0', '0', '0', '0', '0', '0', '0', '0', '0', '0', '00:00:00', '0', '0');

### Structure of table `0_sales_pos` ###

DROP TABLE IF EXISTS `0_sales_pos`;

CREATE TABLE `0_sales_pos` (
  `id` smallint(6) unsigned NOT NULL AUTO_INCREMENT,
  `pos_name` varchar(30) COLLATE utf8_unicode_ci NOT NULL,
  `cash_sale` tinyint(1) NOT NULL,
  `credit_sale` tinyint(1) NOT NULL,
  `pos_location` varchar(5) COLLATE utf8_unicode_ci NOT NULL,
  `pos_account` smallint(6) unsigned NOT NULL,
  `inactive` tinyint(1) NOT NULL DEFAULT '0',
  PRIMARY KEY (`id`),
  UNIQUE KEY `pos_name` (`pos_name`)
) ENGINE=InnoDB AUTO_INCREMENT=5 DEFAULT CHARSET=utf8 COLLATE=utf8_unicode_ci ;

### Data of table `0_sales_pos` ###

INSERT INTO `0_sales_pos` VALUES
('1', 'Default', '1', '1', 'DEF', '6', '0'),
('2', 'computer ', '0', '1', 'DEF', '7', '0'),
('3', 'LG102', '0', '0', 'DEF', '6', '0'),
('4', 'afaq', '1', '0', 'DEF', '6', '0');

### Structure of table `0_sales_pref` ###

DROP TABLE IF EXISTS `0_sales_pref`;

CREATE TABLE `0_sales_pref` (
  `name` varchar(20) NOT NULL,
  `label_value` varchar(30) NOT NULL,
  `so_enable` tinyint(1) NOT NULL,
  PRIMARY KEY (`name`)
) ENGINE=InnoDB DEFAULT CHARSET=latin1 ;

### Data of table `0_sales_pref` ###

INSERT INTO `0_sales_pref` VALUES
('amount_1', 'WIDTH (INCH)', '0'),
('amount_2', 'LENGTH', '0'),
('amount_3', 'No. Of Units', '0'),
('amount_4', 'amount_4', '0'),
('amount_5', 'amount_5', '0'),
('amount_6', 'amount_6', '0'),
('date1', 'DATE1', '1'),
('date2', 'DATE2', '1'),
('date3', 'Date3', '1'),
('f_combo1', 'footer_combo1', '0'),
('f_combo2', 'footer_combo2', '0'),
('f_combo3', 'Footer Combo 3', '0'),
('h_combo1', 'Combo 1', '0'),
('h_combo2', 'Combo 2', '0'),
('h_combo3', 'Combo 3', '0'),
('so_cart1', 'T1', '0'),
('so_cart2', 'T2', '0'),
('so_cart3', 'T3', '0'),
('so_cart4', 'T4', '0'),
('so_cart5', 'jhg', '0'),
('so_cart6', 'gjh', '0'),
('so_footer_long_text1', 'klhkhjkj', '0'),
('so_footer_long_text2', 'gjh', '0'),
('so_footer_long_text3', 'g', '0'),
('so_footer_long_text4', 'jh', '0'),
('so_footer_long_text5', 'gjh', '0'),
('so_footer_long_text6', 'jhg', '0'),
('so_header_combo1', 'Combo 1', '0'),
('so_header_combo2', 'Combo 2', '0'),
('so_header_combo3', 'Combo 3', '0'),
('so_header_combo4', 'so_header_combo4', '0'),
('so_header_combo5', 'so_header_combo5', '0'),
('so_header_combo6', 'so_header_combo6', '0'),
('so_header_long_text', '', '0'),
('so_header_text1', 'jhg', '0'),
('so_header_text2', 'gjh', '0'),
('so_header_text3', 'jhg', '0'),
('so_header_text4', 'so_header_text4', '0'),
('so_header_text5', 'so_header_text5', '0'),
('so_header_text6', 'so_header_text6', '0'),
('text_box_1', 'asd', '0'),
('text_box_2', 'sdfd', '0'),
('text_box_3', 'sd', '0'),
('text_box_4', '1', '0'),
('text_box_5', '2', '0'),
('text_box_6', '3', '0'),
('total_amount', '4', '0'),
('total_date', '3', '0'),
('total_footer', '1', '1'),
('total_footer_text', '1', '0'),
('total_headers', '4', '0'),
('total_headers2', '3', '0'),
('total_headers_long', '1', '0'),
('total_header_text', '1', '0'),
('total_h_combo', '1', '0'),
('total_long_footer', '1', '1');

### Structure of table `0_sales_types` ###

DROP TABLE IF EXISTS `0_sales_types`;

CREATE TABLE `0_sales_types` (
  `id` int(11) NOT NULL AUTO_INCREMENT,
  `sales_type` char(50) COLLATE utf8_unicode_ci NOT NULL DEFAULT '',
  `tax_included` int(1) NOT NULL DEFAULT '0',
  `factor` double NOT NULL DEFAULT '1',
  `inactive` tinyint(1) NOT NULL DEFAULT '0',
  PRIMARY KEY (`id`),
  UNIQUE KEY `sales_type` (`sales_type`)
) ENGINE=InnoDB AUTO_INCREMENT=4 DEFAULT CHARSET=utf8 COLLATE=utf8_unicode_ci ;

### Data of table `0_sales_types` ###

INSERT INTO `0_sales_types` VALUES
('1', 'Retail', '0', '1', '0'),
('2', 'Wholesale', '0', '0.7', '0'),
('3', 'dealer', '0', '1', '0');

### Structure of table `0_salesman` ###

DROP TABLE IF EXISTS `0_salesman`;

CREATE TABLE `0_salesman` (
  `salesman_code` int(11) NOT NULL AUTO_INCREMENT,
  `salesman_name` char(60) COLLATE utf8_unicode_ci NOT NULL DEFAULT '',
  `salesman_phone` char(30) COLLATE utf8_unicode_ci NOT NULL DEFAULT '',
  `salesman_fax` char(30) COLLATE utf8_unicode_ci NOT NULL DEFAULT '',
  `salesman_email` varchar(100) COLLATE utf8_unicode_ci NOT NULL DEFAULT '',
  `gl_account` int(11) NOT NULL,
  `user_id` int(11) NOT NULL,
  `provision` double NOT NULL DEFAULT '0',
  `break_pt` double NOT NULL DEFAULT '0',
  `provision2` double NOT NULL DEFAULT '0',
  `inactive` tinyint(1) NOT NULL DEFAULT '0',
  PRIMARY KEY (`salesman_code`),
  UNIQUE KEY `salesman_name` (`salesman_name`)
) ENGINE=InnoDB AUTO_INCREMENT=4 DEFAULT CHARSET=utf8 COLLATE=utf8_unicode_ci ;

### Data of table `0_salesman` ###

INSERT INTO `0_salesman` VALUES
('1', 'Salesperson', '', '', '', '0', '0', '0', '0', '0', '0'),
('2', 'Jawad', '03011234567', '', '', '101001', '0', '0', '0', '0', '0'),
('3', 'Nadir', '', '', '', '101001', '0', '5', '0', '0', '0');

### Structure of table `0_security_roles` ###

DROP TABLE IF EXISTS `0_security_roles`;

CREATE TABLE `0_security_roles` (
  `id` int(11) NOT NULL AUTO_INCREMENT,
  `role` varchar(30) COLLATE utf8_unicode_ci NOT NULL,
  `description` varchar(50) COLLATE utf8_unicode_ci DEFAULT NULL,
  `sections` text COLLATE utf8_unicode_ci,
  `areas` text COLLATE utf8_unicode_ci,
  `inactive` tinyint(1) NOT NULL DEFAULT '0',
  PRIMARY KEY (`id`),
  UNIQUE KEY `role` (`role`)
) ENGINE=InnoDB AUTO_INCREMENT=13 DEFAULT CHARSET=utf8 COLLATE=utf8_unicode_ci ;

### Data of table `0_security_roles` ###

INSERT INTO `0_security_roles` VALUES
('1', 'Inquiries', 'Inquiries', '768;2816;3072;3328;5632;5888;8192;8448;10752;11008;13312;15872;16128', '257;258;259;260;513;514;515;516;517;518;519;520;521;522;523;524;525;773;774;2822;3073;3075;3076;3077;3329;3330;3331;3332;3333;3334;3335;5377;5633;5640;5889;5890;5891;7937;7938;7939;7940;8193;8194;8450;8451;10497;10753;11009;11010;11012;13313;13315;15617;15618;15619;15620;15621;15622;15623;15624;15625;15626;15873;15882;16129;16130;16131;16132;775', '0'),
('2', 'System Administrator', 'System Administrator', '512;768;2816;3072;3328;5376;5632;5888;7936;8192;8448;8704;9216;9472;9728;10496;10752;11008;13056;13312;15616;15872;16128;16384;16640;16896;17152;17408;17664;17920;484352;943104;1008640;1074176;1139712;1336320;1467392;25856;26112;26368;28416;28672;28928;29184;29440;29696', '513;514;515;516;517;518;519;520;521;522;523;524;525;526;769;770;771;772;773;774;775;2817;2818;2819;2820;2821;2822;2823;3073;3074;3082;3075;3076;3077;3078;3079;3080;3081;3329;3330;3331;3332;3333;3334;3335;3336;5377;5633;5634;5635;5636;5642;5637;5641;5638;5639;5640;5889;5890;5891;5892;7937;7938;7939;7940;8193;8194;8195;8196;8197;8449;8450;8705;8707;8708;8709;8710;8711;8712;8713;8714;8715;8716;8717;8718;8719;8720;8721;8722;8723;8724;9217;9218;9220;9473;9474;9475;9476;9729;10497;10753;10754;10755;10756;10757;10758;11009;11010;11011;11012;13057;13313;13314;13315;15617;15618;15619;15620;15621;15622;15623;15624;15628;15625;15626;15627;15630;15629;15873;15874;15875;15876;15877;15878;15879;15880;15883;15881;15882;15884;16129;16130;16131;16132;16400;16657;16914;17153;17154;17155;17156;17427;17665;17666;17667;17668;17669;17921;17922;484452;943204;943205;1008740;1074276;1139812;1336420;1467492;25857;25858;25859;25860;25861;25862;26113;26114;26115;26369;26370;26371;26372;26373;26374;26375;26376;26377;26378;28420;28417;28418;28419;28421;28673;28674;28675;28676;28677;28929;28930;29185;29186;29187;29188;29441;29442;29443;29444;29445;29698;29699;29700;29701;29702;29703;29704', '0'),
('3', 'Salesman', 'Salesman', '768;3072;5632;8192;15872', '773;774;3073;3075;3081;5633;8194;15873;775', '0'),
('4', 'Stock Manager', 'Stock Manager', '768;2816;3072;3328;5632;5888;8192;8448;10752;11008;13312;15872;16128', '2818;2822;3073;3076;3077;3329;3330;3330;3330;3331;3331;3332;3333;3334;3335;5633;5640;5889;5890;5891;8193;8194;8450;8451;10753;11009;11010;11012;13313;13315;15882;16129;16130;16131;16132;775', '0'),
('5', 'Production Manager', 'Production Manager', '512;768;2816;3072;3328;5632;5888;8192;8448;10752;11008;13312;15616;15872;16128', '521;523;524;2818;2819;2820;2821;2822;2823;3073;3074;3076;3077;3078;3079;3080;3081;3329;3330;3330;3330;3331;3331;3332;3333;3334;3335;5633;5640;5640;5889;5890;5891;8193;8194;8196;8197;8450;8451;10753;10755;11009;11010;11012;13313;13315;15617;15619;15620;15621;15624;15624;15876;15877;15880;15882;16129;16130;16131;16132;775', '0'),
('6', 'Purchase Officer', 'Purchase Officer', '512;768;2816;3072;3328;5376;5632;5888;8192;8448;10752;11008;13312;15616;15872;16128', '521;523;524;2818;2819;2820;2821;2822;2823;3073;3074;3076;3077;3078;3079;3080;3081;3329;3330;3330;3330;3331;3331;3332;3333;3334;3335;5377;5633;5635;5640;5640;5889;5890;5891;8193;8194;8196;8197;8449;8450;8451;10753;10755;11009;11010;11012;13313;13315;15617;15619;15620;15621;15624;15624;15876;15877;15880;15882;16129;16130;16131;16132;775', '0'),
('7', 'AR Officer', 'AR Officer', '512;768;2816;3072;3328;5632;5888;8192;8448;10752;11008;13312;15616;15872;16128', '521;523;524;771;773;774;2818;2819;2820;2821;2822;2823;3073;3073;3074;3075;3076;3077;3078;3079;3080;3081;3081;3329;3330;3330;3330;3331;3331;3332;3333;3334;3335;5633;5633;5634;5637;5638;5639;5640;5640;5889;5890;5891;8193;8194;8194;8196;8197;8450;8451;10753;10755;11009;11010;11012;13313;13315;15617;15619;15620;15621;15624;15624;15873;15876;15877;15878;15880;15882;16129;16130;16131;16132;775', '0'),
('8', 'AP Officer', 'AP Officer', '5632', '5633;5635;5636;3073;3074;3082;3076;3077;3078;3079;3080;3081;3335;13057', '0'),
('9', 'Accountant', 'New Accountant', '5632', '5635;5636;521;523;524;771;772;773;774;775;2818;2819;2820;2821;2822;2823;3073;3074;3075;3076;3077;3078;3079;3080;3081;3329;3330;3331;3332;3333;3334;3335;5377;5889;5890;5891;7937;7938;7939;7940;8193;8194;8196;8197;8449;8450;8451;10497;10753;10755;11009;11010;11012;13313;13315;15617;15618;15619;15620;15621;15624;15873;15876;15877;15878;15880;15882;16129;16130;16131;16132', '0'),
('10', 'Sub Admin', 'Sub Admin', '512;768;2816;3072;3328;5376;5632;5888;8192;8448;10752;11008;13312;15616;15872;16128', '257;258;259;260;521;523;524;771;772;773;774;2818;2819;2820;2821;2822;2823;3073;3074;3082;3075;3076;3077;3078;3079;3080;3081;3329;3330;3331;3332;3333;3334;3335;5377;5633;5634;5635;5637;5638;5639;5640;5889;5890;5891;7937;7938;7939;7940;8193;8194;8196;8197;8449;8450;8451;10497;10753;10755;11009;11010;11012;13057;13313;13315;15617;15619;15620;15621;15624;15873;15874;15876;15877;15878;15879;15880;15882;16129;16130;16131;16132;775', '0'),
('11', 'cash account', 'cash account', '768;15616;15872', '774;15873;15877;15878;15879', '0'),
('12', 'DEMO', 'DEMO ', '512;768;2816;3072;3328;5376;5632;5888;7936;8192;8448;8704;9216;9472;9728;10496;10752;11008;13056;13312;15616;15872;16128;16384;16640;17152;17920;484352;943104;1467392;25856;26112;26368;28416;28672;28928;29184;29440;29696', '516;517;518;519;520;521;522;523;524;525;526;769;771;772;775;2817;2818;2819;2820;2821;2822;2823;2826;3073;3074;3082;3075;3076;3077;3078;3079;3080;3081;3329;3330;3331;3332;3333;3334;3335;3336;5377;5633;5634;5635;5636;5642;5637;5641;5638;5639;5640;5889;5890;5891;7937;7938;7939;7940;8193;8194;8195;8196;8197;8449;8450;8705;8707;8708;8709;8710;8711;8712;8713;8714;8715;8716;8717;8718;8719;8720;8721;8722;8723;8724;9217;9218;9220;9473;9474;9475;9476;9729;10497;10753;10754;10755;10756;10757;10758;11009;11010;11011;11012;13057;13313;13314;13315;15617;15618;15619;15620;15621;15622;15623;15624;15628;15625;15626;15627;15630;15629;15873;15874;15875;15876;15877;15878;15879;15880;15883;15881;15882;15884;16129;16130;16131;16132;16400;16657;17153;17154;17155;17156;17921;17922;484452;943204;943205;1467492;25857;25858;25859;25860;25861;25862;26113;26114;26115;26369;26370;26371;26372;26373;26374;26375;26376;26377;26378;29441;29442;29443;29444;29445;29698;29699;29700;29701;29702;29703;29704;17427;17665;17666;17667;17668;17669;17670;17671;1008740;1074276;1139812;1336420', '0');

### Structure of table `0_settings` ###

DROP TABLE IF EXISTS `0_settings`;

CREATE TABLE `0_settings` (
  `name` varchar(35) COLLATE utf8_unicode_ci NOT NULL DEFAULT '',
  `category` varchar(30) COLLATE utf8_unicode_ci DEFAULT NULL,
  `type` varchar(20) COLLATE utf8_unicode_ci NOT NULL DEFAULT '',
  `length` smallint(6) DEFAULT NULL,
  `value` tinytext COLLATE utf8_unicode_ci,
  PRIMARY KEY (`name`),
  KEY `category` (`category`)
) ENGINE=InnoDB DEFAULT CHARSET=utf8 COLLATE=utf8_unicode_ci ;

### Data of table `0_settings` ###


### Structure of table `0_shippers` ###

DROP TABLE IF EXISTS `0_shippers`;

CREATE TABLE `0_shippers` (
  `shipper_id` int(11) NOT NULL AUTO_INCREMENT,
  `shipper_name` varchar(60) COLLATE utf8_unicode_ci NOT NULL DEFAULT '',
  `phone` varchar(30) COLLATE utf8_unicode_ci NOT NULL DEFAULT '',
  `phone2` varchar(30) COLLATE utf8_unicode_ci NOT NULL DEFAULT '',
  `contact` tinytext COLLATE utf8_unicode_ci NOT NULL,
  `address` tinytext COLLATE utf8_unicode_ci NOT NULL,
  `shipping_account` int(11) DEFAULT NULL,
  `inactive` tinyint(1) NOT NULL DEFAULT '0',
  PRIMARY KEY (`shipper_id`),
  UNIQUE KEY `name` (`shipper_name`)
) ENGINE=InnoDB AUTO_INCREMENT=2 DEFAULT CHARSET=utf8 COLLATE=utf8_unicode_ci ;

### Data of table `0_shippers` ###

INSERT INTO `0_shippers` VALUES
('1', 'Default', '', '', '', '', '402001', '0');

### Structure of table `0_sms` ###

DROP TABLE IF EXISTS `0_sms`;

CREATE TABLE `0_sms` (
  `id` tinyint(4) NOT NULL AUTO_INCREMENT,
  `source` varchar(30) NOT NULL,
  `mask` varchar(30) NOT NULL,
  `message` varchar(60) NOT NULL,
  `password` varchar(30) NOT NULL,
  `api` varchar(100) NOT NULL,
  `inactive` tinyint(1) NOT NULL DEFAULT '0',
  PRIMARY KEY (`id`)
) ENGINE=InnoDB AUTO_INCREMENT=2 DEFAULT CHARSET=latin1 ;

### Data of table `0_sms` ###

INSERT INTO `0_sms` VALUES
('1', ' ', '', '', '', '', '0');

### Structure of table `0_sms_type_template` ###

DROP TABLE IF EXISTS `0_sms_type_template`;

CREATE TABLE `0_sms_type_template` (
  `id` int(11) NOT NULL,
  `types_name` varchar(50) NOT NULL,
  PRIMARY KEY (`id`)
) ENGINE=InnoDB DEFAULT CHARSET=latin1 ;

### Data of table `0_sms_type_template` ###

INSERT INTO `0_sms_type_template` VALUES
('10', 'Customer Invoice'),
('11', 'Customer Credit Note'),
('12', 'Customer Payment'),
('13', 'Delivery Note'),
('20', 'Supplier Invoice'),
('21', 'Supplier Credit Note'),
('22', 'Supplier Payment');

### Structure of table `0_source_status` ###

DROP TABLE IF EXISTS `0_source_status`;

CREATE TABLE `0_source_status` (
  `id` int(11) NOT NULL AUTO_INCREMENT,
  `description` varchar(55) COLLATE utf8_unicode_ci NOT NULL,
  `inactive` tinyint(6) NOT NULL,
  PRIMARY KEY (`id`)
) ENGINE=InnoDB AUTO_INCREMENT=4 DEFAULT CHARSET=utf8 COLLATE=utf8_unicode_ci ;

### Data of table `0_source_status` ###

INSERT INTO `0_source_status` VALUES
('3', 'OLX', '0');

### Structure of table `0_sql_trail` ###

DROP TABLE IF EXISTS `0_sql_trail`;

CREATE TABLE `0_sql_trail` (
  `id` int(11) unsigned NOT NULL AUTO_INCREMENT,
  `sql` text COLLATE utf8_unicode_ci NOT NULL,
  `result` tinyint(1) NOT NULL,
  `msg` varchar(255) COLLATE utf8_unicode_ci NOT NULL,
  PRIMARY KEY (`id`)
) ENGINE=InnoDB DEFAULT CHARSET=utf8 COLLATE=utf8_unicode_ci ;

### Data of table `0_sql_trail` ###


### Structure of table `0_static_ip` ###

DROP TABLE IF EXISTS `0_static_ip`;

CREATE TABLE `0_static_ip` (
  `id` int(11) NOT NULL AUTO_INCREMENT,
  `ip_address` varchar(60) COLLATE utf8_unicode_ci NOT NULL DEFAULT '',
  `inactive` tinyint(1) NOT NULL DEFAULT '0',
  PRIMARY KEY (`id`),
  UNIQUE KEY `description` (`ip_address`)
) ENGINE=InnoDB DEFAULT CHARSET=utf8 COLLATE=utf8_unicode_ci ;

### Data of table `0_static_ip` ###


### Structure of table `0_stock_category` ###

DROP TABLE IF EXISTS `0_stock_category`;

CREATE TABLE `0_stock_category` (
  `category_id` int(11) NOT NULL AUTO_INCREMENT,
  `cat_code` int(11) NOT NULL,
  `description` varchar(60) COLLATE utf8_unicode_ci NOT NULL DEFAULT '',
  `dflt_tax_type` int(11) NOT NULL DEFAULT '1',
  `dflt_units` varchar(20) COLLATE utf8_unicode_ci NOT NULL DEFAULT 'each',
  `dflt_mb_flag` char(1) COLLATE utf8_unicode_ci NOT NULL DEFAULT 'B',
  `dflt_sales_act` varchar(15) COLLATE utf8_unicode_ci NOT NULL DEFAULT '',
  `dflt_cogs_act` varchar(15) COLLATE utf8_unicode_ci NOT NULL DEFAULT '',
  `dflt_inventory_act` varchar(15) COLLATE utf8_unicode_ci NOT NULL DEFAULT '',
  `dflt_adjustment_act` varchar(15) COLLATE utf8_unicode_ci NOT NULL DEFAULT '',
  `dflt_wip_act` varchar(15) COLLATE utf8_unicode_ci NOT NULL DEFAULT '',
  `dflt_dim1` int(11) DEFAULT NULL,
  `dflt_dim2` int(11) DEFAULT NULL,
  `inactive` tinyint(1) NOT NULL DEFAULT '0',
  `dflt_no_sale` tinyint(1) NOT NULL DEFAULT '0',
  `dflt_no_purchase` tinyint(1) NOT NULL DEFAULT '0',
  `short_name` varchar(50) COLLATE utf8_unicode_ci NOT NULL,
  PRIMARY KEY (`category_id`),
  UNIQUE KEY `description` (`description`)
) ENGINE=InnoDB AUTO_INCREMENT=6 DEFAULT CHARSET=utf8 COLLATE=utf8_unicode_ci ;

### Data of table `0_stock_category` ###

INSERT INTO `0_stock_category` VALUES
('1', '1001', 'Brand 1', '1', 'boxes', 'B', '403001', '501001', '102001', '501004', '102003', '0', '0', '0', '0', '0', ''),
('2', '2001', 'Services', '1', 'boxes', 'D', '403001', '501001', '102001', '501004', '102003', '0', '0', '0', '0', '0', ''),
('3', '3001', 'Misc.', '1', 'boxes', 'D', '403001', '501001', '102001', '501004', '102003', '0', '0', '0', '0', '0', ''),
('4', '4001', 'Plant and Machinery', '1', 'boxes', 'F', '403001', '501001', '102001', '501004', '102003', '0', '0', '0', '0', '0', ''),
('5', '5001', 'TLP', '1', 'boxes', 'B', '403001', '501001', '102001', '501004', '102003', '0', '0', '0', '0', '0', '');

### Structure of table `0_stock_fa_class` ###

DROP TABLE IF EXISTS `0_stock_fa_class`;

CREATE TABLE `0_stock_fa_class` (
  `fa_class_id` varchar(20) COLLATE utf8_unicode_ci NOT NULL DEFAULT '',
  `parent_id` varchar(20) COLLATE utf8_unicode_ci NOT NULL DEFAULT '',
  `description` varchar(200) COLLATE utf8_unicode_ci NOT NULL DEFAULT '',
  `long_description` tinytext COLLATE utf8_unicode_ci NOT NULL,
  `depreciation_rate` double NOT NULL DEFAULT '0',
  `inactive` tinyint(1) NOT NULL DEFAULT '0',
  PRIMARY KEY (`fa_class_id`)
) ENGINE=InnoDB DEFAULT CHARSET=utf8 COLLATE=utf8_unicode_ci ;

### Data of table `0_stock_fa_class` ###

INSERT INTO `0_stock_fa_class` VALUES
('1', '', 'A', '', '10', '0'),
('11', '1', 'A-A', '', '10', '0'),
('2', '', 'B', '', '20', '0'),
('22', '2', 'B-B', '', '20', '0');

### Structure of table `0_stock_master` ###

DROP TABLE IF EXISTS `0_stock_master`;

CREATE TABLE `0_stock_master` (
  `stock_id` varchar(20) COLLATE utf8_unicode_ci NOT NULL DEFAULT '',
  `category_id` int(11) NOT NULL DEFAULT '0',
  `tax_type_id` int(11) NOT NULL DEFAULT '0',
  `description` varchar(200) COLLATE utf8_unicode_ci NOT NULL DEFAULT '',
  `long_description` tinytext COLLATE utf8_unicode_ci NOT NULL,
  `carton` varchar(55) COLLATE utf8_unicode_ci NOT NULL,
  `units` varchar(20) COLLATE utf8_unicode_ci NOT NULL DEFAULT 'each',
  `mb_flag` char(1) COLLATE utf8_unicode_ci NOT NULL DEFAULT 'B',
  `sales_account` varchar(15) COLLATE utf8_unicode_ci NOT NULL DEFAULT '',
  `cogs_account` varchar(15) COLLATE utf8_unicode_ci NOT NULL DEFAULT '',
  `inventory_account` varchar(15) COLLATE utf8_unicode_ci NOT NULL DEFAULT '',
  `adjustment_account` varchar(15) COLLATE utf8_unicode_ci NOT NULL DEFAULT '',
  `wip_account` varchar(15) COLLATE utf8_unicode_ci NOT NULL DEFAULT '',
  `dimension_id` int(11) DEFAULT NULL,
  `dimension2_id` int(11) DEFAULT NULL,
  `purchase_cost` double NOT NULL DEFAULT '0',
  `material_cost` double NOT NULL DEFAULT '0',
  `labour_cost` double NOT NULL DEFAULT '0',
  `overhead_cost` double NOT NULL DEFAULT '0',
  `inactive` tinyint(1) NOT NULL DEFAULT '0',
  `no_sale` tinyint(1) NOT NULL DEFAULT '0',
  `no_purchase` tinyint(1) NOT NULL DEFAULT '0',
  `editable` tinyint(1) NOT NULL DEFAULT '0',
  `depreciation_method` char(1) COLLATE utf8_unicode_ci NOT NULL DEFAULT 'S',
  `depreciation_rate` double NOT NULL DEFAULT '0',
  `depreciation_factor` double NOT NULL DEFAULT '1',
  `depreciation_start` date NOT NULL DEFAULT '0000-00-00',
  `depreciation_date` date NOT NULL DEFAULT '0000-00-00',
  `fa_class_id` varchar(20) COLLATE utf8_unicode_ci NOT NULL DEFAULT '',
  `salesman` int(11) NOT NULL,
  `batch_status` int(11) NOT NULL,
  `alt_units` varchar(11) COLLATE utf8_unicode_ci NOT NULL,
  `con_factor` double NOT NULL,
  `con_type` tinyint(1) NOT NULL,
  `text1` varchar(55) COLLATE utf8_unicode_ci NOT NULL,
  `text2` varchar(55) COLLATE utf8_unicode_ci NOT NULL,
  `text3` varchar(55) COLLATE utf8_unicode_ci NOT NULL,
  `text4` varchar(55) COLLATE utf8_unicode_ci NOT NULL,
  `text5` varchar(55) COLLATE utf8_unicode_ci NOT NULL,
  `text6` varchar(55) COLLATE utf8_unicode_ci NOT NULL,
  `amount1` double NOT NULL,
  `amount2` double NOT NULL,
  `amount3` double NOT NULL,
  `amount4` double NOT NULL,
  `amount5` double NOT NULL,
  `amount6` double NOT NULL,
  `date1` date NOT NULL DEFAULT '0000-00-00',
  `date2` date NOT NULL DEFAULT '0000-00-00',
  `date3` date NOT NULL DEFAULT '0000-00-00',
  `combo1` int(11) NOT NULL,
  `combo2` int(11) NOT NULL,
  `combo3` int(11) NOT NULL,
  `combo4` int(11) NOT NULL,
  `combo5` int(11) NOT NULL,
  `combo6` int(11) NOT NULL,
  `combo_so_1` varchar(60) COLLATE utf8_unicode_ci NOT NULL,
  `combo_so_2` varchar(60) COLLATE utf8_unicode_ci NOT NULL,
  `combo_so_3` varchar(60) COLLATE utf8_unicode_ci NOT NULL,
  `combo_so_4` varchar(60) COLLATE utf8_unicode_ci NOT NULL,
  `combo_so_5` varchar(60) COLLATE utf8_unicode_ci NOT NULL,
  `combo_so_6` varchar(60) COLLATE utf8_unicode_ci NOT NULL,
  `formula` varchar(60) COLLATE utf8_unicode_ci NOT NULL,
  `barcode` varchar(50) COLLATE utf8_unicode_ci NOT NULL,
  PRIMARY KEY (`stock_id`)
) ENGINE=InnoDB DEFAULT CHARSET=utf8 COLLATE=utf8_unicode_ci ;

### Data of table `0_stock_master` ###

INSERT INTO `0_stock_master` VALUES
('1001', '3', '1', 'BOYA M1 MIC', 'blue set\r\n', '1', 'boxes', 'B', '403001', '501001', '102001', '501004', '102003', '1', '0', '1000', '1100', '0', '0', '0', '0', '0', '0', '', '0', '0', '0000-00-00', '0000-00-00', '', '0', '0', '', '0', '0', '', '', '', '', '', '', '0', '0', '0', '0', '0', '0', '0000-00-00', '0000-00-00', '0000-00-00', '0', '0', '0', '0', '0', '0', '', '', '', '', '', '', '', ''),
('1002', '1', '1', 'Sugar Free (Vanilla) (Double Scoop)', '', '', 'boxes', 'B', '403001', '501001', '102001', '501004', '102003', '0', '0', '1000', '7928139.7455898', '0', '0', '0', '0', '0', '0', '', '0', '0', '0000-00-00', '0000-00-00', '', '0', '0', '', '0', '0', '', '', '', '', '', '', '0', '0', '0', '0', '0', '0', '0000-00-00', '0000-00-00', '0000-00-00', '0', '0', '0', '0', '0', '0', '', '', '', '', '', '', '', ''),
('1003', '1', '1', 'Coconut (Double Scoop)', '', '', 'boxes', 'B', '403001', '501001', '102001', '501004', '102003', '0', '0', '0', '100', '0', '0', '0', '0', '0', '0', '', '0', '0', '0000-00-00', '0000-00-00', '', '0', '0', '', '0', '0', '', '', '', '', '', '', '0', '0', '0', '0', '0', '0', '0000-00-00', '0000-00-00', '0000-00-00', '0', '0', '0', '0', '0', '0', '', '', '', '', '', '', '', ''),
('1004', '1', '1', 'A-HO 20/30 SEA BREAM', '', '', 'boxes', 'B', '403001', '501001', '102001', '501004', '102003', '0', '0', '1500', '2000', '0', '0', '0', '0', '0', '0', '', '0', '0', '0000-00-00', '0000-00-00', '', '0', '0', '', '0', '0', '100', '200', '300', '', '', '', '0', '0', '0', '0', '0', '0', '0000-00-00', '0000-00-00', '0000-00-00', '0', '0', '0', '0', '0', '0', '', '', '', '', '', '', '', ''),
('1005', '1', '2', 'RIBBON FISH ', '', '', 'boxes', 'B', '403001', '501001', '102001', '501004', '102003', '0', '0', '435', '499.07454032308', '0', '0', '0', '0', '0', '0', '', '0', '0', '0000-00-00', '0000-00-00', '', '0', '0', '', '0', '0', '', '', '', '', '', '', '0', '0', '0', '0', '0', '0', '0000-00-00', '0000-00-00', '0000-00-00', '0', '0', '0', '0', '0', '0', '', '', '', '', '', '', '', ''),
('1006', '1', '2', 'panadol ', '', '', 'boxes', 'B', '403001', '501001', '102001', '501004', '102003', '0', '0', '500', '2287.5895994023', '0', '0', '0', '0', '0', '0', '', '0', '0', '0000-00-00', '0000-00-00', '', '0', '0', '', '0', '0', '', '', '', '', '', '', '0', '0', '0', '0', '0', '0', '0000-00-00', '0000-00-00', '0000-00-00', '0', '0', '0', '0', '0', '0', '', '', '', '', '', '', '', ''),
('1007', '1', '1', 'NATURE WATER ', '', '', 'ltr', 'B', '403001', '501001', '102001', '501004', '102003', '0', '0', '150', '447.68552967441', '0', '0', '0', '0', '0', '0', '', '0', '0', '0000-00-00', '0000-00-00', '', '0', '0', '', '0', '0', '', '', '', '', '', '', '0', '0', '0', '0', '0', '0', '0000-00-00', '0000-00-00', '0000-00-00', '0', '0', '0', '0', '0', '0', '', '', '', '', '', '', '', ''),
('1008', '1', '1', 'NESCAFEE COFEE ', '', '', 'boxes', 'B', '403001', '501001', '102001', '501004', '102003', '0', '0', '350', '350', '0', '0', '0', '0', '0', '0', '', '0', '0', '0000-00-00', '0000-00-00', '', '0', '0', '', '0', '0', '', '', '', '', '', '', '0', '0', '0', '0', '0', '0', '0000-00-00', '0000-00-00', '0000-00-00', '0', '0', '0', '0', '0', '0', '', '', '', '', '', '', '', ''),
('1009', '1', '1', 'HP LAPTOP', '', '', 'boxes', 'B', '403001', '501001', '102001', '501004', '102003', '0', '0', '12000', '34149.758454106', '0', '0', '0', '0', '0', '0', '', '0', '0', '0000-00-00', '0000-00-00', '', '0', '0', '', '0', '0', '', '', '', '', '', '', '0', '0', '0', '0', '0', '0', '0000-00-00', '0000-00-00', '0000-00-00', '0', '0', '0', '0', '0', '0', '', '', '', '', '', '', '', ''),
('1010', '1', '1', 'ROYAL FAN', '', '', 'boxes', 'B', '403001', '501001', '102001', '501004', '102003', '0', '0', '4000', '20000', '0', '0', '0', '0', '0', '0', '', '0', '0', '0000-00-00', '0000-00-00', '', '0', '0', '', '0', '0', '', '', '', '', '', '', '0', '0', '0', '0', '0', '0', '0000-00-00', '0000-00-00', '0000-00-00', '0', '0', '0', '0', '0', '0', '', '', '', '', '', '', '', ''),
('1011', '1', '1', 'Import Item', '', '', 'boxes', 'B', '403001', '501001', '102001', '501004', '102003', '0', '0', '102000', '126241.66047175', '0', '0', '0', '0', '0', '0', '', '0', '0', '0000-00-00', '0000-00-00', '', '0', '0', '', '0', '0', '', '', '', '', '', '', '0', '0', '0', '0', '0', '0', '0000-00-00', '0000-00-00', '0000-00-00', '0', '0', '0', '0', '0', '0', '', '', '', '', '', '', '', ''),
('10122', '1', '1', 'import item 1111', '', '', 'boxes', 'B', '403001', '501001', '102001', '501004', '102003', '0', '0', '0', '0', '0', '0', '0', '0', '0', '0', '', '0', '0', '0000-00-00', '0000-00-00', '', '0', '0', '', '0', '0', '', '', '', '', '', '', '0', '0', '0', '0', '0', '0', '0000-00-00', '0000-00-00', '0000-00-00', '0', '0', '0', '0', '0', '0', '', '', '', '', '', '', '', ''),
('101232', '1', '1', 'import item 1234', '', '', 'boxes', 'B', '403001', '501001', '102001', '501004', '102003', '0', '0', '0', '12000000', '0', '0', '0', '0', '0', '0', '', '0', '0', '0000-00-00', '0000-00-00', '', '0', '0', '', '0', '0', '', '', '', '', '', '', '0', '0', '0', '0', '0', '0', '0000-00-00', '0000-00-00', '0000-00-00', '0', '0', '0', '0', '0', '0', '', '', '', '', '', '', '', ''),
('101233', '1', '1', 'Import Item 2', '', '', 'boxes', 'B', '403001', '501001', '102001', '501004', '102003', '0', '0', '100000', '100000', '0', '0', '0', '0', '0', '0', '', '0', '0', '0000-00-00', '0000-00-00', '', '0', '0', '', '0', '0', '', '', '', '', '', '', '0', '0', '0', '0', '0', '0', '0000-00-00', '0000-00-00', '0000-00-00', '0', '0', '0', '0', '0', '0', '', '', '', '', '', '', '', ''),
('101234', '1', '1', 'Import 3', '', '', 'boxes', 'B', '403001', '501001', '102001', '501004', '102003', '0', '0', '12000', '14537.1077493', '0', '0', '0', '0', '0', '0', '', '0', '0', '0000-00-00', '0000-00-00', '', '0', '0', '', '0', '0', '', '', '', '', '', '', '0', '0', '0', '0', '0', '0', '0000-00-00', '0000-00-00', '0000-00-00', '0', '0', '0', '0', '0', '0', '', '', '', '', '', '', '', ''),
('101235', '1', '1', 'import 4', '', '', 'boxes', 'B', '403001', '501001', '102001', '501004', '102003', '0', '0', '0', '21280.69329488', '0', '0', '0', '0', '0', '0', '', '0', '0', '0000-00-00', '0000-00-00', '', '0', '0', '', '0', '0', '', '', '', '', '', '', '0', '0', '0', '0', '0', '0', '0000-00-00', '0000-00-00', '0000-00-00', '0', '0', '0', '0', '0', '0', '', '', '', '', '', '', '', ''),
('101236', '1', '1', 'HSD', 'HSD', '1', 'ltr', 'B', '403001', '501001', '102001', '501004', '102003', '0', '0', '500', '500', '0', '0', '0', '0', '0', '0', '', '0', '0', '0000-00-00', '0000-00-00', '', '0', '0', '', '0', '0', '', '', '', '', '', '', '0', '0', '0', '0', '0', '0', '0000-00-00', '0000-00-00', '0000-00-00', '0', '0', '0', '0', '0', '0', '', '', '', '', '', '', '', ''),
('101237', '1', '1', 'Lucky Cement  ', '', '', 'kg ', 'M', '403001', '501001', '102001', '501004', '102003', '0', '0', '0', '311500', '0', '0', '0', '0', '0', '0', '', '0', '0', '0000-00-00', '0000-00-00', '', '0', '0', '', '0', '0', '', '', '', '', '', '', '0', '0', '0', '0', '0', '0', '0000-00-00', '0000-00-00', '0000-00-00', '0', '0', '0', '0', '0', '0', '', '', '', '', '', '', '', ''),
('101238', '1', '1', 'HP LAPTOP', '', '', 'pcs', 'B', '403001', '501001', '102001', '501004', '102003', '0', '0', '15000', '15000', '0', '0', '0', '0', '0', '0', '', '0', '0', '0000-00-00', '0000-00-00', '', '0', '0', '', '0', '0', '', '', '', '', '', '', '0', '0', '0', '0', '0', '0', '0000-00-00', '0000-00-00', '0000-00-00', '0', '0', '0', '0', '0', '0', '', '', '', '', '', '', '', ''),
('101239', '1', '1', 'CARS ', '', '', 'pcs', 'M', '403001', '501001', '102001', '501004', '102003', '0', '0', '850000', '283566.66666667', '0', '0', '0', '0', '0', '0', '', '0', '0', '0000-00-00', '0000-00-00', '', '0', '0', '', '0', '0', '', '', '', '', '', '', '0', '0', '0', '0', '0', '0', '0000-00-00', '0000-00-00', '0000-00-00', '0', '0', '0', '0', '0', '0', '', '', '', '', '', '', '', ''),
('101240', '1', '1', 'Testing Item 2', '', '', 'boxes', 'B', '403001', '501001', '102001', '501004', '102003', '0', '0', '10', '10', '0', '0', '0', '0', '0', '0', '', '0', '0', '0000-00-00', '0000-00-00', '', '0', '0', '', '0', '0', '', '', '', '', '', '', '0', '0', '0', '0', '0', '0', '0000-00-00', '0000-00-00', '0000-00-00', '0', '0', '0', '0', '0', '0', '', '', '', '', '', '', '', ''),
('101241', '1', '1', 'AUX DAIKOOL 1 TON INV, SET', '', '', 'pcs', 'M', '403001', '501001', '102001', '501004', '102003', '0', '0', '0', '12060', '0', '0', '0', '0', '0', '0', '', '0', '0', '0000-00-00', '0000-00-00', '', '0', '0', '', '0', '0', '', '', '', '', '', '', '0', '0', '0', '0', '0', '0', '0000-00-00', '0000-00-00', '0000-00-00', '0', '0', '0', '0', '0', '0', '', '', '', '', '', '', '', ''),
('2001', '2', '1', 'Item 9', '', '', 'boxes', 'D', '403001', '501001', '102001', '501004', '102003', '0', '0', '0', '0', '0', '0', '0', '0', '0', '0', '', '0', '0', '0000-00-00', '0000-00-00', '', '0', '0', '', '0', '0', '', '', '', '', '', '', '0', '0', '0', '0', '0', '0', '0000-00-00', '0000-00-00', '0000-00-00', '0', '0', '0', '0', '0', '0', '', '', '', '', '', '', '', ''),
('2002', '2', '1', 'Item12', '', '', 'boxes', 'D', '403001', '501001', '102001', '501004', '102003', '0', '0', '0', '0', '0', '0', '0', '0', '0', '0', '', '0', '0', '0000-00-00', '0000-00-00', '', '0', '0', '', '0', '0', '', '', '', '', '', '', '0', '0', '0', '0', '0', '0', '0000-00-00', '0000-00-00', '0000-00-00', '0', '0', '0', '0', '0', '0', '', '', '', '', '', '', '', ''),
('2003', '2', '1', 'Bridal', '', '', 'pcs', 'D', '403001', '501001', '102001', '501004', '102003', '0', '0', '0', '0', '0', '0', '0', '0', '0', '1', '', '0', '0', '0000-00-00', '0000-00-00', '', '0', '0', '', '0', '0', '', '', '', '', '', '', '0', '0', '0', '0', '0', '0', '0000-00-00', '0000-00-00', '0000-00-00', '0', '0', '0', '0', '0', '0', '', '', '', '', '', '', '', ''),
('2004', '2', '1', 'Branded SMS 2', '', '', 'boxes', 'B', '403001', '501001', '102001', '501004', '102003', '0', '0', '0.2', '0.2', '0', '0', '0', '0', '0', '0', '', '0', '0', '0000-00-00', '0000-00-00', '', '0', '0', '', '0', '0', '', '', '', '', '', '', '0', '0', '0', '0', '0', '0', '0000-00-00', '0000-00-00', '0000-00-00', '0', '0', '0', '0', '0', '0', '', '', '', '', '', '', '', ''),
('3001', '1', '2', 'COPPER TUBE 3/8', '', '', 'kg ', 'B', '403001', '501001', '102001', '501004', '102003', '0', '0', '10000', '10000', '0', '0', '0', '0', '0', '0', '', '0', '0', '0000-00-00', '0000-00-00', '', '0', '0', '', '0', '0', '', '', '', '', '', '', '0', '0', '0', '0', '0', '0', '0000-00-00', '0000-00-00', '0000-00-00', '0', '0', '0', '0', '0', '0', '', '', '', '', '', '', '', ''),
('30010', '1', '1', 'Haldi', 'Haldi', '', 'boxes', 'M', '403001', '501001', '102001', '501004', '102003', '0', '0', '0', '100', '0', '0', '0', '0', '0', '0', '', '0', '0', '0000-00-00', '0000-00-00', '', '0', '0', '', '0', '0', '', '', '', '', '', '', '0', '0', '0', '0', '0', '0', '0000-00-00', '0000-00-00', '0000-00-00', '0', '0', '0', '0', '0', '0', '', '', '', '', '', '', '', ''),
('30011', '1', '1', 'Zera', 'Zera', '', 'boxes', 'B', '403001', '501001', '102001', '501004', '102003', '0', '0', '0', '100', '0', '0', '0', '0', '0', '0', '', '0', '0', '0000-00-00', '0000-00-00', '', '0', '0', '', '0', '0', '', '', '', '', '', '', '0', '0', '0', '0', '0', '0', '0000-00-00', '0000-00-00', '0000-00-00', '0', '0', '0', '0', '0', '0', '', '', '', '', '', '', '', ''),
('3002', '1', '2', 'Daikool 5685', '', '', 'pcs', 'M', '403001', '501001', '102001', '501004', '102003', '0', '0', '0', '0', '0', '0', '0', '0', '0', '0', '', '0', '0', '0000-00-00', '0000-00-00', '', '0', '0', '', '0', '0', '', '', '', '', '', '', '0', '0', '0', '0', '0', '0', '0000-00-00', '0000-00-00', '0000-00-00', '0', '0', '0', '0', '0', '0', '', '', '', '', '', '', '', ''),
('3003', '1', '2', 'Stop Valve 5/8&quot;', '', '', 'boxes', 'B', '403001', '501001', '102001', '501004', '102003', '0', '0', '0', '0', '0', '0', '0', '0', '0', '0', '', '0', '0', '0000-00-00', '0000-00-00', '', '0', '0', '', '0', '0', '', '', '', '', '', '', '0', '0', '0', '0', '0', '0', '0000-00-00', '0000-00-00', '0000-00-00', '0', '0', '0', '0', '0', '0', '', '', '', '', '', '', '', ''),
('3004', '1', '1', 'TYRE', '', '', 'boxes', 'M', '403001', '501001', '102001', '501004', '102003', '0', '0', '0', '2200', '0', '0', '0', '0', '0', '0', '', '0', '0', '0000-00-00', '0000-00-00', '', '0', '0', '', '0', '0', '', '', '', '', '', '', '0', '0', '0', '0', '0', '0', '0000-00-00', '0000-00-00', '0000-00-00', '0', '0', '0', '0', '0', '0', '', '', '', '', '', '', '', ''),
('3005', '1', '1', 'Nitrogen Gas', '', '', 'kg ', 'B', '403001', '501001', '102001', '501004', '102003', '0', '0', '0', '0', '0', '0', '0', '0', '0', '0', '', '0', '0', '0000-00-00', '0000-00-00', '', '0', '0', '', '0', '0', '', '', '', '', '', '', '0', '0', '0', '0', '0', '0', '0000-00-00', '0000-00-00', '0000-00-00', '0', '0', '0', '0', '0', '0', '', '', '', '', '', '', '', ''),
('3006', '1', '1', 'D/A ', '', '', 'kg ', 'B', '403001', '501001', '102001', '501004', '102003', '0', '0', '0', '0', '0', '0', '0', '0', '0', '0', '', '0', '0', '0000-00-00', '0000-00-00', '', '0', '0', '', '0', '0', '', '', '', '', '', '', '0', '0', '0', '0', '0', '0', '0000-00-00', '0000-00-00', '0000-00-00', '0', '0', '0', '0', '0', '0', '', '', '', '', '', '', '', ''),
('3007', '1', '1', 'Stop Valve 3/8&quot;', '', '', 'pcs', 'B', '403001', '501001', '102001', '501004', '102003', '0', '0', '0', '0', '0', '0', '0', '0', '0', '0', '', '0', '0', '0000-00-00', '0000-00-00', '', '0', '0', '', '0', '0', '', '', '', '', '', '', '0', '0', '0', '0', '0', '0', '0000-00-00', '0000-00-00', '0000-00-00', '0', '0', '0', '0', '0', '0', '', '', '', '', '', '', '', ''),
('3008', '1', '1', 'Biryani', 'Biryani', '', 'boxes', 'M', '403001', '501001', '102001', '501004', '102003', '0', '0', '0', '2200', '0', '0', '0', '0', '0', '0', '', '0', '0', '0000-00-00', '0000-00-00', '', '0', '0', 'kg ', '3', '0', '', '', '', '', '', '', '0', '0', '0', '0', '0', '0', '0000-00-00', '0000-00-00', '0000-00-00', '0', '0', '0', '0', '0', '0', '', '', '', '', '', '', '', ''),
('3009', '3', '1', 'Branded SMS', '', '', 'boxes', 'D', '403001', '501001', '102001', '501004', '102003', '0', '0', '0.2', '0', '0', '0', '0', '0', '0', '1', '', '0', '0', '0000-00-00', '0000-00-00', '', '0', '0', '', '0', '0', '', '', '', '', '', '', '0', '0', '0', '0', '0', '0', '0000-00-00', '0000-00-00', '0000-00-00', '0', '0', '0', '0', '0', '0', '', '', '', '', '', '', '', ''),
('3010', '3', '1', 'Smart Box Mxq 4k Quad Core 1g+8g', 'itle: SMART BOX MXQ 4K QUAD CORE 1G+8G\r\n\r\nDescription: SMART BOX MXQ 4K QUAD CORE 1G+8G -\r\n\r\nDetail:\r\n\r\n \r\n\r\nMXQ Google Android Smart TV BOX, Rockchip RK3229 Quad Cortex-A7 1.2GHz 32bit, Quad ARM Mali-450 GPU, 1.2GHz. MXQ The Newest Version Of MX,Faster T', '1', 'pcs', 'B', '403001', '501001', '102001', '501004', '102003', '0', '0', '0', '0', '0', '0', '0', '0', '0', '0', '', '0', '0', '0000-00-00', '0000-00-00', '', '0', '0', '', '0', '0', '', '', '', '', '', '', '0', '0', '0', '0', '0', '0', '0000-00-00', '0000-00-00', '0000-00-00', '0', '0', '0', '0', '0', '0', '', '', '', '', '', '', '', ''),
('3011', '3', '1', 'AIR MOUSE C120 FOR ANDROID AND SMART TV', '', '', 'boxes', 'B', '403001', '501001', '102001', '501004', '102003', '0', '0', '400', '544.25728142083', '0', '0', '0', '0', '0', '0', '', '0', '0', '0000-00-00', '0000-00-00', '', '0', '0', '', '0', '0', '', '', '', '', '', '', '0', '0', '0', '0', '0', '0', '0000-00-00', '0000-00-00', '0000-00-00', '0', '0', '0', '0', '0', '0', '', '', '', '', '', '', '', ''),
('3012', '3', '1', 'RS 232 ZTEK CABLE', '', '', 'boxes', 'B', '403001', '501001', '102001', '501004', '102003', '0', '0', '0', '367.98760968', '0', '0', '0', '0', '0', '0', '', '0', '0', '0000-00-00', '0000-00-00', '', '0', '0', '', '0', '0', '', '', '', '', '', '', '0', '0', '0', '0', '0', '0', '0000-00-00', '0000-00-00', '0000-00-00', '0', '0', '0', '0', '0', '0', '', '', '', '', '', '', '', ''),
('3013', '3', '1', 'CAR DVR MIRROR DUAL CAMERA FRONT/BACK 1080P', '', '', 'boxes', 'B', '403001', '501001', '102001', '501004', '102003', '0', '0', '0', '4599.845121', '0', '0', '0', '0', '0', '0', '', '0', '0', '0000-00-00', '0000-00-00', '', '0', '0', '', '0', '0', '', '', '', '', '', '', '0', '0', '0', '0', '0', '0', '0000-00-00', '0000-00-00', '0000-00-00', '0', '0', '0', '0', '0', '0', '', '', '', '', '', '', '', ''),
('3014', '3', '1', 'CASH DRAWER', '', '', 'boxes', 'B', '403001', '501001', '102001', '501004', '102003', '0', '0', '0', '7359.7521936', '0', '0', '0', '0', '0', '0', '', '0', '0', '0000-00-00', '0000-00-00', '', '0', '0', '', '0', '0', '', '', '', '', '', '', '0', '0', '0', '0', '0', '0', '0000-00-00', '0000-00-00', '0000-00-00', '0', '0', '0', '0', '0', '0', '', '', '', '', '', '', '', ''),
('3015', '3', '1', 'NIA Q5 BLUETOOTH WIRELESS HEADPHONE BLACK', '', '', 'boxes', 'B', '403001', '102005', '102001', '501004', '102003', '0', '0', '1200', '1200', '0', '0', '0', '0', '0', '0', '', '0', '0', '0000-00-00', '0000-00-00', '', '0', '0', '', '0', '0', '', '', '', '', '', '', '0', '0', '0', '0', '0', '0', '0000-00-00', '0000-00-00', '0000-00-00', '0', '0', '0', '0', '0', '0', '', '', '', '', '', '', '', ''),
('3016', '3', '1', 'NIA X2 BLUETOOTH WIRELESS HEADPHONE BLACK', '', '', 'boxes', 'B', '403001', '102005', '102001', '501004', '102003', '0', '0', '900', '900', '0', '0', '0', '0', '0', '0', '', '0', '0', '0000-00-00', '0000-00-00', '', '0', '0', '', '0', '0', '', '', '', '', '', '', '0', '0', '0', '0', '0', '0', '0000-00-00', '0000-00-00', '0000-00-00', '0', '0', '0', '0', '0', '0', '', '', '', '', '', '', '', ''),
('3017', '3', '1', 'REMAX TABLET IPAD HOLDER C16', '', '', 'boxes', 'B', '403001', '102005', '102001', '501004', '102003', '0', '0', '800', '800', '0', '0', '0', '0', '0', '0', '', '0', '0', '0000-00-00', '0000-00-00', '', '0', '0', '', '0', '0', '', '', '', '', '', '', '0', '0', '0', '0', '0', '0', '0000-00-00', '0000-00-00', '0000-00-00', '0', '0', '0', '0', '0', '0', '', '', '', '', '', '', '', ''),
('3020', '1', '1', 'Service Charges', '', '', 'boxes', 'D', '403001', '501001', '102001', '501004', '102003', '0', '0', '0', '0', '0', '0', '0', '0', '0', '0', '', '0', '0', '0000-00-00', '0000-00-00', '', '0', '0', '', '0', '0', '', '', '', '', '', '', '0', '0', '0', '0', '0', '0', '0000-00-00', '0000-00-00', '0000-00-00', '0', '0', '0', '0', '0', '0', '', '', '', '', '', '', '', ''),
('3021', '1', '1', 'Gold 24k', '', '', 'boxes', 'B', '403001', '501001', '102001', '501004', '102003', '0', '0', '0', '0', '0', '0', '0', '0', '0', '0', '', '0', '0', '0000-00-00', '0000-00-00', '', '0', '0', '', '0', '0', '', '', '', '', '', '', '0', '0', '0', '0', '0', '0', '0000-00-00', '0000-00-00', '0000-00-00', '0', '0', '0', '0', '0', '0', '', '', '', '', '', '', '', ''),
('3022', '1', '2', 'DTG0B05034-902 3/8 Flare', '', '', 'pcs', 'B', '403001', '501001', '102001', '501004', '102003', '0', '0', '640', '640', '0', '0', '0', '0', '0', '0', '', '0', '0', '0000-00-00', '0000-00-00', '', '0', '0', '', '0', '0', '', '', '', '', '', '', '0', '0', '0', '0', '0', '0', '0000-00-00', '0000-00-00', '0000-00-00', '0', '0', '0', '0', '0', '0', '', '', '', '', '', '', '', ''),
('3023', '1', '1', 'led', 'bulb', 'box', 'pcs', 'B', '403001', '501001', '102001', '501004', '102003', '0', '0', '0', '0', '0', '0', '0', '0', '0', '0', '', '0', '0', '0000-00-00', '0000-00-00', '', '0', '0', '', '0', '0', '', '', '', '', '', '', '0', '0', '0', '0', '0', '0', '0000-00-00', '0000-00-00', '0000-00-00', '0', '0', '0', '0', '0', '0', '', '', '', '', '', '', '', ''),
('3024', '1', '1', 'nova pipes testing', 'nova pipes testing', '', 'boxes', 'B', '403001', '501001', '102001', '501004', '102003', '0', '0', '0', '100', '0', '0', '0', '0', '0', '0', '', '0', '0', '0000-00-00', '0000-00-00', '', '0', '0', '', '0', '0', '', '', '', '', '', '', '0', '0', '0', '0', '0', '0', '0000-00-00', '0000-00-00', '0000-00-00', '0', '0', '0', '0', '0', '0', '', '', '', '', '', '', '', ''),
('3025', '1', '1', 'Test batch 1', '', '', 'boxes', 'M', '403001', '501001', '102001', '501004', '102003', '0', '0', '0', '0', '0', '0', '0', '0', '0', '0', '', '0', '0', '0000-00-00', '0000-00-00', '', '0', '0', '', '0', '0', '', '', '', '', '', '', '0', '0', '0', '0', '0', '0', '0000-00-00', '0000-00-00', '0000-00-00', '0', '0', '0', '0', '0', '0', '', '', '', '', '', '', '', ''),
('3026', '1', '1', 'Test batch 2', '', '', 'boxes', 'M', '403001', '501001', '102001', '501004', '102003', '0', '0', '0', '0', '0', '0', '0', '0', '0', '0', '', '0', '0', '0000-00-00', '0000-00-00', '', '0', '0', '', '0', '0', '', '', '', '', '', '', '0', '0', '0', '0', '0', '0', '0000-00-00', '0000-00-00', '0000-00-00', '0', '0', '0', '0', '0', '0', '', '', '', '', '', '', '', ''),
('3027', '1', '1', 'Test batch 3', '', '', 'boxes', 'M', '403001', '501001', '102001', '501004', '102003', '0', '0', '0', '0', '0', '0', '0', '0', '0', '0', '', '0', '0', '0000-00-00', '0000-00-00', '', '0', '0', '', '0', '0', '', '', '', '', '', '', '0', '0', '0', '0', '0', '0', '0000-00-00', '0000-00-00', '0000-00-00', '0', '0', '0', '0', '0', '0', '', '', '', '', '', '', '', ''),
('3028', '1', '1', 'Batch testing 44', '', '', 'boxes', 'B', '403001', '501001', '102001', '501004', '102003', '0', '0', '0', '0', '0', '0', '0', '0', '0', '0', '', '0', '0', '0000-00-00', '0000-00-00', '', '0', '0', '', '0', '0', '', '', '', '', '', '', '0', '0', '0', '0', '0', '0', '0000-00-00', '0000-00-00', '0000-00-00', '0', '0', '0', '0', '0', '0', '', '', '', '', '', '', '', ''),
('3029', '1', '2', 'GD', '', '', 'pcs', 'B', '403001', '501001', '102001', '501004', '102003', '0', '0', '0', '0', '0', '0', '0', '0', '0', '0', '', '0', '0', '0000-00-00', '0000-00-00', '', '0', '0', '', '0', '0', '', '', '', '', '', '', '0', '0', '0', '0', '0', '0', '0000-00-00', '0000-00-00', '0000-00-00', '0', '0', '0', '0', '0', '0', '', '', '', '', '', '', '', ''),
('4001', '4', '1', 'CAR ', '', '', 'boxes', 'F', '403001', '501001', '102001', '501004', '102003', '0', '0', '38000', '38000', '0', '0', '0', '0', '0', '0', 'D', '10', '0', '2018-10-01', '2018-10-01', '1', '0', '0', '', '0', '0', '', '', '', '', '', '', '0', '0', '0', '0', '0', '0', '0000-00-00', '0000-00-00', '0000-00-00', '0', '0', '0', '0', '0', '0', '', '', '', '', '', '', '', ''),
('4002', '4', '1', 'Computer', '', '', 'boxes', 'F', '403001', '501001', '102001', '501004', '102003', '0', '0', '100000', '100000', '0', '0', '0', '0', '0', '0', 'D', '10', '4', '2018-10-01', '2018-10-01', '1', '0', '0', '', '0', '0', '', '', '', '', '', '', '0', '0', '0', '0', '0', '0', '0000-00-00', '0000-00-00', '0000-00-00', '0', '0', '0', '0', '0', '0', '', '', '', '', '', '', '', ''),
('4003', '4', '1', 'AMPROLIUM HCL', '', '', 'boxes', 'F', '403001', '501001', '102001', '501004', '102003', '0', '0', '200000', '200000', '0', '0', '0', '0', '0', '0', 'S', '10', '0', '2018-10-01', '2018-10-01', '1', '0', '0', '', '0', '0', '', '', '', '', '', '', '0', '0', '0', '0', '0', '0', '0000-00-00', '0000-00-00', '0000-00-00', '0', '0', '0', '0', '0', '0', '', '', '', '', '', '', '', ''),
('5001', '5', '1', '450-12 8 PR R-503(SUPER)', '', '', 'boxes', 'B', '403001', '501001', '102001', '501004', '102003', '0', '0', '0', '0', '0', '0', '0', '0', '0', '0', '', '0', '0', '0000-00-00', '0000-00-00', '', '0', '0', '', '0', '0', '', '', '', '', '', '', '0', '0', '0', '0', '0', '0', '0000-00-00', '0000-00-00', '0000-00-00', '2', '0', '0', '0', '0', '0', '', '', '', '', '', '', '', ''),
('5002', '5', '1', 'TUBE', '', '', 'boxes', 'B', '403001', '501001', '102001', '501004', '102003', '0', '0', '0', '0', '0', '0', '0', '0', '0', '0', '', '0', '0', '0000-00-00', '0000-00-00', '', '0', '0', '', '0', '0', '450', '', '', '', '', '', '0', '0', '0', '0', '0', '0', '0000-00-00', '0000-00-00', '0000-00-00', '2', '0', '0', '0', '0', '0', '', '', '', '', '', '', '', '');

### Structure of table `0_stock_moves` ###

DROP TABLE IF EXISTS `0_stock_moves`;

CREATE TABLE `0_stock_moves` (
  `trans_id` int(11) NOT NULL AUTO_INCREMENT,
  `trans_no` int(11) NOT NULL DEFAULT '0',
  `stock_id` char(20) COLLATE utf8_unicode_ci NOT NULL DEFAULT '',
  `type` smallint(6) NOT NULL DEFAULT '0',
  `loc_code` char(5) COLLATE utf8_unicode_ci NOT NULL DEFAULT '',
  `tran_date` date NOT NULL DEFAULT '0000-00-00',
  `person_id` int(11) NOT NULL,
  `price` double NOT NULL DEFAULT '0',
  `reference` char(40) COLLATE utf8_unicode_ci NOT NULL DEFAULT '',
  `qty` double NOT NULL DEFAULT '1',
  `standard_cost` double NOT NULL DEFAULT '0',
  `discount_percent` double NOT NULL,
  `units_id` varchar(50) COLLATE utf8_unicode_ci NOT NULL,
  `con_factor` double NOT NULL,
  `batch` varchar(50) COLLATE utf8_unicode_ci NOT NULL,
  `text1` varchar(55) COLLATE utf8_unicode_ci NOT NULL,
  `text2` varchar(55) COLLATE utf8_unicode_ci NOT NULL,
  `text3` varchar(55) COLLATE utf8_unicode_ci NOT NULL,
  `text4` varchar(55) COLLATE utf8_unicode_ci NOT NULL,
  `text5` varchar(55) COLLATE utf8_unicode_ci NOT NULL,
  `text6` varchar(55) COLLATE utf8_unicode_ci NOT NULL,
  `text7` longtext COLLATE utf8_unicode_ci NOT NULL,
  `amount1` double NOT NULL,
  `amount2` double NOT NULL,
  `amount3` double NOT NULL,
  `amount4` double NOT NULL,
  `amount5` double NOT NULL,
  `amount6` double NOT NULL,
  `date1` date NOT NULL DEFAULT '0000-00-00',
  `date2` date NOT NULL DEFAULT '0000-00-00',
  `date3` date NOT NULL DEFAULT '0000-00-00',
  `combo1` int(11) NOT NULL,
  `combo2` int(11) NOT NULL,
  `combo3` int(11) NOT NULL,
  `combo4` int(11) NOT NULL,
  `combo5` int(11) NOT NULL,
  `combo6` int(11) NOT NULL,
  `opening` tinyint(1) NOT NULL,
  `to_stk_loc` varchar(10) COLLATE utf8_unicode_ci NOT NULL,
  `approval` tinyint(1) NOT NULL DEFAULT '0',
  `approval_qty` double NOT NULL DEFAULT '1',
  PRIMARY KEY (`trans_id`),
  KEY `type` (`type`,`trans_no`),
  KEY `Move` (`stock_id`,`loc_code`,`tran_date`)
) ENGINE=InnoDB AUTO_INCREMENT=257 DEFAULT CHARSET=utf8 COLLATE=utf8_unicode_ci ;

### Data of table `0_stock_moves` ###

INSERT INTO `0_stock_moves` VALUES
('1', '1', '1006', '25', 'DEF', '2018-10-19', '5', '30', '', '10', '30', '0', 'boxes', '0', '', '', '', '', '', '', '', '', '0', '0', '0', '0', '0', '0', '0000-00-00', '0000-00-00', '0000-00-00', '0', '0', '0', '0', '0', '0', '0', '', '0', '0'),
('2', '1', '1006', '13', 'DEF', '2018-10-20', '4', '50', 'auto', '-3', '30', '0', 'boxes', '0', '', '', '', '', '', '', '', '', '0', '0', '0', '0', '0', '0', '0000-00-00', '0000-00-00', '0000-00-00', '0', '0', '0', '0', '0', '0', '0', '', '0', '0'),
('3', '2', '1005', '25', 'DEF', '2018-10-20', '5', '435', '', '671', '435', '0', 'boxes', '0', '', '', '', '', '', '', '', '', '0', '0', '0', '0', '0', '0', '0000-00-00', '0000-00-00', '0000-00-00', '0', '0', '0', '0', '0', '0', '0', '', '0', '0'),
('4', '2', '1005', '13', 'DEF', '2018-10-20', '6', '500', 'auto', '-350', '435', '0', 'boxes', '0', '', '', '', '', '', '', '', '', '0', '0', '0', '0', '0', '0', '0000-00-00', '0000-00-00', '0000-00-00', '0', '0', '0', '0', '0', '0', '0', '', '0', '0'),
('5', '3', '1004', '25', 'DEF', '2018-10-20', '2', '1500', '', '90', '2000', '0', 'boxes', '0', '', '', '', '', '', '', '', '', '0', '0', '0', '0', '0', '0', '0000-00-00', '0000-00-00', '0000-00-00', '0', '0', '0', '0', '0', '0', '0', '', '0', '0'),
('6', '4', '500166666', '25', 'DEF', '2018-10-22', '5', '1000', '', '1', '1000', '0', 'boxes', '1', '', '', '', '', '', '', '', '', '0', '0', '0', '0', '0', '0', '0000-00-00', '0000-00-00', '0000-00-00', '0', '0', '0', '0', '0', '0', '0', '', '0', '0'),
('7', '5', '500166666', '25', 'DEF', '2018-10-22', '5', '1000', '', '1', '1000', '0', 'boxes', '1', '', '', '', '', '', '', '', '', '0', '0', '0', '0', '0', '0', '0000-00-00', '0000-00-00', '0000-00-00', '0', '0', '0', '0', '0', '0', '0', '', '0', '0'),
('8', '6', '1002', '25', 'DEF', '2018-10-22', '2', '250', '', '100', '250', '0', 'boxes', '0', '', '', '', '', '', '', '', '', '0', '0', '0', '0', '0', '0', '0000-00-00', '0000-00-00', '0000-00-00', '0', '0', '0', '0', '0', '0', '0', '', '0', '0'),
('9', '6', '1006', '25', 'DEF', '2018-10-22', '2', '100', '', '150', '96.87898089172', '0', 'boxes', '0', '', '', '', '', '', '', '', '', '0', '0', '0', '0', '0', '0', '0000-00-00', '0000-00-00', '0000-00-00', '0', '0', '0', '0', '0', '0', '0', '', '0', '0'),
('10', '6', '11122220000', '25', 'DEF', '2018-10-22', '2', '150', '', '150', '150', '0', 'boxes', '0', '', '', '', '', '', '', '', '', '0', '0', '0', '0', '0', '0', '0000-00-00', '0000-00-00', '0000-00-00', '0', '0', '0', '0', '0', '0', '0', '', '0', '0'),
('11', '3', '1002', '13', 'DEF', '2018-10-22', '3', '300', 'DN001/10/2018', '-10', '250', '0', 'boxes', '0', '', '', '', '', '', '', '', '', '0', '0', '0', '0', '0', '0', '0000-00-00', '0000-00-00', '0000-00-00', '0', '0', '0', '0', '0', '0', '0', '', '0', '0'),
('12', '7', '1004', '25', 'DEF', '2018-10-22', '2', '1500', '', '10', '0', '0', 'boxes', '0', '', '', '', '', '', '', '', '', '0', '0', '0', '0', '0', '0', '0000-00-00', '0000-00-00', '0000-00-00', '0', '0', '0', '0', '0', '0', '0', '', '0', '0'),
('13', '8', '1009', '25', 'DEF', '2018-10-22', '6', '40000', '', '120', '40000', '0', 'boxes', '0', '', '', '', '', '', '', '', '', '0', '0', '0', '0', '0', '0', '0000-00-00', '0000-00-00', '0000-00-00', '0', '0', '0', '0', '0', '0', '0', '', '0', '0'),
('14', '9', '1007', '25', 'DEF', '2018-10-22', '3', '450', '', '40000', '450', '0', 'boxes', '0', '', '', '', '', '', '', '', '', '0', '0', '0', '0', '0', '0', '0000-00-00', '0000-00-00', '0000-00-00', '0', '0', '0', '0', '0', '0', '0', '', '0', '0'),
('15', '10', '1009', '25', 'DEF', '2018-10-22', '6', '40000', '', '10', '40000', '0', 'boxes', '0', '', '', '', '', '', '', '', '', '0', '0', '0', '0', '0', '0', '0000-00-00', '0000-00-00', '0000-00-00', '0', '0', '0', '0', '0', '0', '0', '', '0', '0'),
('16', '4', '1002', '13', 'DEF', '2018-10-22', '6', '150', 'auto', '-20', '250', '0', 'boxes', '0', '', '', '', '', '', '', '', '', '0', '0', '0', '0', '0', '0', '0000-00-00', '0000-00-00', '0000-00-00', '0', '0', '0', '0', '0', '0', '0', '', '0', '0'),
('17', '5', '11122220000', '13', 'DEF', '2018-10-22', '6', '150', 'auto', '-15', '150', '0', 'boxes', '0', '', '', '', '', '', '', '', '', '0', '0', '0', '0', '0', '0', '0000-00-00', '0000-00-00', '0000-00-00', '0', '0', '0', '0', '0', '0', '0', '', '0', '0'),
('18', '6', '11122220000', '13', 'DEF', '2018-10-22', '6', '210', 'DN002/10/2018', '-1', '150', '0', 'boxes', '0', '', '', '', '', '', '', '', '', '0', '0', '0', '0', '0', '0', '0000-00-00', '0000-00-00', '0000-00-00', '0', '0', '0', '0', '0', '0', '0', '', '0', '0'),
('19', '11', '1007', '25', 'DEF', '2018-10-22', '7', '150', '', '200', '448.50746268657', '0', 'ltr', '0', '', '', '', '', '', '', '', '', '0', '0', '0', '0', '0', '0', '0000-00-00', '0000-00-00', '0000-00-00', '0', '0', '0', '0', '0', '0', '0', '', '0', '0'),
('20', '12', '1002', '25', 'DEF', '2018-10-22', '5', '100000', '', '1', '1654.9295774648', '0', 'boxes', '0', '', '', '', '', '', '', '', '', '0', '0', '0', '0', '0', '0', '0000-00-00', '0000-00-00', '0000-00-00', '0', '0', '0', '0', '0', '0', '0', '', '0', '0'),
('21', '13', '1011', '25', 'DEF', '2018-10-22', '5', '96000', '', '2', '100000', '0', 'boxes', '0', '', '', '', '', '', '', '', '', '0', '0', '0', '0', '0', '0', '0000-00-00', '0000-00-00', '0000-00-00', '0', '0', '0', '0', '0', '0', '0', '', '0', '0'),
('22', '14', '1009', '25', 'DEF', '2018-10-22', '8', '10000', '', '10', '37857.142857143', '0', 'boxes', '0', '', '', '', '', '', '', '', '', '0', '0', '0', '0', '0', '0', '0000-00-00', '0000-00-00', '0000-00-00', '0', '0', '0', '0', '0', '0', '0', '', '0', '0'),
('23', '15', '1011', '25', 'DEF', '2018-10-22', '9', '1758.0553490584', '', '1', '104000', '0', 'boxes', '0', '', '', '', '', '', '', '', '', '0', '0', '0', '0', '0', '0', '0000-00-00', '0000-00-00', '0000-00-00', '0', '0', '0', '0', '0', '0', '0', '', '0', '0'),
('24', '16', '101232', '25', 'DEF', '2018-10-23', '9', '100000', '', '1', '12000000', '0', 'boxes', '0', '', '', '', '', '', '', '', '', '0', '0', '0', '0', '0', '0', '0000-00-00', '0000-00-00', '0000-00-00', '0', '0', '0', '0', '0', '0', '0', '', '0', '0'),
('25', '17', '101233', '25', 'DEF', '2018-10-23', '5', '100000', '', '2', '100000', '0', 'boxes', '0', '', '', '', '', '', '', '', '', '0', '0', '0', '0', '0', '0', '0000-00-00', '0000-00-00', '0000-00-00', '0', '0', '0', '0', '0', '0', '0', '', '0', '0'),
('26', '18', '101234', '25', 'DEF', '2018-10-23', '9', '12000', '', '2', '12000', '0', 'boxes', '0', '', '', '', '', '', '', '', '', '0', '0', '0', '0', '0', '0', '0000-00-00', '0000-00-00', '0000-00-00', '0', '0', '0', '0', '0', '0', '0', '', '0', '0'),
('27', '19', '101234', '25', 'DEF', '2018-10-23', '9', '142.285129155', '', '2', '12000', '0', 'boxes', '0', '', '', '', '', '', '', '', '', '0', '0', '0', '0', '0', '0', '0000-00-00', '0000-00-00', '0000-00-00', '0', '0', '0', '0', '0', '0', '0', '', '0', '0'),
('28', '20', '101235', '25', 'DEF', '2018-10-23', '9', '177.33911079067', '', '2', '12000', '0', 'boxes', '0', '', '', '', '', '', '', '', '', '0', '0', '0', '0', '0', '0', '0000-00-00', '0000-00-00', '0000-00-00', '0', '0', '0', '0', '0', '0', '0', '', '0', '0'),
('29', '21', '500166666', '25', 'DEF', '2018-10-23', '5', '1000', '', '1', '1000', '0', 'boxes', '1', '', '', '', '', '', '', '', '', '0', '0', '0', '0', '0', '0', '0000-00-00', '0000-00-00', '0000-00-00', '0', '0', '0', '0', '0', '0', '0', '', '0', '0'),
('30', '7', '1002', '13', 'DEF', '2018-10-23', '4', '10', 'auto', '-1', '1654.9295774648', '0', 'boxes', '0', '', '', '', '', '', '', '', '', '0', '0', '0', '0', '0', '0', '0000-00-00', '0000-00-00', '0000-00-00', '0', '0', '0', '0', '0', '0', '0', '', '0', '0'),
('31', '1', '1002', '11', 'DEF', '2018-10-23', '0', '11.7', 'Return', '1', '1654.9295774648', '0', 'boxes', '0', '', '', '', '', '', '', '', '', '0', '0', '0', '0', '0', '0', '0000-00-00', '0000-00-00', '0000-00-00', '0', '0', '0', '0', '0', '0', '0', '', '0', '0'),
('32', '22', '1009', '25', 'DEF', '2018-10-24', '8', '12000', '', '12', '35815.789473684', '0', 'boxes', '0', '', '', '', '', '', '', '', '', '0', '0', '0', '0', '0', '0', '0000-00-00', '0000-00-00', '0000-00-00', '0', '0', '0', '0', '0', '0', '0', '', '0', '0'),
('33', '8', '11122220000', '13', 'DEF', '2018-10-24', '7', '150', 'DN003/10/2018', '-134', '150', '0', 'boxes', '0', '', '', '', '', '', '', '', '', '0', '0', '0', '0', '0', '0', '0000-00-00', '0000-00-00', '0000-00-00', '0', '0', '0', '0', '0', '0', '0', '', '0', '0'),
('34', '8', '1002', '13', 'DEF', '2018-10-24', '7', '200', 'DN003/10/2018', '-71', '1654.9295774648', '0', 'boxes', '0', '', '', '', '', '', '', '', '', '0', '0', '0', '0', '0', '0', '0000-00-00', '0000-00-00', '0000-00-00', '0', '0', '0', '0', '0', '0', '0', '', '0', '0'),
('35', '23', '1002', '25', 'DEF', '2018-10-24', '5', '1000', '', '100', '1000', '0', 'boxes', '0', '', '', '', '', '', '', '', '', '0', '0', '0', '0', '0', '0', '0000-00-00', '0000-00-00', '0000-00-00', '0', '0', '0', '0', '0', '0', '0', '', '0', '0'),
('37', '24', '1010', '25', 'DEF', '2018-10-24', '8', '4000', '', '23', '4000', '0', 'boxes', '0', '', '', '', '', '', '', '', '', '0', '0', '0', '0', '0', '0', '0000-00-00', '0000-00-00', '0000-00-00', '0', '0', '0', '0', '0', '0', '0', '', '0', '0'),
('38', '10', '1002', '13', 'DEF', '2018-10-24', '4', '1500', 'DN005/10/2018', '-12', '1000', '0', 'boxes', '0', '', '', '', '', '', '', '', '', '0', '0', '0', '0', '0', '0', '0000-00-00', '0000-00-00', '0000-00-00', '0', '0', '0', '0', '0', '0', '0', '', '0', '0'),
('39', '25', '11122220000', '25', 'DEF', '2018-10-24', '5', '0', '', '1', '0', '0', 'boxes', '0', '', '', '', '', '', '', '', '', '0', '0', '0', '0', '0', '0', '0000-00-00', '0000-00-00', '0000-00-00', '0', '0', '0', '0', '0', '0', '0', '', '0', '0'),
('40', '26', '500166666', '25', 'DEF', '2018-10-24', '5', '1000', '', '1', '1000', '0', 'boxes', '1', '', '', '', '', '', '', '', '', '0', '0', '0', '0', '0', '0', '0000-00-00', '0000-00-00', '0000-00-00', '0', '0', '0', '0', '0', '0', '0', '', '0', '0'),
('41', '27', '101239', '25', 'DEF', '2018-10-24', '8', '850000', '', '2', '850000', '0', 'pcs', '0', '', '', '', '', '', '', '', '', '0', '0', '0', '0', '0', '0', '0000-00-00', '0000-00-00', '0000-00-00', '0', '0', '0', '0', '0', '0', '0', '', '0', '0'),
('42', '28', '4001', '25', 'DEF', '2018-10-24', '6', '38000', '', '1', '38000', '0', 'boxes', '0', '', '', '', '', '', '', '', '', '0', '0', '0', '0', '0', '0', '0000-00-00', '0000-00-00', '0000-00-00', '0', '0', '0', '0', '0', '0', '0', '', '0', '0'),
('43', '29', '4002', '25', 'DEF', '2018-10-24', '5', '100000', '', '1', '100000', '0', 'boxes', '0', '', '', '', '', '', '', '', '', '0', '0', '0', '0', '0', '0', '0000-00-00', '0000-00-00', '0000-00-00', '0', '0', '0', '0', '0', '0', '0', '', '0', '0'),
('44', '30', '4003', '25', 'DEF', '2018-10-24', '5', '200000', '', '1', '200000', '0', 'boxes', '0', '', '', '', '', '', '', '', '', '0', '0', '0', '0', '0', '0', '0000-00-00', '0000-00-00', '0000-00-00', '0', '0', '0', '0', '0', '0', '0', '', '0', '0'),
('45', '11', '1002', '13', 'DEF', '2018-10-24', '4', '1500', 'DN006/10/2018', '-2', '1000', '0', 'boxes', '0', '', '', '', '', '', '', '', '', '0', '0', '0', '0', '0', '0', '0000-00-00', '0000-00-00', '0000-00-00', '0', '0', '0', '0', '0', '0', '0', '', '0', '0'),
('46', '11', '1004', '13', 'DEF', '2018-10-24', '4', '20', 'DN006/10/2018', '-1', '2000', '0', 'boxes', '0', '', '', '', '', '', '', '', '', '0', '0', '0', '0', '0', '0', '0000-00-00', '0000-00-00', '0000-00-00', '0', '0', '0', '0', '0', '0', '0', '', '0', '0'),
('47', '12', '1002', '13', 'DEF', '2018-10-24', '4', '1500', 'DN007/10/2018', '-1', '1000', '0', 'boxes', '0', '', '', '', '', '', '', '', '', '0', '0', '0', '0', '0', '0', '0000-00-00', '0000-00-00', '0000-00-00', '0', '0', '0', '0', '0', '0', '0', '', '0', '0'),
('48', '13', '500166666', '13', 'DEF', '2018-10-24', '4', '0', 'auto', '-1', '1000', '0', 'boxes', '1', '', '', '', '', '', '', '', '', '0', '0', '0', '0', '0', '0', '0000-00-00', '0000-00-00', '0000-00-00', '0', '0', '0', '0', '0', '0', '0', '', '0', '0'),
('49', '13', '1006', '13', 'DEF', '2018-10-24', '4', '10', 'auto', '-1', '96.87898089172', '0', 'boxes', '0', '', '', '', '', '', '', '', '', '0', '0', '0', '0', '0', '0', '0000-00-00', '0000-00-00', '0000-00-00', '0', '0', '0', '0', '0', '0', '0', '', '0', '0'),
('50', '13', '1004', '13', 'DEF', '2018-10-24', '4', '0', 'auto', '-1', '2000', '0', 'boxes', '0', '', '', '', '', '', '', '', '', '0', '0', '0', '0', '0', '0', '0000-00-00', '0000-00-00', '0000-00-00', '0', '0', '0', '0', '0', '0', '0', '', '0', '0'),
('51', '13', '1005', '13', 'DEF', '2018-10-24', '4', '0', 'auto', '-1', '435', '0', 'boxes', '0', '', '', '', '', '', '', '', '', '0', '0', '0', '0', '0', '0', '0000-00-00', '0000-00-00', '0000-00-00', '0', '0', '0', '0', '0', '0', '0', '', '0', '0'),
('52', '14', '11122220000', '13', 'DEF', '2018-10-22', '7', '150', 'DN008/10/2018', '-1', '0', '0', 'boxes', '0', '', '', '', '', '', '', '', '', '0', '0', '0', '0', '0', '0', '0000-00-00', '0000-00-00', '0000-00-00', '0', '0', '0', '0', '0', '0', '0', '', '0', '0'),
('53', '14', '1002', '13', 'DEF', '2018-10-22', '7', '200', 'DN008/10/2018', '-71', '1000', '0', 'boxes', '0', '', '', '', '', '', '', '', '', '0', '0', '0', '0', '0', '0', '0000-00-00', '0000-00-00', '0000-00-00', '0', '0', '0', '0', '0', '0', '0', '', '0', '0'),
('54', '31', '101240', '25', 'DEF', '2018-10-22', '5', '10', '', '10', '10', '0', 'boxes', '0', '', '', '', '', '', '', '', '', '0', '0', '0', '0', '0', '0', '0000-00-00', '0000-00-00', '0000-00-00', '0', '0', '0', '0', '0', '0', '0', '', '0', '0'),
('55', '15', '101240', '13', 'DEF', '2018-10-22', '5', '500', 'DN009/10/2018', '-2', '10', '0', 'boxes', '0', '', '', '', '', '', '', '', '', '0', '0', '0', '0', '0', '0', '0000-00-00', '0000-00-00', '0000-00-00', '0', '0', '0', '0', '0', '0', '0', '', '0', '0'),
('56', '16', '101240', '13', 'DEF', '2018-10-22', '5', '500', 'DN010/10/2018', '-1', '10', '0', 'boxes', '0', '', '', '', '', '', '', '', '', '0', '0', '0', '0', '0', '0', '0000-00-00', '0000-00-00', '0000-00-00', '0', '0', '0', '0', '0', '0', '0', '', '0', '0'),
('57', '2', '500166666', '11', 'DEF', '2018-10-22', '0', '11.7', 'Return', '1', '1000', '0', 'boxes', '1', '', '', '', '', '', '', '', '', '0', '0', '0', '0', '0', '0', '0000-00-00', '0000-00-00', '0000-00-00', '0', '0', '0', '0', '0', '0', '0', '', '0', '0'),
('58', '17', '500166666', '13', 'DEF', '2018-10-22', '4', '10', 'DN011/10/2018', '-2', '1000', '0', 'boxes', '1', '', '', '', '', '', '', '', '', '0', '0', '0', '0', '0', '0', '0000-00-00', '0000-00-00', '0000-00-00', '0', '0', '0', '0', '0', '0', '0', '', '0', '0'),
('59', '3', '101240', '11', 'DEF', '2018-10-22', '0', '585', 'Return', '1', '10', '0', 'boxes', '0', '', '', '', '', '', '', '', '', '0', '0', '0', '0', '0', '0', '0000-00-00', '0000-00-00', '0000-00-00', '0', '0', '0', '0', '0', '0', '0', '', '0', '0'),
('60', '18', '2001', '13', 'DEF', '2018-10-22', '4', '1000', 'DN012/10/2018', '-5', '0', '0', 'boxes', '0', '', '', '', '', '', '', '', '', '0', '0', '0', '0', '0', '0', '0000-00-00', '0000-00-00', '0000-00-00', '0', '0', '0', '0', '0', '0', '0', '', '0', '0'),
('61', '4', '2001', '11', 'DEF', '2018-10-22', '0', '1170', 'Return', '3', '0', '0', 'boxes', '0', '', '', '', '', '', '', '', '', '0', '0', '0', '0', '0', '0', '0000-00-00', '0000-00-00', '0000-00-00', '0', '0', '0', '0', '0', '0', '0', '', '0', '0'),
('62', '19', '1002', '13', 'DEF', '2018-10-26', '7', '200', 'DN013/10/2018', '-13', '1000', '0', 'boxes', '0', '', '', '', '', '', '', '', '', '0', '0', '0', '0', '0', '0', '0000-00-00', '0000-00-00', '0000-00-00', '0', '0', '0', '0', '0', '0', '0', '', '0', '0'),
('63', '20', '1006', '13', 'DEF', '2018-10-26', '4', '200', 'DN014/10/2018', '-26', '96.87898089172', '0', 'boxes', '0', '', '', '', '', '', '', '', '', '0', '0', '0', '0', '0', '0', '0000-00-00', '0000-00-00', '0000-00-00', '0', '0', '0', '0', '0', '0', '0', '', '0', '0'),
('64', '21', '1010', '13', 'DEF', '2018-10-26', '14', '0', 'auto', '-5', '4000', '0', 'boxes', '0', '', '', '', '', '', '', '', '', '0', '0', '0', '0', '0', '0', '0000-00-00', '0000-00-00', '0000-00-00', '0', '0', '0', '0', '0', '0', '0', '', '0', '0'),
('65', '22', '2001', '13', 'DEF', '2018-10-27', '15', '1000', 'auto', '-1', '0', '0', 'boxes', '0', '', '', '', '', '', '', '', '', '0', '0', '0', '0', '0', '0', '0000-00-00', '0000-00-00', '0000-00-00', '0', '0', '0', '0', '0', '0', '0', '', '0', '0'),
('66', '32', '500166666', '25', 'DEF', '2018-10-27', '5', '1000', '', '1', '1000', '0', 'boxes', '1', '', '', '', '', '', '', '', '', '0', '0', '0', '0', '0', '0', '0000-00-00', '0000-00-00', '0000-00-00', '0', '0', '0', '0', '0', '0', '0', '', '0', '0'),
('67', '33', '500166666', '25', 'DEF', '2018-10-27', '5', '1000', '', '1', '1000', '0', 'boxes', '1', '', '', '', '', '', '', '', '', '0', '0', '0', '0', '0', '0', '0000-00-00', '0000-00-00', '0000-00-00', '0', '0', '0', '0', '0', '0', '0', '', '0', '0'),
('68', '34', '500166666', '25', 'DEF', '2018-10-27', '5', '1000', '', '1', '1000', '0', 'boxes', '1', '', '', '', '', '', '', '', '', '0', '0', '0', '0', '0', '0', '0000-00-00', '0000-00-00', '0000-00-00', '0', '0', '0', '0', '0', '0', '0', '', '0', '0'),
('69', '35', '500166666', '25', 'DEF', '2018-10-27', '5', '1000', '', '1', '1000', '0', 'boxes', '1', '', '', '', '', '', '', '', '', '0', '0', '0', '0', '0', '0', '0000-00-00', '0000-00-00', '0000-00-00', '0', '0', '0', '0', '0', '0', '0', '', '0', '0'),
('70', '36', '101236', '25', 'DEF', '2018-10-27', '5', '500', '', '1', '500', '0', 'ltr', '0', '', '', '', '', '', '', '', '', '0', '0', '0', '0', '0', '0', '0000-00-00', '0000-00-00', '0000-00-00', '0', '0', '0', '0', '0', '0', '0', '', '0', '0'),
('71', '37', '500166666', '25', 'DEF', '2018-10-27', '5', '1000', '', '1', '1000', '0', 'boxes', '1', '', '', '', '', '', '', '', '', '0', '0', '0', '0', '0', '0', '0000-00-00', '0000-00-00', '0000-00-00', '0', '0', '0', '0', '0', '0', '0', '', '0', '0'),
('72', '23', '500166666', '13', 'DEF', '2018-10-27', '4', '2000', 'DN015/10/2018', '-4', '1000', '0', 'boxes', '1', '', '', '', '', '', '', '', '', '0', '0', '0', '0', '0', '0', '0000-00-00', '0000-00-00', '0000-00-00', '0', '0', '0', '0', '0', '0', '0', '', '0', '0'),
('73', '24', '500166666', '13', 'DEF', '2018-10-27', '4', '10', 'auto', '-1', '1000', '0', 'boxes', '1', '', '', '', '', '', '', '', '', '0', '0', '0', '0', '0', '0', '0000-00-00', '0000-00-00', '0000-00-00', '0', '0', '0', '0', '0', '0', '0', '', '0', '0'),
('74', '25', '500166666', '13', 'DEF', '2018-10-28', '1', '500', 'auto', '-2', '1000', '0', 'boxes', '1', '', '', '', '', '', '', '', '', '0', '0', '0', '0', '0', '0', '0000-00-00', '0000-00-00', '0000-00-00', '0', '0', '0', '0', '0', '0', '0', '', '0', '0'),
('75', '26', '1005', '13', 'DEF', '2018-10-29', '3', '2', 'auto', '-250', '435', '0', 'boxes', '0', '', '', '', '', '', '', '', '', '0', '0', '0', '0', '0', '0', '0000-00-00', '0000-00-00', '0000-00-00', '0', '0', '0', '0', '0', '0', '0', '', '0', '0'),
('76', '27', '3009', '13', 'DEF', '2018-10-29', '13', '0.4', 'auto', '-100000', '0', '0', 'boxes', '0', '', '', '', '', '', '', '', '', '0', '0', '0', '0', '0', '0', '0000-00-00', '0000-00-00', '0000-00-00', '0', '0', '0', '0', '0', '0', '0', '', '0', '0'),
('77', '28', '3009', '13', 'DEF', '2018-10-29', '13', '1000', 'auto', '-1', '0', '0', 'boxes', '0', '', '', '', '', '', '', '', '', '0', '0', '0', '0', '0', '0', '0000-00-00', '0000-00-00', '0000-00-00', '0', '0', '0', '0', '0', '0', '0', '', '0', '0'),
('78', '38', '3009', '25', 'DEF', '2018-10-29', '5', '0.2', '', '100000', '0', '0', 'boxes', '0', '', '', '', '', '', '', '', '', '0', '0', '0', '0', '0', '0', '0000-00-00', '0000-00-00', '0000-00-00', '0', '0', '0', '0', '0', '0', '0', '', '0', '0'),
('79', '39', '2004', '25', 'DEF', '2018-10-29', '5', '0.2', '', '10000000', '0.2', '0', 'boxes', '0', '', '', '', '', '', '', '', '', '0', '0', '0', '0', '0', '0', '0000-00-00', '0000-00-00', '0000-00-00', '0', '0', '0', '0', '0', '0', '0', '', '0', '0'),
('80', '40', '1011', '25', 'DEF', '2018-10-29', '9', '102000', '', '1', '126241.66047175', '0', 'boxes', '0', '', '', '', '', '', '', '', '', '0', '0', '0', '0', '0', '0', '0000-00-00', '0000-00-00', '0000-00-00', '0', '0', '0', '0', '0', '0', '0', '', '0', '0'),
('81', '41', '500166666', '25', 'DEF', '2018-10-29', '5', '1000', '', '10', '1000', '0', 'boxes', '1', '', '', '', '', '', '', '', '', '0', '0', '0', '0', '0', '0', '0000-00-00', '0000-00-00', '0000-00-00', '0', '0', '0', '0', '0', '0', '0', '', '0', '0'),
('82', '1', '500166666', '16', 'DEF', '2018-10-29', '0', '0', 'LT001/10/2018', '-10', '0', '0', '', '1', '', '', '', '', '', '', '', '0', '0', '0', '0', '0', '0', '0', '0000-00-00', '0000-00-00', '0000-00-00', '0', '0', '0', '0', '0', '0', '0', '83', '0', '0'),
('83', '1', '500166666', '16', 'MAIN', '2018-10-29', '0', '0', 'LT001/10/2018', '10', '0', '0', '', '1', '', '', '', '', '', '', '', '0', '0', '0', '0', '0', '0', '0', '0000-00-00', '0000-00-00', '0000-00-00', '0', '0', '0', '0', '0', '0', '0', '0', '0', '0'),
('84', '1', '1005', '28', 'DEF', '2018-10-30', '0', '0', '', '-2', '435', '0', '', '0', '', '', '', '', '', '', '', '', '0', '0', '0', '0', '0', '0', '0000-00-00', '0000-00-00', '0000-00-00', '0', '0', '0', '0', '0', '0', '0', '', '0', '0'),
('85', '42', '500166666', '25', 'DEF', '2018-10-30', '9', '600000', '', '1', '50000', '0.1', 'boxes', '1', '1', '', '', '', '', '', '', '', '0', '0', '0', '0', '0', '0', '0000-00-00', '0000-00-00', '0000-00-00', '0', '0', '0', '0', '0', '0', '0', '', '0', '0'),
('86', '42', '1002', '25', 'DEF', '2018-10-30', '9', '4000', '', '1', '480000', '0', 'boxes', '0', '1', '', '', '', '', '', '', '', '0', '0', '0', '0', '0', '0', '0000-00-00', '0000-00-00', '0000-00-00', '0', '0', '0', '0', '0', '0', '0', '', '0', '0'),
('87', '29', '1002', '13', 'DEF', '2018-10-30', '7', '200', 'DN016/10/2018', '-1', '480000', '0', 'boxes', '0', '1', '', '', '', '', '', '', '', '0', '0', '0', '0', '0', '0', '0000-00-00', '0000-00-00', '0000-00-00', '0', '0', '0', '0', '0', '0', '0', '', '0', '0'),
('88', '43', '500166666', '25', 'DEF', '2018-10-27', '11', '0', '', '1', '45833.333333333', '0', 'boxes', '1', '2', '', '', '', '', '', '', '', '0', '0', '0', '0', '0', '0', '0000-00-00', '0000-00-00', '0000-00-00', '0', '0', '0', '0', '0', '0', '0', '', '0', '0'),
('89', '44', '1006', '25', 'DEF', '2018-10-27', '11', '2550', '', '1', '115.22341615209', '0', 'boxes', '0', '2', '', '', '', '', '', '', '', '0', '0', '0', '0', '0', '0', '0000-00-00', '0000-00-00', '0000-00-00', '0', '0', '0', '0', '0', '0', '0', '', '0', '0'),
('90', '45', '1009', '25', 'DEF', '2018-10-30', '8', '35000', '', '20', '35720.930232558', '0', 'boxes', '0', '', '', '', '', '', '', '', '', '0', '0', '0', '0', '0', '0', '0000-00-00', '0000-00-00', '0000-00-00', '0', '0', '0', '0', '0', '0', '0', '', '0', '0'),
('91', '46', '500166666', '25', 'DEF', '2018-10-30', '9', '500', '', '20', '54687.5', '0', 'boxes', '1', '', '', '', '', '', '', '', '', '0', '0', '0', '0', '0', '0', '0000-00-00', '0000-00-00', '0000-00-00', '0', '0', '0', '0', '0', '0', '0', '', '0', '0'),
('92', '47', '1006', '25', 'DEF', '2018-10-25', '11', '1200', '', '56', '440.34367655574', '0', 'boxes', '0', '', '', '', '', '', '', '', '', '0', '0', '0', '0', '0', '0', '0000-00-00', '0000-00-00', '0000-00-00', '0', '0', '0', '0', '0', '0', '0', '', '0', '0'),
('93', '2', '1004', '28', 'DEF', '2018-10-31', '0', '0', '', '-1', '2000', '0', '', '0', '', '', '', '', '', '', '', '', '0', '0', '0', '0', '0', '0', '0000-00-00', '0000-00-00', '0000-00-00', '0', '0', '0', '0', '0', '0', '0', '', '0', '0'),
('94', '2', '1010', '28', 'DEF', '2018-10-31', '0', '0', '', '-1', '4000', '0', '', '0', '', '', '', '', '', '', '', '', '0', '0', '0', '0', '0', '0', '0000-00-00', '0000-00-00', '0000-00-00', '0', '0', '0', '0', '0', '0', '0', '', '0', '0'),
('95', '1', '1004', '29', 'DEF', '2018-10-31', '0', '0', '', '-80', '2000', '0', '', '0', '', '0', '0', '0', '0', '0', '0', '', '0', '0', '0', '0', '0', '0', '0000-00-00', '0000-00-00', '0000-00-00', '0', '0', '0', '0', '0', '0', '0', '', '0', '0'),
('96', '1', '1010', '29', 'DEF', '2018-10-31', '0', '0', '', '-20', '4000', '0', '', '0', '', '0', '0', '0', '0', '0', '0', '', '0', '0', '0', '0', '0', '0', '0000-00-00', '0000-00-00', '0000-00-00', '0', '0', '0', '0', '0', '0', '0', '', '0', '0'),
('97', '1', '3001', '29', 'DEF', '2018-10-31', '0', '0', '', '-1000', '0', '0', '', '0', '', '0', '0', '0', '0', '0', '0', '', '0', '0', '0', '0', '0', '0', '0000-00-00', '0000-00-00', '0000-00-00', '0', '0', '0', '0', '0', '0', '0', '', '0', '0'),
('98', '48', '500166666', '25', 'DEF', '2018-10-31', '9', '500', '', '20', '0', '0', 'boxes', '1', '', '', '', '', '', '', '', '', '0', '0', '0', '0', '0', '0', '0000-00-00', '0000-00-00', '0000-00-00', '0', '0', '0', '0', '0', '0', '0', '', '0', '0'),
('99', '49', '500166666', '25', 'DEF', '2018-10-30', '9', '500', '', '50', '0', '0', 'boxes', '1', '', '', '', '', '', '', '', '', '0', '0', '0', '0', '0', '0', '0000-00-00', '0000-00-00', '0000-00-00', '0', '0', '0', '0', '0', '0', '0', '', '0', '0'),
('101', '31', '500166666', '13', 'DEF', '2018-10-31', '15', '120', 'auto', '-1', '58333.333333333', '0', 'boxes', '1', '', '', '', '', '', '', '', '', '0', '0', '0', '0', '0', '0', '0000-00-00', '0000-00-00', '0000-00-00', '0', '0', '0', '0', '0', '0', '0', '', '0', '0'),
('102', '2', '1004', '29', 'DEF', '2018-10-31', '0', '0', '', '-320', '2000', '0', '', '0', '', '0', '0', '0', '0', '0', '0', '', '0', '0', '0', '0', '0', '0', '0000-00-00', '0000-00-00', '0000-00-00', '0', '0', '0', '0', '0', '0', '0', '', '0', '0'),
('103', '2', '1010', '29', 'DEF', '2018-10-31', '0', '0', '', '-80', '4000', '0', '', '0', '', '0', '0', '0', '0', '0', '0', '', '0', '0', '0', '0', '0', '0', '0000-00-00', '0000-00-00', '0000-00-00', '0', '0', '0', '0', '0', '0', '0', '', '0', '0'),
('104', '2', '3001', '29', 'DEF', '2018-10-31', '0', '0', '', '-4000', '0', '0', '', '0', '', '0', '0', '0', '0', '0', '0', '', '0', '0', '0', '0', '0', '0', '0000-00-00', '0000-00-00', '0000-00-00', '0', '0', '0', '0', '0', '0', '0', '', '0', '0'),
('105', '2', '101241', '26', 'DEF', '2018-10-31', '0', '0', 'WOP002/00/0000', '100', '12060', '0', '0', '0', '0', '0', '0', '0', '0', '0', '0', '', '0', '0', '0', '0', '0', '0', '0020-00-00', '0020-00-00', '0020-00-00', '0', '0', '0', '0', '0', '0', '0', '', '0', '0'),
('106', '50', '500166666', '25', 'DEF', '2018-11-01', '5', '1000', '', '1', '57765.676567656', '0', 'boxes', '0', '', '', '', '', '', '', '', '', '0', '0', '0', '0', '0', '0', '0000-00-00', '0000-00-00', '0000-00-00', '0', '0', '0', '0', '0', '0', '0', '', '0', '0'),
('107', '1', '30011', '17', 'DEF', '2018-11-01', '0', '0', 'IA001/11/2018', '11', '100', '0', 'boxes', '0', '', '', '', '', '', '', '', '', '0', '0', '0', '0', '0', '0', '0000-00-00', '0000-00-00', '0000-00-00', '0', '0', '0', '0', '0', '0', '0', '', '0', '0'),
('108', '2', '30010', '17', 'DEF', '2018-11-01', '0', '0', 'IA002/11/2018', '20', '100', '0', 'boxes', '0', '', '', '', '', '', '', '', '', '0', '0', '0', '0', '0', '0', '0000-00-00', '0000-00-00', '0000-00-00', '0', '0', '0', '0', '0', '0', '0', '', '0', '0'),
('109', '3', '30011', '17', 'DEF', '2018-11-01', '0', '0', 'IA003/11/2018', '5', '100', '0', 'boxes', '0', '', '', '', '', '', '', '', '', '0', '0', '0', '0', '0', '0', '0000-00-00', '0000-00-00', '0000-00-00', '0', '0', '0', '0', '0', '0', '0', '', '0', '0'),
('110', '3', '30010', '29', 'DEF', '2018-11-01', '0', '0', '', '-10', '100', '0', '', '0', '', '0', '0', '0', '0', '0', '0', '', '0', '0', '0', '0', '0', '0', '0000-00-00', '0000-00-00', '0000-00-00', '0', '0', '0', '0', '0', '0', '0', '', '0', '0'),
('111', '3', '30011', '29', 'DEF', '2018-11-01', '0', '0', '', '-12', '100', '0', '', '0', '', '0', '0', '0', '0', '0', '0', '', '0', '0', '0', '0', '0', '0', '0000-00-00', '0000-00-00', '0000-00-00', '0', '0', '0', '0', '0', '0', '0', '', '0', '0'),
('112', '4', '3008', '26', 'DEF', '2018-11-01', '0', '0', 'WOP001/11/2018', '1', '2200', '0', '0', '0', '0', '0', '0', '0', '0', '0', '0', '', '0', '0', '0', '0', '0', '0', '0020-00-00', '0020-00-00', '0020-00-00', '0', '0', '0', '0', '0', '0', '0', '', '0', '0'),
('113', '3', '1006', '28', 'DEF', '2018-11-01', '0', '0', '', '-10', '440.34367655574', '0', '', '0', '', '', '', '', '', '', '', '', '0', '0', '0', '0', '0', '0', '0000-00-00', '0000-00-00', '0000-00-00', '0', '0', '0', '0', '0', '0', '0', '', '0', '0'),
('114', '51', '3001', '25', 'DEF', '2018-11-02', '5', '10000', '', '10', '10000', '0', 'kg ', '0', '', '', '', '', '', '', '', '', '0', '0', '0', '0', '0', '0', '0000-00-00', '0000-00-00', '0000-00-00', '0', '0', '0', '0', '0', '0', '0', '', '0', '0'),
('115', '52', '3001', '25', 'DEF', '2018-11-02', '5', '10000', '', '50', '10000', '0', 'kg ', '0', '', '', '', '', '', '', '', '', '0', '0', '0', '0', '0', '0', '0000-00-00', '0000-00-00', '0000-00-00', '0', '0', '0', '0', '0', '0', '0', '', '0', '0'),
('116', '4', '11122220000', '17', 'DEF', '2018-11-02', '0', '0', 'IA004/11/2018', '1500', '100', '0', 'boxes', '0', '', '', '', '', '', '', '', '', '0', '0', '0', '0', '0', '0', '0000-00-00', '0000-00-00', '0000-00-00', '0', '0', '0', '0', '0', '0', '0', '', '0', '0'),
('117', '4', '1002', '17', 'DEF', '2018-11-02', '0', '0', 'IA004/11/2018', '500', '150', '0', 'boxes', '0', '', '', '', '', '', '', '', '', '0', '0', '0', '0', '0', '0', '0000-00-00', '0000-00-00', '0000-00-00', '0', '0', '0', '0', '0', '0', '0', '', '0', '0'),
('118', '32', '1002', '13', 'DEF', '2018-11-02', '4', '1000', 'DN001/11/2018', '-10', '150', '0', 'boxes', '0', '', '', '', '', '', '', '', '', '0', '0', '0', '0', '0', '0', '0000-00-00', '0000-00-00', '0000-00-00', '0', '0', '0', '0', '0', '0', '0', '', '0', '0'),
('119', '53', '1009', '25', 'DEF', '2018-11-02', '8', '35000', '', '20', '0', '0', 'boxes', '0', '', '', '', '', '', '', '', '', '0', '0', '0', '0', '0', '0', '0000-00-00', '0000-00-00', '0000-00-00', '0', '0', '0', '0', '0', '0', '0', '', '0', '0'),
('120', '54', '1006', '25', 'DEF', '2018-11-02', '5', '30', '', '10', '418.40016444046', '0', 'boxes', '0', '', '', '', '', '', '', '', '', '0', '0', '0', '0', '0', '0', '0000-00-00', '0000-00-00', '0000-00-00', '0', '0', '0', '0', '0', '0', '0', '', '0', '0'),
('121', '55', '1008', '25', 'DEF', '2018-10-22', '5', '350', '', '3', '350', '0', 'boxes', '0', '', '', '', '', '', '', '', '', '0', '0', '0', '0', '0', '0', '0000-00-00', '0000-00-00', '0000-00-00', '0', '0', '0', '0', '0', '0', '0', '', '0', '0'),
('122', '55', '1006', '25', 'DEF', '2018-10-22', '5', '300', '', '2', '417.14725264744', '0', 'boxes', '0', '', '', '', '', '', '', '', '', '0', '0', '0', '0', '0', '0', '0000-00-00', '0000-00-00', '0000-00-00', '0', '0', '0', '0', '0', '0', '0', '', '0', '0'),
('123', '56', '1007', '25', 'DEF', '2018-11-02', '11', '120', '', '10', '448.42576473514', '0', 'ltr', '0', '', '', '', '', '', '', '', '', '0', '0', '0', '0', '0', '0', '0000-00-00', '0000-00-00', '0000-00-00', '0', '0', '0', '0', '0', '0', '0', '', '0', '0'),
('124', '33', '500166666', '13', 'DEF', '2018-10-01', '16', '10000', 'auto', '-1', '57771.241830065', '0', 'boxes', '0', '', '', '', '', '', '', '', '', '0', '0', '0', '0', '0', '0', '0000-00-00', '0000-00-00', '0000-00-00', '0', '0', '0', '0', '0', '0', '0', '', '0', '0'),
('125', '5', '3021', '11', 'DEF', '2018-11-03', '0', '0', 'Return', '50', '0', '0', 'boxes', '0', '', '', '', '', '', '', '', '', '0', '0', '0', '0', '0', '0', '0000-00-00', '0000-00-00', '0000-00-00', '0', '0', '0', '0', '0', '0', '0', '', '0', '0'),
('126', '6', '3021', '11', 'DEF', '2018-11-03', '0', '0', 'Return', '30', '0', '0', 'boxes', '0', '', '', '', '', '', '', '', '', '0', '0', '0', '0', '0', '0', '0000-00-00', '0000-00-00', '0000-00-00', '0', '0', '0', '0', '0', '0', '0', '', '0', '0'),
('127', '34', '3020', '13', 'DEF', '2018-11-03', '4', '700', 'auto', '-1', '0', '0', 'boxes', '0', '', '', '', '', '', '', '', '', '0', '0', '0', '0', '0', '0', '0000-00-00', '0000-00-00', '0000-00-00', '0', '0', '0', '0', '0', '0', '0', '', '0', '0'),
('128', '35', '3021', '13', 'DEF', '2018-11-03', '4', '0', 'auto', '-80', '0', '0', 'boxes', '0', '', '', '', '', '', '', '', '', '0', '0', '0', '0', '0', '0', '0000-00-00', '0000-00-00', '0000-00-00', '0', '0', '0', '0', '0', '0', '0', '', '0', '0'),
('129', '35', '3020', '13', 'DEF', '2018-11-03', '4', '700', 'auto', '-1', '0', '0', 'boxes', '0', '', '', '', '', '', '', '', '', '0', '0', '0', '0', '0', '0', '0000-00-00', '0000-00-00', '0000-00-00', '0', '0', '0', '0', '0', '0', '0', '', '0', '0'),
('130', '57', '1002', '25', 'DEF', '2018-11-06', '5', '1839.9380484', '', '30', '199.03846153846', '0', 'boxes', '0', '', '', '', '', '', '', '', '', '0', '0', '0', '0', '0', '0', '0000-00-00', '0000-00-00', '0000-00-00', '0', '0', '0', '0', '0', '0', '0', '', '0', '0'),
('132', '59', '3022', '25', 'DEF', '2018-11-06', '14', '640', '', '10', '641', '0', 'pcs', '0', '', '', '', '', '', '', '', '', '0', '0', '0', '0', '0', '0', '0000-00-00', '0000-00-00', '0000-00-00', '0', '0', '0', '0', '0', '0', '0', '', '0', '0'),
('133', '60', '1008', '25', 'DEF', '2018-11-07', '5', '350', '', '9', '0', '0', 'boxes', '0', '', '', '', '', '', '', '', '', '0', '0', '0', '0', '0', '0', '0000-00-00', '0000-00-00', '0000-00-00', '0', '0', '0', '0', '0', '0', '0', '', '0', '0'),
('134', '60', '1006', '25', 'DEF', '2018-11-07', '5', '300', '', '3', '0', '0', 'boxes', '0', '', '', '', '', '', '', '', '', '0', '0', '0', '0', '0', '0', '0000-00-00', '0000-00-00', '0000-00-00', '0', '0', '0', '0', '0', '0', '0', '', '0', '0'),
('135', '61', '101238', '25', 'DEF', '2018-11-07', '4', '15000', '', '150', '15000', '0', 'pcs', '0', '', '', '', '', '', '', '', '', '0', '0', '0', '0', '0', '0', '0000-00-00', '0000-00-00', '0000-00-00', '0', '0', '0', '0', '0', '0', '0', '', '0', '0'),
('136', '62', '1006', '25', 'DEF', '2018-11-07', '11', '1200', '', '1', '419.38254274801', '0', 'boxes', '0', '', '', '', '', '', '', '', '', '0', '0', '0', '0', '0', '0', '0000-00-00', '0000-00-00', '0000-00-00', '0', '0', '0', '0', '0', '0', '0', '', '0', '0'),
('137', '63', '500166666', '25', 'DEF', '2018-11-07', '9', '1610.4323808169', '', '100', '29031.410073814', '0', 'boxes', '0', '', '', '', '', '', '', '', '', '0', '0', '0', '0', '0', '0', '0000-00-00', '0000-00-00', '0000-00-00', '0', '0', '0', '0', '0', '0', '0', '', '0', '0'),
('138', '36', '11122220000', '13', 'DEF', '2018-11-07', '7', '150', 'DN002/11/2018', '-365', '100', '0', 'boxes', '0', '', '', '', '', '', '', '', '', '0', '0', '0', '0', '0', '0', '0000-00-00', '0000-00-00', '0000-00-00', '0', '0', '0', '0', '0', '0', '0', '', '0', '0'),
('139', '36', '1002', '13', 'DEF', '2018-11-07', '7', '200', 'DN002/11/2018', '-244', '602.82046516733', '0', 'boxes', '0', '', '', '', '', '', '', '', '', '0', '0', '0', '0', '0', '0', '0000-00-00', '0000-00-00', '0000-00-00', '0', '0', '0', '0', '0', '0', '0', '', '0', '0'),
('140', '37', '500166666', '13', 'DEF', '2018-11-07', '3', '10', 'auto', '-1', '29031.410073814', '0', 'boxes', '0', '', '', '', '', '', '', '', '', '0', '0', '0', '0', '0', '0', '0000-00-00', '0000-00-00', '0000-00-00', '0', '0', '0', '0', '0', '0', '0', '', '0', '0'),
('141', '38', '1002', '13', 'DEF', '2018-11-07', '4', '110502.36', 'auto', '-1', '602.82046516733', '0', 'boxes', '0', '', '', '', '', '', '', '', '', '0', '0', '0', '0', '0', '0', '0000-00-00', '0000-00-00', '0000-00-00', '0', '0', '0', '0', '0', '0', '0', '', '0', '0'),
('142', '64', '1010', '25', 'DEF', '2018-11-07', '13', '4000', '', '50', '4000', '0', 'boxes', '0', '', '', '', '', '', '', '', '', '0', '0', '0', '0', '0', '0', '0000-00-00', '0000-00-00', '0000-00-00', '0', '0', '0', '0', '0', '0', '0', '', '0', '0'),
('143', '39', '1006', '13', 'DEF', '2018-11-07', '4', '150', 'DN003/11/2018', '-20', '419.38254274801', '0', 'boxes', '0', '', '', '', '', '', '', '', '', '0', '0', '0', '0', '0', '0', '0000-00-00', '0000-00-00', '0000-00-00', '0', '0', '0', '0', '0', '0', '0', '', '0', '0'),
('144', '7', '1007', '11', 'DEF', '2018-11-07', '0', '183', 'Return', '5', '448.42576473514', '0', 'ltr', '0', '', '', '', '', '', '', '', '', '0', '0', '0', '0', '0', '0', '0000-00-00', '0000-00-00', '0000-00-00', '0', '0', '0', '0', '0', '0', '0', '', '0', '0'),
('145', '40', '500166666', '13', 'DEF', '2018-11-07', '4', '2.5', 'auto', '-1', '29031.410073814', '0', 'boxes', '0', '', '', '', '', '', '', '', '', '0', '0', '0', '0', '0', '0', '0000-00-00', '0000-00-00', '0000-00-00', '0', '0', '0', '0', '0', '0', '0', '', '0', '0'),
('146', '41', '1002', '13', 'DEF', '2018-11-07', '4', '50', 'auto', '-5', '602.82046516733', '0', 'boxes', '0', '', '', '', '', '', '', '', '', '0', '0', '0', '0', '0', '0', '0000-00-00', '0000-00-00', '0000-00-00', '0', '0', '0', '0', '0', '0', '0', '', '0', '0'),
('147', '42', '1005', '13', 'DEF', '2018-11-07', '18', '500', 'DN004/11/2018', '-2', '435', '0', 'boxes', '0', '', '', '', '', '', '', '', '', '0', '0', '0', '0', '0', '0', '0000-00-00', '0000-00-00', '0000-00-00', '0', '0', '0', '0', '0', '0', '0', '', '0', '0'),
('148', '65', '1007', '25', 'DEF', '2018-11-08', '7', '150', '', '100', '447.68552967441', '0', 'ltr', '0', '', '', '', '', '', '', '', '', '0', '0', '0', '0', '0', '0', '0000-00-00', '0000-00-00', '0000-00-00', '0', '0', '0', '0', '0', '0', '0', '', '0', '0'),
('149', '43', '30010', '13', 'DEF', '2018-11-08', '3', '1000', 'DN005/11/2018', '-2', '100', '0', 'boxes', '0', '', '', '', '', '', '', '', '', '0', '0', '0', '0', '0', '0', '0000-00-00', '0000-00-00', '0000-00-00', '0', '0', '0', '0', '0', '0', '0', '', '0', '0'),
('150', '43', '30011', '13', 'DEF', '2018-11-08', '3', '1410', 'DN005/11/2018', '-1', '100', '0', 'boxes', '0', '', '', '', '', '', '', '', '', '0', '0', '0', '0', '0', '0', '0000-00-00', '0000-00-00', '0000-00-00', '0', '0', '0', '0', '0', '0', '0', '', '0', '0'),
('151', '4', '1008', '29', 'DEF', '2018-11-08', '0', '0', '', '-3', '350', '0', '', '0', '', '0', '0', '0', '0', '0', '0', '', '0', '0', '0', '0', '0', '0', '0000-00-00', '0000-00-00', '0000-00-00', '0', '0', '0', '0', '0', '0', '0', '', '0', '0'),
('152', '5', '101239', '26', 'DEF', '2018-11-08', '0', '0', 'WOP002/11/2018', '3', '350', '0', '0', '0', '0', '0', '0', '0', '0', '0', '0', '', '0', '0', '0', '0', '0', '0', '0020-00-00', '0020-00-00', '0020-00-00', '0', '0', '0', '0', '0', '0', '0', '', '0', '0'),
('153', '5', '1008', '29', 'DEF', '2018-11-08', '0', '0', '', '-1', '350', '0', '', '0', '', '0', '0', '0', '0', '0', '0', '', '0', '0', '0', '0', '0', '0', '0000-00-00', '0000-00-00', '0000-00-00', '0', '0', '0', '0', '0', '0', '0', '', '0', '0'),
('154', '6', '101239', '26', 'DEF', '2018-11-08', '0', '0', 'WOP003/11/2018', '1', '350', '0', '0', '0', '0', '0', '0', '0', '0', '0', '0', '', '0', '0', '0', '0', '0', '0', '0020-00-00', '0020-00-00', '0020-00-00', '0', '0', '0', '0', '0', '0', '0', '', '0', '0'),
('155', '44', '1007', '13', 'DEF', '2018-11-08', '6', '100', 'DN006/11/2018', '-12000', '447.68552967441', '0', 'ltr', '0', '', '', '', '', '', '', '', '', '0', '0', '0', '0', '0', '0', '0000-00-00', '0000-00-00', '0000-00-00', '0', '0', '0', '0', '0', '0', '0', '', '0', '0'),
('157', '66', '', '25', 'DEF', '0020-00-08', '1', '0', '', '1', '0', '0', '', '0', '0', '0', '0', '0', '0', '0', '0', '', '0', '0', '0', '0', '0', '0', '0020-00-00', '0020-00-00', '0020-00-00', '0', '0', '0', '0', '0', '0', '0', '', '0', '0'),
('158', '67', '', '25', 'DEF', '0020-00-08', '2', '0', '', '1', '0', '0', '', '0', '0', '0', '0', '0', '0', '0', '0', '', '0', '0', '0', '0', '0', '0', '0020-00-00', '0020-00-00', '0020-00-00', '0', '0', '0', '0', '0', '0', '0', '', '0', '0'),
('159', '68', '', '25', 'DEF', '0020-00-08', '3', '0', '', '1', '0', '0', '', '0', '0', '0', '0', '0', '0', '0', '0', '', '0', '0', '0', '0', '0', '0', '0020-00-00', '0020-00-00', '0020-00-00', '0', '0', '0', '0', '0', '0', '0', '', '0', '0'),
('160', '69', '', '25', 'DEF', '0020-00-08', '4', '0', '', '1', '0', '0', '', '0', '0', '0', '0', '0', '0', '0', '0', '', '0', '0', '0', '0', '0', '0', '0020-00-00', '0020-00-00', '0020-00-00', '0', '0', '0', '0', '0', '0', '0', '', '0', '0'),
('161', '70', '', '25', 'DEF', '0020-00-08', '5', '0', '', '1', '0', '0', '', '0', '0', '0', '0', '0', '0', '0', '0', '', '0', '0', '0', '0', '0', '0', '0020-00-00', '0020-00-00', '0020-00-00', '0', '0', '0', '0', '0', '0', '0', '', '0', '0'),
('162', '71', '', '25', 'DEF', '0020-00-08', '6', '0', '', '1', '0', '0', '', '0', '0', '0', '0', '0', '0', '0', '0', '', '0', '0', '0', '0', '0', '0', '0020-00-00', '0020-00-00', '0020-00-00', '0', '0', '0', '0', '0', '0', '0', '', '0', '0'),
('163', '72', '', '25', 'DEF', '0020-00-08', '7', '0', '', '1', '0', '0', '', '0', '0', '0', '0', '0', '0', '0', '0', '', '0', '0', '0', '0', '0', '0', '0020-00-00', '0020-00-00', '0020-00-00', '0', '0', '0', '0', '0', '0', '0', '', '0', '0'),
('164', '73', '', '25', 'DEF', '0020-00-08', '8', '0', '', '1', '0', '0', '', '0', '0', '0', '0', '0', '0', '0', '0', '', '0', '0', '0', '0', '0', '0', '0020-00-00', '0020-00-00', '0020-00-00', '0', '0', '0', '0', '0', '0', '0', '', '0', '0'),
('165', '74', '', '25', 'DEF', '0020-00-08', '9', '0', '', '1', '0', '0', '', '0', '0', '0', '0', '0', '0', '0', '0', '', '0', '0', '0', '0', '0', '0', '0020-00-00', '0020-00-00', '0020-00-00', '0', '0', '0', '0', '0', '0', '0', '', '0', '0'),
('166', '75', '', '25', 'DEF', '0020-00-08', '10', '0', '', '1', '0', '0', '', '0', '0', '0', '0', '0', '0', '0', '0', '', '0', '0', '0', '0', '0', '0', '0020-00-00', '0020-00-00', '0020-00-00', '0', '0', '0', '0', '0', '0', '0', '', '0', '0'),
('167', '76', '', '25', 'DEF', '0020-00-08', '11', '0', '', '1', '0', '0', '', '0', '0', '0', '0', '0', '0', '0', '0', '', '0', '0', '0', '0', '0', '0', '0020-00-00', '0020-00-00', '0020-00-00', '0', '0', '0', '0', '0', '0', '0', '', '0', '0'),
('168', '77', '', '25', 'DEF', '0020-00-08', '12', '0', '', '1', '0', '0', '', '0', '0', '0', '0', '0', '0', '0', '0', '', '0', '0', '0', '0', '0', '0', '0020-00-00', '0020-00-00', '0020-00-00', '0', '0', '0', '0', '0', '0', '0', '', '0', '0'),
('169', '78', '', '25', 'DEF', '0020-00-08', '13', '0', '', '1', '0', '0', '', '0', '0', '0', '0', '0', '0', '0', '0', '', '0', '0', '0', '0', '0', '0', '0020-00-00', '0020-00-00', '0020-00-00', '0', '0', '0', '0', '0', '0', '0', '', '0', '0'),
('170', '79', '', '25', 'DEF', '0020-00-08', '14', '0', '', '1', '0', '0', '', '0', '0', '0', '0', '0', '0', '0', '0', '', '0', '0', '0', '0', '0', '0', '0020-00-00', '0020-00-00', '0020-00-00', '0', '0', '0', '0', '0', '0', '0', '', '0', '0'),
('171', '80', '', '25', 'DEF', '0020-00-08', '15', '0', '', '1', '0', '0', '', '0', '0', '0', '0', '0', '0', '0', '0', '', '0', '0', '0', '0', '0', '0', '0020-00-00', '0020-00-00', '0020-00-00', '0', '0', '0', '0', '0', '0', '0', '', '0', '0'),
('172', '81', '1006', '25', 'DEF', '2018-11-08', '9', '500', '', '5', '2229.0908982888', '0.01', 'boxes', '0', '', '', '', '', '', '', '', '', '0', '0', '0', '0', '0', '0', '0000-00-00', '0000-00-00', '0000-00-00', '0', '0', '0', '0', '0', '0', '0', '', '0', '0'),
('173', '54', '1006', '25', 'DEF', '2018-11-02', '0', '30', '', '-10', '418.40016444046', '0', '', '0', '', '', '', '', '', '', '', '', '0', '0', '0', '0', '0', '0', '0000-00-00', '0000-00-00', '0000-00-00', '0', '0', '0', '0', '0', '0', '0', '', '0', '0'),
('174', '55', '1006', '25', 'DEF', '2018-10-22', '0', '300', '', '-2', '0', '0', '', '0', '', '', '', '', '', '', '', '', '0', '0', '0', '0', '0', '0', '0000-00-00', '0000-00-00', '0000-00-00', '0', '0', '0', '0', '0', '0', '0', '', '0', '0'),
('175', '45', '500166666', '13', 'DEF', '2018-11-08', '3', '100', 'auto', '-5', '29729.483651136', '0', 'boxes', '0', '', '', '', '', '', '', '', '', '0', '0', '0', '0', '0', '0', '0000-00-00', '0000-00-00', '0000-00-00', '0', '0', '0', '0', '0', '0', '0', '', '0', '0'),
('176', '46', '500166666', '13', 'DEF', '2018-11-09', '9', '100', 'auto', '-1', '29729.483651136', '0', 'boxes', '0', '', '', '', '', '', '', '', '', '0', '0', '0', '0', '0', '0', '0000-00-00', '0000-00-00', '0000-00-00', '0', '0', '0', '0', '0', '0', '0', '', '0', '0'),
('177', '47', '1002', '13', 'DEF', '2018-11-09', '2', '7500', 'DN007/11/2018', '-20', '602.82046516733', '0', 'boxes', '0', '', '', '', '', '', '', '', '', '0', '0', '0', '0', '0', '0', '0000-00-00', '0000-00-00', '0000-00-00', '0', '0', '0', '0', '0', '0', '0', '', '0', '0'),
('178', '82', '1006', '25', 'DEF', '2018-11-09', '13', '500', '', '10', '2277.4328403148', '0.01', 'boxes', '0', '', '', '', '', '', '', '', '', '0', '0', '0', '0', '0', '0', '0000-00-00', '0000-00-00', '0000-00-00', '0', '0', '0', '0', '0', '0', '0', '', '0', '0'),
('179', '1', '1006', '21', 'DEF', '2018-11-09', '0', '500', '', '-1', '2287.5895994023', '0', 'boxes', '0', '', '', '', '', '', '', '', '', '0', '0', '0', '0', '0', '0', '0000-00-00', '0000-00-00', '0000-00-00', '0', '0', '0', '0', '0', '0', '0', '', '0', '0'),
('180', '83', '1002', '25', 'DEF', '2018-11-09', '9', '90991.90242', '', '500', '4366867.6068217', '0', 'boxes', '0', '', '', '', '', '', '', '', '', '0', '0', '0', '0', '0', '0', '0000-00-00', '0000-00-00', '0000-00-00', '0', '0', '0', '0', '0', '0', '0', '', '0', '0'),
('181', '48', '1005', '13', 'DEF', '2018-11-09', '4', '0', 'auto', '-1', '435', '0', 'boxes', '0', '', '', '', '', '', '', '', '', '0', '0', '0', '0', '0', '0', '0000-00-00', '0000-00-00', '0000-00-00', '0', '0', '0', '0', '0', '0', '0', '', '0', '0'),
('182', '9', '1002', '13', 'DEF', '2018-10-24', '4', '2000', 'DN004/10/2018', '-1', '7936246.7558272', '0', 'boxes', '0', '', '', '', '', '', '', '', '', '0', '0', '0', '0', '0', '0', '0000-00-00', '0000-00-00', '0000-00-00', '0', '0', '0', '0', '0', '0', '0', '', '0', '0'),
('183', '49', '1002', '13', 'DEF', '2018-11-10', '9', '2200', 'auto', '-15', '7936246.7558272', '0', 'boxes', '0', '', '', '', '', '', '', '', '', '0', '0', '0', '0', '0', '0', '0000-00-00', '0000-00-00', '0000-00-00', '0', '0', '0', '0', '0', '0', '0', '', '0', '0'),
('184', '50', '1005', '13', 'DEF', '2018-11-12', '18', '1000', 'auto', '-1', '435', '0', 'boxes', '0', '', '', '', '', '', '', '', '', '0', '0', '0', '0', '0', '0', '0000-00-00', '0000-00-00', '0000-00-00', '0', '0', '0', '0', '0', '0', '0', '', '0', '0'),
('185', '50', '1006', '13', 'DEF', '2018-11-12', '18', '2000', 'auto', '-1', '2287.5895994023', '0', 'boxes', '0', '', '', '', '', '', '', '', '', '0', '0', '0', '0', '0', '0', '0000-00-00', '0000-00-00', '0000-00-00', '0', '0', '0', '0', '0', '0', '0', '', '0', '0'),
('186', '6', '3024', '17', 'DEF', '2018-11-12', '0', '0', 'IA005/11/2018', '10', '100', '0', 'boxes', '0', '3', '', '', '', '', '', '', '', '0', '0', '0', '0', '0', '0', '0000-00-00', '0000-00-00', '0000-00-00', '0', '0', '0', '0', '0', '0', '0', '', '0', '0'),
('187', '6', '3024', '17', 'DEF', '2018-11-12', '0', '0', 'IA005/11/2018', '20', '100', '0', 'boxes', '0', '4', '', '', '', '', '', '', '', '0', '0', '0', '0', '0', '0', '0000-00-00', '0000-00-00', '0000-00-00', '0', '0', '0', '0', '0', '0', '0', '', '0', '0'),
('188', '6', '3024', '17', 'DEF', '2018-11-12', '0', '0', 'IA005/11/2018', '15', '100', '0', 'boxes', '0', '5', '', '', '', '', '', '', '', '0', '0', '0', '0', '0', '0', '0000-00-00', '0000-00-00', '0000-00-00', '0', '0', '0', '0', '0', '0', '0', '', '0', '0'),
('189', '51', '3024', '13', 'DEF', '2018-11-12', '4', '100', 'auto', '-1', '100', '0', 'boxes', '0', '4', '', '', '', '', '', '', '', '0', '0', '0', '0', '0', '0', '0000-00-00', '0000-00-00', '0000-00-00', '0', '0', '0', '0', '0', '0', '0', '', '0', '0'),
('190', '7', '3026', '17', 'DEF', '2018-11-12', '0', '0', 'IA006/11/2018', '10', '0', '0', 'boxes', '0', '6', '', '', '', '', '', '', '', '0', '0', '0', '0', '0', '0', '0000-00-00', '0000-00-00', '0000-00-00', '0', '0', '0', '0', '0', '0', '0', '', '0', '0'),
('191', '7', '3027', '17', 'DEF', '2018-11-12', '0', '0', 'IA006/11/2018', '10', '0', '0', 'boxes', '0', '7', '', '', '', '', '', '', '', '0', '0', '0', '0', '0', '0', '0000-00-00', '0000-00-00', '0000-00-00', '0', '0', '0', '0', '0', '0', '0', '', '0', '0'),
('192', '5', '3026', '28', 'DEF', '2018-11-12', '0', '0', '', '-2', '0', '0', '', '0', '', '', '', '', '', '', '', '', '0', '0', '0', '0', '0', '0', '0000-00-00', '0000-00-00', '0000-00-00', '0', '0', '0', '0', '0', '0', '0', '', '0', '0'),
('193', '5', '3027', '28', 'DEF', '2018-11-12', '0', '0', '', '-4', '0', '0', '', '0', '', '', '', '', '', '', '', '', '0', '0', '0', '0', '0', '0', '0000-00-00', '0000-00-00', '0000-00-00', '0', '0', '0', '0', '0', '0', '0', '', '0', '0'),
('194', '6', '3026', '29', 'DEF', '2018-11-12', '0', '0', '', '-2', '0', '0', '', '0', '', '0', '0', '0', '0', '0', '0', '', '0', '0', '0', '0', '0', '0', '0000-00-00', '0000-00-00', '0000-00-00', '0', '0', '0', '0', '0', '0', '0', '', '0', '0'),
('195', '6', '3027', '29', 'DEF', '2018-11-12', '0', '0', '', '-4', '0', '0', '', '0', '', '0', '0', '0', '0', '0', '0', '', '0', '0', '0', '0', '0', '0', '0000-00-00', '0000-00-00', '0000-00-00', '0', '0', '0', '0', '0', '0', '0', '', '0', '0'),
('196', '8', '3025', '26', 'DEF', '2018-11-12', '0', '0', 'WOP004/11/2018', '1', '0', '0', '0', '0', '9', '0', '0', '0', '0', '0', '0', '', '0', '0', '0', '0', '0', '0', '0020-00-00', '0020-00-00', '0020-00-00', '0', '0', '0', '0', '0', '0', '0', '', '0', '0'),
('197', '7', '3008', '29', 'DEF', '2018-11-13', '0', '0', '', '-1', '2200', '0', '', '0', '', '0', '0', '0', '0', '0', '0', '', '0', '0', '0', '0', '0', '0', '0000-00-00', '0000-00-00', '0000-00-00', '0', '0', '0', '0', '0', '0', '0', '', '0', '0'),
('198', '10', '3004', '26', 'DEF', '2018-11-13', '0', '0', 'WOP005/11/2018', '1', '2200', '0', '0', '0', '0', '0', '0', '0', '0', '0', '0', '', '0', '0', '0', '0', '0', '0', '0020-00-00', '0020-00-00', '0020-00-00', '0', '0', '0', '0', '0', '0', '0', '', '0', '0');
INSERT INTO `0_stock_moves` VALUES
('199', '84', '1005', '25', 'DEF', '2018-11-14', '6', '4599.845121', '', '1', '466.76923076923', '0', 'boxes', '0', '1', '', '', '', '', '', '', '', '0', '0', '0', '0', '0', '0', '0000-00-00', '0000-00-00', '0000-00-00', '0', '0', '0', '0', '0', '0', '0', '', '0', '0'),
('200', '6', '101241', '28', 'DEF', '2018-11-15', '0', '0', '', '0', '12060', '0', '', '0', '', '', '', '', '', '', '', '', '0', '0', '0', '0', '0', '0', '0000-00-00', '0000-00-00', '0000-00-00', '0', '0', '0', '0', '0', '0', '0', '', '0', '0'),
('201', '6', '3001', '28', 'DEF', '2018-11-15', '0', '0', '', '0', '10000', '0', '', '0', '', '', '', '', '', '', '', '', '0', '0', '0', '0', '0', '0', '0000-00-00', '0000-00-00', '0000-00-00', '0', '0', '0', '0', '0', '0', '0', '', '0', '0'),
('202', '8', '101241', '29', 'DEF', '2018-11-15', '0', '0', '', '-50', '12060', '0', '', '0', '', '0', '0', '0', '0', '0', '0', '', '0', '0', '0', '0', '0', '0', '0000-00-00', '0000-00-00', '0000-00-00', '0', '0', '0', '0', '0', '0', '0', '', '0', '0'),
('203', '8', '3001', '29', 'DEF', '2018-11-15', '0', '0', '', '-2', '10000', '0', '', '0', '', '0', '0', '0', '0', '0', '0', '', '0', '0', '0', '0', '0', '0', '0000-00-00', '0000-00-00', '0000-00-00', '0', '0', '0', '0', '0', '0', '0', '', '0', '0'),
('204', '11', '101237', '26', 'DEF', '2018-11-15', '0', '0', 'WOP003/00/0000', '2', '311500', '0', '0', '0', '11', '0', '0', '0', '0', '0', '0', '', '0', '0', '0', '0', '0', '0', '0020-00-00', '0020-00-00', '0020-00-00', '0', '0', '0', '0', '0', '0', '0', '', '0', '0'),
('205', '8', '3028', '17', 'DEF', '2018-11-15', '0', '0', 'IA007/11/2018', '10', '0', '0', 'boxes', '0', '12', '', '', '', '', '', '', '', '0', '0', '0', '0', '0', '0', '0000-00-00', '0000-00-00', '0000-00-00', '0', '0', '0', '0', '0', '0', '0', '', '0', '0'),
('206', '8', '3028', '17', 'DEF', '2018-11-15', '0', '0', 'IA007/11/2018', '15', '0', '0', 'boxes', '0', '13', '', '', '', '', '', '', '', '0', '0', '0', '0', '0', '0', '0000-00-00', '0000-00-00', '0000-00-00', '0', '0', '0', '0', '0', '0', '0', '', '0', '0'),
('207', '8', '3028', '17', 'DEF', '2018-11-15', '0', '0', 'IA007/11/2018', '20', '0', '0', 'boxes', '0', '14', '', '', '', '', '', '', '', '0', '0', '0', '0', '0', '0', '0000-00-00', '0000-00-00', '0000-00-00', '0', '0', '0', '0', '0', '0', '0', '', '0', '0'),
('208', '52', '3028', '13', 'DEF', '2018-11-15', '4', '100', 'auto', '-1', '0', '0', 'boxes', '0', '12', '', '', '', '', '', '', '', '0', '0', '0', '0', '0', '0', '0000-00-00', '0000-00-00', '0000-00-00', '0', '0', '0', '0', '0', '0', '0', '', '0', '0'),
('209', '53', '3028', '13', 'DEF', '2018-11-15', '4', '0', 'auto', '-9', '0', '0', 'boxes', '0', '12', '', '', '', '', '', '', '', '0', '0', '0', '0', '0', '0', '0000-00-00', '0000-00-00', '0000-00-00', '0', '0', '0', '0', '0', '0', '0', '', '0', '0'),
('210', '2', '3028', '16', 'DEF', '2018-11-15', '0', '0', 'LT001/11/2018', '-5', '0', '0', '', '0', '14', '', '', '', '', '', '', '0', '0', '0', '0', '0', '0', '0', '0000-00-00', '0000-00-00', '0000-00-00', '0', '0', '0', '0', '0', '0', '0', '211', '0', '0'),
('211', '2', '3028', '16', 'IT', '2018-11-15', '0', '0', 'LT001/11/2018', '5', '0', '0', '', '0', '14', '', '', '', '', '', '', '0', '0', '0', '0', '0', '0', '0', '0000-00-00', '0000-00-00', '0000-00-00', '0', '0', '0', '0', '0', '0', '0', '0', '0', '0'),
('212', '54', '1002', '13', 'DEF', '2018-11-16', '9', '1500', 'DN008/11/2018', '-15', '7936246.7558272', '0', 'boxes', '0', '', '', '', '', '', '', '', '', '0', '0', '0', '0', '0', '0', '0000-00-00', '0000-00-00', '0000-00-00', '0', '0', '0', '0', '0', '0', '0', '', '0', '0'),
('213', '54', '1006', '13', 'DEF', '2018-11-16', '9', '10', 'DN008/11/2018', '-20', '2287.5895994023', '0', 'boxes', '0', '2', '', '', '', '', '', '', '', '0', '0', '0', '0', '0', '0', '0000-00-00', '0000-00-00', '0000-00-00', '0', '0', '0', '0', '0', '0', '0', '', '0', '0'),
('214', '85', '1002', '25', 'DEF', '2018-11-16', '5', '207438.41712416', '', '1', '7925240.6576915', '0', 'boxes', '0', '1', '', '', '', '', '', '', '', '0', '0', '0', '0', '0', '0', '0000-00-00', '0000-00-00', '0000-00-00', '0', '0', '0', '0', '0', '0', '0', '', '0', '0'),
('215', '86', '1009', '25', 'DEF', '2018-11-17', '4', '15000', '', '15', '34149.758454106', '0', 'boxes', '0', '1', '', '', '', '', '', '', '', '0', '0', '0', '0', '0', '0', '0000-00-00', '0000-00-00', '0000-00-00', '0', '0', '0', '0', '0', '0', '0', '', '0', '0'),
('216', '86', '1010', '25', 'DEF', '2018-11-17', '4', '20000', '', '20', '20000', '0', 'boxes', '0', '1', '', '', '', '', '', '', '', '0', '0', '0', '0', '0', '0', '0000-00-00', '0000-00-00', '0000-00-00', '0', '0', '0', '0', '0', '0', '0', '', '0', '0'),
('217', '55', '1002', '13', 'DEF', '2018-11-17', '4', '0', 'auto', '-1', '7928139.7455898', '0', 'boxes', '0', '1', '', '', '', '', '', '', '', '0', '0', '0', '0', '0', '0', '0000-00-00', '0000-00-00', '0000-00-00', '0', '0', '0', '0', '0', '0', '0', '', '0', '0'),
('218', '3', '1003', '16', 'IT', '2018-11-17', '0', '0', 'LT002/11/2018', '-1', '0', '0', '', '0', '', '', '', '', '', '', '', '0', '0', '0', '0', '0', '0', '0', '0000-00-00', '0000-00-00', '0000-00-00', '0', '0', '0', '0', '0', '0', '0', '219', '0', '0'),
('219', '3', '1003', '16', 'MAIN', '2018-11-17', '0', '0', 'LT002/11/2018', '1', '0', '0', '', '0', '', '', '', '', '', '', '', '0', '0', '0', '0', '0', '0', '0', '0000-00-00', '0000-00-00', '0000-00-00', '0', '0', '0', '0', '0', '0', '0', '0', '0', '0'),
('220', '56', '1004', '13', 'DEF', '2018-11-20', '4', '1000', 'auto', '-10', '2000', '0', 'boxes', '0', '', '', '', '', '', '', '', '', '0', '0', '0', '0', '0', '0', '0000-00-00', '0000-00-00', '0000-00-00', '0', '0', '0', '0', '0', '0', '0', '', '0', '0'),
('221', '87', '3011', '25', 'DEF', '2018-11-20', '18', '643.97831694', '', '200', '350', '0', 'boxes', '0', '', '', '', '', '', '', '', '', '0', '0', '0', '0', '0', '0', '0000-00-00', '0000-00-00', '0000-00-00', '0', '0', '0', '0', '0', '0', '0', '', '0', '0'),
('222', '87', '3012', '25', 'DEF', '2018-11-20', '18', '367.98760968', '', '150', '200', '0', 'boxes', '0', '', '', '', '', '', '', '', '', '0', '0', '0', '0', '0', '0', '0000-00-00', '0000-00-00', '0000-00-00', '0', '0', '0', '0', '0', '0', '0', '', '0', '0'),
('223', '87', '3013', '25', 'DEF', '2018-11-20', '18', '4599.845121', '', '100', '2500', '0', 'boxes', '0', '', '', '', '', '', '', '', '', '0', '0', '0', '0', '0', '0', '0000-00-00', '0000-00-00', '0000-00-00', '0', '0', '0', '0', '0', '0', '0', '', '0', '0'),
('224', '87', '3014', '25', 'DEF', '2018-11-20', '18', '7359.7521936', '', '50', '4000', '0', 'boxes', '0', '', '', '', '', '', '', '', '', '0', '0', '0', '0', '0', '0', '0000-00-00', '0000-00-00', '0000-00-00', '0', '0', '0', '0', '0', '0', '0', '', '0', '0'),
('225', '57', '3011', '13', 'DEF', '2018-11-20', '28', '403.2', 'DN009/11/2018', '-50', '643.97831694', '0', 'boxes', '0', '', '', '', '', '', '', '', '', '0', '0', '0', '0', '0', '0', '0000-00-00', '0000-00-00', '0000-00-00', '0', '0', '0', '0', '0', '0', '0', '', '0', '0'),
('226', '57', '3012', '13', 'DEF', '2018-11-20', '28', '230.4', 'DN009/11/2018', '-50', '367.98760968', '0', 'boxes', '0', '', '', '', '', '', '', '', '', '0', '0', '0', '0', '0', '0', '0000-00-00', '0000-00-00', '0000-00-00', '0', '0', '0', '0', '0', '0', '0', '', '0', '0'),
('227', '57', '3013', '13', 'DEF', '2018-11-20', '28', '3000', 'DN009/11/2018', '-2', '4599.845121', '0', 'boxes', '0', '', '', '', '', '', '', '', '', '0', '0', '0', '0', '0', '0', '0000-00-00', '0000-00-00', '0000-00-00', '0', '0', '0', '0', '0', '0', '0', '', '0', '0'),
('228', '57', '3014', '13', 'DEF', '2018-11-20', '28', '4800', 'DN009/11/2018', '-2', '7359.7521936', '0', 'boxes', '0', '', '', '', '', '', '', '', '', '0', '0', '0', '0', '0', '0', '0000-00-00', '0000-00-00', '0000-00-00', '0', '0', '0', '0', '0', '0', '0', '', '0', '0'),
('229', '58', '3011', '13', 'DEF', '2018-11-20', '27', '420', 'auto', '-100', '643.97831694', '0', 'boxes', '0', '', '', '', '', '', '', '', '', '0', '0', '0', '0', '0', '0', '0000-00-00', '0000-00-00', '0000-00-00', '0', '0', '0', '0', '0', '0', '0', '', '0', '0'),
('230', '58', '3012', '13', 'DEF', '2018-11-20', '27', '240', 'auto', '-75', '367.98760968', '0', 'boxes', '0', '', '', '', '', '', '', '', '', '0', '0', '0', '0', '0', '0', '0000-00-00', '0000-00-00', '0000-00-00', '0', '0', '0', '0', '0', '0', '0', '', '0', '0'),
('231', '58', '3013', '13', 'DEF', '2018-11-20', '27', '3000', 'auto', '-50', '4599.845121', '0', 'boxes', '0', '', '', '', '', '', '', '', '', '0', '0', '0', '0', '0', '0', '0000-00-00', '0000-00-00', '0000-00-00', '0', '0', '0', '0', '0', '0', '0', '', '0', '0'),
('232', '58', '3014', '13', 'DEF', '2018-11-20', '27', '4800', 'auto', '-40', '7359.7521936', '0', 'boxes', '0', '', '', '', '', '', '', '', '', '0', '0', '0', '0', '0', '0', '0000-00-00', '0000-00-00', '0000-00-00', '0', '0', '0', '0', '0', '0', '0', '', '0', '0'),
('233', '8', '3011', '11', 'DEF', '2018-11-20', '0', '672', 'Return', '25', '643.97831694', '0', 'boxes', '0', '', '', '', '', '', '', '', '', '0', '0', '0', '0', '0', '0', '0000-00-00', '0000-00-00', '0000-00-00', '0', '0', '0', '0', '0', '0', '0', '', '0', '0'),
('234', '8', '3012', '11', 'DEF', '2018-11-20', '0', '230.4', 'Return', '5', '367.98760968', '0', 'boxes', '0', '', '', '', '', '', '', '', '', '0', '0', '0', '0', '0', '0', '0000-00-00', '0000-00-00', '0000-00-00', '0', '0', '0', '0', '0', '0', '0', '', '0', '0'),
('235', '59', '3014', '13', 'DEF', '2018-11-20', '28', '4900', 'auto', '-8', '7359.7521936', '0', 'boxes', '0', '', '', '', '', '', '', '', '', '0', '0', '0', '0', '0', '0', '0000-00-00', '0000-00-00', '0000-00-00', '0', '0', '0', '0', '0', '0', '0', '', '0', '0'),
('236', '60', '3012', '13', 'DEF', '2018-11-20', '28', '230.4', 'DN010/11/2018', '-30', '367.98760968', '0', 'boxes', '0', '', '', '', '', '', '', '', '', '0', '0', '0', '0', '0', '0', '0000-00-00', '0000-00-00', '0000-00-00', '0', '0', '0', '0', '0', '0', '0', '', '0', '0'),
('237', '60', '3013', '13', 'DEF', '2018-11-20', '28', '2880', 'DN010/11/2018', '-48', '4599.845121', '0', 'boxes', '0', '', '', '', '', '', '', '', '', '0', '0', '0', '0', '0', '0', '0000-00-00', '0000-00-00', '0000-00-00', '0', '0', '0', '0', '0', '0', '0', '', '0', '0'),
('238', '9', '3013', '11', 'DEF', '2018-11-20', '0', '2880', 'Return', '8', '4599.845121', '0', 'boxes', '0', '', '', '', '', '', '', '', '', '0', '0', '0', '0', '0', '0', '0000-00-00', '0000-00-00', '0000-00-00', '0', '0', '0', '0', '0', '0', '0', '', '0', '0'),
('239', '88', '3011', '25', 'DEF', '2018-11-20', '18', '360.5', '', '25', '570.483737705', '0', 'boxes', '0', '', '', '', '', '', '', '', '', '0', '0', '0', '0', '0', '0', '0000-00-00', '0000-00-00', '0000-00-00', '0', '0', '0', '0', '0', '0', '0', '', '0', '0'),
('240', '89', '3011', '25', 'DEF', '2018-11-20', '18', '350', '', '25', '528.486990164', '0', 'boxes', '0', '', '', '', '', '', '', '', '', '0', '0', '0', '0', '0', '0', '0000-00-00', '0000-00-00', '0000-00-00', '0', '0', '0', '0', '0', '0', '0', '', '0', '0'),
('241', '90', '3011', '25', 'DEF', '2018-11-20', '18', '400', '', '20', '510.7646466931', '0', 'boxes', '0', '', '', '', '', '', '', '', '', '0', '0', '0', '0', '0', '0', '0000-00-00', '0000-00-00', '0000-00-00', '0', '0', '0', '0', '0', '0', '0', '', '0', '0'),
('242', '89', '3011', '25', 'DEF', '2018-11-20', '0', '350', '', '-25', '528.486990164', '0', '', '0', '', '', '', '', '', '', '', '', '0', '0', '0', '0', '0', '0', '0000-00-00', '0000-00-00', '0000-00-00', '0', '0', '0', '0', '0', '0', '0', '', '0', '0'),
('243', '91', '3015', '25', 'DEF', '2018-11-20', '18', '1200', '', '10', '1200', '0', 'boxes', '0', '', '', '', '', '', '', '', '', '0', '0', '0', '0', '0', '0', '0000-00-00', '0000-00-00', '0000-00-00', '0', '0', '0', '0', '0', '0', '0', '', '0', '0'),
('244', '92', '3017', '25', 'DEF', '2018-11-20', '18', '800', '', '25', '800', '0', 'boxes', '0', '', '', '', '', '', '', '', '', '0', '0', '0', '0', '0', '0', '0000-00-00', '0000-00-00', '0000-00-00', '0', '0', '0', '0', '0', '0', '0', '', '0', '0'),
('245', '93', '3017', '25', 'DEF', '2018-11-20', '18', '800', '', '20', '800', '0', 'boxes', '0', '', '', '', '', '', '', '', '', '0', '0', '0', '0', '0', '0', '0000-00-00', '0000-00-00', '0000-00-00', '0', '0', '0', '0', '0', '0', '0', '', '0', '0'),
('246', '94', '3016', '25', 'DEF', '2018-11-20', '18', '900', '', '10', '900', '0', 'boxes', '0', '', '', '', '', '', '', '', '', '0', '0', '0', '0', '0', '0', '0000-00-00', '0000-00-00', '0000-00-00', '0', '0', '0', '0', '0', '0', '0', '', '0', '0'),
('247', '61', '3011', '13', 'DEF', '2018-11-20', '28', '624', 'auto', '-10', '544.25728142083', '0', 'boxes', '0', '', '', '', '', '', '', '', '', '0', '0', '0', '0', '0', '0', '0000-00-00', '0000-00-00', '0000-00-00', '0', '0', '0', '0', '0', '0', '0', '', '0', '0'),
('248', '62', '1002', '13', 'DEF', '2018-11-21', '4', '200', 'DN011/11/2018', '-1', '7928139.7455898', '0', 'boxes', '0', '', '', '', '', '', '', '', '', '0', '0', '0', '0', '0', '0', '0000-00-00', '0000-00-00', '0000-00-00', '0', '0', '0', '0', '0', '0', '0', '', '0', '0'),
('249', '63', '101240', '13', 'DEF', '2018-10-22', '9', '500', 'DN017/10/2018', '-2', '10', '0', 'boxes', '0', '', '', '', '', '', '', '', '', '0', '0', '0', '0', '0', '0', '0000-00-00', '0000-00-00', '0000-00-00', '0', '0', '0', '0', '0', '0', '0', '', '0', '0'),
('250', '64', '101240', '13', 'DEF', '2018-10-22', '7', '500', 'DN018/10/2018', '-2', '10', '0', 'boxes', '0', '', '', '', '', '', '', '', '', '0', '0', '0', '0', '0', '0', '0000-00-00', '0000-00-00', '0000-00-00', '0', '0', '0', '0', '0', '0', '0', '', '0', '0'),
('251', '65', '1005', '13', 'DEF', '2018-10-22', '3', '2', 'DN019/10/2018', '-250', '499.07454032308', '0', 'boxes', '0', '', '', '', '', '', '', '', '', '0', '0', '0', '0', '0', '0', '0000-00-00', '0000-00-00', '0000-00-00', '0', '0', '0', '0', '0', '0', '0', '', '0', '0'),
('252', '66', '1002', '13', 'DEF', '2018-10-22', '6', '14', 'DN020/10/2018', '-8', '7928139.7455898', '0', 'boxes', '0', '', '', '', '', '', '', '', '', '0', '0', '0', '0', '0', '0', '0000-00-00', '0000-00-00', '0000-00-00', '0', '0', '0', '0', '0', '0', '0', '', '0', '0'),
('253', '67', '1008', '13', 'DEF', '2018-10-22', '9', '400', 'DN021/10/2018', '-2', '350', '0', 'boxes', '0', '', '', '', '', '', '', '', '', '0', '0', '0', '0', '0', '0', '0000-00-00', '0000-00-00', '0000-00-00', '0', '0', '0', '0', '0', '0', '0', '', '0', '0'),
('254', '68', '1006', '13', 'DEF', '2018-10-22', '4', '450', 'DN022/10/2018', '-1', '2287.5895994023', '0', 'boxes', '0', '', '', '', '', '', '', '', '', '0', '0', '0', '0', '0', '0', '0000-00-00', '0000-00-00', '0000-00-00', '0', '0', '0', '0', '0', '0', '0', '', '0', '0'),
('255', '69', '3002', '13', 'DEF', '2018-10-22', '8', '1500', 'DN023/10/2018', '-1', '0', '0', 'pcs', '0', '', '', '', '', '', '', '', '', '0', '0', '0', '0', '0', '0', '0000-00-00', '0000-00-00', '0000-00-00', '0', '0', '0', '0', '0', '0', '0', '', '0', '0'),
('256', '70', '1009', '13', 'DEF', '2018-10-22', '5', '40000', 'DN024/10/2018', '-20', '34149.758454106', '0', 'boxes', '0', '', '', '', '', '', '', '', '', '0', '0', '0', '0', '0', '0', '0000-00-00', '0000-00-00', '0000-00-00', '0', '0', '0', '0', '0', '0', '0', '', '0', '0');

### Structure of table `0_supp_allocations` ###

DROP TABLE IF EXISTS `0_supp_allocations`;

CREATE TABLE `0_supp_allocations` (
  `id` int(11) NOT NULL AUTO_INCREMENT,
  `person_id` int(11) DEFAULT NULL,
  `amt` double unsigned DEFAULT NULL,
  `date_alloc` date NOT NULL DEFAULT '0000-00-00',
  `dimension_id` int(11) NOT NULL,
  `dimension2_id` int(11) NOT NULL,
  `trans_no_from` int(11) DEFAULT NULL,
  `trans_type_from` int(11) DEFAULT NULL,
  `trans_no_to` int(11) DEFAULT NULL,
  `trans_type_to` int(11) DEFAULT NULL,
  PRIMARY KEY (`id`),
  UNIQUE KEY `trans_type_from` (`person_id`,`trans_type_from`,`trans_no_from`,`trans_type_to`,`trans_no_to`),
  KEY `From` (`trans_type_from`,`trans_no_from`),
  KEY `To` (`trans_type_to`,`trans_no_to`)
) ENGINE=InnoDB AUTO_INCREMENT=31 DEFAULT CHARSET=utf8 COLLATE=utf8_unicode_ci ;

### Data of table `0_supp_allocations` ###

INSERT INTO `0_supp_allocations` VALUES
('1', '5', '1170', '2018-10-22', '0', '0', '4', '22', '1', '20'),
('2', '5', '1170', '2018-10-22', '0', '0', '4', '22', '2', '20'),
('3', '5', '1170', '2018-10-23', '0', '0', '9', '22', '9', '20'),
('4', '8', '1000', '2018-10-23', '0', '0', '4', '0', '8', '20'),
('5', '5', '2340000', '2018-10-29', '0', '0', '12', '22', '32', '20'),
('6', '11', '2550', '2018-10-30', '0', '0', '13', '22', '36', '20'),
('7', '5', '117', '2018-10-31', '0', '0', '14', '22', '17', '20'),
('8', '1', '500', '2018-10-25', '0', '0', '9', '0', '11', '0'),
('9', '3', '10000', '2018-10-22', '0', '0', '2', '22', '6', '20'),
('11', '14', '5000', '2018-11-06', '0', '0', '17', '22', '40', '20'),
('12', '4', '183', '2018-11-07', '0', '0', '18', '22', '55', '18'),
('13', '4', '2745000', '2018-11-07', '0', '0', '18', '22', '41', '20'),
('14', '5', '1000', '2018-11-07', '0', '0', '19', '22', '12', '20'),
('15', '5', '117000', '2018-11-07', '0', '0', '20', '22', '15', '20'),
('16', '5', '234000', '2018-11-07', '0', '0', '21', '22', '16', '20'),
('17', '7', '18300', '2018-11-08', '0', '0', '23', '22', '45', '20'),
('18', '3', '1000000', '2018-11-08', '0', '0', '24', '22', '6', '20'),
('19', '13', '5849.5', '2018-11-09', '0', '0', '25', '22', '62', '20'),
('21', '13', '585', '2018-11-09', '0', '0', '1', '21', '44', '20'),
('22', '5', '809856.45', '2018-11-14', '0', '0', '26', '22', '18', '20'),
('23', '5', '222', '2018-11-14', '0', '0', '26', '22', '19', '20'),
('24', '5', '1170', '2018-11-14', '0', '0', '26', '22', '21', '20'),
('25', '5', '657', '2018-11-14', '0', '0', '26', '22', '22', '20'),
('26', '13', '100000', '2018-11-17', '0', '0', '27', '22', '44', '20'),
('27', '13', '50000', '2018-11-17', '0', '0', '28', '22', '44', '20'),
('28', '5', '1170', '2018-10-22', '0', '0', '29', '22', '23', '20'),
('29', '5', '1170', '2018-10-22', '0', '0', '29', '22', '24', '20'),
('30', '5', '500', '2018-10-22', '0', '0', '29', '22', '25', '20');

### Structure of table `0_supp_category` ###

DROP TABLE IF EXISTS `0_supp_category`;

CREATE TABLE `0_supp_category` (
  `supp_code` int(11) NOT NULL AUTO_INCREMENT,
  `description` varchar(60) COLLATE utf8_unicode_ci NOT NULL DEFAULT '',
  `inactive` tinyint(1) NOT NULL DEFAULT '0',
  PRIMARY KEY (`supp_code`),
  UNIQUE KEY `description` (`description`)
) ENGINE=InnoDB AUTO_INCREMENT=2 DEFAULT CHARSET=utf8 COLLATE=utf8_unicode_ci ;

### Data of table `0_supp_category` ###

INSERT INTO `0_supp_category` VALUES
('1', 'Default', '0');

### Structure of table `0_supp_invoice_items` ###

DROP TABLE IF EXISTS `0_supp_invoice_items`;

CREATE TABLE `0_supp_invoice_items` (
  `id` int(11) NOT NULL AUTO_INCREMENT,
  `supp_trans_no` int(11) DEFAULT NULL,
  `supp_trans_type` int(11) DEFAULT NULL,
  `gl_code` varchar(15) COLLATE utf8_unicode_ci NOT NULL DEFAULT '',
  `grn_item_id` int(11) DEFAULT NULL,
  `po_detail_item_id` int(11) DEFAULT NULL,
  `stock_id` varchar(20) COLLATE utf8_unicode_ci NOT NULL DEFAULT '',
  `description` tinytext COLLATE utf8_unicode_ci,
  `quantity` double NOT NULL DEFAULT '0',
  `unit_price` double NOT NULL DEFAULT '0',
  `unit_tax` double NOT NULL DEFAULT '0',
  `memo_` tinytext COLLATE utf8_unicode_ci,
  `dimension_id` int(11) NOT NULL DEFAULT '0',
  `dimension2_id` int(11) NOT NULL DEFAULT '0',
  `text1` varchar(30) COLLATE utf8_unicode_ci NOT NULL,
  `text2` varchar(30) COLLATE utf8_unicode_ci NOT NULL,
  `text3` varchar(30) COLLATE utf8_unicode_ci NOT NULL,
  `text4` varchar(55) COLLATE utf8_unicode_ci NOT NULL,
  `text5` varchar(55) COLLATE utf8_unicode_ci NOT NULL,
  `text6` varchar(55) COLLATE utf8_unicode_ci NOT NULL,
  `text7` longtext COLLATE utf8_unicode_ci NOT NULL,
  `amount1` double NOT NULL,
  `amount2` double NOT NULL,
  `amount3` double NOT NULL,
  `amount4` double NOT NULL,
  `amount5` double NOT NULL,
  `amount6` double NOT NULL,
  `date1` date NOT NULL DEFAULT '0000-00-00',
  `date2` date NOT NULL DEFAULT '0000-00-00',
  `date3` date NOT NULL DEFAULT '0000-00-00',
  `combo1` int(11) NOT NULL,
  `combo2` int(11) NOT NULL,
  `combo3` int(11) NOT NULL,
  `combo4` int(11) NOT NULL,
  `combo5` int(11) NOT NULL,
  `combo6` int(11) NOT NULL,
  `Unit_Amt` double NOT NULL,
  `Gross_Amt` double NOT NULL,
  `As_Per_B_E` double NOT NULL,
  `Landing` double NOT NULL,
  `Landing_Amt` double NOT NULL,
  `Value_invl_Landing` double NOT NULL,
  `INS` double NOT NULL,
  `INS_Amt` double NOT NULL,
  `Value_Incl_INC` double NOT NULL,
  `F_E_D` double NOT NULL,
  `F_E_D_Amt` double NOT NULL,
  `Duty` double NOT NULL,
  `Duty_Amt` double NOT NULL,
  `Value_And_Duty` double NOT NULL,
  `Value_Excl_S_T` double NOT NULL,
  `S_T` double NOT NULL,
  `S_T_Amt` double NOT NULL,
  `Amount_Incl_S_T` double NOT NULL,
  `I_Tax` double NOT NULL,
  `I_Tax_Amt` double NOT NULL,
  `Add_S_T` double NOT NULL,
  `Add_S_T_Amt` double NOT NULL,
  `Total_Charges` double NOT NULL,
  `Other_Expense` double NOT NULL,
  `Net_Amount` double NOT NULL,
  `Job_Name` varchar(55) COLLATE utf8_unicode_ci NOT NULL,
  `Total_Other_Expenses` varchar(55) COLLATE utf8_unicode_ci NOT NULL,
  `Gross_Amt_new` varchar(55) COLLATE utf8_unicode_ci NOT NULL,
  `opening` tinyint(1) DEFAULT NULL,
  `batch` int(11) NOT NULL,
  `con_factor` double NOT NULL,
  `units_id` varchar(50) COLLATE utf8_unicode_ci NOT NULL,
  `cur_qoh` double NOT NULL,
  `prev_qoh` double NOT NULL,
  `prev_sc` double NOT NULL,
  `landed_cost_sum` double NOT NULL,
  `discount_percent` double NOT NULL,
  `po_exchange_rate` double NOT NULL,
  `tot_import_expenses` double NOT NULL,
  PRIMARY KEY (`id`),
  KEY `Transaction` (`supp_trans_type`,`supp_trans_no`,`stock_id`)
) ENGINE=InnoDB AUTO_INCREMENT=105 DEFAULT CHARSET=utf8 COLLATE=utf8_unicode_ci ;

### Data of table `0_supp_invoice_items` ###

INSERT INTO `0_supp_invoice_items` VALUES
('1', '1', '20', '0', '4', '4', '500166666', 'Test Item', '1', '1000', '170', NULL, '0', '0', '', '', '', '', '', '', '', '0', '0', '0', '0', '0', '0', '0000-00-00', '0000-00-00', '0000-00-00', '0', '0', '0', '0', '0', '0', '0', '0', '0', '0', '0', '0', '0', '0', '0', '0', '0', '0', '0', '0', '0', '0', '0', '0', '0', '0', '0', '0', '0', '0', '0', '', '', '', NULL, '0', '1', 'boxes', '0', '0', '0', '0', '0', '0', '0'),
('2', '2', '20', '0', '5', '5', '500166666', 'Test Item', '1', '1000', '170', NULL, '0', '0', '', '', '', '', '', '', '', '0', '0', '0', '0', '0', '0', '0000-00-00', '0000-00-00', '0000-00-00', '0', '0', '0', '0', '0', '0', '0', '0', '0', '0', '0', '0', '0', '0', '0', '0', '0', '0', '0', '0', '0', '0', '0', '0', '0', '0', '0', '0', '0', '0', '0', '', '', '', NULL, '0', '1', 'boxes', '0', '0', '0', '0', '0', '0', '0'),
('3', '3', '20', '0', '3', '3', '1004', 'A-HO 20/30 SEA BREAM', '90', '1500', '255', NULL, '0', '0', '', '', '', '', '', '', '', '0', '0', '0', '0', '0', '0', '0000-00-00', '0000-00-00', '0000-00-00', '0', '0', '0', '0', '0', '0', '0', '0', '0', '0', '0', '0', '0', '0', '0', '0', '0', '0', '0', '0', '0', '0', '0', '0', '0', '0', '0', '0', '0', '0', '0', '', '', '', NULL, '0', '0', 'boxes', '0', '0', '0', '0', '0', '0', '0'),
('4', '3', '20', '0', '6', '6', '1002', 'Sugar Free (Vanilla) (Double Scoop)', '100', '250', '42.5', NULL, '0', '0', '', '', '', '', '', '', '', '0', '0', '0', '0', '0', '0', '0000-00-00', '0000-00-00', '0000-00-00', '0', '0', '0', '0', '0', '0', '0', '0', '0', '0', '0', '0', '0', '0', '0', '0', '0', '0', '0', '0', '0', '0', '0', '0', '0', '0', '0', '0', '0', '0', '0', '', '', '', NULL, '0', '0', 'boxes', '0', '0', '0', '0', '0', '0', '0'),
('5', '3', '20', '0', '7', '7', '1006', 'panadol ', '150', '100', '17', NULL, '0', '0', '', '', '', '', '', '', '', '0', '0', '0', '0', '0', '0', '0000-00-00', '0000-00-00', '0000-00-00', '0', '0', '0', '0', '0', '0', '0', '0', '0', '0', '0', '0', '0', '0', '0', '0', '0', '0', '0', '0', '0', '0', '0', '0', '0', '0', '0', '0', '0', '0', '0', '', '', '', NULL, '0', '0', 'boxes', '0', '0', '0', '0', '0', '0', '0'),
('6', '3', '20', '0', '8', '8', '11122220000', 'Coconut (Double Scoop)', '150', '150', '25.5', NULL, '0', '0', '', '', '', '', '', '', '', '0', '0', '0', '0', '0', '0', '0000-00-00', '0000-00-00', '0000-00-00', '0', '0', '0', '0', '0', '0', '0', '0', '0', '0', '0', '0', '0', '0', '0', '0', '0', '0', '0', '0', '0', '0', '0', '0', '0', '0', '0', '0', '0', '0', '0', '', '', '', NULL, '0', '0', 'boxes', '0', '0', '0', '0', '0', '0', '0'),
('7', '4', '20', '502001', '-1', '0', '', NULL, '0', '50100', '0', NULL, '0', '0', '0', '', '', '', '0', '0', '0', '0', '0', '0', '0', '0', '0', '0000-00-00', '0000-00-00', '0000-00-00', '0', '0', '0', '0', '0', '0', '0', '0', '0', '0', '0', '0', '0', '0', '0', '0', '0', '0', '0', '0', '0', '0', '0', '0', '0', '0', '0', '0', '0', '0', '0', '', '', '', NULL, '0', '0', '', '0', '0', '0', '0', '0', '0', '0'),
('8', '5', '20', '0', '10', '9', '1009', 'HP LAPTOP', '120', '40000', '6800', NULL, '0', '0', '', '', '', '', '', '', '', '0', '0', '0', '0', '0', '0', '0000-00-00', '0000-00-00', '0000-00-00', '0', '0', '0', '0', '0', '0', '0', '0', '0', '0', '0', '0', '0', '0', '0', '0', '0', '0', '0', '0', '0', '0', '0', '0', '0', '0', '0', '0', '0', '0', '0', '', '', '', NULL, '0', '0', 'boxes', '0', '0', '0', '0', '0', '0', '0'),
('9', '5', '20', '0', '12', '12', '1009', 'HP LAPTOP', '10', '40000', '6800', NULL, '0', '0', '', '', '', '', '', '', '', '0', '0', '0', '0', '0', '0', '0000-00-00', '0000-00-00', '0000-00-00', '0', '0', '0', '0', '0', '0', '0', '0', '0', '0', '0', '0', '0', '0', '0', '0', '0', '0', '0', '0', '0', '0', '0', '0', '0', '0', '0', '0', '0', '0', '0', '', '', '', NULL, '0', '0', 'boxes', '0', '0', '0', '0', '0', '0', '0'),
('10', '6', '20', '0', '11', '10', '1007', 'NATURE WATER ', '40000', '450', '76.5', NULL, '0', '0', '', '', '', '', '', '', '', '0', '0', '0', '0', '0', '0', '0000-00-00', '0000-00-00', '0000-00-00', '0', '0', '0', '0', '0', '0', '0', '0', '0', '0', '0', '0', '0', '0', '0', '0', '0', '0', '0', '0', '0', '0', '0', '0', '0', '0', '0', '0', '0', '0', '0', '', '', '', NULL, '0', '0', 'boxes', '0', '0', '0', '0', '0', '0', '0'),
('11', '7', '20', '0', '13', '13', '1007', 'NATURE WATER ', '200', '150', '25.5', NULL, '0', '0', '', '', '', '', '', '', '', '0', '0', '0', '0', '0', '0', '0000-00-00', '0000-00-00', '0000-00-00', '0', '0', '0', '0', '0', '0', '0', '0', '0', '0', '0', '0', '0', '0', '0', '0', '0', '0', '0', '0', '0', '0', '0', '0', '0', '0', '0', '0', '0', '0', '0', '', '', '', NULL, '0', '0', 'ltr', '0', '0', '0', '0', '0', '0', '0'),
('12', '8', '20', '0', '16', '16', '1009', 'HP LAPTOP', '10', '10000', '1700', NULL, '0', '0', '', '', '', '', '', '', '', '0', '0', '0', '0', '0', '0', '0000-00-00', '0000-00-00', '0000-00-00', '0', '0', '0', '0', '0', '0', '0', '0', '0', '0', '0', '0', '0', '0', '0', '0', '0', '0', '0', '0', '0', '0', '0', '0', '0', '0', '0', '0', '0', '0', '0', '', '', '', NULL, '0', '0', 'boxes', '0', '0', '0', '0', '0', '0', '0'),
('13', '1', '43', '0', '15', '15', '1011', 'Import Item', '2', '100000', '17000', NULL, '0', '0', '', '', '', '', '', '', '', '0', '0', '0', '0', '0', '0', '0000-00-00', '0000-00-00', '0000-00-00', '0', '0', '0', '0', '0', '0', '1', '160000', '160000', '0', '0', '160000', '0', '0', '160000', '0', '0', '20', '32000', '192000', '192000', '0', '0', '192000', '0', '0', '0', '0', '192000', '0', '192000', '0', '', '80,000.00', NULL, '0', '0', '', '2', '0', '100000', '192000', '0', '0', '0'),
('14', '2', '43', '0', '18', '20', '101232', 'import item 1234', '1', '100000', '17000', NULL, '0', '0', '', '', '', '', '', '', '', '0', '0', '0', '0', '0', '0', '0000-00-00', '0000-00-00', '0000-00-00', '0', '0', '0', '0', '0', '0', '120', '12000000', '9600000', '0', '0', '9600000', '0', '0', '9600000', '0', '0', '0', '0', '9600000', '9600000', '0', '0', '9600000', '0', '0', '0', '0', '9600000', '0', '9600000', '0', '', '80,000.00', NULL, '0', '0', '', '1', '0', '12000000', '9600000', '0', '0', '0'),
('15', '3', '43', '0', '22', '25', '101235', 'import 4', '2', '100', '17', NULL, '0', '0', '', '', '', '', '', '', '', '0', '0', '0', '0', '0', '0', '0000-00-00', '0000-00-00', '0000-00-00', '0', '0', '0', '0', '0', '0', '120', '24000', '19200', '1', '192', '19392', '1', '193.92', '19585.92', '8', '1566.8736', '5', '979.296', '22132.0896', '22132.0896', '17', '3762.455232', '25894.544832', '5.5', '1424.19996576', '2', '442.641792', '27761.38658976', '10000', '37761.38658976', '0', '', '80.00', NULL, '0', '0', '', '2', '0', '12000', '37761.38658976', '0', '0', '0'),
('16', '9', '20', '0', '23', '27', '500166666', 'Test Item', '1', '1000', '170', NULL, '0', '0', '', '', '', '', '', '', '', '0', '0', '0', '0', '0', '0', '0000-00-00', '0000-00-00', '0000-00-00', '0', '0', '0', '0', '0', '0', '0', '0', '0', '0', '0', '0', '0', '0', '0', '0', '0', '0', '0', '0', '0', '0', '0', '0', '0', '0', '0', '0', '0', '0', '0', '', '', '', NULL, '0', '1', 'boxes', '0', '0', '0', '0', '0', '0', '0'),
('17', '10', '20', '0', '26', '30', '1010', 'ROYAL FAN', '23', '4000', '680', NULL, '0', '0', '', '', '', '', '', '', '', '0', '0', '0', '0', '0', '0', '0000-00-00', '0000-00-00', '0000-00-00', '0', '0', '0', '0', '0', '0', '0', '0', '0', '0', '0', '0', '0', '0', '0', '0', '0', '0', '0', '0', '0', '0', '0', '0', '0', '0', '0', '0', '0', '0', '0', '', '', '', NULL, '0', '0', 'boxes', '0', '0', '0', '0', '0', '0', '0'),
('18', '4', '43', '0', '21', '23', '101234', 'Import 3', '2', '100', '17', NULL, '0', '0', '', '', '', '', '', '', '', '0', '0', '0', '0', '0', '0', '0000-00-00', '0000-00-00', '0000-00-00', '0', '0', '0', '0', '0', '0', '120', '24000', '24000', '1', '240', '24240', '1', '242.4', '24482.4', '8', '1958.592', '5', '1224.12', '27665.112', '27665.112', '17', '4703.06904', '32368.18104', '5.5', '1780.2499572', '0', '0', '34148.4309972', '0', '34148.4309972', '1', '', '100.00', NULL, '0', '0', '', '4', '2', '12000', '34148.4309972', '0', '0', '0'),
('19', '11', '20', '0', '27', '31', '11122220000', 'Coconut (Double Scoop)', '1', '0', '0', NULL, '0', '0', '', '', '', '', '', '', '', '0', '0', '0', '0', '0', '0', '0000-00-00', '0000-00-00', '0000-00-00', '0', '0', '0', '0', '0', '0', '0', '0', '0', '0', '0', '0', '0', '0', '0', '0', '0', '0', '0', '0', '0', '0', '0', '0', '0', '0', '0', '0', '0', '0', '0', '', '', '', NULL, '0', '0', 'boxes', '0', '0', '0', '0', '0', '0', '0'),
('20', '12', '20', '0', '28', '32', '500166666', 'Test Item', '1', '1000', '170', NULL, '0', '0', '', '', '', '', '', '', '', '0', '0', '0', '0', '0', '0', '0000-00-00', '0000-00-00', '0000-00-00', '0', '0', '0', '0', '0', '0', '0', '0', '0', '0', '0', '0', '0', '0', '0', '0', '0', '0', '0', '0', '0', '0', '0', '0', '0', '0', '0', '0', '0', '0', '0', '', '', '', NULL, '0', '1', 'boxes', '0', '0', '0', '0', '0', '0', '0'),
('21', '13', '20', '0', '24', '28', '1009', 'HP LAPTOP', '12', '12000', '2040', NULL, '0', '0', '', '', '', '', '', '', '', '0', '0', '0', '0', '0', '0', '0000-00-00', '0000-00-00', '0000-00-00', '0', '0', '0', '0', '0', '0', '0', '0', '0', '0', '0', '0', '0', '0', '0', '0', '0', '0', '0', '0', '0', '0', '0', '0', '0', '0', '0', '0', '0', '0', '0', '', '', '', NULL, '0', '0', 'boxes', '0', '0', '0', '0', '0', '0', '0'),
('22', '13', '20', '0', '29', '33', '101239', 'CARS ', '2', '850000', '144500', NULL, '0', '0', '', '', '', '', '', '', '', '0', '0', '0', '0', '0', '0', '0000-00-00', '0000-00-00', '0000-00-00', '0', '0', '0', '0', '0', '0', '0', '0', '0', '0', '0', '0', '0', '0', '0', '0', '0', '0', '0', '0', '0', '0', '0', '0', '0', '0', '0', '0', '0', '0', '0', '', '', '', NULL, '0', '0', 'pcs', '0', '0', '0', '0', '0', '0', '0'),
('23', '14', '20', '0', '30', '34', '4001', 'CAR ', '1', '38000', '6460', NULL, '0', '0', '', '', '', '', '', '', '', '0', '0', '0', '0', '0', '0', '0000-00-00', '0000-00-00', '0000-00-00', '0', '0', '0', '0', '0', '0', '0', '0', '0', '0', '0', '0', '0', '0', '0', '0', '0', '0', '0', '0', '0', '0', '0', '0', '0', '0', '0', '0', '0', '0', '0', '', '', '', NULL, '0', '0', 'boxes', '0', '0', '0', '0', '0', '0', '0'),
('24', '15', '20', '0', '31', '35', '4002', 'Computer', '1', '100000', '17000', NULL, '0', '0', '', '', '', '', '', '', '', '0', '0', '0', '0', '0', '0', '0000-00-00', '0000-00-00', '0000-00-00', '0', '0', '0', '0', '0', '0', '0', '0', '0', '0', '0', '0', '0', '0', '0', '0', '0', '0', '0', '0', '0', '0', '0', '0', '0', '0', '0', '0', '0', '0', '0', '', '', '', NULL, '0', '0', 'boxes', '0', '0', '0', '0', '0', '0', '0'),
('25', '16', '20', '0', '32', '36', '4003', 'AMPROLIUM HCL', '1', '200000', '34000', NULL, '0', '0', '', '', '', '', '', '', '', '0', '0', '0', '0', '0', '0', '0000-00-00', '0000-00-00', '0000-00-00', '0', '0', '0', '0', '0', '0', '0', '0', '0', '0', '0', '0', '0', '0', '0', '0', '0', '0', '0', '0', '0', '0', '0', '0', '0', '0', '0', '0', '0', '0', '0', '', '', '', NULL, '0', '0', 'boxes', '0', '0', '0', '0', '0', '0', '0'),
('26', '17', '20', '0', '33', '37', '101240', 'Testing Item 2', '10', '10', '1.7', NULL, '0', '0', '', '', '', '', '', '', '', '0', '0', '0', '0', '0', '0', '0000-00-00', '0000-00-00', '0000-00-00', '0', '0', '0', '0', '0', '0', '0', '0', '0', '0', '0', '0', '0', '0', '0', '0', '0', '0', '0', '0', '0', '0', '0', '0', '0', '0', '0', '0', '0', '0', '0', '', '', '', NULL, '0', '0', 'boxes', '0', '0', '0', '0', '0', '0', '0'),
('27', '18', '20', '0', '1', '1', '1006', 'panadol ', '10', '30', '5.1', NULL, '0', '0', '', '', '', '', '', '', '', '0', '0', '0', '0', '0', '0', '0000-00-00', '0000-00-00', '0000-00-00', '0', '0', '0', '0', '0', '0', '0', '0', '0', '0', '0', '0', '0', '0', '0', '0', '0', '0', '0', '0', '0', '0', '0', '0', '0', '0', '0', '0', '0', '0', '0', '', '', '', NULL, '0', '0', 'boxes', '0', '0', '0', '0', '0', '0', '0'),
('28', '18', '20', '0', '2', '2', '1005', 'RIBBON FISH ', '671', '435', '73.95', NULL, '0', '0', '', '', '', '', '', '', '', '0', '0', '0', '0', '0', '0', '0000-00-00', '0000-00-00', '0000-00-00', '0', '0', '0', '0', '0', '0', '0', '0', '0', '0', '0', '0', '0', '0', '0', '0', '0', '0', '0', '0', '0', '0', '0', '0', '0', '0', '0', '0', '0', '0', '0', '', '', '', NULL, '0', '0', 'boxes', '0', '0', '0', '0', '0', '0', '0'),
('29', '18', '20', '0', '14', '14', '1002', 'Sugar Free (Vanilla) (Double Scoop)', '1', '100000', '17000', NULL, '0', '0', '', '', '', '', '', '', '', '0', '0', '0', '0', '0', '0', '0000-00-00', '0000-00-00', '0000-00-00', '0', '0', '0', '0', '0', '0', '0', '0', '0', '0', '0', '0', '0', '0', '0', '0', '0', '0', '0', '0', '0', '0', '0', '0', '0', '0', '0', '0', '0', '0', '0', '', '', '', NULL, '0', '0', 'boxes', '0', '0', '0', '0', '0', '0', '0'),
('30', '18', '20', '0', '19', '21', '101233', 'Import Item 2', '2', '100000', '17000', NULL, '0', '0', '', '', '', '', '', '', '', '0', '0', '0', '0', '0', '0', '0000-00-00', '0000-00-00', '0000-00-00', '0', '0', '0', '0', '0', '0', '0', '0', '0', '0', '0', '0', '0', '0', '0', '0', '0', '0', '0', '0', '0', '0', '0', '0', '0', '0', '0', '0', '0', '0', '0', '', '', '', NULL, '0', '0', 'boxes', '0', '0', '0', '0', '0', '0', '0'),
('31', '18', '20', '0', '25', '29', '1002', 'Sugar Free (Vanilla) (Double Scoop)', '100', '1000', '170', NULL, '0', '0', '', '', '', '', '', '', '', '0', '0', '0', '0', '0', '0', '0000-00-00', '0000-00-00', '0000-00-00', '0', '0', '0', '0', '0', '0', '0', '0', '0', '0', '0', '0', '0', '0', '0', '0', '0', '0', '0', '0', '0', '0', '0', '0', '0', '0', '0', '0', '0', '0', '0', '', '', '', NULL, '0', '0', 'boxes', '0', '0', '0', '0', '0', '0', '0'),
('32', '19', '20', '501001', '-1', '0', '', NULL, '0', '222', '0', NULL, '0', '0', '0', '', '', '', '0', '0', '0', '0', '0', '0', '0', '0', '0', '0000-00-00', '0000-00-00', '0000-00-00', '0', '0', '0', '0', '0', '0', '0', '0', '0', '0', '0', '0', '0', '0', '0', '0', '0', '0', '0', '0', '0', '0', '0', '0', '0', '0', '0', '0', '0', '0', '0', '', '', '', NULL, '0', '0', '', '0', '0', '0', '0', '0', '0', '0'),
('33', '20', '20', '501001', '-1', '0', '', NULL, '0', '0', '0', NULL, '0', '0', '0', '', '', '', '0', '0', '0', '0', '0', '0', '0', '0', '0', '0000-00-00', '0000-00-00', '0000-00-00', '0', '0', '0', '0', '0', '0', '0', '0', '0', '0', '0', '0', '0', '0', '0', '0', '0', '0', '0', '0', '0', '0', '0', '0', '0', '0', '0', '0', '0', '0', '0', '', '', '', NULL, '0', '0', '', '0', '0', '0', '0', '0', '0', '0'),
('34', '21', '20', '0', '34', '38', '500166666', 'Test Item', '1', '1000', '170', NULL, '0', '0', '', '', '', '', '', '', '', '0', '0', '0', '0', '0', '0', '0000-00-00', '0000-00-00', '0000-00-00', '0', '0', '0', '0', '0', '0', '0', '0', '0', '0', '0', '0', '0', '0', '0', '0', '0', '0', '0', '0', '0', '0', '0', '0', '0', '0', '0', '0', '0', '0', '0', '', '', '', NULL, '0', '1', 'boxes', '0', '0', '0', '0', '0', '0', '0'),
('35', '22', '20', '501001', '-1', '0', '', NULL, '0', '657', '0', NULL, '0', '0', '0', '', '', '', '0', '0', '0', '0', '0', '0', '0', '0', '0', '0000-00-00', '0000-00-00', '0000-00-00', '0', '0', '0', '0', '0', '0', '0', '0', '0', '0', '0', '0', '0', '0', '0', '0', '0', '0', '0', '0', '0', '0', '0', '0', '0', '0', '0', '0', '0', '0', '0', '', '', '', NULL, '0', '0', '', '0', '0', '0', '0', '0', '0', '0'),
('36', '23', '20', '0', '35', '39', '500166666', 'Test Item', '1', '1000', '170', NULL, '0', '0', '', '', '', '', '', '', '', '0', '0', '0', '0', '0', '0', '0000-00-00', '0000-00-00', '0000-00-00', '0', '0', '0', '0', '0', '0', '0', '0', '0', '0', '0', '0', '0', '0', '0', '0', '0', '0', '0', '0', '0', '0', '0', '0', '0', '0', '0', '0', '0', '0', '0', '', '', '', NULL, '0', '1', 'boxes', '0', '0', '0', '0', '0', '0', '0'),
('37', '24', '20', '0', '36', '40', '500166666', 'Test Item', '1', '1000', '170', NULL, '0', '0', '', '', '', '', '', '', '', '0', '0', '0', '0', '0', '0', '0000-00-00', '0000-00-00', '0000-00-00', '0', '0', '0', '0', '0', '0', '0', '0', '0', '0', '0', '0', '0', '0', '0', '0', '0', '0', '0', '0', '0', '0', '0', '0', '0', '0', '0', '0', '0', '0', '0', '', '', '', NULL, '0', '1', 'boxes', '0', '0', '0', '0', '0', '0', '0'),
('38', '25', '20', '501001', '-1', '0', '', NULL, '0', '500', '0', NULL, '0', '0', '0', '', '', '', '0', '0', '0', '0', '0', '0', '0', '0', '0', '0000-00-00', '0000-00-00', '0000-00-00', '0', '0', '0', '0', '0', '0', '0', '0', '0', '0', '0', '0', '0', '0', '0', '0', '0', '0', '0', '0', '0', '0', '0', '0', '0', '0', '0', '0', '0', '0', '0', '', '', '', NULL, '0', '0', '', '0', '0', '0', '0', '0', '0', '0'),
('39', '26', '20', '501001', '-1', '0', '', NULL, '0', '600', '0', NULL, '0', '0', '0', '', '', '', '0', '0', '0', '0', '0', '0', '0', '0', '0', '0000-00-00', '0000-00-00', '0000-00-00', '0', '0', '0', '0', '0', '0', '0', '0', '0', '0', '0', '0', '0', '0', '0', '0', '0', '0', '0', '0', '0', '0', '0', '0', '0', '0', '0', '0', '0', '0', '0', '', '', '', NULL, '0', '0', '', '0', '0', '0', '0', '0', '0', '0'),
('40', '27', '20', '501001', '-1', '0', '', NULL, '0', '500', '0', NULL, '0', '0', '0', '', '', '', '0', '0', '0', '0', '0', '0', '0', '0', '0', '0000-00-00', '0000-00-00', '0000-00-00', '0', '0', '0', '0', '0', '0', '0', '0', '0', '0', '0', '0', '0', '0', '0', '0', '0', '0', '0', '0', '0', '0', '0', '0', '0', '0', '0', '0', '0', '0', '0', '', '', '', NULL, '0', '0', '', '0', '0', '0', '0', '0', '0', '0'),
('41', '28', '20', '0', '37', '41', '500166666', 'Test Item', '1', '1000', '170', NULL, '0', '0', '', '', '', '', '', '', '', '0', '0', '0', '0', '0', '0', '0000-00-00', '0000-00-00', '0000-00-00', '0', '0', '0', '0', '0', '0', '0', '0', '0', '0', '0', '0', '0', '0', '0', '0', '0', '0', '0', '0', '0', '0', '0', '0', '0', '0', '0', '0', '0', '0', '0', '', '', '', NULL, '0', '1', 'boxes', '0', '0', '0', '0', '0', '0', '0'),
('42', '29', '20', '0', '38', '42', '101236', 'HSD', '1', '500', '85', NULL, '0', '0', '', '', '', '', '', '', '', '0', '0', '0', '0', '0', '0', '0000-00-00', '0000-00-00', '0000-00-00', '0', '0', '0', '0', '0', '0', '0', '0', '0', '0', '0', '0', '0', '0', '0', '0', '0', '0', '0', '0', '0', '0', '0', '0', '0', '0', '0', '0', '0', '0', '0', '', '', '', NULL, '0', '0', 'ltr', '0', '0', '0', '0', '0', '0', '0'),
('43', '30', '20', '0', '39', '43', '500166666', 'Test Item', '1', '1000', '170', NULL, '0', '0', '', '', '', '', '', '', '', '0', '0', '0', '0', '0', '0', '0000-00-00', '0000-00-00', '0000-00-00', '0', '0', '0', '0', '0', '0', '0', '0', '0', '0', '0', '0', '0', '0', '0', '0', '0', '0', '0', '0', '0', '0', '0', '0', '0', '0', '0', '0', '0', '0', '0', '', '', '', NULL, '0', '1', 'boxes', '0', '0', '0', '0', '0', '0', '0'),
('44', '31', '20', '0', '40', '44', '3009', 'Branded SMS', '100000', '0.2', '0.034', NULL, '0', '0', '', '', '', '', '', '', '', '0', '0', '0', '0', '0', '0', '0000-00-00', '0000-00-00', '0000-00-00', '0', '0', '0', '0', '0', '0', '0', '0', '0', '0', '0', '0', '0', '0', '0', '0', '0', '0', '0', '0', '0', '0', '0', '0', '0', '0', '0', '0', '0', '0', '0', '', '', '', NULL, '0', '0', 'boxes', '0', '0', '0', '0', '0', '0', '0'),
('45', '32', '20', '0', '41', '45', '2004', 'Branded SMS 2', '10000000', '0.2', '0.034', NULL, '0', '0', '', '', '', '', '', '', '', '0', '0', '0', '0', '0', '0', '0000-00-00', '0000-00-00', '0000-00-00', '0', '0', '0', '0', '0', '0', '0', '0', '0', '0', '0', '0', '0', '0', '0', '0', '0', '0', '0', '0', '0', '0', '0', '0', '0', '0', '0', '0', '0', '0', '0', '', '', '', NULL, '0', '0', 'boxes', '0', '0', '0', '0', '0', '0', '0'),
('46', '5', '43', '0', '17', '19', '1011', 'Import Item', '1', '850', '144.5', NULL, '0', '0', '', '', '', '', '', '', '', '0', '0', '0', '0', '0', '0', '0000-00-00', '0000-00-00', '0000-00-00', '0', '0', '0', '0', '0', '0', '145.16', '120955', '50806', '1', '508.06', '51314.06', '1', '513.1406', '51827.2006', '22', '11401.984132', '20', '10365.44012', '73594.624852', '73594.624852', '17', '12511.08622484', '86105.71107684', '6', '5166.3426646104', '3', '2207.83874556', '41652.69188701', '48358.95', '90011.64188701', '0', '', '350.00', NULL, '0', '0', '', '3', '2', '104000', '141838.84248701', '0', '0', '0'),
('47', '33', '20', '0', '20', '22', '101234', 'Import 3', '2', '100', '17', NULL, '0', '0', '', '', '', '', '', '', '', '0', '0', '0', '0', '0', '0', '0000-00-00', '0000-00-00', '0000-00-00', '0', '0', '0', '0', '0', '0', '0', '0', '0', '0', '0', '0', '0', '0', '0', '0', '0', '0', '0', '0', '0', '0', '0', '0', '0', '0', '0', '0', '0', '0', '0', '', '', '', NULL, '0', '0', 'boxes', '0', '0', '0', '0', '0', '0', '0'),
('48', '33', '20', '0', '42', '46', '1011', 'Import Item', '1', '850', '144.5', NULL, '0', '0', '', '', '', '', '', '', '', '0', '0', '0', '0', '0', '0', '0000-00-00', '0000-00-00', '0000-00-00', '0', '0', '0', '0', '0', '0', '0', '0', '0', '0', '0', '0', '0', '0', '0', '0', '0', '0', '0', '0', '0', '0', '0', '0', '0', '0', '0', '0', '0', '0', '0', '', '', '', NULL, '0', '0', 'boxes', '0', '0', '0', '0', '0', '0', '0'),
('49', '33', '20', '0', '44', '48', '500166666', 'Test Item', '1', '5000', '855', NULL, '0', '0', '', '', '', '', '', '', '', '0', '0', '0', '0', '0', '0', '0000-00-00', '0000-00-00', '0000-00-00', '0', '0', '0', '0', '0', '0', '0', '0', '0', '0', '0', '0', '0', '0', '0', '0', '0', '0', '0', '0', '0', '0', '0', '0', '0', '0', '0', '0', '0', '0', '0', '', '', '', NULL, '1', '1', 'boxes', '0', '0', '0', '0', '0.1', '0', '0'),
('50', '34', '20', '0', '43', '47', '500166666', 'Test Item', '10', '1000', '220', NULL, '0', '0', '', '', '', '', '', '', '', '0', '0', '0', '0', '0', '0', '0000-00-00', '0000-00-00', '0000-00-00', '0', '0', '0', '0', '0', '0', '0', '0', '0', '0', '0', '0', '0', '0', '0', '0', '0', '0', '0', '0', '0', '0', '0', '0', '0', '0', '0', '0', '0', '0', '0', '', '', '', NULL, '0', '1', 'boxes', '0', '0', '0', '0', '0', '0', '0'),
('51', '35', '20', '0', '46', '50', '500166666', 'Test Item', '0', '0', '0', NULL, '0', '0', '', '', '', '', '', '', '', '0', '0', '0', '0', '0', '0', '0000-00-00', '0000-00-00', '0000-00-00', '0', '0', '0', '0', '0', '0', '0', '0', '0', '0', '0', '0', '0', '0', '0', '0', '0', '0', '0', '0', '0', '0', '0', '0', '0', '0', '0', '0', '0', '0', '0', '', '', '', NULL, '2', '1', 'boxes', '0', '0', '0', '0', '0', '0', '0'),
('52', '35', '20', '0', '47', '51', '1006', 'panadol ', '0', '0', '550', NULL, '0', '0', '', '', '', '', '', '', '', '0', '0', '0', '0', '0', '0', '0000-00-00', '0000-00-00', '0000-00-00', '0', '0', '0', '0', '0', '0', '0', '0', '0', '0', '0', '0', '0', '0', '0', '0', '0', '0', '0', '0', '0', '0', '0', '0', '0', '0', '0', '0', '0', '0', '0', '', '', '', NULL, '2', '0', 'boxes', '0', '0', '0', '0', '0', '0', '0'),
('53', '36', '20', '0', '46', '50', '500166666', 'Test Item', '1', '0', '0', NULL, '0', '0', '', '', '', '', '', '', '', '0', '0', '0', '0', '0', '0', '2000-00-00', '2000-00-00', '2000-00-00', '0', '0', '0', '0', '0', '0', '0', '0', '0', '0', '0', '0', '0', '0', '0', '0', '0', '0', '0', '0', '0', '0', '0', '0', '0', '0', '0', '0', '0', '0', '0', '', '', '', NULL, '2', '1', 'boxes', '0', '0', '0', '0', '0', '0', '0'),
('54', '36', '20', '0', '47', '51', '1006', 'panadol ', '1', '2550', '561', NULL, '0', '0', '', '', '', '', '', '', '', '0', '0', '0', '0', '0', '0', '0000-00-00', '0000-00-00', '0000-00-00', '0', '0', '0', '0', '0', '0', '0', '0', '0', '0', '0', '0', '0', '0', '0', '0', '0', '0', '0', '0', '0', '0', '0', '0', '0', '0', '0', '0', '0', '0', '0', '', '', '', NULL, '2', '0', 'boxes', '0', '0', '0', '0', '0', '0', '0'),
('55', '37', '20', '0', '53', '54', '500166666', 'Test Item', '1', '1000', '220', NULL, '0', '0', '', '', '', '', '', '', '', '0', '0', '0', '0', '0', '0', '0000-00-00', '0000-00-00', '0000-00-00', '0', '0', '0', '0', '0', '0', '0', '0', '0', '0', '0', '0', '0', '0', '0', '0', '0', '0', '0', '0', '0', '0', '0', '0', '0', '0', '0', '0', '0', '0', '0', '', '', '', NULL, '0', '0', 'boxes', '0', '0', '0', '0', '0', '0', '0'),
('56', '38', '20', '0', '54', '55', '3001', 'COPPER TUBE 3/8', '10', '10000', '2200', NULL, '0', '0', '', '', '', '', '', '', '', '0', '0', '0', '0', '0', '0', '0000-00-00', '0000-00-00', '0000-00-00', '0', '0', '0', '0', '0', '0', '0', '0', '0', '0', '0', '0', '0', '0', '0', '0', '0', '0', '0', '0', '0', '0', '0', '0', '0', '0', '0', '0', '0', '0', '0', '', '', '', NULL, '0', '0', 'kg ', '0', '0', '0', '0', '0', '0', '0'),
('57', '39', '20', '0', '55', '56', '3001', 'COPPER TUBE 3/8', '50', '10000', '2200', NULL, '0', '0', '', '', '', '', '', '', '', '0', '0', '0', '0', '0', '0', '0000-00-00', '0000-00-00', '0000-00-00', '0', '0', '0', '0', '0', '0', '0', '0', '0', '0', '0', '0', '0', '0', '0', '0', '0', '0', '0', '0', '0', '0', '0', '0', '0', '0', '0', '0', '0', '0', '0', '', '', '', NULL, '0', '0', 'kg ', '0', '0', '0', '0', '0', '0', '0'),
('58', '40', '20', '0', '63', '63', '3022', 'DTG0B05034-902 3/8 Flare', '10', '640', '140.8', NULL, '0', '0', '', '', '', '', '', '', '', '0', '0', '0', '0', '0', '0', '0000-00-00', '0000-00-00', '0000-00-00', '0', '0', '0', '0', '0', '0', '0', '0', '0', '0', '0', '0', '0', '0', '0', '0', '0', '0', '0', '0', '0', '0', '0', '0', '0', '0', '0', '0', '0', '0', '0', '', '', '', NULL, '0', '0', 'pcs', '0', '0', '0', '0', '0', '0', '0'),
('59', '6', '43', '0', '61', '61', '1002', 'Sugar Free (Vanilla) (Double Scoop)', '1', '850', '187', NULL, '0', '0', '', '', '', '', '', '', '', '0', '0', '0', '0', '0', '0', '0000-00-00', '0000-00-00', '0000-00-00', '0', '0', '0', '0', '0', '0', '145.16', '120955', '50806', '1', '508.06', '51314.06', '1', '513.1406', '51827.2006', '22', '11401.984132', '20', '10365.44012', '73594.624852', '73594.624852', '17', '12511.08622484', '86105.71107684', '6', '5166.3426646104', '3', '2207.83874556', '41652.69188701', '48358.95', '90011.64188701', '0', '', '350.00', NULL, '0', '0', '', '520', '519', '480000', '141838.84248701', '0', '0', '0'),
('60', '41', '20', '0', '66', '64', '101238', 'HP LAPTOP', '150', '15000', '3300', NULL, '0', '0', '', '', '', '', '', '', '', '0', '0', '0', '0', '0', '0', '0000-00-00', '0000-00-00', '0000-00-00', '0', '0', '0', '0', '0', '0', '0', '0', '0', '0', '0', '0', '0', '0', '0', '0', '0', '0', '0', '0', '0', '0', '0', '0', '0', '0', '0', '0', '0', '0', '0', '', '', '', NULL, '0', '0', 'pcs', '0', '0', '0', '0', '0', '0', '0'),
('61', '42', '20', '0', '50', '53', '1006', 'panadol ', '56', '1200', '264', NULL, '0', '0', '', '', '', '', '', '', '', '0', '0', '0', '0', '0', '0', '0000-00-00', '0000-00-00', '0000-00-00', '0', '0', '0', '0', '0', '0', '0', '0', '0', '0', '0', '0', '0', '0', '0', '0', '0', '0', '0', '0', '0', '0', '0', '0', '0', '0', '0', '0', '0', '0', '0', '', '', '', NULL, '0', '0', 'boxes', '0', '0', '0', '0', '0', '0', '0'),
('62', '42', '20', '0', '67', '65', '1006', 'panadol ', '1', '1200', '264', NULL, '0', '0', '', '', '', '', '', '', '', '0', '0', '0', '0', '0', '0', '0000-00-00', '0000-00-00', '0000-00-00', '0', '0', '0', '0', '0', '0', '0', '0', '0', '0', '0', '0', '0', '0', '0', '0', '0', '0', '0', '0', '0', '0', '0', '0', '0', '0', '0', '0', '0', '0', '0', '', '', '', NULL, '0', '0', 'boxes', '0', '0', '0', '0', '0', '0', '0'),
('63', '43', '20', '0', '58', '17', '1008', 'NESCAFEE COFEE ', '3', '350', '77', NULL, '0', '0', '', '', '', '', '', '', '', '0', '0', '0', '0', '0', '0', '0000-00-00', '0000-00-00', '0000-00-00', '0', '0', '0', '0', '0', '0', '0', '0', '0', '0', '0', '0', '0', '0', '0', '0', '0', '0', '0', '0', '0', '0', '0', '0', '0', '0', '0', '0', '0', '0', '0', '', '', '', NULL, '0', '0', 'boxes', '0', '0', '0', '0', '0', '0', '0'),
('64', '44', '20', '0', '69', '67', '1010', 'ROYAL FAN', '50', '4000', '880', NULL, '0', '0', '', '', '', '', '', '', '', '0', '0', '0', '0', '0', '0', '0000-00-00', '0000-00-00', '0000-00-00', '0', '0', '0', '0', '0', '0', '0', '0', '0', '0', '0', '0', '0', '0', '0', '0', '0', '0', '0', '0', '0', '0', '0', '0', '0', '0', '0', '0', '0', '0', '0', '', '', '', NULL, '0', '0', 'boxes', '0', '0', '0', '0', '0', '0', '0'),
('65', '7', '43', '0', '68', '66', '500166666', 'Test Item', '1', '850', '187', NULL, '0', '0', '', '', '', '', '', '', '', '0', '0', '0', '0', '0', '0', '0000-00-00', '0000-00-00', '0000-00-00', '0', '0', '0', '0', '0', '0', '145.16', '120955', '50806', '1', '508.06', '51314.06', '1', '513.1406', '51827.2006', '22', '11401.984132', '20', '10365.44012', '73594.624852', '73594.624852', '17', '12511.08622484', '86105.71107684', '6', '5166.3426646104', '3', '2207.83874556', '41652.69188701', '48358.95', '90011.64188701', '0', '', '350.00', NULL, '0', '0', '', '199', '198', '58333.333333333', '141838.84248701', '0', '0', '0'),
('66', '45', '20', '0', '70', '68', '1007', 'NATURE WATER ', '100', '150', '33', NULL, '0', '0', '', '', '', '', '', '', '', '0', '0', '0', '0', '0', '0', '0000-00-00', '0000-00-00', '0000-00-00', '0', '0', '0', '0', '0', '0', '0', '0', '0', '0', '0', '0', '0', '0', '0', '0', '0', '0', '0', '0', '0', '0', '0', '0', '0', '0', '0', '0', '0', '0', '0', '', '', '', NULL, '0', '0', 'ltr', '0', '0', '0', '0', '0', '0', '0'),
('67', '46', '20', '0', '66', '66', '', NULL, '1', '0', '0', NULL, '0', '0', '', '', '', '', '', '', '0', '0', '0', '0', '0', '0', '0', '0000-00-00', '0000-00-00', '0020-00-00', '0', '0', '0', '0', '0', '0', '0', '0', '0', '0', '0', '0', '0', '0', '0', '0', '0', '0', '0', '0', '0', '0', '0', '0', '0', '0', '0', '0', '0', '0', '0', '', '', '', NULL, '0', '0', '', '0', '0', '0', '0', '0', '0', '0'),
('68', '47', '20', '0', '67', '67', '', NULL, '1', '0', '0', NULL, '0', '0', '', '', '', '', '', '', '0', '0', '0', '0', '0', '0', '0', '0000-00-00', '0000-00-00', '0020-00-00', '0', '0', '0', '0', '0', '0', '0', '0', '0', '0', '0', '0', '0', '0', '0', '0', '0', '0', '0', '0', '0', '0', '0', '0', '0', '0', '0', '0', '0', '0', '0', '', '', '', NULL, '0', '0', '', '0', '0', '0', '0', '0', '0', '0'),
('69', '48', '20', '0', '68', '68', '', NULL, '1', '0', '0', NULL, '0', '0', '', '', '', '', '', '', '0', '0', '0', '0', '0', '0', '0', '0000-00-00', '0000-00-00', '0020-00-00', '0', '0', '0', '0', '0', '0', '0', '0', '0', '0', '0', '0', '0', '0', '0', '0', '0', '0', '0', '0', '0', '0', '0', '0', '0', '0', '0', '0', '0', '0', '0', '', '', '', NULL, '0', '0', '', '0', '0', '0', '0', '0', '0', '0'),
('70', '49', '20', '0', '69', '69', '', NULL, '1', '0', '0', NULL, '0', '0', '', '', '', '', '', '', '0', '0', '0', '0', '0', '0', '0', '0000-00-00', '0000-00-00', '0020-00-00', '0', '0', '0', '0', '0', '0', '0', '0', '0', '0', '0', '0', '0', '0', '0', '0', '0', '0', '0', '0', '0', '0', '0', '0', '0', '0', '0', '0', '0', '0', '0', '', '', '', NULL, '0', '0', '', '0', '0', '0', '0', '0', '0', '0'),
('71', '50', '20', '0', '70', '70', '', NULL, '1', '0', '0', NULL, '0', '0', '', '', '', '', '', '', '0', '0', '0', '0', '0', '0', '0', '0000-00-00', '0000-00-00', '0020-00-00', '0', '0', '0', '0', '0', '0', '0', '0', '0', '0', '0', '0', '0', '0', '0', '0', '0', '0', '0', '0', '0', '0', '0', '0', '0', '0', '0', '0', '0', '0', '0', '', '', '', NULL, '0', '0', '', '0', '0', '0', '0', '0', '0', '0'),
('72', '51', '20', '0', '71', '71', '', NULL, '1', '0', '0', NULL, '0', '0', '', '', '', '', '', '', '0', '0', '0', '0', '0', '0', '0', '0000-00-00', '0000-00-00', '0020-00-00', '0', '0', '0', '0', '0', '0', '0', '0', '0', '0', '0', '0', '0', '0', '0', '0', '0', '0', '0', '0', '0', '0', '0', '0', '0', '0', '0', '0', '0', '0', '0', '', '', '', NULL, '0', '0', '', '0', '0', '0', '0', '0', '0', '0'),
('73', '52', '20', '0', '72', '72', '', NULL, '1', '0', '0', NULL, '0', '0', '', '', '', '', '', '', '0', '0', '0', '0', '0', '0', '0', '0000-00-00', '0000-00-00', '0020-00-00', '0', '0', '0', '0', '0', '0', '0', '0', '0', '0', '0', '0', '0', '0', '0', '0', '0', '0', '0', '0', '0', '0', '0', '0', '0', '0', '0', '0', '0', '0', '0', '', '', '', NULL, '0', '0', '', '0', '0', '0', '0', '0', '0', '0'),
('74', '53', '20', '0', '73', '73', '', NULL, '1', '0', '0', NULL, '0', '0', '', '', '', '', '', '', '0', '0', '0', '0', '0', '0', '0', '0000-00-00', '0000-00-00', '0020-00-00', '0', '0', '0', '0', '0', '0', '0', '0', '0', '0', '0', '0', '0', '0', '0', '0', '0', '0', '0', '0', '0', '0', '0', '0', '0', '0', '0', '0', '0', '0', '0', '', '', '', NULL, '0', '0', '', '0', '0', '0', '0', '0', '0', '0'),
('75', '54', '20', '0', '74', '74', '', NULL, '1', '0', '0', NULL, '0', '0', '', '', '', '', '', '', '0', '0', '0', '0', '0', '0', '0', '0000-00-00', '0000-00-00', '0020-00-00', '0', '0', '0', '0', '0', '0', '0', '0', '0', '0', '0', '0', '0', '0', '0', '0', '0', '0', '0', '0', '0', '0', '0', '0', '0', '0', '0', '0', '0', '0', '0', '', '', '', NULL, '0', '0', '', '0', '0', '0', '0', '0', '0', '0'),
('76', '55', '20', '0', '75', '75', '', NULL, '1', '0', '0', NULL, '0', '0', '', '', '', '', '', '', '0', '0', '0', '0', '0', '0', '0', '0000-00-00', '0000-00-00', '0020-00-00', '0', '0', '0', '0', '0', '0', '0', '0', '0', '0', '0', '0', '0', '0', '0', '0', '0', '0', '0', '0', '0', '0', '0', '0', '0', '0', '0', '0', '0', '0', '0', '', '', '', NULL, '0', '0', '', '0', '0', '0', '0', '0', '0', '0'),
('77', '56', '20', '0', '76', '76', '', NULL, '1', '0', '0', NULL, '0', '0', '', '', '', '', '', '', '0', '0', '0', '0', '0', '0', '0', '0000-00-00', '0000-00-00', '0020-00-00', '0', '0', '0', '0', '0', '0', '0', '0', '0', '0', '0', '0', '0', '0', '0', '0', '0', '0', '0', '0', '0', '0', '0', '0', '0', '0', '0', '0', '0', '0', '0', '', '', '', NULL, '0', '0', '', '0', '0', '0', '0', '0', '0', '0'),
('78', '57', '20', '0', '77', '77', '', NULL, '1', '0', '0', NULL, '0', '0', '', '', '', '', '', '', '0', '0', '0', '0', '0', '0', '0', '0000-00-00', '0000-00-00', '0020-00-00', '0', '0', '0', '0', '0', '0', '0', '0', '0', '0', '0', '0', '0', '0', '0', '0', '0', '0', '0', '0', '0', '0', '0', '0', '0', '0', '0', '0', '0', '0', '0', '', '', '', NULL, '0', '0', '', '0', '0', '0', '0', '0', '0', '0'),
('79', '58', '20', '0', '78', '78', '', NULL, '1', '0', '0', NULL, '0', '0', '', '', '', '', '', '', '0', '0', '0', '0', '0', '0', '0', '0000-00-00', '0000-00-00', '0020-00-00', '0', '0', '0', '0', '0', '0', '0', '0', '0', '0', '0', '0', '0', '0', '0', '0', '0', '0', '0', '0', '0', '0', '0', '0', '0', '0', '0', '0', '0', '0', '0', '', '', '', NULL, '0', '0', '', '0', '0', '0', '0', '0', '0', '0'),
('80', '59', '20', '0', '79', '79', '', NULL, '1', '0', '0', NULL, '0', '0', '', '', '', '', '', '', '0', '0', '0', '0', '0', '0', '0', '0000-00-00', '0000-00-00', '0020-00-00', '0', '0', '0', '0', '0', '0', '0', '0', '0', '0', '0', '0', '0', '0', '0', '0', '0', '0', '0', '0', '0', '0', '0', '0', '0', '0', '0', '0', '0', '0', '0', '', '', '', NULL, '0', '0', '', '0', '0', '0', '0', '0', '0', '0'),
('81', '60', '20', '0', '80', '80', '', NULL, '1', '0', '0', NULL, '0', '0', '', '', '', '', '', '', '0', '0', '0', '0', '0', '0', '0', '0000-00-00', '0000-00-00', '0020-00-00', '0', '0', '0', '0', '0', '0', '0', '0', '0', '0', '0', '0', '0', '0', '0', '0', '0', '0', '0', '0', '0', '0', '0', '0', '0', '0', '0', '0', '0', '0', '0', '', '', '', NULL, '0', '0', '', '0', '0', '0', '0', '0', '0', '0'),
('82', '61', '20', '0', '64', '17', '1008', 'NESCAFEE COFEE ', '9', '350', '77', NULL, '0', '0', '', '', '', '', '', '', '', '0', '0', '0', '0', '0', '0', '0000-00-00', '0000-00-00', '0000-00-00', '0', '0', '0', '0', '0', '0', '0', '0', '0', '0', '0', '0', '0', '0', '0', '0', '0', '0', '0', '0', '0', '0', '0', '0', '0', '0', '0', '0', '0', '0', '0', '', '', '', NULL, '0', '0', 'boxes', '0', '0', '0', '0', '0', '0', '0'),
('83', '61', '20', '0', '65', '18', '1006', 'panadol ', '3', '300', '66', NULL, '0', '0', '', '', '', '', '', '', '', '0', '0', '0', '0', '0', '0', '0000-00-00', '0000-00-00', '0000-00-00', '0', '0', '0', '0', '0', '0', '0', '0', '0', '0', '0', '0', '0', '0', '0', '0', '0', '0', '0', '0', '0', '0', '0', '0', '0', '0', '0', '0', '0', '0', '0', '', '', '', NULL, '0', '0', 'boxes', '0', '0', '0', '0', '0', '0', '0'),
('84', '62', '20', '0', '87', '87', '1006', 'panadol ', '10', '500', '110.05', NULL, '0', '0', '', '', '', '', '', '', '', '0', '0', '0', '0', '0', '0', '0000-00-00', '0000-00-00', '0000-00-00', '0', '0', '0', '0', '0', '0', '0', '0', '0', '0', '0', '0', '0', '0', '0', '0', '0', '0', '0', '0', '0', '0', '0', '0', '0', '0', '0', '0', '0', '0', '0', '', '', '', NULL, '0', '0', 'boxes', '0', '0', '0', '0', '0.01', '0', '0'),
('85', '1', '21', '0', '87', '87', '1006', 'panadol ', '-1', '500', '110', NULL, '0', '0', '', '', '', '', '', '', '', '0', '0', '0', '0', '0', '0', '0000-00-00', '0000-00-00', '0000-00-00', '0', '0', '0', '0', '0', '0', '0', '0', '0', '0', '0', '0', '0', '0', '0', '0', '0', '0', '0', '0', '0', '0', '0', '0', '0', '0', '0', '0', '0', '0', '0', '', '', '', NULL, '0', '0', 'boxes', '0', '0', '0', '0', '0', '0', '0'),
('86', '8', '43', '0', '88', '88', '1002', 'Sugar Free (Vanilla) (Double Scoop)', '500', '50000', '11000', NULL, '0', '0', '', '', '', '', '', '', '', '0', '0', '0', '0', '0', '0', '0000-00-00', '0000-00-00', '0000-00-00', '0', '0', '0', '0', '0', '0', '131', '3275000000', '3275000000', '1', '32750000', '3307750000', '1', '33077500', '3340827500', '22', '734982050', '20', '668165500', '4743975050', '4743975050', '17', '806475758.5', '5550450808.5', '6', '333027048.51', '3', '142319251.5', '2684969608.51', '0', '2684969608.51', '0', '', '50,000.00', NULL, '0', '0', '', '750', '250', '4366867.6068217', '6025797108.51', '0', '107.3987843404', '0'),
('87', '9', '43', '0', '90', '90', '1002', 'Sugar Free (Vanilla) (Double Scoop)', '10', '850', '187', NULL, '0', '0', '', '', '', '', '', '', '', '0', '0', '0', '0', '0', '0', '0000-00-00', '0000-00-00', '0000-00-00', '0', '0', '0', '0', '0', '0', '144', '1045500', '1224000', '1', '12240', '1236240', '1', '12362.4', '1248602.4', '22', '274692.528', '20', '249720.48', '1773015.408', '1773015.408', '17', '301412.61936', '2074428.02736', '6', '124465.6816416', '3', '53190.46224', '903618.4896', '800', '1028094.1712416', '0', '', '850.00', NULL, '0', '0', '', '721', '711', '7936246.7558272', '2252884.1712416', '0', '123', '1028884.1712416'),
('88', '10', '43', '0', '89', '89', '1005', 'RIBBON FISH ', '1', '2500', '550', NULL, '0', '0', '', '', '', '', '', '', '', '0', '0', '0', '0', '0', '0', '0000-00-00', '0000-00-00', '0000-00-00', '0', '0', '0', '0', '0', '0', '1', '2500', '2500', '1', '25', '2525', '1', '25.25', '2550.25', '22', '561.055', '20', '510.05', '3621.355', '3621.355', '17', '615.63035', '4236.98535', '6', '254.219121', '3', '108.64065', '1845.626', '0', '2100.845121', '0', '', '2,500.00', NULL, '0', '0', '', '65', '64', '466.76923076923', '4599.845121', '0', '1', '2099.845121'),
('89', '11', '43', '0', '61', '61', '1002', 'Sugar Free (Vanilla) (Double Scoop)', '29', '1000', '220', NULL, '0', '0', '', '', '', '', '', '', '', '0', '0', '0', '0', '0', '0', '0000-00-00', '0000-00-00', '0000-00-00', '0', '0', '0', '0', '0', '0', '1', '29000', '29000', '1', '290', '29290', '1', '292.9', '29582.9', '22', '6508.238', '20', '5916.58', '42007.718', '42007.718', '17', '7141.31206', '49149.03006', '6', '2948.9418036', '3', '1260.23154', '21409.2616', '0', '24387.2034036', '0', '', '1,000.00', NULL, '0', '0', '', '721', '692', '7936246.7558272', '53358.2034036', '0', '1', '24358.2034036'),
('90', '12', '43', '0', '93', '94', '3011', 'AIR MOUSE C120 FOR ANDROID AND SMART TV', '200', '350', '77', NULL, '0', '0', '', '', '', '', '', '', '', '0', '0', '0', '0', '0', '0', '0000-00-00', '0000-00-00', '0000-00-00', '0', '0', '0', '0', '0', '0', '1', '70000', '70000', '1', '700', '70700', '1', '707', '71407', '22', '15709.54', '20', '14281.4', '101397.94', '101397.94', '17', '17237.6498', '118635.5898', '6', '7118.135388', '3', '3041.9382', '51677.528', '0', '58995.663388', '0', '', '350.00', NULL, '0', '0', '', '200', '0', '350', '367987.60968', '0', '1', '58795.663388'),
('91', '12', '43', '0', '94', '95', '3012', 'RS 232 ZTEK CABLE', '150', '200', '44', NULL, '0', '0', '', '', '', '', '', '', '', '0', '0', '0', '0', '0', '0', '0000-00-00', '0000-00-00', '0000-00-00', '0', '0', '0', '0', '0', '0', '1', '30000', '30000', '1', '300', '30300', '1', '303', '30603', '22', '6732.66', '20', '6120.6', '43456.26', '43456.26', '17', '7387.5642', '50843.8242', '6', '3050.629452', '3', '1303.6878', '22147.512', '0', '25348.141452', '0', '', '200.00', NULL, '0', '0', '', '150', '0', '200', '367987.60968', '0', '1', '25198.141452'),
('92', '12', '43', '0', '95', '96', '3013', 'CAR DVR MIRROR DUAL CAMERA FRONT/BACK 1080P', '100', '2500', '550', NULL, '0', '0', '', '', '', '', '', '', '', '0', '0', '0', '0', '0', '0', '0000-00-00', '0000-00-00', '0000-00-00', '0', '0', '0', '0', '0', '0', '1', '250000', '250000', '1', '2500', '252500', '1', '2525', '255025', '22', '56105.5', '20', '51005', '362135.5', '362135.5', '17', '61563.035', '423698.535', '6', '25421.9121', '3', '10864.065', '184562.6', '0', '210084.5121', '0', '', '2,500.00', NULL, '0', '0', '', '100', '0', '2500', '367987.60968', '0', '1', '209984.5121'),
('93', '12', '43', '0', '96', '97', '3014', 'CASH DRAWER', '50', '4000', '880', NULL, '0', '0', '', '', '', '', '', '', '', '0', '0', '0', '0', '0', '0', '0000-00-00', '0000-00-00', '0000-00-00', '0', '0', '0', '0', '0', '0', '1', '200000', '200000', '1', '2000', '202000', '1', '2020', '204020', '22', '44884.4', '20', '40804', '289708.4', '289708.4', '17', '49250.428', '338958.828', '6', '20337.52968', '3', '8691.252', '147650.08', '0', '168037.60968', '0', '', '4,000.00', NULL, '0', '0', '', '50', '0', '4000', '367987.60968', '0', '1', '167987.60968'),
('94', '13', '43', '0', '97', '99', '3011', 'AIR MOUSE C120 FOR ANDROID AND SMART TV', '25', '350', '77', NULL, '0', '0', '', '', '', '', '', '', '', '0', '0', '0', '0', '0', '0', '0000-00-00', '0000-00-00', '0000-00-00', '0', '0', '0', '0', '0', '0', '1', '8750', '8750', '0', '0', '8750', '0', '0', '8750', '0', '0', '0', '0', '8750', '8750', '0', '0', '8750', '0', '0', '3', '262.5', '262.5', '0', '287.5', '0', '', '350.00', NULL, '0', '0', '', '100', '75', '643.97831694', '9012.5', '0', '1', '262.5'),
('95', '63', '20', '501001', '-1', '0', '', NULL, '0', '5000', '0', NULL, '0', '0', '0', '', '', '', '0', '0', '0', '0', '0', '0', '0', '0', '0', '0000-00-00', '0000-00-00', '0000-00-00', '0', '0', '0', '0', '0', '0', '0', '0', '0', '0', '0', '0', '0', '0', '0', '0', '0', '0', '0', '0', '0', '0', '0', '0', '0', '0', '0', '0', '0', '0', '0', '', '', '', NULL, '0', '0', '', '0', '0', '0', '0', '0', '0', '0'),
('96', '63', '20', '0', '99', '102', '3011', 'AIR MOUSE C120 FOR ANDROID AND SMART TV', '20', '400', '88', NULL, '0', '0', '', '', '', '', '', '', '', '0', '0', '0', '0', '0', '0', '0000-00-00', '0000-00-00', '0000-00-00', '0', '0', '0', '0', '0', '0', '0', '0', '0', '0', '0', '0', '0', '0', '0', '0', '0', '0', '0', '0', '0', '0', '0', '0', '0', '0', '0', '0', '0', '0', '0', '', '', '', NULL, '0', '0', 'boxes', '0', '0', '0', '0', '0', '0', '0'),
('97', '64', '20', '501001', '-1', '0', '', NULL, '0', '1000', '0', NULL, '0', '0', '0', '', '', '', '0', '0', '0', '0', '0', '0', '0', '0', '0', '0000-00-00', '0000-00-00', '0000-00-00', '0', '0', '0', '0', '0', '0', '0', '0', '0', '0', '0', '0', '0', '0', '0', '0', '0', '0', '0', '0', '0', '0', '0', '0', '0', '0', '0', '0', '0', '0', '0', '', '', '', NULL, '0', '0', '', '0', '0', '0', '0', '0', '0', '0'),
('98', '64', '20', '0', '100', '103', '3015', 'NIA Q5 BLUETOOTH WIRELESS HEADPHONE BLACK', '10', '1200', '264', NULL, '0', '0', '', '', '', '', '', '', '', '0', '0', '0', '0', '0', '0', '0000-00-00', '0000-00-00', '0000-00-00', '0', '0', '0', '0', '0', '0', '0', '0', '0', '0', '0', '0', '0', '0', '0', '0', '0', '0', '0', '0', '0', '0', '0', '0', '0', '0', '0', '0', '0', '0', '0', '', '', '', NULL, '0', '0', 'boxes', '0', '0', '0', '0', '0', '0', '0'),
('99', '65', '20', '102005', '-1', '0', '', NULL, '0', '5000', '0', NULL, '0', '0', '0', '', '', '', '0', '0', '0', '0', '0', '0', '0', '0', '0', '0000-00-00', '0000-00-00', '0000-00-00', '0', '0', '0', '0', '0', '0', '0', '0', '0', '0', '0', '0', '0', '0', '0', '0', '0', '0', '0', '0', '0', '0', '0', '0', '0', '0', '0', '0', '0', '0', '0', '', '', '', NULL, '0', '0', '', '0', '0', '0', '0', '0', '0', '0'),
('100', '65', '20', '0', '101', '104', '3017', 'REMAX TABLET IPAD HOLDER C16', '25', '800', '176', NULL, '0', '0', '', '', '', '', '', '', '', '0', '0', '0', '0', '0', '0', '0000-00-00', '0000-00-00', '0000-00-00', '0', '0', '0', '0', '0', '0', '0', '0', '0', '0', '0', '0', '0', '0', '0', '0', '0', '0', '0', '0', '0', '0', '0', '0', '0', '0', '0', '0', '0', '0', '0', '', '', '', NULL, '0', '0', 'boxes', '0', '0', '0', '0', '0', '0', '0'),
('101', '66', '20', '102001', '-1', '0', '', NULL, '0', '4000', '0', NULL, '0', '0', '0', '', '', '', '0', '0', '0', '0', '0', '0', '0', '0', '0', '0000-00-00', '0000-00-00', '0000-00-00', '0', '0', '0', '0', '0', '0', '0', '0', '0', '0', '0', '0', '0', '0', '0', '0', '0', '0', '0', '0', '0', '0', '0', '0', '0', '0', '0', '0', '0', '0', '0', '', '', '', NULL, '0', '0', '', '0', '0', '0', '0', '0', '0', '0'),
('102', '66', '20', '0', '102', '105', '3017', 'REMAX TABLET IPAD HOLDER C16', '20', '800', '176', NULL, '0', '0', '', '', '', '', '', '', '', '0', '0', '0', '0', '0', '0', '0000-00-00', '0000-00-00', '0000-00-00', '0', '0', '0', '0', '0', '0', '0', '0', '0', '0', '0', '0', '0', '0', '0', '0', '0', '0', '0', '0', '0', '0', '0', '0', '0', '0', '0', '0', '0', '0', '0', '', '', '', NULL, '0', '0', 'boxes', '0', '0', '0', '0', '0', '0', '0'),
('103', '67', '20', '102005', '-1', '0', '', NULL, '0', '1000', '0', NULL, '0', '0', '0', '', '', '', '0', '0', '0', '0', '0', '0', '0', '0', '0', '0000-00-00', '0000-00-00', '0000-00-00', '0', '0', '0', '0', '0', '0', '0', '0', '0', '0', '0', '0', '0', '0', '0', '0', '0', '0', '0', '0', '0', '0', '0', '0', '0', '0', '0', '0', '0', '0', '0', '', '', '', NULL, '0', '0', '', '0', '0', '0', '0', '0', '0', '0'),
('104', '67', '20', '0', '103', '106', '3016', 'NIA X2 BLUETOOTH WIRELESS HEADPHONE BLACK', '10', '900', '198', NULL, '0', '0', '', '', '', '', '', '', '', '0', '0', '0', '0', '0', '0', '0000-00-00', '0000-00-00', '0000-00-00', '0', '0', '0', '0', '0', '0', '0', '0', '0', '0', '0', '0', '0', '0', '0', '0', '0', '0', '0', '0', '0', '0', '0', '0', '0', '0', '0', '0', '0', '0', '0', '', '', '', NULL, '0', '0', 'boxes', '0', '0', '0', '0', '0', '0', '0');

### Structure of table `0_supp_trans` ###

DROP TABLE IF EXISTS `0_supp_trans`;

CREATE TABLE `0_supp_trans` (
  `trans_no` int(11) unsigned NOT NULL DEFAULT '0',
  `type` smallint(6) unsigned NOT NULL DEFAULT '0',
  `supplier_id` int(11) unsigned NOT NULL DEFAULT '0',
  `reference` tinytext COLLATE utf8_unicode_ci NOT NULL,
  `supp_reference` varchar(60) COLLATE utf8_unicode_ci NOT NULL DEFAULT '',
  `tran_date` date NOT NULL DEFAULT '0000-00-00',
  `due_date` date NOT NULL DEFAULT '0000-00-00',
  `ov_amount` double NOT NULL DEFAULT '0',
  `ov_discount` double NOT NULL DEFAULT '0',
  `ov_gst` double NOT NULL DEFAULT '0',
  `gst_wh` double NOT NULL,
  `rate` double NOT NULL DEFAULT '1',
  `alloc` double NOT NULL DEFAULT '0',
  `tax_included` tinyint(1) NOT NULL DEFAULT '0',
  `supply_disc` int(11) NOT NULL,
  `service_disc` int(11) NOT NULL,
  `fbr_disc` int(11) NOT NULL,
  `srb_disc` int(11) NOT NULL,
  `write_back` int(11) NOT NULL,
  `supply_tax_id` int(11) NOT NULL,
  `service_tax_id` int(11) NOT NULL,
  `fbr_tax_id` int(11) NOT NULL,
  `srb_tax_id` int(11) NOT NULL,
  `cheque` int(11) NOT NULL,
  `gross_rate` varchar(55) COLLATE utf8_unicode_ci NOT NULL,
  `total_` varchar(55) COLLATE utf8_unicode_ci NOT NULL,
  `cheque_date` date DEFAULT NULL,
  `text_1` varchar(50) COLLATE utf8_unicode_ci DEFAULT NULL,
  `text_2` varchar(50) COLLATE utf8_unicode_ci DEFAULT NULL,
  `text_3` varchar(50) COLLATE utf8_unicode_ci DEFAULT NULL,
  `text_4` varchar(50) COLLATE utf8_unicode_ci NOT NULL,
  `text_5` varchar(50) COLLATE utf8_unicode_ci NOT NULL,
  `opening` tinyint(1) DEFAULT NULL,
  `dimension_id` int(11) NOT NULL,
  `dimension2_id` int(11) NOT NULL,
  `import_gl` int(11) NOT NULL,
  PRIMARY KEY (`trans_no`,`type`,`supplier_id`),
  KEY `supplier_id` (`supplier_id`),
  KEY `tran_date` (`tran_date`)
) ENGINE=InnoDB DEFAULT CHARSET=utf8 COLLATE=utf8_unicode_ci ;

### Data of table `0_supp_trans` ###

INSERT INTO `0_supp_trans` VALUES
('1', '20', '5', 'PI001/10/2018', '1', '2018-10-22', '2019-01-20', '1000', '0', '170', '0', '1', '1170', '0', '0', '0', '0', '0', '0', '0', '0', '0', '0', '0', '', '', '0000-00-00', NULL, NULL, NULL, '', '', NULL, '0', '0', '0'),
('1', '21', '13', 'SCN001/11/2018', 'numan', '2018-11-09', '2018-11-09', '-500', '0', '-85', '0', '1', '585', '0', '0', '0', '0', '0', '0', '0', '0', '0', '0', '0', '', '', '0000-00-00', NULL, NULL, NULL, '', '', NULL, '0', '0', '0'),
('1', '22', '5', 'SP001/10/2018', '', '2018-10-22', '2018-10-22', '-10000', '0', '0', '0', '1', '0', '0', '0', '0', '0', '0', '0', '0', '0', '0', '0', '0', '', '', '2018-10-22', NULL, NULL, NULL, '', '', NULL, '0', '0', '0'),
('1', '43', '5', '001/0020', '', '2018-10-22', '2018-10-22', '200000', '0', '0', '0', '1', '0', '0', '0', '0', '0', '0', '0', '0', '0', '0', '0', '0', '0', '0', NULL, NULL, NULL, NULL, '', '', NULL, '0', '0', '102005'),
('2', '1', '5', 'BPV002/10/2018', '', '2018-10-27', '0000-00-00', '-1333', '0', '0', '0', '1', '0', '0', '0', '0', '0', '0', '0', '0', '0', '0', '0', '0', '', '', '2018-11-30', NULL, NULL, NULL, '', '', NULL, '0', '0', '0'),
('2', '20', '5', 'PI002/10/2018', '2', '2018-10-22', '2019-01-20', '1000', '0', '170', '0', '1', '1170', '0', '0', '0', '0', '0', '0', '0', '0', '0', '0', '0', '', '', '0000-00-00', NULL, NULL, NULL, '', '', NULL, '0', '0', '0'),
('2', '22', '3', 'SP002/10/2018', '', '2018-10-22', '2018-10-22', '-10000', '0', '0', '0', '1', '10000', '0', '0', '0', '0', '0', '0', '0', '0', '0', '0', '0', '', '', '2018-10-22', NULL, NULL, NULL, '', '', NULL, '0', '0', '0'),
('2', '43', '9', '002/0020', '', '2018-10-23', '2018-10-23', '100000', '0', '0', '0', '120', '0', '0', '0', '0', '0', '0', '0', '0', '0', '0', '0', '0', '0', '0', NULL, NULL, NULL, NULL, '', '', NULL, '0', '0', '101004'),
('3', '20', '2', 'PI003/10/2018', 'PI003/10/2018', '2018-10-22', '2018-10-22', '197500', '0', '33575', '0', '1', '0', '0', '0', '0', '0', '0', '0', '0', '0', '0', '0', '0', '', '', '0000-00-00', NULL, NULL, NULL, '', '', NULL, '0', '0', '0'),
('3', '22', '5', 'SP003/10/2018', '', '2018-10-22', '2018-10-22', '-10000', '0', '0', '0', '1', '0', '0', '0', '0', '0', '0', '0', '0', '0', '0', '0', '0', '', '', '2018-10-22', NULL, NULL, NULL, '', '', NULL, '0', '0', '0'),
('3', '43', '9', '003/0020', '', '2018-10-23', '2018-10-23', '200', '0', '0', '0', '120', '0', '0', '0', '0', '0', '0', '0', '0', '0', '0', '0', '0', '0', '0', NULL, NULL, NULL, NULL, '', '', NULL, '0', '0', '101005'),
('4', '0', '8', 'JV004/10/2018', '', '2018-10-23', '0000-00-00', '-1000', '0', '0', '0', '1', '1000', '0', '0', '0', '0', '0', '0', '0', '0', '0', '0', '0', '', '', NULL, NULL, NULL, NULL, '', '', NULL, '0', '0', '0'),
('4', '20', '2', 'PI003/10/2018 12', 'PI003/10/2018 12', '2018-10-22', '2018-10-22', '50100', '0', '0', '0', '1', '0', '0', '0', '0', '0', '0', '0', '0', '0', '0', '0', '0', '', '', '0000-00-00', NULL, NULL, NULL, '', '', NULL, '0', '0', '0'),
('4', '22', '5', 'SP004/10/2018', '', '2018-10-22', '2018-10-22', '-50000', '0', '0', '0', '1', '2340', '0', '0', '0', '0', '0', '0', '0', '0', '0', '0', '0', '', '', '2018-10-22', NULL, NULL, NULL, '', '', NULL, '0', '0', '0'),
('4', '43', '9', '004/0020', '', '2018-10-24', '2018-10-24', '200', '0', '0', '0', '120', '0', '0', '0', '0', '0', '0', '0', '0', '0', '0', '0', '0', '0', '0', NULL, NULL, NULL, NULL, '', '', NULL, '0', '0', '101004'),
('5', '0', '7', 'JV005/10/2018', '', '2018-10-23', '0000-00-00', '-1000', '0', '0', '0', '1', '0', '0', '0', '0', '0', '0', '0', '0', '0', '0', '0', '0', '', '', NULL, NULL, NULL, NULL, '', '', NULL, '0', '0', '0'),
('5', '20', '6', 'PI004/10/2018', 'PI004/10/2018', '2018-10-22', '2018-10-22', '5200000', '0', '884000', '0', '1', '0', '0', '0', '0', '0', '0', '0', '0', '0', '0', '0', '0', '', '', '0000-00-00', NULL, NULL, NULL, '', '', NULL, '0', '0', '0'),
('5', '22', '5', 'SP005/10/2018', '', '2018-10-22', '2018-10-22', '-12000', '0', '0', '0', '1', '0', '0', '0', '0', '0', '0', '0', '0', '0', '0', '0', '0', '', '', '2018-10-22', NULL, NULL, NULL, '', '', NULL, '0', '0', '0'),
('5', '43', '9', '005/0020', '', '2018-10-29', '2018-10-29', '850', '0', '0', '0', '120', '0', '0', '0', '0', '0', '0', '0', '0', '0', '0', '0', '0', '0', '0', NULL, NULL, NULL, NULL, '', '', NULL, '0', '0', '101001'),
('6', '20', '3', 'PI005/10/2018', 'PI005/10/2018', '2018-10-22', '2018-10-22', '18000000', '0', '3060000', '0', '1', '1010000', '0', '0', '0', '0', '0', '0', '0', '0', '0', '0', '0', '', '', '0000-00-00', NULL, NULL, NULL, '', '', NULL, '0', '0', '0'),
('6', '22', '3', 'SP006/10/2018', '', '2018-10-22', '2018-10-22', '-15000', '0', '0', '0', '1', '0', '0', '0', '0', '0', '0', '0', '0', '0', '0', '0', '0', '', '', '2018-10-22', NULL, NULL, NULL, '', '', NULL, '0', '0', '0'),
('6', '41', '13', 'CPV002/11/2018', '', '2018-11-14', '0000-00-00', '-43500', '0', '0', '0', '1', '0', '0', '0', '0', '0', '0', '0', '0', '0', '0', '0', '0', '', '', '0020-00-00', NULL, NULL, NULL, '', '', NULL, '0', '0', '0'),
('6', '43', '5', '006/0020', '', '2018-11-06', '2018-11-06', '850', '0', '0', '0', '1', '0', '0', '0', '0', '0', '0', '0', '0', '0', '0', '0', '0', '0', '0', NULL, NULL, NULL, NULL, '', '', NULL, '0', '0', '101002'),
('7', '20', '7', 'PI006/10/2018', '2018', '2018-10-22', '2018-10-22', '30000', '0', '5100', '0', '1', '0', '0', '0', '0', '0', '0', '0', '0', '0', '0', '0', '0', '', '', '0000-00-00', NULL, NULL, NULL, '', '', NULL, '0', '0', '0'),
('7', '22', '7', 'SP007/10/2018', '', '2018-10-22', '2018-10-22', '-20000', '0', '0', '0', '1', '0', '0', '0', '0', '0', '0', '0', '0', '0', '0', '0', '0', '', '', '2018-10-22', NULL, NULL, NULL, '', '', NULL, '0', '0', '0'),
('7', '43', '9', '007/0020', '', '2018-11-07', '2018-11-07', '850', '0', '0', '0', '131', '0', '0', '0', '0', '0', '0', '0', '0', '0', '0', '0', '0', '0', '0', NULL, NULL, NULL, NULL, '', '', NULL, '0', '0', '101001'),
('8', '1', '5', 'BPV008/10/2018', '', '2018-10-30', '0000-00-00', '-10000', '0', '0', '0', '1', '0', '0', '0', '0', '0', '0', '0', '0', '0', '0', '0', '0', '', '', '2018-10-30', NULL, NULL, NULL, '', '', NULL, '0', '0', '0'),
('8', '20', '8', 'PI007/10/2018', '2108', '2018-10-22', '2018-10-22', '100000', '0', '17000', '0', '1', '1000', '0', '0', '0', '0', '0', '0', '0', '0', '0', '0', '0', '', '', '0000-00-00', NULL, NULL, NULL, '', '', NULL, '0', '0', '0'),
('8', '22', '8', 'SP008/10/2018', '', '2018-10-22', '2018-10-22', '-10000', '0', '0', '0', '1', '0', '0', '0', '0', '0', '0', '0', '0', '0', '0', '0', '0', '', '', '2018-10-22', NULL, NULL, NULL, '', '', NULL, '0', '0', '0'),
('8', '43', '9', '008/0020', '', '2018-11-09', '2018-11-09', '25000000', '0', '0', '0', '131', '0', '0', '0', '0', '0', '0', '0', '0', '0', '0', '0', '0', '0', '0', NULL, NULL, NULL, NULL, '', '', NULL, '0', '0', '101013'),
('9', '0', '1', 'JV007/10/2018', '', '2018-10-25', '0000-00-00', '-500', '0', '0', '0', '1', '500', '0', '0', '0', '0', '0', '0', '0', '0', '0', '0', '0', '', '', NULL, NULL, NULL, NULL, '', '', NULL, '0', '0', '0'),
('9', '20', '5', 'PI008/10/2018', '35', '2018-10-23', '2019-01-21', '1000', '0', '170', '0', '1', '1170', '0', '0', '0', '0', '0', '0', '0', '0', '0', '0', '0', '', '', '0000-00-00', NULL, NULL, NULL, '', '', NULL, '0', '0', '0'),
('9', '22', '5', 'SP009/10/2018', '', '2018-10-23', '2018-10-23', '-1170', '0', '0', '0', '1', '1170', '0', '0', '0', '0', '0', '0', '0', '0', '0', '0', '0', '', '', '2018-10-23', NULL, NULL, NULL, '', '', NULL, '0', '0', '0'),
('9', '43', '5', '009/0020', '', '2018-11-16', '2018-11-16', '8500', '0', '0', '0', '1', '0', '0', '0', '0', '0', '0', '0', '0', '0', '0', '0', '0', '0', '0', NULL, NULL, NULL, NULL, '', '', NULL, '0', '0', '101002'),
('10', '20', '8', 'PI009/10/2018', 'PI009/10/2018', '2018-10-24', '2018-10-24', '92000', '0', '15640', '0', '1', '0', '0', '0', '0', '0', '0', '0', '0', '0', '0', '0', '0', '', '', '0000-00-00', NULL, NULL, NULL, '', '', NULL, '0', '0', '0'),
('10', '22', '8', 'SP010/10/2018', '', '2018-10-24', '2018-10-24', '-25000', '0', '0', '0', '1', '0', '0', '0', '0', '0', '0', '0', '0', '0', '0', '0', '0', '', '', '2018-10-24', NULL, NULL, NULL, '', '', NULL, '0', '0', '0'),
('10', '43', '6', '010/0020', '', '2018-11-17', '2018-11-17', '2500', '0', '0', '0', '1', '0', '0', '0', '0', '0', '0', '0', '0', '0', '0', '0', '0', '0', '0', NULL, NULL, NULL, NULL, '', '', NULL, '0', '0', '503005'),
('11', '0', '1', 'JV009/10/2018', '', '2018-10-31', '0000-00-00', '500', '0', '0', '0', '1', '500', '0', '0', '0', '0', '0', '0', '0', '0', '0', '0', '0', '', '', NULL, NULL, NULL, NULL, '', '', NULL, '0', '0', '0'),
('11', '20', '5', 'PI010/10/2018', '2546', '2018-10-24', '2019-01-22', '0', '0', '0', '0', '1', '0', '0', '0', '0', '0', '0', '0', '0', '0', '0', '0', '0', '', '', '0000-00-00', NULL, NULL, NULL, '', '', NULL, '0', '0', '0'),
('11', '22', '8', 'SP011/10/2018', '', '2018-10-24', '2018-10-24', '-350000', '0', '0', '0', '1', '0', '0', '0', '0', '0', '0', '0', '0', '0', '0', '0', '0', '', '', '2018-10-24', NULL, NULL, NULL, '', '', NULL, '0', '0', '0'),
('11', '43', '5', '011/0020', '', '2018-11-17', '2018-11-17', '29000', '0', '0', '0', '1', '0', '0', '0', '0', '0', '0', '0', '0', '0', '0', '0', '0', '0', '0', NULL, NULL, NULL, NULL, '', '', NULL, '0', '0', '501004'),
('12', '20', '5', 'PI011/10/2018', '663', '2018-10-24', '2019-01-22', '1000', '0', '0', '0', '1', '1000', '0', '0', '0', '0', '0', '0', '0', '0', '0', '0', '0', '', '', '0000-00-00', NULL, NULL, NULL, '', '', NULL, '0', '0', '0'),
('12', '22', '5', 'SP012/10/2018', '', '2018-10-29', '2018-10-29', '-2340000', '0', '0', '0', '1', '2340000', '0', '0', '0', '0', '0', '0', '0', '0', '0', '0', '0', '', '', '2018-10-29', NULL, NULL, NULL, '', '', NULL, '0', '0', '0'),
('12', '43', '18', '012/0020', '', '2018-11-20', '2018-11-20', '550000', '0', '0', '0', '1', '0', '0', '0', '0', '0', '0', '0', '0', '0', '0', '0', '0', '0', '0', NULL, NULL, NULL, NULL, '', '', NULL, '0', '0', '201001'),
('13', '1', '4', 'BPV001/11/2018', '', '2018-11-01', '0000-00-00', '-700000', '0', '0', '0', '1', '0', '0', '0', '0', '0', '0', '0', '0', '0', '0', '0', '1895331', '', '', '2018-11-01', NULL, NULL, NULL, '', '', NULL, '0', '0', '0'),
('13', '20', '8', 'PI012/10/2018', 'PI012/10/2018', '2018-10-24', '2018-10-24', '1844000', '0', '313480', '0', '1', '0', '0', '0', '0', '0', '0', '0', '0', '0', '0', '0', '0', '', '', '0000-00-00', NULL, NULL, NULL, '', '', NULL, '0', '0', '0'),
('13', '22', '11', 'SP013/10/2018', '', '2018-10-30', '2018-10-30', '-2550', '0', '0', '0', '1', '2550', '0', '0', '0', '0', '0', '0', '0', '0', '0', '0', '0', '', '', '2018-10-30', NULL, NULL, NULL, '', '', NULL, '0', '0', '0'),
('13', '43', '18', '013/0020', '', '2018-11-20', '2018-11-20', '8750', '0', '0', '0', '1', '0', '0', '0', '0', '0', '0', '0', '0', '0', '0', '0', '0', '0', '0', NULL, NULL, NULL, NULL, '', '', NULL, '0', '0', '101002'),
('14', '20', '6', 'PI013/10/2018', 'PI013/10/2018', '2018-10-24', '2019-01-22', '38000', '0', '6460', '0', '1', '0', '0', '0', '0', '0', '0', '0', '0', '0', '0', '0', '0', '', '', '0000-00-00', NULL, NULL, NULL, '', '', NULL, '0', '0', '0'),
('14', '22', '5', 'SP014/10/2018', '', '2018-10-31', '2018-10-31', '-785', '0', '0', '0', '1', '117', '0', '0', '0', '0', '0', '0', '0', '0', '0', '0', '0', '', '', '2018-10-31', NULL, NULL, NULL, '', '', NULL, '0', '0', '0'),
('15', '20', '5', 'PI014/10/2018', '5454', '2018-10-24', '2019-01-22', '100000', '0', '17000', '0', '1', '117000', '0', '0', '0', '0', '0', '0', '0', '0', '0', '0', '0', '', '', '0000-00-00', NULL, NULL, NULL, '', '', NULL, '0', '0', '0'),
('15', '22', '5', 'SP001/11/2018', '', '2018-11-01', '2018-11-01', '-357669', '0', '0', '0', '1', '0', '0', '0', '0', '0', '0', '0', '0', '0', '0', '0', '0', '', '', '2018-11-16', NULL, NULL, NULL, '', '', NULL, '0', '0', '0'),
('16', '20', '5', 'PI015/10/2018', '45454', '2018-10-24', '2019-01-22', '200000', '0', '34000', '0', '1', '234000', '0', '0', '0', '0', '0', '0', '0', '0', '0', '0', '0', '', '', '0000-00-00', NULL, NULL, NULL, '', '', NULL, '0', '0', '0'),
('16', '22', '14', 'SP002/11/2018', '', '2018-11-06', '2018-11-06', '0', '0', '0', '0', '1', '0', '0', '0', '0', '0', '0', '0', '0', '0', '0', '0', '0', '', '', '2018-11-06', NULL, NULL, NULL, '', '', NULL, '0', '0', '0'),
('17', '20', '5', 'PI016/10/2018', '434', '2018-10-22', '2019-01-20', '100', '0', '17', '0', '1', '117', '0', '0', '0', '0', '0', '0', '0', '0', '0', '0', '0', '', '', '0000-00-00', NULL, NULL, NULL, '', '', NULL, '0', '0', '0'),
('17', '22', '14', 'SP002/11/2018', '', '2018-11-06', '2018-11-06', '-5000', '0', '0', '0', '1', '5000', '0', '0', '0', '0', '0', '0', '0', '0', '0', '0', '43543', '', '', '2018-11-06', NULL, NULL, NULL, '', '', NULL, '0', '0', '0'),
('18', '20', '5', 'PI017/10/2018', '123444', '2018-10-26', '2018-10-26', '692185', '0', '117671.45', '0', '1', '809856.45', '0', '0', '0', '0', '0', '0', '0', '0', '0', '0', '0', '', '', '0000-00-00', NULL, NULL, NULL, '', '', NULL, '0', '0', '0'),
('18', '22', '4', 'SP003/11/2018', '', '2018-11-07', '2018-11-07', '-2745183', '0', '0', '0', '1', '2745183', '0', '0', '0', '0', '0', '0', '0', '0', '0', '0', '0', '', '', '2018-11-07', NULL, NULL, NULL, '', '', NULL, '0', '0', '0'),
('19', '20', '5', 'PI018/10/2018', 'i8jt11', '2018-10-27', '2018-10-27', '222', '0', '0', '0', '1', '222', '0', '0', '0', '0', '0', '0', '0', '0', '0', '0', '0', '', '', '0000-00-00', NULL, NULL, NULL, '', '', NULL, '0', '0', '0'),
('19', '22', '5', 'SP004/11/2018', '', '2018-11-07', '2018-11-07', '-1000', '0', '0', '0', '1', '1000', '0', '0', '0', '0', '0', '0', '0', '0', '0', '0', '0', '', '', '2018-11-07', NULL, NULL, NULL, '', '', NULL, '0', '0', '0'),
('20', '20', '5', 'PI019/10/2018', 'trfgdf', '2018-10-27', '2018-10-27', '0', '0', '0', '0', '1', '0', '0', '0', '0', '0', '0', '0', '0', '0', '0', '0', '0', '', '', '0000-00-00', NULL, NULL, NULL, '', '', NULL, '0', '0', '0'),
('20', '22', '5', 'SP005/11/2018', '', '2018-11-07', '2018-11-07', '-117000', '0', '0', '0', '1', '117000', '0', '0', '0', '0', '0', '0', '0', '0', '0', '0', '0', '', '', '2018-11-07', NULL, NULL, NULL, '', '', NULL, '0', '0', '0'),
('21', '20', '5', 'PI020/10/2018', 'vb', '2018-10-27', '2019-01-25', '1000', '0', '170', '0', '1', '1170', '0', '0', '0', '0', '0', '0', '0', '0', '0', '0', '0', '', '', '0000-00-00', NULL, NULL, NULL, '', '', NULL, '0', '0', '0'),
('21', '22', '5', 'SP006/11/2018', '', '2018-11-07', '2018-11-07', '-234000', '0', '0', '0', '1', '234000', '0', '0', '0', '0', '0', '0', '0', '0', '0', '0', '0', '', '', '2018-11-07', NULL, NULL, NULL, '', '', NULL, '0', '0', '0'),
('22', '0', '15', 'JV010/11/2018', '', '2018-11-17', '0000-00-00', '45454', '0', '0', '0', '1', '0', '0', '0', '0', '0', '0', '0', '0', '0', '0', '0', '0', '', '', NULL, NULL, NULL, NULL, '', '', NULL, '0', '0', '0'),
('22', '20', '5', 'PI021/10/2018', 'nvjfhjhj', '2018-10-27', '2018-10-27', '657', '0', '0', '0', '1', '657', '0', '0', '0', '0', '0', '0', '0', '0', '0', '0', '0', '', '', '0000-00-00', NULL, NULL, NULL, '', '', NULL, '0', '0', '0'),
('22', '22', '13', 'SP007/11/2018', '', '2018-11-07', '2018-11-07', '-400000', '0', '0', '0', '1', '0', '0', '0', '0', '0', '0', '0', '0', '0', '0', '0', '0', '', '', '2018-11-07', NULL, NULL, NULL, '', '', NULL, '0', '0', '0'),
('23', '20', '5', 'PI022/10/2018', '5345', '2018-10-27', '2019-01-25', '1000', '0', '170', '0', '1', '1170', '0', '0', '0', '0', '0', '0', '0', '0', '0', '0', '0', '', '', '0000-00-00', NULL, NULL, NULL, '', '', NULL, '0', '0', '0'),
('23', '22', '7', 'SP008/11/2018', '', '2018-11-08', '2018-11-08', '-91500', '0', '0', '0', '1', '18300', '0', '0', '0', '0', '0', '0', '0', '0', '0', '0', '0', '', '', '2018-11-08', NULL, NULL, NULL, '', '', NULL, '0', '0', '0'),
('24', '20', '5', 'PI023/10/2018', 'sdfsdf', '2018-10-27', '2019-01-25', '1000', '0', '170', '0', '1', '1170', '0', '0', '0', '0', '0', '0', '0', '0', '0', '0', '0', '', '', '0000-00-00', NULL, NULL, NULL, '', '', NULL, '0', '0', '0'),
('24', '22', '3', 'SP009/11/2018', '', '2018-11-08', '2018-11-08', '-880000', '0', '0', '0', '1', '1000000', '0', '40000', '80000', '0', '0', '0', '10', '6', '16', '15', '0', '', '', '2018-11-08', NULL, NULL, NULL, '', '', NULL, '0', '0', '0'),
('25', '20', '5', 'PI024/10/2018', '2123', '2018-10-27', '2018-10-27', '500', '0', '0', '0', '1', '500', '0', '0', '0', '0', '0', '0', '0', '0', '0', '0', '0', '', '', '0000-00-00', NULL, NULL, NULL, '', '', NULL, '0', '0', '0'),
('25', '22', '13', 'SP010/11/2018', '', '2018-11-09', '2018-11-09', '-5849.5', '0', '0', '0', '1', '5849.5', '0', '0', '0', '0', '0', '0', '0', '0', '0', '0', '0', '', '', '2018-11-09', NULL, NULL, NULL, '', '', NULL, '0', '0', '0'),
('26', '20', '5', 'PI025/10/2018', 'ghgfh', '2018-10-27', '2018-10-27', '600', '0', '0', '0', '1', '0', '0', '0', '0', '0', '0', '0', '0', '0', '0', '0', '0', '', '', '0000-00-00', NULL, NULL, NULL, '', '', NULL, '0', '0', '0'),
('26', '22', '5', 'SP011/11/2018', '', '2018-11-14', '2018-11-14', '-811905.45', '0', '0', '0', '1', '811905.45', '0', '0', '0', '0', '0', '0', '0', '0', '0', '0', '0', '', '', '2018-11-14', NULL, NULL, NULL, '', '', NULL, '0', '0', '0'),
('27', '20', '5', 'PI026/10/2018', 'DSFSDF', '2018-10-27', '2018-10-27', '500', '0', '0', '0', '1', '0', '0', '0', '0', '0', '0', '0', '0', '0', '0', '0', '0', '', '', '0000-00-00', NULL, NULL, NULL, '', '', NULL, '0', '0', '0'),
('27', '22', '13', 'SP012/11/2018', '', '2018-11-17', '2018-11-17', '-100000', '0', '0', '0', '1', '100000', '0', '0', '0', '0', '0', '0', '0', '0', '0', '0', '0', '', '', '2018-11-17', NULL, NULL, NULL, '', '', NULL, '0', '0', '0'),
('28', '20', '5', 'PI027/10/2018', '321', '2018-10-27', '2019-01-25', '1000', '0', '170', '0', '1', '0', '0', '0', '0', '0', '0', '0', '0', '0', '0', '0', '0', '', '', '0000-00-00', NULL, NULL, NULL, '', '', NULL, '0', '0', '0'),
('28', '22', '13', 'SP013/11/2018', '', '2018-11-17', '2018-11-17', '-50000', '0', '0', '0', '1', '50000', '0', '0', '0', '0', '0', '0', '0', '0', '0', '0', '0', '', '', '2018-11-17', NULL, NULL, NULL, '', '', NULL, '0', '0', '0'),
('29', '20', '5', 'PI028/10/2018', '4564', '2018-10-27', '2019-01-25', '500', '0', '85', '0', '1', '0', '0', '0', '0', '0', '0', '0', '0', '0', '0', '0', '0', '', '', '0000-00-00', NULL, NULL, NULL, '', '', NULL, '0', '0', '0'),
('29', '22', '5', 'SP015/10/2018', '', '2018-10-22', '2018-10-22', '-2840', '0', '0', '0', '1', '2840', '0', '0', '0', '0', '0', '0', '0', '0', '0', '0', '0', '', '', '2018-11-21', NULL, NULL, NULL, '', '', NULL, '0', '0', '0'),
('30', '20', '5', 'PI029/10/2018', '32321321', '2018-10-27', '2019-01-25', '1000', '0', '170', '0', '1', '0', '0', '0', '0', '0', '0', '0', '0', '0', '0', '0', '0', '', '', '0000-00-00', NULL, NULL, NULL, '', '', NULL, '0', '0', '0'),
('31', '20', '5', 'PI030/10/2018', '5667', '2018-10-29', '2019-01-27', '20000', '0', '3400', '0', '1', '0', '0', '0', '0', '0', '0', '0', '0', '0', '0', '0', '0', '', '', '0000-00-00', NULL, NULL, NULL, '', '', NULL, '0', '0', '0'),
('32', '20', '5', 'PI031/10/2018', '65765', '2018-10-29', '2019-01-27', '2000000', '0', '340000', '0', '1', '2340000', '0', '0', '0', '0', '0', '0', '0', '0', '0', '0', '0', '', '', '0000-00-00', NULL, NULL, NULL, '', '', NULL, '0', '0', '0'),
('33', '20', '9', 'PI032/10/2018', '6576576', '2018-10-30', '2018-10-30', '6045', '0', '0', '0', '120', '0', '0', '0', '0', '0', '0', '0', '0', '0', '0', '0', '0', '', '', '0000-00-00', NULL, NULL, NULL, '', '', NULL, '0', '0', '0'),
('34', '20', '5', 'PI033/10/2018', '6587678', '2018-10-30', '2018-10-30', '10000', '0', '2200', '0', '1', '0', '0', '0', '0', '0', '0', '0', '0', '0', '0', '0', '0', '', '', '0000-00-00', NULL, NULL, NULL, '', '', NULL, '0', '0', '0'),
('35', '20', '11', 'PI034/10/2018', '69869769', '2018-10-30', '2018-10-30', '0', '0', '0', '0', '1', '0', '0', '0', '0', '0', '0', '0', '0', '0', '0', '0', '0', '', '', '0000-00-00', NULL, NULL, NULL, '', '', NULL, '0', '0', '0'),
('36', '20', '11', 'PI034/10/2018', '69869769', '2018-10-30', '2018-10-30', '2550', '0', '0', '0', '1', '2550', '0', '0', '0', '0', '0', '0', '0', '0', '0', '0', '0', '', '', '0000-00-00', NULL, NULL, NULL, '', '', NULL, '0', '0', '0'),
('37', '20', '5', 'PI001/11/2018', '121221', '2018-11-01', '2019-01-30', '1000', '0', '220', '0', '1', '0', '0', '0', '0', '0', '0', '0', '0', '0', '0', '0', '0', '', '', '0000-00-00', NULL, NULL, NULL, '', '', NULL, '0', '0', '0'),
('38', '20', '5', 'PI002/11/2018', 'dwsdsd', '2018-11-02', '2018-11-02', '100000', '0', '22000', '0', '1', '0', '0', '0', '0', '0', '0', '0', '0', '0', '0', '0', '0', '', '', '0000-00-00', NULL, NULL, NULL, '', '', NULL, '0', '0', '0'),
('39', '20', '5', 'PI003/11/2018', 'ssdd', '2018-11-02', '2018-11-02', '500000', '0', '110000', '0', '1', '0', '0', '0', '0', '0', '0', '0', '0', '0', '0', '0', '0', '', '', '0000-00-00', NULL, NULL, NULL, '', '', NULL, '0', '0', '0'),
('40', '20', '14', 'PI004/11/2018', '3234', '2018-11-06', '2018-11-06', '6400', '0', '1088', '0', '1', '5000', '0', '0', '0', '0', '0', '0', '0', '0', '0', '0', '0', '', '', '0000-00-00', NULL, NULL, NULL, '', '', NULL, '0', '0', '0'),
('41', '20', '4', 'PI005/11/2018', '101010', '2018-11-07', '2018-11-07', '2250000', '0', '495000', '0', '1', '2745000', '0', '0', '0', '0', '0', '0', '0', '0', '0', '0', '0', '', '', '0000-00-00', NULL, NULL, NULL, '', '', NULL, '0', '0', '0'),
('42', '20', '11', 'PI006/11/2018', '1231', '2018-11-07', '2018-11-07', '68400', '0', '0', '0', '1', '0', '0', '0', '0', '0', '0', '0', '0', '0', '0', '0', '0', '', '', '0000-00-00', NULL, NULL, NULL, '', '', NULL, '0', '0', '0'),
('43', '20', '5', 'PI007/11/2018', '21212', '2018-11-07', '2018-11-07', '1050', '0', '231', '0', '1', '0', '0', '0', '0', '0', '0', '0', '0', '0', '0', '0', '0', '', '', '0000-00-00', NULL, NULL, NULL, '', '', NULL, '0', '0', '0'),
('44', '20', '13', 'PI008/11/2018', '123454', '2018-11-07', '2018-11-07', '200000', '0', '34000', '0', '1', '150585', '0', '0', '0', '0', '0', '0', '0', '0', '0', '0', '0', '', '', '0000-00-00', NULL, NULL, NULL, '', '', NULL, '0', '0', '0'),
('45', '20', '7', 'PI009/11/2018', '12345', '2018-11-08', '2018-11-08', '15000', '0', '3300', '0', '1', '18300', '0', '0', '0', '0', '0', '0', '0', '0', '0', '0', '0', '', '', '0000-00-00', NULL, NULL, NULL, '', '', NULL, '0', '0', '0'),
('46', '20', '1', 'PI001/00/0020', 'Test Supplier', '0020-00-08', '0020-00-08', '0', '0', '0', '0', '1', '0', '0', '0', '0', '0', '0', '0', '0', '0', '0', '0', '0', '', '', '0000-00-00', NULL, NULL, NULL, '', '', NULL, '0', '0', '0'),
('47', '20', '2', 'PI002/00/0020', 'SAFA PACKEGES ', '0020-00-08', '0020-00-08', '0', '0', '0', '0', '1', '0', '0', '0', '0', '0', '0', '0', '0', '0', '0', '0', '0', '', '', '0000-00-00', NULL, NULL, NULL, '', '', NULL, '0', '0', '0'),
('48', '20', '3', 'PI003/00/0020', 'PURE WATER PRIVATE  LTD ', '0020-00-08', '0020-00-08', '0', '0', '0', '0', '1', '0', '0', '0', '0', '0', '0', '0', '0', '0', '0', '0', '0', '', '', '0000-00-00', NULL, NULL, NULL, '', '', NULL, '0', '0', '0'),
('49', '20', '4', 'PI004/00/0020', 'USMAN COMPUTER ', '0020-00-08', '0020-00-08', '0', '0', '0', '0', '1', '0', '0', '0', '0', '0', '0', '0', '0', '0', '0', '0', '0', '', '', '0000-00-00', NULL, NULL, NULL, '', '', NULL, '0', '0', '0'),
('50', '20', '5', 'PI005/00/0020', 'ALI  SUPER STORE ', '0020-00-08', '0020-00-08', '0', '0', '0', '0', '1', '0', '0', '0', '0', '0', '0', '0', '0', '0', '0', '0', '0', '', '', '0000-00-00', NULL, NULL, NULL, '', '', NULL, '0', '0', '0'),
('51', '20', '6', 'PI006/00/0020', 'TRANSWORLD PVT LTD ', '0020-00-08', '0020-00-08', '0', '0', '0', '0', '1', '0', '0', '0', '0', '0', '0', '0', '0', '0', '0', '0', '0', '', '', '0000-00-00', NULL, NULL, NULL, '', '', NULL, '0', '0', '0'),
('52', '20', '7', 'PI007/00/0020', 'NATURE WATER PVT LTD', '0020-00-08', '0020-00-08', '0', '0', '0', '0', '1', '0', '0', '0', '0', '0', '0', '0', '0', '0', '0', '0', '0', '', '', '0000-00-00', NULL, NULL, NULL, '', '', NULL, '0', '0', '0'),
('53', '20', '8', 'PI008/00/0020', 'NADIR ONE TRADERS ', '0020-00-08', '0020-00-08', '0', '0', '0', '0', '1', '0', '0', '0', '0', '0', '0', '0', '0', '0', '0', '0', '0', '', '', '0000-00-00', NULL, NULL, NULL, '', '', NULL, '0', '0', '0'),
('54', '20', '9', 'PI009/00/0020', 'Import Supplier', '0020-00-08', '0020-00-08', '0', '0', '0', '0', '1', '0', '0', '0', '0', '0', '0', '0', '0', '0', '0', '0', '0', '', '', '0000-00-00', NULL, NULL, NULL, '', '', NULL, '0', '0', '0'),
('55', '20', '10', 'PI010/00/0020', 'Berger Paints Pakistan Ltd.', '0020-00-08', '0020-00-08', '0', '0', '0', '0', '1', '0', '0', '0', '0', '0', '0', '0', '0', '0', '0', '0', '0', '', '', '0000-00-00', NULL, NULL, NULL, '', '', NULL, '0', '0', '0'),
('56', '20', '11', 'PI011/00/0020', 'Fraz Gas Traders', '0020-00-08', '0020-00-08', '0', '0', '0', '0', '1', '0', '0', '0', '0', '0', '0', '0', '0', '0', '0', '0', '0', '', '', '0000-00-00', NULL, NULL, NULL, '', '', NULL, '0', '0', '0'),
('57', '20', '12', 'PI012/00/0020', 'test2', '0020-00-08', '0020-00-08', '0', '0', '0', '0', '1', '0', '0', '0', '0', '0', '0', '0', '0', '0', '0', '0', '0', '', '', '0000-00-00', NULL, NULL, NULL, '', '', NULL, '0', '0', '0'),
('58', '20', '13', 'PI013/00/0020', 'Crescent Corp', '0020-00-08', '0020-00-08', '0', '0', '0', '0', '1', '0', '0', '0', '0', '0', '0', '0', '0', '0', '0', '0', '0', '', '', '0000-00-00', NULL, NULL, NULL, '', '', NULL, '0', '0', '0'),
('59', '20', '14', 'PI014/00/0020', 'Burhani Engineering', '0020-00-08', '0020-00-08', '0', '0', '0', '0', '1', '0', '0', '0', '0', '0', '0', '0', '0', '0', '0', '0', '0', '', '', '0000-00-00', NULL, NULL, NULL, '', '', NULL, '0', '0', '0'),
('60', '20', '15', 'PI015/00/0020', 'w shark', '0020-00-08', '0020-00-08', '0', '0', '0', '0', '1', '0', '0', '0', '0', '0', '0', '0', '0', '0', '0', '0', '0', '', '', '0000-00-00', NULL, NULL, NULL, '', '', NULL, '0', '0', '0'),
('61', '20', '5', 'PI010/11/2018', 'ali', '2018-11-08', '2018-11-08', '4050', '0', '891', '0', '1', '0', '0', '0', '0', '0', '0', '0', '0', '0', '0', '0', '0', '', '', '0000-00-00', NULL, NULL, NULL, '', '', NULL, '0', '0', '0'),
('62', '20', '13', 'PI011/11/2018', 'ali', '2018-11-09', '2018-11-09', '4999.5', '0', '850', '0', '1', '5849.5', '0', '0', '0', '0', '0', '0', '0', '0', '0', '0', '0', '', '', '0000-00-00', NULL, NULL, NULL, '', '', NULL, '0', '0', '0'),
('63', '20', '18', 'PI012/11/2018', '123', '2018-11-20', '2018-11-20', '13000', '0', '0', '0', '1', '0', '0', '0', '0', '0', '0', '0', '0', '0', '0', '0', '0', '', '', '0000-00-00', NULL, NULL, NULL, '', '', NULL, '0', '0', '0'),
('64', '20', '18', 'PI013/11/2018', '1250', '2018-11-20', '2019-02-18', '13000', '0', '0', '0', '1', '0', '0', '0', '0', '0', '0', '0', '0', '0', '0', '0', '0', '', '', '0000-00-00', NULL, NULL, NULL, '', '', NULL, '0', '0', '0'),
('65', '20', '18', 'PI014/11/2018', '1254', '2018-11-20', '2018-11-20', '25000', '0', '0', '0', '1', '0', '0', '0', '0', '0', '0', '0', '0', '0', '0', '0', '0', '', '', '0000-00-00', NULL, NULL, NULL, '', '', NULL, '0', '0', '0'),
('66', '20', '18', 'PI015/11/2018', '52', '2018-11-20', '2018-11-20', '20000', '0', '0', '0', '1', '0', '0', '0', '0', '0', '0', '0', '0', '0', '0', '0', '0', '', '', '0000-00-00', NULL, NULL, NULL, '', '', NULL, '0', '0', '0'),
('67', '20', '18', 'PI016/11/2018', '45', '2018-11-20', '2018-11-20', '10000', '0', '0', '0', '1', '0', '0', '0', '0', '0', '0', '0', '0', '0', '0', '0', '0', '', '', '0000-00-00', NULL, NULL, NULL, '', '', NULL, '0', '0', '0');

### Structure of table `0_suppliers` ###

DROP TABLE IF EXISTS `0_suppliers`;

CREATE TABLE `0_suppliers` (
  `supplier_id` int(11) NOT NULL AUTO_INCREMENT,
  `supp_name` varchar(60) COLLATE utf8_unicode_ci NOT NULL DEFAULT '',
  `supp_ref` varchar(30) COLLATE utf8_unicode_ci NOT NULL DEFAULT '',
  `address` tinytext COLLATE utf8_unicode_ci NOT NULL,
  `supp_address` tinytext COLLATE utf8_unicode_ci NOT NULL,
  `gst_no` varchar(25) COLLATE utf8_unicode_ci NOT NULL DEFAULT '',
  `contact` varchar(60) COLLATE utf8_unicode_ci NOT NULL DEFAULT '',
  `supp_account_no` varchar(40) COLLATE utf8_unicode_ci NOT NULL DEFAULT '',
  `website` varchar(100) COLLATE utf8_unicode_ci NOT NULL DEFAULT '',
  `bank_account` varchar(60) COLLATE utf8_unicode_ci NOT NULL DEFAULT '',
  `curr_code` char(3) COLLATE utf8_unicode_ci DEFAULT NULL,
  `payment_terms` int(11) DEFAULT NULL,
  `tax_included` tinyint(1) NOT NULL DEFAULT '0',
  `dimension_id` int(11) DEFAULT '0',
  `dimension2_id` int(11) DEFAULT '0',
  `tax_group_id` int(11) DEFAULT NULL,
  `credit_limit` double NOT NULL DEFAULT '0',
  `purchase_account` varchar(15) COLLATE utf8_unicode_ci NOT NULL DEFAULT '',
  `payable_account` varchar(15) COLLATE utf8_unicode_ci NOT NULL DEFAULT '',
  `payment_discount_account` varchar(15) COLLATE utf8_unicode_ci NOT NULL DEFAULT '',
  `notes` tinytext COLLATE utf8_unicode_ci NOT NULL,
  `ntn_no` varchar(40) COLLATE utf8_unicode_ci NOT NULL,
  `inactive` tinyint(1) NOT NULL DEFAULT '0',
  `service_text` varchar(60) COLLATE utf8_unicode_ci NOT NULL,
  `combo1` int(11) NOT NULL,
  PRIMARY KEY (`supplier_id`),
  KEY `supp_ref` (`supp_ref`)
) ENGINE=InnoDB AUTO_INCREMENT=19 DEFAULT CHARSET=utf8 COLLATE=utf8_unicode_ci ;

### Data of table `0_suppliers` ###

INSERT INTO `0_suppliers` VALUES
('1', 'Test Supplier', 'Test Supplier', '', '', '', '', '', '', '', 'PKR', '5', '0', '0', '0', '1', '0', '', '201001', '501006', '', '0', '0', '', '0'),
('2', 'SAFA PACKEGES ', 'SAFA', '', '', '', '', '', '', '', 'PKR', '5', '0', '0', '0', '1', '0', '', '201001', '501006', '', '0', '0', '', '0'),
('3', 'PURE WATER PRIVATE  LTD ', 'PURE', '', '', '', '', '', '', '', 'PKR', '5', '0', '0', '0', '1', '0', '', '201001', '501006', '', '0', '0', '', '0'),
('4', 'USMAN COMPUTER ', 'USMAN ', '', '', '', '', '', '', '', 'PKR', '5', '0', '0', '0', '1', '0', '', '201001', '501006', '', '0', '0', '', '0'),
('5', 'ALI  SUPER STORE ', 'ALI', '', '', '', '', '', '', '', 'PKR', '5', '0', '0', '0', '1', '0', '', '201001', '501006', '', '0', '0', '', '0'),
('6', 'TRANSWORLD PVT LTD ', 'TRANSWORLD ', '', '', '', '', '', '', '', 'PKR', '5', '0', '0', '0', '1', '0', '', '201001', '501006', '', '', '0', '', '0'),
('7', 'NATURE WATER PVT LTD', 'NATURE ', '', '', '', '', '', '', '', 'PKR', '5', '0', '0', '0', '1', '0', '', '201001', '501006', '', '0', '0', '', '0'),
('8', 'NADIR ONE TRADERS ', 'NADIR ', '', '', '', '', '', '', '', 'PKR', '5', '0', '0', '0', '1', '0', '', '201001', '501006', '', '0', '0', '', '0'),
('9', 'Import Supplier', 'Import Supplier', '', '', '', '', '', '', '', 'USD', '5', '0', '0', '0', '2', '0', '', '201001', '501006', '', '0', '0', '', '0'),
('10', 'Berger Paints Pakistan Ltd.', 'Mr', '', '', '', '', '', '', '', 'PKR', '5', '0', '0', '0', '2', '0', '', '201001', '501006', '', '0', '0', '', '0'),
('11', 'Fraz Gas Traders', 'M.Fraz', '', '', '', '', '', '', '', 'PKR', '3', '0', '0', '0', '2', '0', '', '201001', '501006', '', '0', '0', '', '0'),
('12', 'test2', 'test2', '', '', '', '', '', '', '', 'PKR', '5', '0', '0', '0', '2', '0', '', '201001', '501006', '', '0', '0', '', '0'),
('13', 'Crescent Corp', 'Crescent', '', '', '', '', '', '', '', 'PKR', '5', '0', '0', '0', '3', '0', '', '201001', '501006', '', '0', '0', '', '0'),
('14', 'Burhani Engineering', 'Burhani Engineering', '', '', '', '', '', '', '', 'PKR', '5', '0', '0', '0', '3', '0', '', '201001', '501006', '', '0', '0', '', '0'),
('15', 'w shark', 'chain', '', '', '', '', '', '', '', 'PKR', '5', '0', '0', '0', '3', '0', '', '201001', '501006', '', '0', '0', '', '0'),
('16', 'mian', 'mes', '', '', '', '', '', '', '', 'PKR', '5', '1', '0', '0', '3', '10000', '', '201001', '501006', '', '0', '0', '', '0'),
('17', 'Noor And Sons', 'waseem', '', '', '4580', '', '000312', 'nill', 'HBL', 'PKR', '3', '1', '1', '0', '1', '0', '', '201001', '501006', '', '45539825100003', '0', '778', '0'),
('18', 'Persoanl Import', 'P01', '', '', '', '', '', '', '', 'PKR', '4', '0', '0', '0', '2', '0', '', '201001', '501006', '', '0', '0', '', '0');

### Structure of table `0_suppliers_items` ###

DROP TABLE IF EXISTS `0_suppliers_items`;

CREATE TABLE `0_suppliers_items` (
  `id` int(11) NOT NULL AUTO_INCREMENT,
  `supplier` bigint(11) NOT NULL,
  `stock_id` int(11) NOT NULL,
  `price` int(11) NOT NULL,
  `inactive` tinyint(4) NOT NULL,
  PRIMARY KEY (`id`)
) ENGINE=InnoDB DEFAULT CHARSET=latin1 ;

### Data of table `0_suppliers_items` ###


### Structure of table `0_sys_pay_pref` ###

DROP TABLE IF EXISTS `0_sys_pay_pref`;

CREATE TABLE `0_sys_pay_pref` (
  `name` varchar(35) NOT NULL,
  `account` tinytext NOT NULL
) ENGINE=InnoDB DEFAULT CHARSET=latin1 ;

### Data of table `0_sys_pay_pref` ###

INSERT INTO `0_sys_pay_pref` VALUES
('payroll_expenses', '6200000001'),
('advance_receivable', '70000001'),
('payment', '10000001'),
('payroll_liabilty', '520000001'),
('total_working_days', '31'),
('sessi', '60'),
('eobi', '130'),
('services', '11%%%'),
('filer', '7.5'),
('non_filer', '10'),
('loan_account', '10000001'),
('advance_account', '10000001'),
('salary_account', '10000001'),
('bonus_account', '10000001'),
('eobi_liability', '530000001'),
('tax_liability', '550000001'),
('deduction_account', '10000001'),
('s_payroll_expenses', '6310000001'),
('s_advance_receivable', '70000001'),
('s_payment', '10000001'),
('s_payroll_liabilty', '510000001'),
('s_loan_account', '10000001'),
('s_advance_account', '10000001'),
('s_salary_account', '10000001'),
('s_bonus_account', '10000001'),
('s_eobi_liability', '530000001'),
('s_tax_liability', '560000001'),
('s_deduction_account', '7160000004'),
('monday', ''),
('tuesday', ''),
('wednesday', ''),
('thursday', ''),
('friday', ''),
('saturday', ''),
('sunday', ''),
('monday', ''),
('tuesday', ''),
('wednesday', ''),
('thursday', ''),
('friday', ''),
('saturday', ''),
('sunday', ''),
('monday', ''),
('tuesday', ''),
('wednesday', ''),
('thursday', ''),
('friday', ''),
('saturday', ''),
('sunday', ''),
('monday', ''),
('tuesday', ''),
('wednesday', ''),
('thursday', ''),
('friday', ''),
('saturday', ''),
('sunday', ''),
('monday', ''),
('tuesday', ''),
('wednesday', ''),
('thursday', ''),
('friday', ''),
('saturday', ''),
('sunday', ''),
('monday', ''),
('tuesday', ''),
('wednesday', ''),
('thursday', ''),
('friday', ''),
('saturday', ''),
('sunday', ''),
('payroll_expenses', '6200000001'),
('advance_receivable', '70000001'),
('payment', '10000001'),
('payroll_liabilty', '520000001'),
('total_working_days', '31'),
('sessi', '60'),
('eobi', '130'),
('services', '11%%%'),
('filer', '7.5'),
('non_filer', '10'),
('loan_account', '10000001'),
('advance_account', '10000001'),
('salary_account', '10000001'),
('bonus_account', '10000001'),
('eobi_liability', '530000001'),
('tax_liability', '550000001'),
('deduction_account', '10000001'),
('s_payroll_expenses', '6310000001'),
('s_advance_receivable', '70000001'),
('s_payment', '10000001'),
('s_payroll_liabilty', '510000001'),
('s_loan_account', '10000001'),
('s_advance_account', '10000001'),
('s_salary_account', '10000001'),
('s_bonus_account', '10000001'),
('s_eobi_liability', '530000001'),
('s_tax_liability', '560000001'),
('s_deduction_account', '7160000004'),
('monday', ''),
('tuesday', ''),
('wednesday', ''),
('thursday', ''),
('friday', ''),
('saturday', ''),
('sunday', ''),
('monday', ''),
('tuesday', ''),
('wednesday', ''),
('thursday', ''),
('friday', ''),
('saturday', ''),
('sunday', ''),
('monday', ''),
('tuesday', ''),
('wednesday', ''),
('thursday', ''),
('friday', ''),
('saturday', ''),
('sunday', ''),
('monday', ''),
('tuesday', ''),
('wednesday', ''),
('thursday', ''),
('friday', ''),
('saturday', ''),
('sunday', ''),
('monday', ''),
('tuesday', ''),
('wednesday', ''),
('thursday', ''),
('friday', ''),
('saturday', ''),
('sunday', ''),
('monday', ''),
('tuesday', ''),
('wednesday', ''),
('thursday', ''),
('friday', ''),
('saturday', ''),
('sunday', '');

### Structure of table `0_sys_pay_pref_new` ###

DROP TABLE IF EXISTS `0_sys_pay_pref_new`;

CREATE TABLE `0_sys_pay_pref_new` (
  `name` varchar(35) NOT NULL,
  `account` tinytext NOT NULL,
  `text_name` varchar(60) NOT NULL,
  `default_value` varchar(50) NOT NULL,
  `gl_entry` tinyint(1) NOT NULL,
  `cost_unit` tinyint(1) NOT NULL,
  `header_enable` tinyint(1) NOT NULL,
  `as_per_be_enable` tinyint(1) NOT NULL
) ENGINE=InnoDB DEFAULT CHARSET=latin1 ;

### Data of table `0_sys_pay_pref_new` ###

INSERT INTO `0_sys_pay_pref_new` VALUES
('Landing_Amt', '102001', 'Landing Amount', '1', '0', '0', '0', '0'),
('INS_Amt', '102001', 'INS Amount', '1', '0', '0', '0', '0'),
('F_E_D_Amt', '102001', ' Custom Duty + Additional Custom Duty', '22', '0', '0', '0', '0'),
('Duty_Amt', '102001', 'Regulatory Duty ', '20', '0', '0', '0', '0'),
('S_T_Amt', '102001', 'Sales Tax ', '17', '0', '0', '0', '0'),
('I_Tax_Amt', '101001', 'Income  Tax ', '6', '0', '0', '0', '0'),
('Add_S_T_Amt', '102001', 'Additional  Tax', '3', '0', '0', '0', '0'),
('Other_Expense', '102001', 'Other Expense', '', '0', '0', '0', '0'),
('add_income_tax', '1060', ' Advance Income Tax ', '', '0', '0', '0', '0'),
('Landing_Amt', '102001', 'Landing Amount', '1', '0', '0', '0', '0'),
('INS_Amt', '102001', 'INS Amount', '1', '0', '0', '0', '0'),
('F_E_D_Amt', '102001', ' Custom Duty + Additional Custom Duty', '22', '0', '0', '0', '0'),
('Duty_Amt', '102001', 'Regulatory Duty ', '20', '0', '0', '0', '0'),
('S_T_Amt', '102001', 'Sales Tax ', '17', '0', '0', '0', '0'),
('I_Tax_Amt', '101001', 'Income  Tax ', '6', '0', '0', '0', '0'),
('Add_S_T_Amt', '102001', 'Additional  Tax', '3', '0', '0', '0', '0'),
('Other_Expense', '102001', 'Other Expense', '', '0', '0', '0', '0'),
('add_income_tax', '1060', ' Advance Income Tax ', '', '0', '0', '0', '0');

### Structure of table `0_sys_prefs` ###

DROP TABLE IF EXISTS `0_sys_prefs`;

CREATE TABLE `0_sys_prefs` (
  `name` varchar(35) COLLATE utf8_unicode_ci NOT NULL DEFAULT '',
  `category` varchar(30) COLLATE utf8_unicode_ci DEFAULT NULL,
  `type` varchar(20) COLLATE utf8_unicode_ci NOT NULL DEFAULT '',
  `length` smallint(6) DEFAULT NULL,
  `value` text COLLATE utf8_unicode_ci NOT NULL,
  PRIMARY KEY (`name`),
  KEY `category` (`category`)
) ENGINE=InnoDB DEFAULT CHARSET=utf8 COLLATE=utf8_unicode_ci ;

### Data of table `0_sys_prefs` ###

INSERT INTO `0_sys_prefs` VALUES
('accounts_alpha', 'glsetup.general', 'tinyint', '1', '0'),
('accumulate_shipping', 'glsetup.customer', 'tinyint', '1', '0'),
('add_pct', 'setup.company', 'int', '5', '-1'),
('allow_negative_prices', 'glsetup.inventory', 'tinyint', '1', '1'),
('allow_negative_stock', 'glsetup.inventory', 'tinyint', '1', '1'),
('allow_sales_kit_in_po', 'glsetup.purchase', 'tinyint', '1', ''),
('alt_uom', 'gl_setup.general', 'tinyint', '1', ''),
('alternative_tax_include_on_docs', 'setup.company', 'tinyint', '1', ''),
('auto_curr_reval', 'setup.company', 'smallint', '6', ''),
('auto_send_sms', 'setup.company', 'tinyint', '1', ''),
('back_days', 'setup.company', 'int', '11', ''),
('bank_account', 'setup.company', 'varchar', '40', ''),
('bank_charge_act', 'glsetup.general', 'varchar', '15', '503007'),
('bank_details', 'setup.company', 'tinytext', '0', ''),
('base_sales', 'setup.company', 'int', '11', '2'),
('batch', 'gl_setup.general', 'tinyint', '1', ''),
('bcc_email', 'setup.company', 'varchar', '100', ''),
('bonus', 'gl_setup.general', 'tinyint', '1', ''),
('br_search', 'glsetup.customer', 'tinyint', '1', ''),
('cash_neg_allow', 'glsetup.general', 'tinyint', '1', ''),
('company_logo_report', 'setup.company', 'tinyint', '1', '0'),
('coy_logo', 'setup.company', 'varchar', '100', ''),
('coy_name', 'setup.company', 'varchar', '60', 'Computer Zone'),
('coy_no', 'setup.company', 'varchar', '25', ''),
('creditors_act', 'glsetup.purchase', 'varchar', '15', '201001'),
('curr_default', 'setup.company', 'char', '3', 'PKR'),
('cust_item', 'glsetup.customer', 'tinyint', '1', ''),
('de_activate', 'setup.company', 'tinyint', '1', '0'),
('deadline_time', 'setup.company', 'int', '11', ''),
('debtors_act', 'glsetup.sales', 'varchar', '15', '101001'),
('default_adj_act', 'glsetup.items', 'varchar', '15', '501004'),
('default_cogs_act', 'glsetup.items', 'varchar', '15', '501001'),
('default_credit_limit', 'glsetup.customer', 'int', '11', '0'),
('default_delivery_required', 'glsetup.sales', 'smallint', '6', '1'),
('default_dim_required', 'glsetup.dims', 'int', '11', '20'),
('default_inv_sales_act', 'glsetup.items', 'varchar', '15', '403001'),
('default_inventory_act', 'glsetup.items', 'varchar', '15', '102001'),
('default_loss_on_asset_disposal_act', 'glsetup.items', 'varchar', '15', '501004'),
('default_prompt_payment_act', 'glsetup.sales', 'varchar', '15', '402004'),
('default_quote_valid_days', 'glsetup.sales', 'smallint', '6', '30'),
('default_receival_required', 'glsetup.purchase', 'smallint', '6', '10'),
('default_sales_act', 'glsetup.sales', 'varchar', '15', ''),
('default_sales_discount_act', 'glsetup.sales', 'varchar', '15', '402004'),
('default_wip_act', 'glsetup.items', 'varchar', '15', '102003'),
('default_workorder_required', 'glsetup.manuf', 'int', '11', '20'),
('deferred_income_act', 'glsetup.sales', 'varchar', '15', '402002'),
('delivery_appr', 'glsetup.customer', 'tinyint', '1', '0'),
('depreciation_period', 'glsetup.company', 'tinyint', '1', '1'),
('Disable_bom_in_work_order', 'setup.company', 'tinyint', '1', ''),
('disc_in_amount', 'glsetup.purchase', 'int', '11', '0'),
('discount_algorithm', 'glsetup.sales', 'INT', '11', '6'),
('discount1', 'glsetup.sales', 'varchar', '15', '402004'),
('discount2', 'glsetup.sales', 'varchar', '15', '402004'),
('display_dim_cust_alloc', 'glsetup.purchase', 'tinyint', '1', '1'),
('domicile', 'setup.company', 'varchar', '55', ''),
('edit_qty', 'glsetup.customer', 'tinyint', '1', ''),
('email', 'setup.company', 'varchar', '100', ''),
('enable_cogs', 'glsetup.customer', 'tinyint', '1', ''),
('enable_multiple_disc', 'gl_setup.general', 'tinyint', '1', ''),
('enable_user_gl_restrict', 'glsetup.customer', 'tinyint', '1', ''),
('enable_userwise_dim_restrict', 'setup.company', 'tinyint', '1', ''),
('exchange_diff_act', 'glsetup.general', 'varchar', '15', '402003'),
('f_year', 'setup.company', 'int', '11', '4'),
('fax', 'setup.company', 'varchar', '30', ''),
('freight_act', 'glsetup.customer', 'varchar', '15', '402001'),
('future_days', 'setup.company', 'int', '11', ''),
('gl_approval', 'glsetup.sales', 'tinyint', '1', '0'),
('gl_closing_date', 'setup.closing_date', 'date', '8', '2017-06-30'),
('grn_appr', 'glsetup.purchase', 'tinyint', '1', '0'),
('grn_clearing_act', 'glsetup.purchase', 'varchar', '15', ''),
('gst_no', 'setup.company', 'varchar', '25', ''),
('hide_prices_grn', 'glsetup.purchase', 'tinyint', '1', ''),
('hide_stock_list', 'glsetup.inventory', 'tinyint', '1', ''),
('Incentive_issuance', 'glsetup.inventory', 'tinyint', '1', ''),
('invent_appr', 'glsetup.general', 'tinyint', '1', '0'),
('item_location', 'glsetup.general', 'tinyint', '1', ''),
('item_movement_detailed', 'glsetup.inventory', 'tinyint', '1', ''),
('legal_text', 'glsetup.customer', 'tinytext', '0', ''),
('loc_notification', 'glsetup.inventory', 'tinyint', '1', ''),
('login_tout', 'setup.company', 'smallint', '6', '2000'),
('logo_h', 'setup.company', 'varchar', '30', '100'),
('logo_w', 'setup.company', 'varchar', '30', '100'),
('no_customer_list', 'setup.company', 'tinyint', '1', '0'),
('no_item_list', 'setup.company', 'tinyint', '1', '0'),
('no_of_days', 'glsetup.customer', 'int', '11', '7'),
('no_supplier_list', 'setup.company', 'tinyint', '1', '0'),
('no_zero_lines_amount', 'glsetup.sales', 'tinyint', '1', '1'),
('order_appr', 'glsetup.customer', 'tinyint', '1', '0'),
('past_due_days', 'glsetup.general', 'int', '11', '30'),
('phone', 'setup.company', 'varchar', '30', '03202626526'),
('po_over_charge', 'glsetup.purchase', 'int', '11', '10'),
('po_over_receive', 'glsetup.purchase', 'int', '11', '10'),
('pos_cash_account', 'gl_setup.general', 'tinyint', '1', ''),
('postal_address', 'setup.company', 'tinytext', '0', 'Ijaz Center'),
('print_invoice_no', 'glsetup.sales', 'tinyint', '1', '0'),
('print_item_images_on_quote', 'glsetup.inventory', 'tinyint', '1', ''),
('profit_loss_year_act', 'glsetup.general', 'varchar', '15', '503001'),
('purch_appr', 'glsetup.purchase', 'tinyint', '1', '0'),
('pyt_discount_act', 'glsetup.purchase', 'varchar', '15', '501006'),
('rest_cust_credit_limit', 'glsetup.customer', 'tinyint', '1', '0'),
('restrict_static_ip', 'setup.company', 'tinyint', '1', ''),
('retained_earnings_act', 'glsetup.general', 'varchar', '15', '302001'),
('round_to', 'setup.company', 'int', '5', '1'),
('sales_taxable', 'glsetup.purchase', 'tinyint', '1', '0'),
('same_cust_supp', 'glsetup.company', 'tinyint', '1', ''),
('shortname_name_in_list', 'setup.company', 'tinyint', '1', '1'),
('show_doc_ref', 'glsetup.purchase', 'tinyint', '1', ''),
('show_exact_total', 'glsetup.customer', 'tinyint', '1', ''),
('show_po_item_codes', 'glsetup.purchase', 'tinyint', '1', ''),
('show_prices_dn', 'glsetup.purchase', 'tinyint', '1', ''),
('show_text_qty', 'glsetup.customer', 'tinyint', '1', ''),
('show_text_qty2', 'glsetup.purchase', 'tinyint', '1', ''),
('show_view_creditnote', 'glsetup.customer', 'tinyint', '1', '1'),
('show_view_delivery', 'glsetup.customer', 'tinyint', '1', '1'),
('show_view_invoice', 'glsetup.customer', 'tinyint', '1', '1'),
('show_view_purch', 'glsetup.purchase', 'tinyint', '1', '1'),
('show_view_quot', 'glsetup.customer', 'tinyint', '1', '1'),
('show_view_sale', 'glsetup.customer', 'tinyint', '1', '1'),
('sst_no', 'setup.company', 'varchar', '25', ''),
('supp_category', 'setup.company', 'tinyint', '1', ''),
('supp_item', 'glsetup.purchase', 'tinyint', '1', ''),
('suppress_tax_rates', 'setup.company', 'tinyint', '1', ''),
('tax_algorithm', 'glsetup.customer', 'tinyint', '1', '1'),
('tax_last', 'setup.company', 'int', '11', '1'),
('tax_prd', 'setup.company', 'int', '11', '3'),
('time_zone', 'setup.company', 'tinyint', '1', '0'),
('Unassemble_costing_breakup', 'setup.company', 'tinyint', '1', ''),
('use_crm', 'setup.company', 'tinyint', '1', '1'),
('use_dimension', 'setup.company', 'tinyint', '1', '1'),
('use_fixed_assets', 'setup.company', 'tinyint', '1', '1'),
('use_hr', 'setup.company', 'tinyint', '1', '0'),
('use_manufacturing', 'setup.company', 'tinyint', '1', '1'),
('use_payroll', 'setup.company', 'tinyint', '1', '0'),
('use_pos', 'setup.company', 'tinyint', '1', '0'),
('user_bank', 'setup.company', 'tinyint', '1', ''),
('user_cust', 'setup.company', 'tinyint', '1', ''),
('version_id', 'system', 'varchar', '11', '2.4.1'),
('website', 'setup.company', 'varchar', '30', '');

### Structure of table `0_sys_prefs_new` ###

DROP TABLE IF EXISTS `0_sys_prefs_new`;

CREATE TABLE `0_sys_prefs_new` (
  `name` varchar(50) CHARACTER SET utf8mb4 COLLATE utf8mb4_unicode_ci NOT NULL DEFAULT '',
  `value` text CHARACTER SET utf8mb4 COLLATE utf8mb4_unicode_ci NOT NULL
) ENGINE=InnoDB DEFAULT CHARSET=latin1 ;

### Data of table `0_sys_prefs_new` ###

INSERT INTO `0_sys_prefs_new` VALUES
('sales_quotation', '1'),
('sale_order_entry', '1'),
('delivery_against', '1'),
('customer_credit_note', '1'),
('invoice_against', '1'),
('direct_invoice', '1'),
('customer_payment', '1'),
('allocate', '1'),
('sales_quotation_inquiry', '1'),
('sale_order_inquiry', '1'),
('customer_inquiry', '1'),
('customer_allocate_inquiry', '1'),
('sales_reports', '1'),
('manage_customer', '1'),
('customer_branches', '1'),
('sales_group', '1'),
('sales_type', '1'),
('sales_persons', '1'),
('sales_areas', '1'),
('wht_types', ''),
('purchase_order', '1'),
('opom', '1'),
('direct_supplier_invoice', '1'),
('payments_suppliers', '1'),
('supplier_invoice', '1'),
('supplier_credit', '1'),
('allocates', '1'),
('purchase_order_inquiry', '1'),
('supplier_transaction_inquiry', '1'),
('allocate_inquiry', '1'),
('suppliers', ''),
('supplier_reports', '1'),
('inventry_location', '1'),
('inventory_adjustments', '1'),
('inventory_item_movemnets', '1'),
('inventory_item_status', '1'),
('inventory_reports', '1'),
('items', ''),
('foreign_item_codes', '1'),
('sales_kits', '1'),
('item_categories', '1'),
('inventory_locations', '1'),
('unit_measure', '1'),
('recorder_levels', '1'),
('import_csv', '1'),
('sales_pricing', '1'),
('purchase_pricing', '1'),
('standard_cost', '1'),
('bank_payments_voucher', '1'),
('bank_deposit_voucher', '1'),
('cash_payments_voucher', '1'),
('cash_receipt_voucher', '1'),
('bank_account_transfer', '1'),
('reconcile_account', '1'),
('gl', '1'),
('bank_account_inquiry', '1'),
('tax_inquiry', '1'),
('trial_balance', '1'),
('banking_reports', '1'),
('general_ledger', '1'),
('bank_account', '1'),
('quick_entries', '1'),
('account_tag', '1'),
('gl_account', '1'),
('gl_account_group', '1'),
('closing1', ''),
('journal_inquiry', '1'),
('company_setup', '1'),
('user_account_setup', '1'),
('access_setup', '1'),
('user_location', '1'),
('display_setup', '1'),
('transaction_ref', '1'),
('taxes', '1'),
('tax_group', '1'),
('item_tax_type', '1'),
('system_gl', '1'),
('fiscal_years', '1'),
('print_profile', '1'),
('payment_terms', '1'),
('shipping_company', '1'),
('point_sale', '1'),
('void_transaction', '1'),
('print_transaction', '1'),
('backup', '1'),
('drill_balance', '1'),
('pf_drill', '1'),
('delivery_against_text', 'Delivery Against Sales Orders'),
('invoice_against_text', 'Invoice Against Sales Delivery'),
('direct_invoice_text', 'Direct Invoice'),
('customer_payment_text', 'Customer Payments'),
('customer_credit_note_text', 'Customer Credit Note'),
('allocate_text', 'Allocate Customer Payments Or Credit Notes'),
('sales_quotation_inquiry_text', 'Sale Quotation Inquiry'),
('sale_order_inquiry_text', 'Sale Order Inquiry'),
('customer_inquiry_text', 'Customer Transaction Inquiry'),
('customer_allocate_inquiry_text', 'Customer Allocate Inquiry'),
('sales_reports_text', 'Customer And Sales Reports'),
('manage_customer_text', 'Add And Manage Customer'),
('customer_branches_text', 'Customer Branches'),
('sales_group_text', 'Sales Groups'),
('sales_type_text', 'Sales Type'),
('sales_persons_text', 'Sales Persons'),
('sales_areas_text', 'Sales Areas'),
('wht_types_text', 'WHT Types'),
('purchase_order_text', 'Purchase Order Entry'),
('opom_text', 'GRN against PO'),
('direct_supplier_invoice_text', 'Direct Supplier Invoice'),
('payments_suppliers_text', 'Payments To Suppliers'),
('supplier_invoice_text', 'Supplier Invoices'),
('supplier_credit_text', 'Supplier Credit Notes'),
('allocates_text', 'Allocate Supplier Payments Or Credit Notes'),
('purchase_order_inquiry_text', 'Purchase Order Inquiry'),
('supplier_transaction_inquiry_text', 'Supplier Transaction Inquiry'),
('allocate_inquiry_text', 'Supplier Allocation Inquiry'),
('supplier_reports_text', 'Purchase Reports'),
('suppliers_text', ''),
('inventry_location_text', 'Inventory Location Transfer'),
('inventory_adjustments_text', 'Inventory Adjustments'),
('inventory_item_movemnets_text', 'Inventory Item Movements'),
('inventory_item_status_text', 'Inventory Item Status'),
('inventory_reports_text', 'Item Reports'),
('items_text', ''),
('foreign_item_codes_text', 'Foreign Item Codes'),
('sales_kits_text', 'Sales Kits'),
('item_categories_text', 'Item Categories'),
('inventory_locations_text', 'Inventory Locations'),
('unit_measure_text', 'Units Of Measure'),
('recorder_levels_text', 'Re order levels'),
('import_csv_text', 'Import CSV Items'),
('sales_pricing_text', 'Sales Pricing'),
('purchase_pricing_text', 'Purchasing Pricing'),
('standard_cost_text', 'Standard Costs'),
('bank_payments_voucher_text', 'Bank Payments Voucher'),
('bank_deposit_voucher_text', 'Bank Deposits Voucher'),
('cash_payments_voucher_text', 'Cash Payment Voucher'),
('cash_receipt_voucher_text', 'Cash Receipt Voucher'),
('bank_account_transfer_text', 'Bank Account Transfer'),
('journal_entry_text', 'Journal Entry'),
('reconcile_account_text', 'Reconcile Bank Account'),
('journal_inquiry_text', 'Journal Inquiry'),
('gl_text', 'GL Inquiry'),
('bank_account_inquiry_text', 'Bank Account Inquiry'),
('tax_inquiry_text', 'Tax Inquiry'),
('trial_balance_text', 'Trial Balance'),
('pf_drill_text', 'Profit and Loss Drilldown'),
('drill_balance_text', 'Balance Sheet drilldown'),
('banking_reports_text', 'Banking Reports'),
('general_ledger_text', 'General Ledger Reports'),
('bank_account_text', 'Bank Account'),
('quick_entries_text', 'Quick Entries'),
('account_tag_text', 'Account Tags'),
('gl_account_text', 'GL Accounts'),
('gl_account_group_text', 'GL Account Groups'),
('closing_text1', ''),
('company_setup_text', 'Company Setup'),
('access_setup_text', 'Access Setup'),
('user_location_text', 'User Locations Access'),
('display_setup_text', 'Display Setup'),
('transaction_ref_text', 'Transaction References'),
('taxes_text', 'Sales Taxes'),
('tax_group_text', 'Sales Taxes Group'),
('item_tax_type_text', 'Item Sales Tax Type'),
('system_gl_text', 'System and General GL Setup'),
('fiscal_years_text', 'Fiscal Years'),
('print_profile_text', 'Print Profiles'),
('payment_terms_text', 'Payment Terms'),
('shipping_company_text', 'Shipping Company'),
('point_sale_text', 'Points Of Sale'),
('void_transaction_text', 'Void a Transaction'),
('print_transaction_text', 'View Or Print Transactions'),
('backup_text', 'Backup And Restore'),
('sales_quotation_text', 'Sale Quotation Entry'),
('sales_quotation', '1'),
('revaluation', '1'),
('closing', '1'),
('exchange_rates', '1'),
('currencies', '1'),
('revenue_cost', '1'),
('reconcile_account', '1'),
('gl_account_classes', '1'),
('revaluation_text', 'Revaluation'),
('closing_text', 'Closing GL Transactions'),
('exchange_rates_text', 'Exchange Rates'),
('currencies_text', 'Currencies'),
('revenue_cost_text', 'Revenue Cost'),
('reconcile_account_text', 'Reconcile Bank Account'),
('gl_account_classes_text', 'GL Account Classes'),
('sale_order_entry_text', 'Sale Order Entry'),
('journal_entry', '1'),
('user_account_setup_text', 'User Account Setup'),
('invoice_prepaid_order_text', 'Invoice Prepaid Orders'),
('invoice_prepaid_order', ''),
('sales_quotation', '1'),
('sale_order_entry', '1'),
('delivery_against', '1'),
('customer_credit_note', '1'),
('invoice_against', '1'),
('direct_invoice', '1'),
('customer_payment', '1'),
('allocate', '1'),
('sales_quotation_inquiry', '1'),
('sale_order_inquiry', '1'),
('customer_inquiry', '1'),
('customer_allocate_inquiry', '1'),
('sales_reports', '1'),
('manage_customer', '1'),
('customer_branches', '1'),
('sales_group', '1'),
('sales_type', '1'),
('sales_persons', '1'),
('sales_areas', '1'),
('wht_types', ''),
('purchase_order', '1'),
('opom', '1'),
('direct_supplier_invoice', '1'),
('payments_suppliers', '1'),
('supplier_invoice', '1'),
('supplier_credit', '1'),
('allocates', '1'),
('purchase_order_inquiry', '1'),
('supplier_transaction_inquiry', '1'),
('allocate_inquiry', '1'),
('suppliers', ''),
('supplier_reports', '1'),
('inventry_location', '1'),
('inventory_adjustments', '1'),
('inventory_item_movemnets', '1'),
('inventory_item_status', '1'),
('inventory_reports', '1'),
('items', ''),
('foreign_item_codes', '1'),
('sales_kits', '1'),
('item_categories', '1'),
('inventory_locations', '1'),
('unit_measure', '1'),
('recorder_levels', '1'),
('import_csv', '1'),
('sales_pricing', '1'),
('purchase_pricing', '1'),
('standard_cost', '1'),
('bank_payments_voucher', '1'),
('bank_deposit_voucher', '1'),
('cash_payments_voucher', '1'),
('cash_receipt_voucher', '1'),
('bank_account_transfer', '1'),
('reconcile_account', '1'),
('gl', '1'),
('bank_account_inquiry', '1'),
('tax_inquiry', '1'),
('trial_balance', '1'),
('banking_reports', '1'),
('general_ledger', '1'),
('bank_account', '1'),
('quick_entries', '1'),
('account_tag', '1'),
('gl_account', '1'),
('gl_account_group', '1'),
('closing1', ''),
('journal_inquiry', '1'),
('company_setup', '1'),
('user_account_setup', '1'),
('access_setup', '1'),
('user_location', '1'),
('display_setup', '1'),
('transaction_ref', '1'),
('taxes', '1'),
('tax_group', '1'),
('item_tax_type', '1'),
('system_gl', '1'),
('fiscal_years', '1'),
('print_profile', '1'),
('payment_terms', '1'),
('shipping_company', '1'),
('point_sale', '1'),
('void_transaction', '1'),
('print_transaction', '1'),
('backup', '1'),
('drill_balance', '1'),
('pf_drill', '1'),
('delivery_against_text', 'Delivery Against Sales Orders'),
('invoice_against_text', 'Invoice Against Sales Delivery'),
('direct_invoice_text', 'Direct Invoice'),
('customer_payment_text', 'Customer Payments'),
('customer_credit_note_text', 'Customer Credit Note'),
('allocate_text', 'Allocate Customer Payments Or Credit Notes'),
('sales_quotation_inquiry_text', 'Sale Quotation Inquiry'),
('sale_order_inquiry_text', 'Sale Order Inquiry'),
('customer_inquiry_text', 'Customer Transaction Inquiry'),
('customer_allocate_inquiry_text', 'Customer Allocate Inquiry'),
('sales_reports_text', 'Customer And Sales Reports'),
('manage_customer_text', 'Add And Manage Customer'),
('customer_branches_text', 'Customer Branches'),
('sales_group_text', 'Sales Groups'),
('sales_type_text', 'Sales Type'),
('sales_persons_text', 'Sales Persons'),
('sales_areas_text', 'Sales Areas'),
('wht_types_text', 'WHT Types'),
('purchase_order_text', 'Purchase Order Entry'),
('opom_text', 'GRN against PO'),
('direct_supplier_invoice_text', 'Direct Supplier Invoice'),
('payments_suppliers_text', 'Payments To Suppliers'),
('supplier_invoice_text', 'Supplier Invoices'),
('supplier_credit_text', 'Supplier Credit Notes'),
('allocates_text', 'Allocate Supplier Payments Or Credit Notes'),
('purchase_order_inquiry_text', 'Purchase Order Inquiry'),
('supplier_transaction_inquiry_text', 'Supplier Transaction Inquiry'),
('allocate_inquiry_text', 'Supplier Allocation Inquiry'),
('supplier_reports_text', 'Purchase Reports'),
('suppliers_text', ''),
('inventry_location_text', 'Inventory Location Transfer'),
('inventory_adjustments_text', 'Inventory Adjustments'),
('inventory_item_movemnets_text', 'Inventory Item Movements'),
('inventory_item_status_text', 'Inventory Item Status'),
('inventory_reports_text', 'Item Reports'),
('items_text', ''),
('foreign_item_codes_text', 'Foreign Item Codes'),
('sales_kits_text', 'Sales Kits'),
('item_categories_text', 'Item Categories'),
('inventory_locations_text', 'Inventory Locations'),
('unit_measure_text', 'Units Of Measure'),
('recorder_levels_text', 'Re order levels'),
('import_csv_text', 'Import CSV Items'),
('sales_pricing_text', 'Sales Pricing'),
('purchase_pricing_text', 'Purchasing Pricing'),
('standard_cost_text', 'Standard Costs'),
('bank_payments_voucher_text', 'Bank Payments Voucher'),
('bank_deposit_voucher_text', 'Bank Deposits Voucher'),
('cash_payments_voucher_text', 'Cash Payment Voucher'),
('cash_receipt_voucher_text', 'Cash Receipt Voucher'),
('bank_account_transfer_text', 'Bank Account Transfer'),
('journal_entry_text', 'Journal Entry'),
('reconcile_account_text', 'Reconcile Bank Account'),
('journal_inquiry_text', 'Journal Inquiry'),
('gl_text', 'GL Inquiry'),
('bank_account_inquiry_text', 'Bank Account Inquiry'),
('tax_inquiry_text', 'Tax Inquiry'),
('trial_balance_text', 'Trial Balance'),
('pf_drill_text', 'Profit and Loss Drilldown'),
('drill_balance_text', 'Balance Sheet drilldown'),
('banking_reports_text', 'Banking Reports'),
('general_ledger_text', 'General Ledger Reports'),
('bank_account_text', 'Bank Account'),
('quick_entries_text', 'Quick Entries'),
('account_tag_text', 'Account Tags'),
('gl_account_text', 'GL Accounts'),
('gl_account_group_text', 'GL Account Groups'),
('closing_text1', ''),
('company_setup_text', 'Company Setup'),
('access_setup_text', 'Access Setup'),
('user_location_text', 'User Locations Access'),
('display_setup_text', 'Display Setup'),
('transaction_ref_text', 'Transaction References'),
('taxes_text', 'Sales Taxes'),
('tax_group_text', 'Sales Taxes Group'),
('item_tax_type_text', 'Item Sales Tax Type'),
('system_gl_text', 'System and General GL Setup'),
('fiscal_years_text', 'Fiscal Years'),
('print_profile_text', 'Print Profiles'),
('payment_terms_text', 'Payment Terms'),
('shipping_company_text', 'Shipping Company'),
('point_sale_text', 'Points Of Sale'),
('void_transaction_text', 'Void a Transaction'),
('print_transaction_text', 'View Or Print Transactions'),
('backup_text', 'Backup And Restore'),
('sales_quotation_text', 'Sale Quotation Entry'),
('sales_quotation', '1'),
('revaluation', '1'),
('closing', '1'),
('exchange_rates', '1'),
('currencies', '1'),
('revenue_cost', '1'),
('reconcile_account', '1'),
('gl_account_classes', '1'),
('revaluation_text', 'Revaluation'),
('closing_text', 'Closing GL Transactions'),
('exchange_rates_text', 'Exchange Rates'),
('currencies_text', 'Currencies'),
('revenue_cost_text', 'Revenue Cost'),
('reconcile_account_text', 'Reconcile Bank Account'),
('gl_account_classes_text', 'GL Account Classes'),
('sale_order_entry_text', 'Sale Order Entry'),
('journal_entry', '1'),
('user_account_setup_text', 'User Account Setup'),
('complete_voucher_text', 'Voucher Inquiry'),
('complete_voucher', '1'),
('invoice_prepaid_order', ''),
('invoice_prepaid_order_text', 'Invoice Prepaid Orders'),
('work_order_entry', '1'),
('outstanding_work_order', '1'),
('costed_bill_material', '1'),
('inventory_item_where_used', '1'),
('work_order_inquiry', '1'),
('manufacturing_reports', '1'),
('bill_of_material', '1'),
('work_center', '1'),
('work_order_entry_text', 'Work Order Assemble'),
('outstanding_work_order_text', 'Outstanding Work Orders'),
('costed_bill_material_text', 'Costed Bill Of Material Inquiry'),
('inventory_item_where_used_text', 'Inventory Item Where Used Inquiry'),
('work_order_inquiry_text', 'Work Order Inquiry'),
('manufacturing_reports_text', 'Manufacturing Reports'),
('bill_of_material_text', 'Bills Of Material'),
('work_center_text', 'Work Center'),
('dimension_entry', '1'),
('outstanding_dimension', '1'),
('dimension_inquiry', '1'),
('dimension_reports', '1'),
('dimension_tags', '1'),
('dimension_entry_text', 'Dimension Entry'),
('outstanding_dimension_text', 'Outstanding Dimension'),
('dimension_inquiry_text', 'Dimension Inquiry'),
('dimension_reports_text', 'Dimension Reports'),
('dimension_tags_text', 'Dimension Tags'),
('sales', '1'),
('sales_text', 'Sales'),
('purchase', '1'),
('purchase_text', 'Purchase'),
('item', '1'),
('item_text', 'Items and Inventory'),
('dim', '1'),
('dim_text', 'Dimension'),
('setup', '1'),
('setup_text', 'Setup'),
('ledger', '1'),
('ledger_text', 'General Ledger'),
('manufacture', '1'),
('manufacture_text', 'Manufacturing'),
('import_gl', '1'),
('import_gl_text', 'Import GL'),
('daily_movement', '1'),
('daily_movement_text', 'Daily Inventory Movements'),
('attach_documents', '1'),
('attach_documents_text', 'Attach Documents'),
('merge_customers', ''),
('merge_customers_text', 'Merge Customers'),
('import_customer', ''),
('import_customer_text', 'Import Customers'),
('import_customer_opening', ''),
('import_customer_opening_text', 'Import CVS Customers Opening'),
('sales_order_entry', '1'),
('sales_order_entry_text', 'Sales Order Entry'),
('sales_order_entry_mobile', ''),
('sales_order_entry_mobile_text', 'Sales Order Entry For Mobile'),
('requisition_entries', '1'),
('requisition_entries_text', 'Requisition Entries'),
('requisition_allocation', '1'),
('requisition_allocation_text', 'Requisition Allocation'),
('import_supplier', ''),
('import_supplier_text', 'Import Supplier'),
('import_purchase', '1'),
('import_purchase_text', 'Import Purchase'),
('import_purchase_price', ''),
('import_purchase_price_text', 'Import Purchase Price'),
('purchase_requisitions_inquiry', '1'),
('purchase_requisitions_inquiry_text', 'Purchase Requisitions Inquiry'),
('direct_grn', '1'),
('direct_grn_text', 'Direct GRN'),
('printers', ''),
('printers_text', 'Printers'),
('contact_categories', ''),
('contact_categories_text', 'Contact Categories'),
('direct_delivery_text', 'Direct Delivery'),
('direct_delivery', ''),
('template_delivery_text', 'Template Delivery'),
('template_delivery', ''),
('template_invoice_text', 'Template Invoice'),
('template_invoice', ''),
('create_print_recurrent_text', 'Create Print Recurrent'),
('create_print_recurrent', ''),
('recurrent_invoice_text', 'Recurrent Invoice'),
('recurrent_invoice', ''),
('credit_status_setup_text', 'Credit Status Setup'),
('credit_status_setup', ''),
('import_sup_text', 'Import OB Suppliers'),
('import_sup', ''),
('purchase_email_text', 'Purchase Email'),
('purchase_email', ''),
('purchase_return_text', 'Import Purchase Return'),
('purchase_return', ''),
('sales_email_text', 'Sales Email'),
('sales_email', ''),
('import_bulk_invoice_text', 'Import Bulk Invoices'),
('import_bulk_invoice', ''),
('import_bulk_credit_text', 'Import Bulk Credits'),
('import_bulk_credit', ''),
('budget_entry_text', 'Budget Entry'),
('budget_entry', '1'),
('gl_account_transfer_text', 'GL Account Transfer'),
('gl_account_transfer', '1'),
('journal_inquiry2_text', 'Journal Inquiry2'),
('journal_inquiry2', '1'),
('pos_text', 'POS'),
('pos', '1'),
('daily_inventory_movements_text', 'Daily Inventory Movements'),
('daily_inventory_movements', '1'),
('add_and_manage_text', 'Add And Manage Items'),
('add_and_manage', '1'),
('import_opening_balance_text', 'Import Opening Balances'),
('import_opening_balance', '1'),
('updated_items_text', 'Update Item Code'),
('updated_items', '1'),
('cash_flow_statement_text', 'Cash Flow Statement'),
('cash_flow_statement', '1'),
('user_bank_access_text', 'User BankAccess'),
('user_bank_access', '1'),
('report_form_text', 'Report Form Setup'),
('report_form', '1'),
('attach_document_text', 'Attach Documents'),
('attach_document', '1'),
('add_task_text', 'Add Tasks'),
('add_task', '1'),
('add_call_text', 'Add\r\nCall'),
('add_call', '1'),
('add_event_text', 'Add Event'),
('add_event', '1'),
('add_query_text', 'Add Query'),
('add_query', '1'),
('task_inquiry_text', 'Tasks Inquiry'),
('task_inquiry', '1'),
('task_grid_text', 'Tasks Grid'),
('task_grid', '1'),
('knowledge_base_text', 'Knowledge Base Inquiry'),
('knowledge_base', '1'),
('query_inquiry_text', 'Query Inquiry'),
('query_inquiry', '1'),
('call_log_text', 'Call Log'),
('call_log', '1'),
('calender_text', 'Calendar'),
('calender', '1'),
('add_customer_text', 'Add Customers'),
('add_customer', '1'),
('task_status_text', 'Task Status'),
('task_status', '1'),
('duration_text', 'Duration'),
('duration', '1'),
('call_type_text', 'Call Type'),
('call_type', '1'),
('query_source_text', 'Query Source'),
('query_source', '1'),
('query_status_text', 'Query Status'),
('query_status', '1'),
('settings_text', 'Settings'),
('settings', '1'),
('knowledge_base_cat_text', 'Knowledge Base Category'),
('knowledge_base_cat', '1'),
('add_kba_text', 'Add Knowledge Base attachments'),
('add_kba', '1'),
('print_reports_text', 'Print Reports'),
('print_reports', '1'),
('fixed_purchase_text', 'Fixed Assets Purchase'),
('fixed_purchase', '1'),
('fixed_location_transfer_text', 'Fixed Assets Location Transfers'),
('fixed_location_transfer', '1'),
('fixed_disposal_text', 'Fixed Assets Disposal'),
('fixed_disposal', '1'),
('asset_sale_text', 'Fixed Assets Sale'),
('asset_sale', '1'),
('process_depreciation_text', 'Process Depreciation'),
('process_depreciation', '1'),
('asset_movements_text', 'Fixed Assets Movements'),
('asset_movements', '1'),
('asset_inquiry_text', 'Fixed Assets Inquiry'),
('asset_inquiry', '1'),
('assets_reports_text', 'Fixed Assets Reports'),
('assets_reports', '1'),
('fixed_assets_text', 'Fixed And Assets'),
('fixed_assets', '1'),
('fixed_assets_locations_text', 'Fixed Assets Locations'),
('fixed_assets_locations', '1'),
('fixed_assets_categories_text', 'Fixed Assets Categories'),
('fixed_assets_categories', '1'),
('fixed_assets_classes_text', 'Fixed Assets Classes'),
('fixed_assets_classes', '1'),
('sale_report_text', 'Sale Reports'),
('sale_report', '1'),
('gl_reports_text', 'General Ledger Reports'),
('gl_reports', '1'),
('supplier_reports_text', 'Purchase Reports'),
('supplier_reports', '1'),
('inventory_reports_text', 'Item Reports'),
('inventory_reports', '1'),
('manufacturing_text', 'Manufacturing Reports'),
('manufacturing', '1'),
('fixed_assets_reports_text', 'Fixed Assets Reports'),
('fixed_assets_reports', '1'),
('banking_reports_text', 'Banking Reports'),
('banking_reports', '1'),
('dim_reports_text', 'Dimension Reports'),
('dim_reports', '1'),
('manage_supplier', '1'),
('manage_supplier_text', 'Add And Manage Supplier'),
('manage_supplier', '1'),
('manage_supplier_text', 'Add And Manage Supplier'),
('work_order_entry_multiple', '1'),
('work_order_entry_multiple_text', 'Work Order Entry Multiple'),
('crm', '1'),
('crm_text', 'CRM'),
('fixed_assets', '1'),
('fixed_assets_text', 'Fixed Assets'),
('reports', '1'),
('reports_text', 'Reporting'),
('assets', '1'),
('assets_text', 'Fixed Assets'),
('tax_inquiry_cash', '1'),
('tax_inquiry_cash_text', 'Tax Inquiry (Cash Basis)'),
('import_transaction', '1'),
('import_transaction_text', 'Import Transaction '),
('import_multiple_journal', '1'),
('import_multiple_journal_text', 'Import Multiple Journal Entries'),
('grn_search', ''),
('grn_search_text', 'Grn search'),
('sales_quotation', '1'),
('sale_order_entry', '1'),
('delivery_against', '1'),
('customer_credit_note', '1'),
('invoice_against', '1'),
('direct_invoice', '1'),
('customer_payment', '1'),
('allocate', '1'),
('sales_quotation_inquiry', '1'),
('sale_order_inquiry', '1'),
('customer_inquiry', '1'),
('customer_allocate_inquiry', '1'),
('sales_reports', '1'),
('manage_customer', '1'),
('customer_branches', '1'),
('sales_group', '1'),
('sales_type', '1'),
('sales_persons', '1'),
('sales_areas', '1'),
('wht_types', ''),
('purchase_order', '1'),
('opom', '1'),
('direct_supplier_invoice', '1'),
('payments_suppliers', '1'),
('supplier_invoice', '1'),
('supplier_credit', '1'),
('allocates', '1'),
('purchase_order_inquiry', '1'),
('supplier_transaction_inquiry', '1'),
('allocate_inquiry', '1'),
('suppliers', ''),
('supplier_reports', '1'),
('inventry_location', '1'),
('inventory_adjustments', '1'),
('inventory_item_movemnets', '1'),
('inventory_item_status', '1'),
('inventory_reports', '1'),
('items', ''),
('foreign_item_codes', '1'),
('sales_kits', '1'),
('item_categories', '1'),
('inventory_locations', '1'),
('unit_measure', '1'),
('recorder_levels', '1'),
('import_csv', '1'),
('sales_pricing', '1'),
('purchase_pricing', '1'),
('standard_cost', '1'),
('bank_payments_voucher', '1'),
('bank_deposit_voucher', '1'),
('cash_payments_voucher', '1'),
('cash_receipt_voucher', '1'),
('bank_account_transfer', '1'),
('reconcile_account', '1'),
('gl', '1'),
('bank_account_inquiry', '1'),
('tax_inquiry', '1'),
('trial_balance', '1'),
('banking_reports', '1'),
('general_ledger', '1'),
('bank_account', '1'),
('quick_entries', '1'),
('account_tag', '1'),
('gl_account', '1'),
('gl_account_group', '1'),
('closing1', ''),
('journal_inquiry', '1'),
('company_setup', '1'),
('user_account_setup', '1'),
('access_setup', '1'),
('user_location', '1'),
('display_setup', '1'),
('transaction_ref', '1'),
('taxes', '1'),
('tax_group', '1'),
('item_tax_type', '1'),
('system_gl', '1'),
('fiscal_years', '1'),
('print_profile', '1'),
('payment_terms', '1'),
('shipping_company', '1'),
('point_sale', '1'),
('void_transaction', '1'),
('print_transaction', '1'),
('backup', '1'),
('drill_balance', '1'),
('pf_drill', '1'),
('delivery_against_text', 'Delivery Against Sales Orders'),
('invoice_against_text', 'Invoice Against Sales Delivery'),
('direct_invoice_text', 'Direct Invoice'),
('customer_payment_text', 'Customer Payments'),
('customer_credit_note_text', 'Customer Credit Note'),
('allocate_text', 'Allocate Customer Payments Or Credit Notes'),
('sales_quotation_inquiry_text', 'Sale Quotation Inquiry'),
('sale_order_inquiry_text', 'Sale Order Inquiry'),
('customer_inquiry_text', 'Customer Transaction Inquiry'),
('customer_allocate_inquiry_text', 'Customer Allocate Inquiry'),
('sales_reports_text', 'Customer And Sales Reports'),
('manage_customer_text', 'Add And Manage Customer'),
('customer_branches_text', 'Customer Branches'),
('sales_group_text', 'Sales Groups'),
('sales_type_text', 'Sales Type'),
('sales_persons_text', 'Sales Persons'),
('sales_areas_text', 'Sales Areas'),
('wht_types_text', 'WHT Types'),
('purchase_order_text', 'Purchase Order Entry'),
('opom_text', 'GRN against PO'),
('direct_supplier_invoice_text', 'Direct Supplier Invoice'),
('payments_suppliers_text', 'Payments To Suppliers'),
('supplier_invoice_text', 'Supplier Invoices'),
('supplier_credit_text', 'Supplier Credit Notes'),
('allocates_text', 'Allocate Supplier Payments Or Credit Notes'),
('purchase_order_inquiry_text', 'Purchase Order Inquiry'),
('supplier_transaction_inquiry_text', 'Supplier Transaction Inquiry'),
('allocate_inquiry_text', 'Supplier Allocation Inquiry'),
('supplier_reports_text', 'Purchase Reports'),
('suppliers_text', ''),
('inventry_location_text', 'Inventory Location Transfer'),
('inventory_adjustments_text', 'Inventory Adjustments'),
('inventory_item_movemnets_text', 'Inventory Item Movements'),
('inventory_item_status_text', 'Inventory Item Status'),
('inventory_reports_text', 'Item Reports'),
('items_text', ''),
('foreign_item_codes_text', 'Foreign Item Codes'),
('sales_kits_text', 'Sales Kits'),
('item_categories_text', 'Item Categories'),
('inventory_locations_text', 'Inventory Locations'),
('unit_measure_text', 'Units Of Measure'),
('recorder_levels_text', 'Re order levels'),
('import_csv_text', 'Import CSV Items'),
('sales_pricing_text', 'Sales Pricing'),
('purchase_pricing_text', 'Purchasing Pricing'),
('standard_cost_text', 'Standard Costs'),
('bank_payments_voucher_text', 'Bank Payments Voucher'),
('bank_deposit_voucher_text', 'Bank Deposits Voucher'),
('cash_payments_voucher_text', 'Cash Payment Voucher'),
('cash_receipt_voucher_text', 'Cash Receipt Voucher'),
('bank_account_transfer_text', 'Bank Account Transfer'),
('journal_entry_text', 'Journal Entry'),
('reconcile_account_text', 'Reconcile Bank Account'),
('journal_inquiry_text', 'Journal Inquiry'),
('gl_text', 'GL Inquiry'),
('bank_account_inquiry_text', 'Bank Account Inquiry'),
('tax_inquiry_text', 'Tax Inquiry'),
('trial_balance_text', 'Trial Balance'),
('pf_drill_text', 'Profit and Loss Drilldown'),
('drill_balance_text', 'Balance Sheet drilldown'),
('banking_reports_text', 'Banking Reports'),
('general_ledger_text', 'General Ledger Reports'),
('bank_account_text', 'Bank Account'),
('quick_entries_text', 'Quick Entries'),
('account_tag_text', 'Account Tags'),
('gl_account_text', 'GL Accounts'),
('gl_account_group_text', 'GL Account Groups'),
('closing_text1', ''),
('company_setup_text', 'Company Setup'),
('access_setup_text', 'Access Setup'),
('user_location_text', 'User Locations Access'),
('display_setup_text', 'Display Setup'),
('transaction_ref_text', 'Transaction References'),
('taxes_text', 'Sales Taxes'),
('tax_group_text', 'Sales Taxes Group'),
('item_tax_type_text', 'Item Sales Tax Type'),
('system_gl_text', 'System and General GL Setup'),
('fiscal_years_text', 'Fiscal Years'),
('print_profile_text', 'Print Profiles'),
('payment_terms_text', 'Payment Terms'),
('shipping_company_text', 'Shipping Company'),
('point_sale_text', 'Points Of Sale'),
('void_transaction_text', 'Void a Transaction'),
('print_transaction_text', 'View Or Print Transactions'),
('backup_text', 'Backup And Restore'),
('sales_quotation_text', 'Sale Quotation Entry'),
('sales_quotation', '1'),
('revaluation', '1'),
('closing', '1'),
('exchange_rates', '1'),
('currencies', '1'),
('revenue_cost', '1'),
('reconcile_account', '1'),
('gl_account_classes', '1'),
('revaluation_text', 'Revaluation'),
('closing_text', 'Closing GL Transactions'),
('exchange_rates_text', 'Exchange Rates'),
('currencies_text', 'Currencies'),
('revenue_cost_text', 'Revenue Cost'),
('reconcile_account_text', 'Reconcile Bank Account'),
('gl_account_classes_text', 'GL Account Classes'),
('sale_order_entry_text', 'Sale Order Entry'),
('journal_entry', '1'),
('user_account_setup_text', 'User Account Setup'),
('invoice_prepaid_order_text', 'Invoice Prepaid Orders'),
('invoice_prepaid_order', ''),
('sales_quotation', '1'),
('sale_order_entry', '1'),
('delivery_against', '1'),
('customer_credit_note', '1'),
('invoice_against', '1'),
('direct_invoice', '1'),
('customer_payment', '1'),
('allocate', '1'),
('sales_quotation_inquiry', '1'),
('sale_order_inquiry', '1'),
('customer_inquiry', '1'),
('customer_allocate_inquiry', '1'),
('sales_reports', '1'),
('manage_customer', '1'),
('customer_branches', '1'),
('sales_group', '1'),
('sales_type', '1'),
('sales_persons', '1'),
('sales_areas', '1'),
('wht_types', ''),
('purchase_order', '1'),
('opom', '1'),
('direct_supplier_invoice', '1'),
('payments_suppliers', '1'),
('supplier_invoice', '1'),
('supplier_credit', '1'),
('allocates', '1'),
('purchase_order_inquiry', '1'),
('supplier_transaction_inquiry', '1'),
('allocate_inquiry', '1'),
('suppliers', ''),
('supplier_reports', '1'),
('inventry_location', '1'),
('inventory_adjustments', '1'),
('inventory_item_movemnets', '1'),
('inventory_item_status', '1'),
('inventory_reports', '1'),
('items', ''),
('foreign_item_codes', '1'),
('sales_kits', '1'),
('item_categories', '1'),
('inventory_locations', '1'),
('unit_measure', '1'),
('recorder_levels', '1'),
('import_csv', '1'),
('sales_pricing', '1'),
('purchase_pricing', '1'),
('standard_cost', '1'),
('bank_payments_voucher', '1'),
('bank_deposit_voucher', '1'),
('cash_payments_voucher', '1'),
('cash_receipt_voucher', '1'),
('bank_account_transfer', '1'),
('reconcile_account', '1'),
('gl', '1'),
('bank_account_inquiry', '1'),
('tax_inquiry', '1'),
('trial_balance', '1'),
('banking_reports', '1'),
('general_ledger', '1'),
('bank_account', '1'),
('quick_entries', '1'),
('account_tag', '1'),
('gl_account', '1'),
('gl_account_group', '1'),
('closing1', ''),
('journal_inquiry', '1'),
('company_setup', '1'),
('user_account_setup', '1'),
('access_setup', '1'),
('user_location', '1'),
('display_setup', '1'),
('transaction_ref', '1'),
('taxes', '1'),
('tax_group', '1'),
('item_tax_type', '1'),
('system_gl', '1'),
('fiscal_years', '1'),
('print_profile', '1'),
('payment_terms', '1'),
('shipping_company', '1'),
('point_sale', '1'),
('void_transaction', '1'),
('print_transaction', '1'),
('backup', '1'),
('drill_balance', '1'),
('pf_drill', '1'),
('delivery_against_text', 'Delivery Against Sales Orders'),
('invoice_against_text', 'Invoice Against Sales Delivery'),
('direct_invoice_text', 'Direct Invoice'),
('customer_payment_text', 'Customer Payments'),
('customer_credit_note_text', 'Customer Credit Note'),
('allocate_text', 'Allocate Customer Payments Or Credit Notes'),
('sales_quotation_inquiry_text', 'Sale Quotation Inquiry'),
('sale_order_inquiry_text', 'Sale Order Inquiry'),
('customer_inquiry_text', 'Customer Transaction Inquiry'),
('customer_allocate_inquiry_text', 'Customer Allocate Inquiry'),
('sales_reports_text', 'Customer And Sales Reports'),
('manage_customer_text', 'Add And Manage Customer'),
('customer_branches_text', 'Customer Branches'),
('sales_group_text', 'Sales Groups'),
('sales_type_text', 'Sales Type'),
('sales_persons_text', 'Sales Persons'),
('sales_areas_text', 'Sales Areas'),
('wht_types_text', 'WHT Types'),
('purchase_order_text', 'Purchase Order Entry'),
('opom_text', 'GRN against PO'),
('direct_supplier_invoice_text', 'Direct Supplier Invoice'),
('payments_suppliers_text', 'Payments To Suppliers'),
('supplier_invoice_text', 'Supplier Invoices'),
('supplier_credit_text', 'Supplier Credit Notes'),
('allocates_text', 'Allocate Supplier Payments Or Credit Notes'),
('purchase_order_inquiry_text', 'Purchase Order Inquiry'),
('supplier_transaction_inquiry_text', 'Supplier Transaction Inquiry'),
('allocate_inquiry_text', 'Supplier Allocation Inquiry'),
('supplier_reports_text', 'Purchase Reports'),
('suppliers_text', ''),
('inventry_location_text', 'Inventory Location Transfer'),
('inventory_adjustments_text', 'Inventory Adjustments'),
('inventory_item_movemnets_text', 'Inventory Item Movements'),
('inventory_item_status_text', 'Inventory Item Status'),
('inventory_reports_text', 'Item Reports'),
('items_text', ''),
('foreign_item_codes_text', 'Foreign Item Codes'),
('sales_kits_text', 'Sales Kits'),
('item_categories_text', 'Item Categories'),
('inventory_locations_text', 'Inventory Locations'),
('unit_measure_text', 'Units Of Measure'),
('recorder_levels_text', 'Re order levels'),
('import_csv_text', 'Import CSV Items'),
('sales_pricing_text', 'Sales Pricing'),
('purchase_pricing_text', 'Purchasing Pricing'),
('standard_cost_text', 'Standard Costs'),
('bank_payments_voucher_text', 'Bank Payments Voucher'),
('bank_deposit_voucher_text', 'Bank Deposits Voucher'),
('cash_payments_voucher_text', 'Cash Payment Voucher'),
('cash_receipt_voucher_text', 'Cash Receipt Voucher'),
('bank_account_transfer_text', 'Bank Account Transfer'),
('journal_entry_text', 'Journal Entry'),
('reconcile_account_text', 'Reconcile Bank Account'),
('journal_inquiry_text', 'Journal Inquiry'),
('gl_text', 'GL Inquiry'),
('bank_account_inquiry_text', 'Bank Account Inquiry'),
('tax_inquiry_text', 'Tax Inquiry'),
('trial_balance_text', 'Trial Balance'),
('pf_drill_text', 'Profit and Loss Drilldown'),
('drill_balance_text', 'Balance Sheet drilldown'),
('banking_reports_text', 'Banking Reports'),
('general_ledger_text', 'General Ledger Reports'),
('bank_account_text', 'Bank Account'),
('quick_entries_text', 'Quick Entries'),
('account_tag_text', 'Account Tags'),
('gl_account_text', 'GL Accounts'),
('gl_account_group_text', 'GL Account Groups'),
('closing_text1', ''),
('company_setup_text', 'Company Setup'),
('access_setup_text', 'Access Setup'),
('user_location_text', 'User Locations Access'),
('display_setup_text', 'Display Setup'),
('transaction_ref_text', 'Transaction References'),
('taxes_text', 'Sales Taxes'),
('tax_group_text', 'Sales Taxes Group'),
('item_tax_type_text', 'Item Sales Tax Type'),
('system_gl_text', 'System and General GL Setup'),
('fiscal_years_text', 'Fiscal Years'),
('print_profile_text', 'Print Profiles'),
('payment_terms_text', 'Payment Terms'),
('shipping_company_text', 'Shipping Company'),
('point_sale_text', 'Points Of Sale'),
('void_transaction_text', 'Void a Transaction'),
('print_transaction_text', 'View Or Print Transactions'),
('backup_text', 'Backup And Restore'),
('sales_quotation_text', 'Sale Quotation Entry'),
('sales_quotation', '1'),
('revaluation', '1'),
('closing', '1'),
('exchange_rates', '1'),
('currencies', '1'),
('revenue_cost', '1'),
('reconcile_account', '1'),
('gl_account_classes', '1'),
('revaluation_text', 'Revaluation'),
('closing_text', 'Closing GL Transactions'),
('exchange_rates_text', 'Exchange Rates'),
('currencies_text', 'Currencies'),
('revenue_cost_text', 'Revenue Cost'),
('reconcile_account_text', 'Reconcile Bank Account'),
('gl_account_classes_text', 'GL Account Classes'),
('sale_order_entry_text', 'Sale Order Entry'),
('journal_entry', '1'),
('user_account_setup_text', 'User Account Setup'),
('complete_voucher_text', 'Voucher Inquiry'),
('complete_voucher', '1'),
('invoice_prepaid_order', ''),
('invoice_prepaid_order_text', 'Invoice Prepaid Orders'),
('work_order_entry', '1'),
('outstanding_work_order', '1'),
('costed_bill_material', '1'),
('inventory_item_where_used', '1'),
('work_order_inquiry', '1'),
('manufacturing_reports', '1'),
('bill_of_material', '1'),
('work_center', '1'),
('work_order_entry_text', 'Work Order Assemble'),
('outstanding_work_order_text', 'Outstanding Work Orders'),
('costed_bill_material_text', 'Costed Bill Of Material Inquiry'),
('inventory_item_where_used_text', 'Inventory Item Where Used Inquiry'),
('work_order_inquiry_text', 'Work Order Inquiry'),
('manufacturing_reports_text', 'Manufacturing Reports'),
('bill_of_material_text', 'Bills Of Material'),
('work_center_text', 'Work Center'),
('dimension_entry', '1'),
('outstanding_dimension', '1'),
('dimension_inquiry', '1'),
('dimension_reports', '1'),
('dimension_tags', '1'),
('dimension_entry_text', 'Dimension Entry'),
('outstanding_dimension_text', 'Outstanding Dimension'),
('dimension_inquiry_text', 'Dimension Inquiry'),
('dimension_reports_text', 'Dimension Reports'),
('dimension_tags_text', 'Dimension Tags'),
('sales', '1'),
('sales_text', 'Sales'),
('purchase', '1'),
('purchase_text', 'Purchase'),
('item', '1'),
('item_text', 'Items and Inventory'),
('dim', '1'),
('dim_text', 'Dimension'),
('setup', '1'),
('setup_text', 'Setup'),
('ledger', '1'),
('ledger_text', 'General Ledger'),
('manufacture', '1'),
('manufacture_text', 'Manufacturing'),
('import_gl', '1'),
('import_gl_text', 'Import GL'),
('daily_movement', '1'),
('daily_movement_text', 'Daily Inventory Movements'),
('attach_documents', '1'),
('attach_documents_text', 'Attach Documents'),
('merge_customers', ''),
('merge_customers_text', 'Merge Customers'),
('import_customer', ''),
('import_customer_text', 'Import Customers'),
('import_customer_opening', ''),
('import_customer_opening_text', 'Import CVS Customers Opening'),
('sales_order_entry', '1'),
('sales_order_entry_text', 'Sales Order Entry'),
('sales_order_entry_mobile', ''),
('sales_order_entry_mobile_text', 'Sales Order Entry For Mobile'),
('requisition_entries', '1'),
('requisition_entries_text', 'Requisition Entries'),
('requisition_allocation', '1'),
('requisition_allocation_text', 'Requisition Allocation'),
('import_supplier', ''),
('import_supplier_text', 'Import Supplier'),
('import_purchase', '1'),
('import_purchase_text', 'Import Purchase'),
('import_purchase_price', ''),
('import_purchase_price_text', 'Import Purchase Price'),
('purchase_requisitions_inquiry', '1'),
('purchase_requisitions_inquiry_text', 'Purchase Requisitions Inquiry'),
('direct_grn', '1'),
('direct_grn_text', 'Direct GRN'),
('printers', ''),
('printers_text', 'Printers'),
('contact_categories', ''),
('contact_categories_text', 'Contact Categories'),
('direct_delivery_text', 'Direct Delivery'),
('direct_delivery', ''),
('template_delivery_text', 'Template Delivery'),
('template_delivery', ''),
('template_invoice_text', 'Template Invoice'),
('template_invoice', ''),
('create_print_recurrent_text', 'Create Print Recurrent'),
('create_print_recurrent', ''),
('recurrent_invoice_text', 'Recurrent Invoice'),
('recurrent_invoice', ''),
('credit_status_setup_text', 'Credit Status Setup'),
('credit_status_setup', ''),
('import_sup_text', 'Import OB Suppliers'),
('import_sup', ''),
('purchase_email_text', 'Purchase Email'),
('purchase_email', ''),
('purchase_return_text', 'Import Purchase Return'),
('purchase_return', ''),
('sales_email_text', 'Sales Email'),
('sales_email', ''),
('import_bulk_invoice_text', 'Import Bulk Invoices'),
('import_bulk_invoice', ''),
('import_bulk_credit_text', 'Import Bulk Credits'),
('import_bulk_credit', ''),
('budget_entry_text', 'Budget Entry'),
('budget_entry', '1'),
('gl_account_transfer_text', 'GL Account Transfer'),
('gl_account_transfer', '1'),
('journal_inquiry2_text', 'Journal Inquiry2'),
('journal_inquiry2', '1'),
('pos_text', 'POS'),
('pos', '1'),
('daily_inventory_movements_text', 'Daily Inventory Movements'),
('daily_inventory_movements', '1'),
('add_and_manage_text', 'Add And Manage Items'),
('add_and_manage', '1'),
('import_opening_balance_text', 'Import Opening Balances'),
('import_opening_balance', '1'),
('updated_items_text', 'Update Item Code'),
('updated_items', '1'),
('cash_flow_statement_text', 'Cash Flow Statement'),
('cash_flow_statement', '1'),
('user_bank_access_text', 'User BankAccess'),
('user_bank_access', '1'),
('report_form_text', 'Report Form Setup'),
('report_form', '1'),
('attach_document_text', 'Attach Documents'),
('attach_document', '1'),
('add_task_text', 'Add Tasks'),
('add_task', '1'),
('add_call_text', 'Add\r\nCall'),
('add_call', '1'),
('add_event_text', 'Add Event'),
('add_event', '1'),
('add_query_text', 'Add Query'),
('add_query', '1'),
('task_inquiry_text', 'Tasks Inquiry'),
('task_inquiry', '1'),
('task_grid_text', 'Tasks Grid'),
('task_grid', '1'),
('knowledge_base_text', 'Knowledge Base Inquiry'),
('knowledge_base', '1'),
('query_inquiry_text', 'Query Inquiry'),
('query_inquiry', '1'),
('call_log_text', 'Call Log'),
('call_log', '1'),
('calender_text', 'Calendar'),
('calender', '1'),
('add_customer_text', 'Add Customers'),
('add_customer', '1'),
('task_status_text', 'Task Status'),
('task_status', '1'),
('duration_text', 'Duration'),
('duration', '1'),
('call_type_text', 'Call Type'),
('call_type', '1'),
('query_source_text', 'Query Source'),
('query_source', '1'),
('query_status_text', 'Query Status'),
('query_status', '1'),
('settings_text', 'Settings'),
('settings', '1'),
('knowledge_base_cat_text', 'Knowledge Base Category'),
('knowledge_base_cat', '1'),
('add_kba_text', 'Add Knowledge Base attachments'),
('add_kba', '1'),
('print_reports_text', 'Print Reports'),
('print_reports', '1'),
('fixed_purchase_text', 'Fixed Assets Purchase'),
('fixed_purchase', '1'),
('fixed_location_transfer_text', 'Fixed Assets Location Transfers'),
('fixed_location_transfer', '1'),
('fixed_disposal_text', 'Fixed Assets Disposal'),
('fixed_disposal', '1'),
('asset_sale_text', 'Fixed Assets Sale'),
('asset_sale', '1'),
('process_depreciation_text', 'Process Depreciation'),
('process_depreciation', '1'),
('asset_movements_text', 'Fixed Assets Movements'),
('asset_movements', '1'),
('asset_inquiry_text', 'Fixed Assets Inquiry'),
('asset_inquiry', '1'),
('assets_reports_text', 'Fixed Assets Reports'),
('assets_reports', '1'),
('fixed_assets_text', 'Fixed And Assets'),
('fixed_assets', '1'),
('fixed_assets_locations_text', 'Fixed Assets Locations'),
('fixed_assets_locations', '1'),
('fixed_assets_categories_text', 'Fixed Assets Categories'),
('fixed_assets_categories', '1'),
('fixed_assets_classes_text', 'Fixed Assets Classes'),
('fixed_assets_classes', '1'),
('sale_report_text', 'Sale Reports'),
('sale_report', '1'),
('gl_reports_text', 'General Ledger Reports'),
('gl_reports', '1'),
('supplier_reports_text', 'Purchase Reports'),
('supplier_reports', '1'),
('inventory_reports_text', 'Item Reports'),
('inventory_reports', '1'),
('manufacturing_text', 'Manufacturing Reports'),
('manufacturing', '1'),
('fixed_assets_reports_text', 'Fixed Assets Reports'),
('fixed_assets_reports', '1'),
('banking_reports_text', 'Banking Reports'),
('banking_reports', '1'),
('dim_reports_text', 'Dimension Reports'),
('dim_reports', '1'),
('manage_supplier', '1'),
('manage_supplier_text', 'Add And Manage Supplier'),
('manage_supplier', '1'),
('manage_supplier_text', 'Add And Manage Supplier'),
('work_order_entry_multiple', '1'),
('work_order_entry_multiple_text', 'Work Order Entry Multiple'),
('crm', '1'),
('crm_text', 'CRM'),
('fixed_assets', '1'),
('fixed_assets_text', 'Fixed Assets'),
('reports', '1'),
('reports_text', 'Reporting'),
('assets', '1'),
('assets_text', 'Fixed Assets'),
('tax_inquiry_cash', '1'),
('tax_inquiry_cash_text', 'Tax Inquiry (Cash Basis)'),
('import_transaction', '1'),
('import_transaction_text', 'Import Transaction '),
('import_multiple_journal', '1'),
('import_multiple_journal_text', 'Import Multiple Journal Entries'),
('grn_search', ''),
('grn_search_text', 'Grn search'),
('gate_pass', '1'),
('gate_pass_text', 'Gate Pass'),
('sales_sms', '1'),
('sales_sms_text', 'Sales SMS'),
('sms_template', '1'),
('sms_template_text', 'SMS Template'),
('supplier_category', '1'),
('supplier_category_text', 'Supplier Category'),
('add_category', ''),
('add_category_text', ''),
('category_status', '1'),
('category_status_text', 'Category Status'),
('import_item', '1'),
('import_item_text', 'Import Item'),
('batch', '1'),
('batch_text', 'Batch'),
('report_preference', '1'),
('report_preference_text', 'Report Preference'),
('cash_flow', '1'),
('cash_flow_text', 'Cash Flow '),
('bom_inquiry', '1'),
('bom_inquiry_text', 'Add and Manage BOM'),
('location_transfer_dashboard', ''),
('location_transfer_dashboard_text', 'Location Transfer Dashboard'),
('work_order_entry_unassemble', '1'),
('work_order_entry_unassemble_text', 'Work Order Un-Assemble'),
('work_order_entry_advance_manufacture', '1'),
('work_order_entry_advance_manufacture_text', 'Work Order Advance Manufacturing'),
('outstanding_cheques_inquiry', '1'),
('outstanding_cheques_inquiry_text', 'Outstanding Cheques Inquiry');

### Structure of table `0_sys_types` ###

DROP TABLE IF EXISTS `0_sys_types`;

CREATE TABLE `0_sys_types` (
  `type_id` smallint(6) NOT NULL DEFAULT '0',
  `type_no` int(11) NOT NULL DEFAULT '1',
  `next_reference` varchar(100) COLLATE utf8_unicode_ci NOT NULL DEFAULT '',
  PRIMARY KEY (`type_id`)
) ENGINE=InnoDB DEFAULT CHARSET=utf8 COLLATE=utf8_unicode_ci ;

### Data of table `0_sys_types` ###

INSERT INTO `0_sys_types` VALUES
('0', '17', 'JV0001'),
('1', '7', 'BPV0001'),
('2', '4', 'BRV0001'),
('4', '3', 'FTV0001'),
('10', '16', 'SI0001'),
('11', '2', 'CCN001'),
('12', '6', 'CRV0001'),
('13', '1', 'DN001'),
('16', '2', 'LT001'),
('17', '2', 'IA01'),
('18', '1', 'PO0001'),
('20', '6', 'SI1511'),
('21', '1', 'SCN001'),
('22', '3', 'SP001'),
('25', '1', 'GRN001'),
('26', '1', 'WO001'),
('28', '1', 'WO001'),
('29', '1', 'WOP001'),
('30', '0', 'SO001'),
('32', '0', 'SQ001'),
('35', '1', 'CU001'),
('40', '1', 'D01'),
('41', '1', 'CPV001'),
('42', '1', 'CRV001'),
('43', '1', 'EMP001'),
('45', '1', 'FA001'),
('46', '1', 'BT001');

### Structure of table `0_tag_associations` ###

DROP TABLE IF EXISTS `0_tag_associations`;

CREATE TABLE `0_tag_associations` (
  `record_id` varchar(15) COLLATE utf8_unicode_ci NOT NULL,
  `tag_id` int(11) NOT NULL,
  UNIQUE KEY `record_id` (`record_id`,`tag_id`)
) ENGINE=InnoDB DEFAULT CHARSET=utf8 COLLATE=utf8_unicode_ci ;

### Data of table `0_tag_associations` ###

INSERT INTO `0_tag_associations` VALUES
('1012010', '1'),
('1012010', '2'),
('102001', '1');

### Structure of table `0_tags` ###

DROP TABLE IF EXISTS `0_tags`;

CREATE TABLE `0_tags` (
  `id` int(11) NOT NULL AUTO_INCREMENT,
  `type` smallint(6) NOT NULL,
  `name` varchar(30) COLLATE utf8_unicode_ci NOT NULL,
  `description` varchar(60) COLLATE utf8_unicode_ci DEFAULT NULL,
  `inactive` tinyint(1) NOT NULL DEFAULT '0',
  PRIMARY KEY (`id`),
  UNIQUE KEY `type` (`type`,`name`)
) ENGINE=InnoDB AUTO_INCREMENT=3 DEFAULT CHARSET=utf8 COLLATE=utf8_unicode_ci ;

### Data of table `0_tags` ###

INSERT INTO `0_tags` VALUES
('1', '1', 'ttt', 'Description', '0'),
('2', '1', 'e', 'fd', '0');

### Structure of table `0_task` ###

DROP TABLE IF EXISTS `0_task`;

CREATE TABLE `0_task` (
  `id` int(11) NOT NULL AUTO_INCREMENT,
  `start_date` date NOT NULL DEFAULT '0000-00-00',
  `end_date` date NOT NULL DEFAULT '0000-00-00',
  `Stamp` timestamp NOT NULL DEFAULT CURRENT_TIMESTAMP ON UPDATE CURRENT_TIMESTAMP,
  `description` longtext NOT NULL,
  `debtor_no` int(11) NOT NULL,
  `branch_id` int(11) NOT NULL,
  `task_type` tinyint(6) NOT NULL,
  `call_type` tinyint(6) NOT NULL,
  `contact_no` varchar(50) NOT NULL,
  `other_cust` varchar(50) NOT NULL,
  `status` tinyint(6) NOT NULL DEFAULT '0',
  `user_id` tinyint(6) NOT NULL,
  `assign_by` tinyint(6) NOT NULL,
  `remarks` longtext NOT NULL,
  `plan` tinyint(6) NOT NULL,
  `plan1` tinyint(6) NOT NULL,
  `actual` tinyint(6) NOT NULL,
  `actual1` tinyint(6) NOT NULL,
  `plan_t` time NOT NULL,
  `actual_t` time NOT NULL,
  `last_update` varchar(30) NOT NULL DEFAULT '00-00-0000 00:00:00',
  `time` varchar(60) NOT NULL,
  `priority` tinyint(6) NOT NULL,
  `progress` tinyint(6) NOT NULL,
  `customer_` varchar(50) NOT NULL,
  `amount` varchar(50) NOT NULL,
  `inactive` tinyint(1) NOT NULL DEFAULT '0',
  PRIMARY KEY (`id`)
) ENGINE=InnoDB DEFAULT CHARSET=latin1 ;

### Data of table `0_task` ###


### Structure of table `0_task2` ###

DROP TABLE IF EXISTS `0_task2`;

CREATE TABLE `0_task2` (
  `id` int(11) NOT NULL AUTO_INCREMENT,
  `start_date` date NOT NULL DEFAULT '0000-00-00',
  `end_date` date NOT NULL DEFAULT '0000-00-00',
  `Stamp` varchar(30) NOT NULL DEFAULT '00-00-0000 00:00:00',
  `description` longtext NOT NULL,
  `debtor_no` int(11) NOT NULL,
  `task_type` tinyint(6) NOT NULL,
  `call_type` tinyint(6) NOT NULL,
  `contact_no` varchar(50) NOT NULL,
  `other_cust` varchar(50) NOT NULL,
  `status` tinyint(6) NOT NULL DEFAULT '0',
  `user_id` tinyint(6) NOT NULL,
  `assign_by` tinyint(6) NOT NULL,
  `remarks` longtext NOT NULL,
  `plan` tinyint(6) NOT NULL,
  `plan1` tinyint(6) NOT NULL,
  `actual` tinyint(6) NOT NULL,
  `actual1` tinyint(6) NOT NULL,
  `last_update` varchar(30) NOT NULL DEFAULT '00-00-0000 00:00:00',
  `time` varchar(60) NOT NULL,
  `inactive` tinyint(1) NOT NULL DEFAULT '0',
  PRIMARY KEY (`id`)
) ENGINE=InnoDB DEFAULT CHARSET=latin1 ;

### Data of table `0_task2` ###


### Structure of table `0_task_history` ###

DROP TABLE IF EXISTS `0_task_history`;

CREATE TABLE `0_task_history` (
  `id` int(11) NOT NULL AUTO_INCREMENT,
  `task_id` int(11) NOT NULL,
  `start_date` date NOT NULL DEFAULT '0000-00-00',
  `end_date` date NOT NULL DEFAULT '0000-00-00',
  `Stamp` timestamp NOT NULL DEFAULT CURRENT_TIMESTAMP ON UPDATE CURRENT_TIMESTAMP,
  `description` varchar(100) NOT NULL,
  `debtor_no` int(11) NOT NULL,
  `branch_id` int(11) NOT NULL,
  `task_type` tinyint(6) NOT NULL,
  `call_type` tinyint(6) NOT NULL,
  `contact_no` varchar(50) NOT NULL,
  `other_cust` varchar(50) NOT NULL,
  `status` tinyint(6) NOT NULL DEFAULT '0',
  `user_id` tinyint(6) NOT NULL,
  `assign_by` tinyint(6) NOT NULL,
  `remarks` varchar(250) NOT NULL,
  `plan` tinyint(6) NOT NULL,
  `actual` tinyint(6) NOT NULL,
  `plan1` tinyint(6) NOT NULL,
  `actual1` tinyint(6) NOT NULL,
  `time` varchar(60) NOT NULL,
  `customer_` varchar(50) NOT NULL,
  `priority` tinyint(6) NOT NULL,
  `progress` tinyint(6) NOT NULL,
  `entry_user` tinyint(6) NOT NULL,
  `approved` tinyint(1) NOT NULL DEFAULT '0',
  `deleted` tinyint(1) NOT NULL DEFAULT '0',
  `amount` varchar(50) NOT NULL,
  PRIMARY KEY (`id`)
) ENGINE=InnoDB DEFAULT CHARSET=latin1 ;

### Data of table `0_task_history` ###


### Structure of table `0_task_history2` ###

DROP TABLE IF EXISTS `0_task_history2`;

CREATE TABLE `0_task_history2` (
  `id` int(11) NOT NULL AUTO_INCREMENT,
  `task_id` int(11) NOT NULL,
  `start_date` date NOT NULL DEFAULT '0000-00-00',
  `end_date` date NOT NULL DEFAULT '0000-00-00',
  `Stamp` varchar(30) NOT NULL DEFAULT '00-00-0000 00:00:00',
  `description` varchar(100) NOT NULL,
  `debtor_no` int(11) NOT NULL,
  `task_type` varchar(50) NOT NULL,
  `call_type` varchar(50) NOT NULL,
  `contact_no` varchar(50) NOT NULL,
  `other_cust` varchar(50) NOT NULL,
  `status` varchar(50) NOT NULL DEFAULT '0',
  `user_id` varchar(50) NOT NULL,
  `assign_by` varchar(50) NOT NULL,
  `remarks` varchar(250) NOT NULL,
  `plan` varchar(50) NOT NULL,
  `actual` varchar(50) NOT NULL,
  `plan1` varchar(60) NOT NULL,
  `actual1` varchar(60) NOT NULL,
  `time` varchar(60) NOT NULL,
  PRIMARY KEY (`id`)
) ENGINE=InnoDB DEFAULT CHARSET=latin1 ;

### Data of table `0_task_history2` ###


### Structure of table `0_task_type` ###

DROP TABLE IF EXISTS `0_task_type`;

CREATE TABLE `0_task_type` (
  `id` int(11) NOT NULL AUTO_INCREMENT,
  `task_type` varchar(50) NOT NULL,
  `check_type` int(11) NOT NULL,
  `inactive` tinyint(1) NOT NULL,
  PRIMARY KEY (`id`)
) ENGINE=InnoDB AUTO_INCREMENT=7 DEFAULT CHARSET=latin1 ;

### Data of table `0_task_type` ###

INSERT INTO `0_task_type` VALUES
('1', 'Development Tasks', '0', '0'),
('2', 'Call', '0', '0'),
('3', 'Event', '1', '0'),
('4', 'In-house Meeting', '1', '1'),
('5', 'Training Visit', '1', '1'),
('6', 'Training on Call', '1', '1');

### Structure of table `0_tax_group_items` ###

DROP TABLE IF EXISTS `0_tax_group_items`;

CREATE TABLE `0_tax_group_items` (
  `tax_group_id` int(11) NOT NULL DEFAULT '0',
  `tax_type_id` int(11) NOT NULL DEFAULT '0',
  `tax_shipping` tinyint(1) NOT NULL DEFAULT '0',
  PRIMARY KEY (`tax_group_id`,`tax_type_id`)
) ENGINE=InnoDB DEFAULT CHARSET=utf8 COLLATE=utf8_unicode_ci ;

### Data of table `0_tax_group_items` ###

INSERT INTO `0_tax_group_items` VALUES
('1', '1', '1'),
('1', '2', '0'),
('3', '1', '0');

### Structure of table `0_tax_groups` ###

DROP TABLE IF EXISTS `0_tax_groups`;

CREATE TABLE `0_tax_groups` (
  `id` int(11) NOT NULL AUTO_INCREMENT,
  `name` varchar(60) COLLATE utf8_unicode_ci NOT NULL DEFAULT '',
  `inactive` tinyint(1) NOT NULL DEFAULT '0',
  PRIMARY KEY (`id`),
  UNIQUE KEY `name` (`name`)
) ENGINE=InnoDB AUTO_INCREMENT=5 DEFAULT CHARSET=utf8 COLLATE=utf8_unicode_ci ;

### Data of table `0_tax_groups` ###

INSERT INTO `0_tax_groups` VALUES
('1', 'Tax', '0'),
('2', 'Tax Exempt', '0'),
('3', '17 %', '0'),
('4', 'Boxes of Goods', '0');

### Structure of table `0_tax_types` ###

DROP TABLE IF EXISTS `0_tax_types`;

CREATE TABLE `0_tax_types` (
  `id` int(11) NOT NULL AUTO_INCREMENT,
  `rate` double NOT NULL DEFAULT '0',
  `sales_gl_code` varchar(15) COLLATE utf8_unicode_ci NOT NULL DEFAULT '',
  `purchasing_gl_code` varchar(15) COLLATE utf8_unicode_ci NOT NULL DEFAULT '',
  `name` varchar(60) COLLATE utf8_unicode_ci NOT NULL DEFAULT '',
  `inactive` tinyint(1) NOT NULL DEFAULT '0',
  PRIMARY KEY (`id`)
) ENGINE=InnoDB AUTO_INCREMENT=3 DEFAULT CHARSET=utf8 COLLATE=utf8_unicode_ci ;

### Data of table `0_tax_types` ###

INSERT INTO `0_tax_types` VALUES
('1', '17', '201004', '201003', 'General Sales Tax', '0'),
('2', '5', '101001', '101001', 'SST', '0');

### Structure of table `0_taxrate` ###

DROP TABLE IF EXISTS `0_taxrate`;

CREATE TABLE `0_taxrate` (
  `id` int(11) NOT NULL AUTO_INCREMENT,
  `minamount` int(11) NOT NULL,
  `maxamount` int(11) NOT NULL,
  `taxrate` varchar(50) NOT NULL,
  `inactive` tinyint(4) NOT NULL DEFAULT '0',
  `fixamount` int(11) NOT NULL,
  PRIMARY KEY (`id`)
) ENGINE=InnoDB AUTO_INCREMENT=27 DEFAULT CHARSET=latin1 ;

### Data of table `0_taxrate` ###

INSERT INTO `0_taxrate` VALUES
('20', '0', '400000', '0', '0', '0'),
('21', '400000', '500000', '2', '0', '0'),
('22', '500000', '750000', '5', '0', '2000'),
('23', '750000', '1400000', '10', '0', '14500'),
('24', '1400000', '1500000', '12.5', '0', '79500'),
('25', '1500001', '1800000', '15', '0', '92000'),
('26', '1800001', '2500000', '17.5', '0', '137000');

### Structure of table `0_template` ###

DROP TABLE IF EXISTS `0_template`;

CREATE TABLE `0_template` (
  `id` int(11) NOT NULL AUTO_INCREMENT,
  `template` varchar(300) NOT NULL,
  `filterType` int(11) NOT NULL,
  PRIMARY KEY (`id`)
) ENGINE=InnoDB AUTO_INCREMENT=11 DEFAULT CHARSET=latin1 ;

### Data of table `0_template` ###

INSERT INTO `0_template` VALUES
('4', '&quot;Respected Dealer Invoice of Rs.amount generated on your account, Your Total Remaining Balance after this Invoice is Rs.outstanding .&quot;', '10'),
('5', '&quot;Respected Dealer Amount of Rs.amount deposited in your account, Your Total Remaining Balance after this Payment is Rs.outstanding .&quot;', '12'),
('10', '&quot;Amount of Rs.amount adjusted in your account and your total remaining balance after this adjustment is Rs.outstanding&quot;', '11');

### Structure of table `0_temporary_bom` ###

DROP TABLE IF EXISTS `0_temporary_bom`;

CREATE TABLE `0_temporary_bom` (
  `id` int(11) NOT NULL,
  `parent` char(20) COLLATE utf8_unicode_ci NOT NULL DEFAULT '',
  `component` char(20) COLLATE utf8_unicode_ci NOT NULL DEFAULT '',
  `workcentre_added` int(11) NOT NULL DEFAULT '0',
  `loc_code` char(5) COLLATE utf8_unicode_ci NOT NULL DEFAULT '',
  `quantity` double NOT NULL DEFAULT '1',
  `make_po` tinyint(4) NOT NULL,
  `wo_id` int(11) NOT NULL,
  PRIMARY KEY (`parent`,`component`,`workcentre_added`,`loc_code`),
  KEY `component` (`component`),
  KEY `id` (`id`),
  KEY `loc_code` (`loc_code`),
  KEY `parent` (`parent`,`loc_code`),
  KEY `workcentre_added` (`workcentre_added`)
) ENGINE=InnoDB DEFAULT CHARSET=utf8 COLLATE=utf8_unicode_ci ;

### Data of table `0_temporary_bom` ###


### Structure of table `0_title` ###

DROP TABLE IF EXISTS `0_title`;

CREATE TABLE `0_title` (
  `id` smallint(6) unsigned NOT NULL AUTO_INCREMENT,
  `description` varchar(60) COLLATE utf8_unicode_ci NOT NULL DEFAULT '',
  `inactive` tinyint(1) NOT NULL DEFAULT '0',
  PRIMARY KEY (`id`),
  UNIQUE KEY `description` (`description`)
) ENGINE=InnoDB AUTO_INCREMENT=9 DEFAULT CHARSET=utf8 COLLATE=utf8_unicode_ci ;

### Data of table `0_title` ###

INSERT INTO `0_title` VALUES
('4', 'Mr.', '0'),
('5', 'Miss.', '0'),
('6', 'Engr.', '0'),
('7', 'Dr.', '0'),
('8', 'Mrs.', '0');

### Structure of table `0_trans_tax_details` ###

DROP TABLE IF EXISTS `0_trans_tax_details`;

CREATE TABLE `0_trans_tax_details` (
  `id` int(11) NOT NULL AUTO_INCREMENT,
  `trans_type` smallint(6) DEFAULT NULL,
  `trans_no` int(11) DEFAULT NULL,
  `tran_date` date NOT NULL,
  `tax_type_id` int(11) NOT NULL DEFAULT '0',
  `rate` double NOT NULL DEFAULT '0',
  `ex_rate` double NOT NULL DEFAULT '1',
  `included_in_price` tinyint(1) NOT NULL DEFAULT '0',
  `net_amount` double NOT NULL DEFAULT '0',
  `amount` double NOT NULL DEFAULT '0',
  `memo` tinytext COLLATE utf8_unicode_ci,
  `reg_type` tinyint(1) DEFAULT NULL,
  PRIMARY KEY (`id`),
  KEY `Type_and_Number` (`trans_type`,`trans_no`),
  KEY `tran_date` (`tran_date`)
) ENGINE=InnoDB AUTO_INCREMENT=232 DEFAULT CHARSET=utf8 COLLATE=utf8_unicode_ci ;

### Data of table `0_trans_tax_details` ###

INSERT INTO `0_trans_tax_details` VALUES
('1', '13', '1', '2018-10-20', '1', '17', '1', '0', '150', '25.5', 'auto', NULL),
('2', '10', '1', '2018-10-20', '1', '17', '1', '0', '150', '25.5', 'SI001/10/2018', '0'),
('3', '13', '2', '2018-10-20', '1', '17', '1', '0', '175000', '29750', 'auto', NULL),
('4', '10', '2', '2018-10-20', '1', '17', '1', '0', '175000', '29750', 'SI002/10/2018', '0'),
('5', '20', '1', '2018-10-22', '1', '17', '1', '0', '1000', '170', '1', '1'),
('6', '20', '2', '2018-10-22', '1', '17', '1', '0', '1000', '170', '2', '1'),
('7', '20', '3', '2018-10-22', '1', '17', '1', '0', '197500', '33575', 'PI003/10/2018', '1'),
('8', '13', '3', '2018-10-22', '1', '17', '1', '0', '3000', '510', 'DN001/10/2018', NULL),
('9', '10', '3', '2018-10-22', '1', '17', '1', '0', '0', '0', 'SI003/10/2018', '0'),
('10', '20', '5', '2018-10-22', '1', '17', '1', '0', '5200000', '884000', 'PI004/10/2018', '1'),
('11', '13', '4', '2018-10-22', '1', '17', '1', '0', '3000', '510', 'auto', NULL),
('12', '10', '4', '2018-10-22', '1', '17', '1', '0', '3000', '510', 'SI004/10/2018', '0'),
('13', '20', '6', '2018-10-22', '1', '17', '1', '0', '18000000', '3060000', 'PI005/10/2018', '1'),
('14', '13', '5', '2018-10-22', '1', '17', '1', '0', '2250', '382.5', 'auto', NULL),
('15', '10', '5', '2018-10-22', '1', '17', '1', '0', '2250', '382.5', 'SI005/10/2018', '0'),
('16', '13', '6', '2018-10-22', '1', '17', '1', '0', '210', '35.7', 'DN002/10/2018', NULL),
('17', '10', '6', '2018-10-22', '1', '17', '1', '0', '210', '35.7', 'SI006/10/2018', '0'),
('18', '20', '7', '2018-10-22', '1', '17', '1', '0', '30000', '5100', '2018', '1'),
('19', '20', '8', '2018-10-22', '1', '17', '1', '0', '100000', '17000', '2108', '1'),
('20', '20', '9', '2018-10-23', '1', '17', '1', '0', '1000', '170', '35', '1'),
('21', '13', '7', '2018-10-23', '1', '17', '1', '0', '10', '1.7', 'auto', NULL),
('22', '10', '7', '2018-10-23', '1', '17', '1', '0', '10', '1.7', 'SI007/10/2018', '0'),
('23', '11', '1', '2018-10-23', '1', '17', '1', '0', '10', '1.7', 'CCN001/10/2018', '0'),
('24', '13', '8', '2018-10-24', '1', '17', '1', '0', '34300', '5831', 'DN003/10/2018', NULL),
('25', '13', '9', '2018-10-24', '1', '17', '1', '0', '0', '0', 'DN004/10/2018', NULL),
('26', '20', '10', '2018-10-24', '1', '17', '1', '0', '92000', '15640', 'PI009/10/2018', '1'),
('27', '13', '10', '2018-10-24', '1', '17', '1', '0', '18000', '3060', 'DN005/10/2018', NULL),
('28', '10', '8', '2018-10-24', '1', '17', '1', '0', '18000', '3060', 'SI008/10/2018', '0'),
('29', '20', '12', '2018-10-24', '1', '17', '1', '0', '1000', '0', '663', '1'),
('30', '20', '13', '2018-10-24', '1', '17', '1', '0', '1844000', '313480', 'PI012/10/2018', '1'),
('31', '20', '14', '2018-10-24', '1', '17', '1', '0', '38000', '6460', 'PI013/10/2018', '1'),
('32', '20', '15', '2018-10-24', '1', '17', '1', '0', '100000', '17000', '5454', '1'),
('33', '20', '16', '2018-10-24', '1', '17', '1', '0', '200000', '34000', '45454', '1'),
('34', '13', '11', '2018-10-24', '1', '17', '1', '0', '2658', '451.86', 'DN006/10/2018', NULL),
('35', '13', '12', '2018-10-24', '1', '17', '1', '0', '1420', '241.4', 'DN007/10/2018', NULL),
('36', '10', '9', '2018-10-24', '1', '17', '1', '0', '1500', '255', 'GST001/10/2018', '0'),
('37', '13', '13', '2018-10-24', '1', '17', '1', '0', '10', '1.7', 'auto', NULL),
('38', '10', '10', '2018-10-24', '1', '17', '1', '0', '10', '1.7', 'SI009/10/2018', '0'),
('39', '13', '14', '2018-10-22', '1', '17', '1', '0', '14350', '2439.5', 'DN008/10/2018', NULL),
('40', '10', '11', '2018-10-22', '1', '17', '1', '0', '34300', '5831', 'SI010/10/2018', '0'),
('41', '20', '17', '2018-10-22', '1', '17', '1', '0', '100', '17', '434', '1'),
('42', '13', '15', '2018-10-22', '1', '17', '1', '0', '1000', '170', 'DN009/10/2018', NULL),
('43', '10', '12', '2018-10-22', '1', '17', '1', '0', '1000', '170', 'SI011/10/2018', '0'),
('44', '13', '16', '2018-10-22', '1', '17', '1', '0', '500', '85', 'DN010/10/2018', NULL),
('45', '11', '2', '2018-10-22', '1', '17', '1', '0', '10', '1.7', 'CCN002/10/2018', '0'),
('46', '13', '17', '2018-10-22', '1', '17', '1', '0', '20', '3.4', 'DN011/10/2018', NULL),
('47', '10', '13', '2018-10-22', '1', '17', '1', '0', '20', '3.4', 'SI012/10/2018', '0'),
('48', '11', '3', '2018-10-22', '1', '17', '1', '0', '500', '85', 'CCN003/10/2018', '0'),
('49', '13', '18', '2018-10-22', '1', '17', '1', '0', '5000', '850', 'DN012/10/2018', NULL),
('50', '10', '14', '2018-10-22', '1', '17', '1', '0', '0', '0', 'SI013/10/2018', '0'),
('51', '11', '4', '2018-10-22', '1', '17', '1', '0', '3000', '510', 'CCN004/10/2018', '0'),
('52', '13', '19', '2018-10-26', '1', '17', '1', '0', '2600', '442', 'DN013/10/2018', NULL),
('53', '13', '20', '2018-10-26', '1', '17', '1', '0', '5200', '884', 'DN014/10/2018', NULL),
('54', '13', '21', '2018-10-26', '1', '17', '1', '0', '1000', '170', 'auto', NULL),
('55', '10', '15', '2018-10-26', '1', '17', '1', '0', '1000', '170', 'SI014/10/2018', '0'),
('56', '20', '18', '2018-10-26', '1', '17', '1', '0', '692185', '117671.45', '123444', '1'),
('57', '13', '22', '2018-10-27', '1', '17', '1', '0', '1000', '170', 'auto', NULL),
('58', '10', '16', '2018-10-27', '1', '17', '1', '0', '1000', '170', 'SI015/10/2018', '0'),
('59', '20', '21', '2018-10-27', '1', '17', '1', '0', '1000', '170', 'vb', '1'),
('60', '20', '23', '2018-10-27', '1', '17', '1', '0', '1000', '170', '5345', '1'),
('61', '20', '24', '2018-10-27', '1', '17', '1', '0', '1000', '170', 'sdfsdf', '1'),
('62', '20', '28', '2018-10-27', '1', '17', '1', '0', '1000', '170', '321', '1'),
('63', '20', '29', '2018-10-27', '1', '17', '1', '0', '500', '85', '4564', '1'),
('64', '20', '30', '2018-10-27', '1', '17', '1', '0', '1000', '170', '32321321', '1'),
('65', '13', '23', '2018-10-27', '1', '17', '1', '0', '8000', '1360', 'DN015/10/2018', NULL),
('66', '10', '17', '2018-10-27', '1', '17', '1', '0', '8000', '1360', 'SI016/10/2018', '0'),
('67', '13', '24', '2018-10-27', '1', '17', '1', '0', '10', '1.7', 'auto', NULL),
('68', '10', '18', '2018-10-27', '1', '17', '1', '0', '10', '1.7', 'SI017/10/2018', '0'),
('69', '13', '25', '2018-10-28', '1', '17', '1', '0', '1000', '170', 'auto', NULL),
('70', '10', '19', '2018-10-28', '1', '17', '1', '0', '1000', '170', 'SI018/10/2018', '0'),
('71', '13', '26', '2018-10-29', '1', '17', '1', '0', '500', '85', 'auto', NULL),
('72', '10', '20', '2018-10-29', '1', '17', '1', '0', '500', '85', 'SI019/10/2018', '0'),
('73', '13', '27', '2018-10-29', '1', '17', '1', '0', '40000', '6800', 'auto', NULL),
('74', '10', '21', '2018-10-29', '1', '17', '1', '0', '40000', '6800', 'SI020/10/2018', '0'),
('75', '13', '28', '2018-10-29', '1', '17', '1', '0', '1000', '170', 'auto', NULL),
('76', '10', '22', '2018-10-29', '1', '17', '1', '0', '1000', '170', 'SI021/10/2018', '0'),
('77', '20', '31', '2018-10-29', '1', '17', '1', '0', '20000', '3400', '5667', '1'),
('78', '20', '32', '2018-10-29', '1', '17', '1', '0', '2000000', '340000', '65765', '1'),
('79', '20', '33', '2018-10-30', '0', '0', '120', '0', '6050', '0', '6576576', '1'),
('80', '13', '29', '2018-10-30', '1', '17', '1', '0', '200', '34', 'DN016/10/2018', NULL),
('81', '13', '29', '2018-10-30', '2', '5', '1', '0', '200', '10', 'DN016/10/2018', NULL),
('82', '10', '23', '2018-10-30', '1', '17', '1', '0', '700', '119', 'SI022/10/2018', '0'),
('83', '10', '23', '2018-10-30', '2', '5', '1', '0', '200', '10', 'SI022/10/2018', '0'),
('84', '20', '34', '2018-10-30', '1', '17', '1', '0', '10000', '1700', '6587678', '1'),
('85', '20', '34', '2018-10-30', '2', '5', '1', '0', '10000', '500', '6587678', '1'),
('86', '20', '35', '2018-10-30', '0', '0', '1', '0', '0', '0', '69869769', '1'),
('87', '20', '36', '2018-10-30', '0', '0', '1', '0', '2550', '0', '69869769', '1'),
('88', '13', '30', '2018-10-31', '1', '17', '1', '0', '0', '0', 'auto', NULL),
('89', '13', '30', '2018-10-31', '2', '5', '1', '0', '0', '0', 'auto', NULL),
('90', '10', '24', '2018-10-31', '1', '17', '1', '0', '0', '0', 'SI023/10/2018', '0'),
('91', '10', '24', '2018-10-31', '2', '5', '1', '0', '0', '0', 'SI023/10/2018', '0'),
('92', '13', '31', '2018-10-31', '1', '17', '1', '0', '120', '20.4', 'auto', NULL),
('93', '13', '31', '2018-10-31', '2', '5', '1', '0', '120', '6', 'auto', NULL),
('94', '10', '25', '2018-10-31', '1', '17', '1', '0', '120', '20.4', 'SI024/10/2018', '0'),
('95', '10', '25', '2018-10-31', '2', '5', '1', '0', '120', '6', 'SI024/10/2018', '0'),
('96', '20', '37', '2018-11-01', '1', '17', '1', '0', '1000', '170', '121221', '1'),
('97', '20', '37', '2018-11-01', '2', '5', '1', '0', '1000', '50', '121221', '1'),
('98', '20', '38', '2018-11-02', '1', '17', '1', '0', '100000', '17000', 'dwsdsd', '1'),
('99', '20', '38', '2018-11-02', '2', '5', '1', '0', '100000', '5000', 'dwsdsd', '1'),
('100', '20', '39', '2018-11-02', '1', '17', '1', '0', '500000', '85000', 'ssdd', '1'),
('101', '20', '39', '2018-11-02', '2', '5', '1', '0', '500000', '25000', 'ssdd', '1'),
('102', '13', '32', '2018-11-02', '1', '17', '1', '0', '10000', '1700', 'DN001/11/2018', NULL),
('103', '13', '33', '2018-10-01', '1', '17', '1', '0', '10000', '1700', 'auto', NULL),
('104', '13', '33', '2018-10-01', '2', '5', '1', '0', '10000', '500', 'auto', NULL),
('105', '10', '26', '2018-10-01', '1', '17', '1', '0', '10000', '1700', 'SI025/10/2018', '0'),
('106', '10', '26', '2018-10-01', '2', '5', '1', '0', '10000', '500', 'SI025/10/2018', '0'),
('107', '13', '34', '2018-11-03', '1', '17', '1', '0', '700', '119', 'auto', NULL),
('108', '10', '27', '2018-11-03', '1', '17', '1', '0', '700', '119', 'SI001/11/2018', '0'),
('109', '13', '35', '2018-11-03', '1', '17', '1', '0', '700', '119', 'auto', NULL),
('110', '10', '28', '2018-11-03', '1', '17', '1', '0', '700', '119', 'SI002/11/2018', '0'),
('111', '20', '40', '2018-11-06', '1', '17', '1', '0', '6400', '1088', '3234', '1'),
('112', '20', '41', '2018-11-07', '1', '17', '1', '0', '2250000', '382500', '101010', '1'),
('113', '20', '41', '2018-11-07', '2', '5', '1', '0', '2250000', '112500', '101010', '1'),
('114', '20', '42', '2018-11-07', '0', '0', '1', '0', '68400', '0', '1231', '1'),
('115', '20', '43', '2018-11-07', '1', '17', '1', '0', '1050', '178.5', '21212', '1'),
('116', '20', '43', '2018-11-07', '2', '5', '1', '0', '1050', '52.5', '21212', '1'),
('117', '13', '36', '2018-11-07', '1', '17', '1', '0', '103550', '17603.5', 'DN002/11/2018', NULL),
('118', '13', '36', '2018-11-07', '2', '5', '1', '0', '103550', '5177.5', 'DN002/11/2018', NULL),
('119', '10', '29', '2018-11-07', '1', '17', '1', '0', '103550', '17603.5', 'SI003/11/2018', '0'),
('120', '10', '29', '2018-11-07', '2', '5', '1', '0', '103550', '5177.5', 'SI003/11/2018', '0'),
('121', '13', '37', '2018-11-07', '1', '17', '1', '0', '10', '1.7', 'auto', NULL),
('122', '13', '37', '2018-11-07', '2', '5', '1', '0', '10', '0.5', 'auto', NULL),
('123', '10', '30', '2018-11-07', '1', '17', '1', '0', '10', '1.7', 'SI004/11/2018', '0'),
('124', '10', '30', '2018-11-07', '2', '5', '1', '0', '10', '0.5', 'SI004/11/2018', '0'),
('125', '13', '38', '2018-11-07', '1', '17', '1', '0', '110502.36', '18785.4', 'auto', NULL),
('126', '10', '31', '2018-11-07', '1', '17', '1', '0', '110502.36', '18785.4', 'SI005/11/2018', '0'),
('127', '20', '44', '2018-11-07', '1', '17', '1', '0', '200000', '34000', '123454', '1'),
('128', '13', '39', '2018-11-07', '0', '0', '1', '0', '3000', '0', 'DN003/11/2018', NULL),
('129', '10', '32', '2018-11-07', '0', '0', '1', '0', '3000', '0', 'SI006/11/2018', '0'),
('130', '11', '7', '2018-11-07', '1', '17', '1', '0', '750', '127.5', 'CCN003/11/2018', '0'),
('131', '11', '7', '2018-11-07', '2', '5', '1', '0', '750', '37.5', 'CCN003/11/2018', '0'),
('132', '13', '40', '2018-11-07', '0', '0', '1', '0', '2.5', '0', 'auto', NULL),
('133', '10', '33', '2018-11-07', '0', '0', '1', '0', '2.5', '0', 'SI007/11/2018', '0'),
('134', '13', '41', '2018-11-07', '0', '0', '1', '0', '250', '0', 'auto', NULL),
('135', '10', '34', '2018-11-07', '0', '0', '1', '0', '250', '0', 'GST001/11/2018', '0'),
('136', '13', '42', '2018-11-07', '1', '17', '1', '0', '1000', '170', 'DN004/11/2018', NULL),
('137', '10', '35', '2018-11-07', '1', '17', '1', '0', '1000', '170', 'SI008/11/2018', '0'),
('138', '20', '45', '2018-11-08', '1', '17', '1', '0', '15000', '2550', '12345', '1'),
('139', '20', '45', '2018-11-08', '2', '5', '1', '0', '15000', '750', '12345', '1'),
('140', '13', '43', '2018-11-08', '1', '17', '1', '0', '3410', '579.7', 'DN005/11/2018', NULL),
('141', '13', '43', '2018-11-08', '2', '5', '1', '0', '3410', '170.5', 'DN005/11/2018', NULL),
('142', '10', '36', '2018-11-08', '1', '17', '1', '0', '3410', '579.7', 'SI009/11/2018', '0'),
('143', '10', '36', '2018-11-08', '2', '5', '1', '0', '3410', '170.5', 'SI009/11/2018', '0'),
('144', '13', '44', '2018-11-08', '1', '17', '1', '0', '1200000', '204000', 'DN006/11/2018', NULL),
('145', '13', '44', '2018-11-08', '2', '5', '1', '0', '1200000', '60000', 'DN006/11/2018', NULL),
('146', '20', '46', '0020-00-08', '0', '0', '1', '0', '0', '0', 'Test Supplier', '1'),
('147', '20', '47', '0020-00-08', '0', '0', '1', '0', '0', '0', 'SAFA PACKEGES ', '1'),
('148', '20', '48', '0020-00-08', '0', '0', '1', '0', '0', '0', 'PURE WATER PRIVATE  LTD ', '1'),
('149', '20', '49', '0020-00-08', '0', '0', '1', '0', '0', '0', 'USMAN COMPUTER ', '1'),
('150', '20', '50', '0020-00-08', '0', '0', '1', '0', '0', '0', 'ALI  SUPER STORE ', '1'),
('151', '20', '51', '0020-00-08', '0', '0', '1', '0', '0', '0', 'TRANSWORLD PVT LTD ', '1'),
('152', '20', '52', '0020-00-08', '0', '0', '1', '0', '0', '0', 'NATURE WATER PVT LTD', '1'),
('153', '20', '53', '0020-00-08', '0', '0', '1', '0', '0', '0', 'NADIR ONE TRADERS ', '1'),
('154', '20', '54', '0020-00-08', '0', '0', '1', '0', '0', '0', 'Import Supplier', '1'),
('155', '20', '55', '0020-00-08', '0', '0', '1', '0', '0', '0', 'Berger Paints Pakistan Ltd.', '1'),
('156', '20', '56', '0020-00-08', '0', '0', '1', '0', '0', '0', 'Fraz Gas Traders', '1'),
('157', '20', '57', '0020-00-08', '0', '0', '1', '0', '0', '0', 'test2', '1'),
('158', '20', '58', '0020-00-08', '0', '0', '1', '0', '0', '0', 'Crescent Corp', '1'),
('159', '20', '59', '0020-00-08', '0', '0', '1', '0', '0', '0', 'Burhani Engineering', '1'),
('160', '20', '60', '0020-00-08', '0', '0', '1', '0', '0', '0', 'w shark', '1'),
('161', '20', '61', '2018-11-08', '1', '17', '1', '0', '4050', '688.5', 'ali', '1'),
('162', '20', '61', '2018-11-08', '2', '5', '1', '0', '4050', '202.5', 'ali', '1'),
('163', '13', '45', '2018-11-08', '1', '17', '1', '0', '500', '85', 'auto', NULL),
('164', '13', '45', '2018-11-08', '2', '5', '1', '0', '500', '25', 'auto', NULL),
('165', '10', '37', '2018-11-08', '1', '17', '1', '0', '500', '85', 'GST002/11/2018', '0'),
('166', '10', '37', '2018-11-08', '2', '5', '1', '0', '500', '25', 'GST002/11/2018', '0'),
('167', '2', '1', '2018-11-08', '2', '5', '1', '0', '18000', '900', NULL, NULL),
('168', '10', '38', '2018-11-09', '0', '0', '1', '0', '10000', '0', 'SI010/11/2018', '0'),
('169', '13', '46', '2018-11-09', '1', '17', '1', '0', '100', '17', 'auto', NULL),
('170', '13', '46', '2018-11-09', '2', '5', '1', '0', '100', '5', 'auto', NULL),
('171', '10', '39', '2018-11-09', '1', '17', '1', '0', '100', '17', 'SI011/11/2018', '0'),
('172', '10', '39', '2018-11-09', '2', '5', '1', '0', '100', '5', 'SI011/11/2018', '0'),
('173', '10', '40', '2018-11-09', '1', '17', '1', '0', '3000', '510', 'SI012/11/2018', '0'),
('174', '10', '40', '2018-11-09', '2', '5', '1', '0', '3000', '150', 'SI012/11/2018', '0'),
('175', '13', '47', '2018-11-09', '1', '17', '1', '0', '150200', '25534', 'DN007/11/2018', NULL),
('176', '13', '47', '2018-11-09', '2', '5', '1', '0', '150000', '7500', 'DN007/11/2018', NULL),
('177', '10', '41', '2018-11-09', '1', '17', '1', '0', '150198', '25533.66', 'SI013/11/2018', '0'),
('178', '10', '41', '2018-11-09', '2', '5', '1', '0', '150000', '7500', 'SI013/11/2018', '0'),
('179', '20', '62', '2018-11-09', '1', '17', '1', '0', '5000', '850', 'ali', '1'),
('180', '21', '1', '2018-11-09', '1', '17', '1', '0', '500', '85', 'numan', '1'),
('181', '13', '9', '2018-10-24', '0', '0', '1', '0', '2000', '0', 'DN004/10/2018', NULL),
('182', '13', '49', '2018-11-10', '0', '0', '1', '0', '33000', '0', 'auto', NULL),
('183', '10', '43', '2018-11-10', '0', '0', '1', '0', '33000', '0', 'SI015/11/2018', '0'),
('184', '13', '50', '2018-11-12', '1', '17', '1', '0', '3000', '510', 'auto', NULL),
('185', '10', '44', '2018-11-12', '1', '17', '1', '0', '3000', '510', 'SI016/11/2018', '0'),
('186', '13', '51', '2018-11-12', '0', '0', '1', '0', '100', '0', 'auto', NULL),
('187', '10', '45', '2018-11-12', '0', '0', '1', '0', '100', '0', 'SI017/11/2018', '0'),
('188', '10', '46', '2018-11-13', '1', '17', '1', '0', '-50000', '-8500', 'SI018/11/2018', '0'),
('189', '10', '46', '2018-11-13', '2', '5', '1', '0', '5000', '250', 'SI018/11/2018', '0'),
('190', '13', '52', '2018-11-15', '1', '17', '1', '0', '100', '17', 'auto', NULL),
('191', '13', '52', '2018-11-15', '2', '5', '1', '0', '100', '5', 'auto', NULL),
('192', '10', '47', '2018-11-15', '1', '17', '1', '0', '100', '17', 'SI019/11/2018', '0'),
('193', '10', '47', '2018-11-15', '2', '5', '1', '0', '100', '5', 'SI019/11/2018', '0'),
('194', '13', '54', '2018-11-16', '0', '0', '1', '0', '22700', '0', 'DN008/11/2018', NULL),
('195', '13', '56', '2018-11-20', '1', '17', '1', '0', '10000', '1700', 'auto', NULL),
('196', '13', '56', '2018-11-20', '2', '5', '1', '0', '10000', '500', 'auto', NULL),
('197', '10', '50', '2018-11-20', '1', '17', '1', '0', '10000', '1700', 'SI022/11/2018', '0'),
('198', '10', '50', '2018-11-20', '2', '5', '1', '0', '10000', '500', 'SI022/11/2018', '0'),
('199', '13', '57', '2018-11-20', '0', '0', '1', '0', '47280', '0', 'DN009/11/2018', NULL),
('200', '10', '51', '2018-11-20', '0', '0', '1', '0', '47280', '0', 'SI023/11/2018', '0'),
('201', '13', '58', '2018-11-20', '0', '0', '1', '0', '402000', '0', 'auto', NULL),
('202', '10', '52', '2018-11-20', '0', '0', '1', '0', '402000', '0', 'SI024/11/2018', '0'),
('203', '11', '8', '2018-11-20', '0', '0', '1', '0', '17952', '0', 'CCN004/11/2018', '0'),
('204', '13', '59', '2018-11-20', '0', '0', '1', '0', '39200', '0', 'auto', NULL),
('205', '10', '53', '2018-11-20', '0', '0', '1', '0', '39200', '0', 'SI025/11/2018', '0'),
('206', '13', '60', '2018-11-20', '0', '0', '1', '0', '145152', '0', 'DN010/11/2018', NULL),
('207', '10', '54', '2018-11-20', '0', '0', '1', '0', '145152', '0', 'SI026/11/2018', '0'),
('208', '11', '9', '2018-11-20', '0', '0', '1', '0', '23040', '0', 'CCN005/11/2018', '0'),
('209', '20', '63', '2018-11-20', '0', '0', '1', '0', '8000', '0', '123', '1'),
('210', '20', '64', '2018-11-20', '0', '0', '1', '0', '12000', '0', '1250', '1'),
('211', '20', '65', '2018-11-20', '0', '0', '1', '0', '20000', '0', '1254', '1'),
('212', '20', '66', '2018-11-20', '0', '0', '1', '0', '16000', '0', '52', '1'),
('213', '20', '67', '2018-11-20', '0', '0', '1', '0', '9000', '0', '45', '1'),
('214', '13', '61', '2018-11-20', '0', '0', '1', '0', '6240', '0', 'auto', NULL),
('215', '10', '55', '2018-11-20', '0', '0', '1', '0', '6240', '0', 'SI027/11/2018', '0'),
('216', '13', '62', '2018-11-21', '1', '17', '1', '0', '200', '34', 'DN011/11/2018', NULL),
('217', '10', '56', '2018-11-21', '1', '17', '1', '0', '200', '34', 'SI028/11/2018', '0'),
('218', '13', '63', '2018-10-22', '0', '0', '1', '0', '1000', '0', 'DN017/10/2018', NULL),
('219', '13', '64', '2018-10-22', '1', '17', '1', '0', '700', '119', 'DN018/10/2018', NULL),
('220', '13', '64', '2018-10-22', '2', '5', '1', '0', '700', '35', 'DN018/10/2018', NULL),
('221', '13', '65', '2018-10-22', '1', '17', '1', '0', '500', '85', 'DN019/10/2018', NULL),
('222', '13', '65', '2018-10-22', '2', '5', '1', '0', '500', '25', 'DN019/10/2018', NULL),
('223', '13', '66', '2018-10-22', '1', '17', '1', '0', '112', '19.04', 'DN020/10/2018', NULL),
('224', '13', '66', '2018-10-22', '2', '5', '1', '0', '112', '5.6', 'DN020/10/2018', NULL),
('225', '13', '67', '2018-10-22', '0', '0', '1', '0', '800', '0', 'DN021/10/2018', NULL),
('226', '13', '68', '2018-10-22', '1', '17', '1', '0', '450', '76.5', 'DN022/10/2018', NULL),
('227', '13', '69', '2018-10-22', '1', '17', '1', '0', '1500', '255', 'DN023/10/2018', NULL),
('228', '13', '69', '2018-10-22', '2', '5', '1', '0', '1500', '75', 'DN023/10/2018', NULL),
('229', '13', '70', '2018-10-22', '1', '17', '1', '0', '800000', '136000', 'DN024/10/2018', NULL),
('230', '13', '70', '2018-10-22', '2', '5', '1', '0', '800000', '40000', 'DN024/10/2018', NULL),
('231', '10', '57', '2018-10-22', '1', '17', '1', '0', '5020', '853.4', 'SI026/10/2018', '0');

### Structure of table `0_user_banks` ###

DROP TABLE IF EXISTS `0_user_banks`;

CREATE TABLE `0_user_banks` (
  `id` smallint(6) NOT NULL AUTO_INCREMENT,
  `loc_code` varchar(60) COLLATE utf8_unicode_ci NOT NULL DEFAULT '',
  `user_id` int(11) NOT NULL DEFAULT '1',
  `inactive` tinyint(1) NOT NULL DEFAULT '0',
  PRIMARY KEY (`id`)
) ENGINE=MyISAM DEFAULT CHARSET=utf8 COLLATE=utf8_unicode_ci ;

### Data of table `0_user_banks` ###


### Structure of table `0_user_dim` ###

DROP TABLE IF EXISTS `0_user_dim`;

CREATE TABLE `0_user_dim` (
  `id` int(11) NOT NULL AUTO_INCREMENT,
  `dim_id` int(11) NOT NULL,
  `user_id` int(11) NOT NULL,
  `inactive` int(11) NOT NULL DEFAULT '0',
  PRIMARY KEY (`id`)
) ENGINE=InnoDB DEFAULT CHARSET=latin1 ;

### Data of table `0_user_dim` ###


### Structure of table `0_user_locations` ###

DROP TABLE IF EXISTS `0_user_locations`;

CREATE TABLE `0_user_locations` (
  `id` smallint(6) NOT NULL AUTO_INCREMENT,
  `loc_code` varchar(60) COLLATE utf8_unicode_ci NOT NULL DEFAULT '',
  `user_id` int(11) NOT NULL DEFAULT '1',
  `inactive` tinyint(1) NOT NULL DEFAULT '0',
  PRIMARY KEY (`id`)
) ENGINE=MyISAM AUTO_INCREMENT=8 DEFAULT CHARSET=utf8 COLLATE=utf8_unicode_ci ;

### Data of table `0_user_locations` ###

INSERT INTO `0_user_locations` VALUES
('1', 'DEF', '12', '0'),
('2', 'DEF', '22', '0'),
('3', 'DEF', '17', '0'),
('4', 'IT', '17', '0'),
('5', 'IT', '12', '0'),
('6', 'DEF', '18', '0'),
('7', 'DEF', '19', '0');

### Structure of table `0_useraccounts` ###

DROP TABLE IF EXISTS `0_useraccounts`;

CREATE TABLE `0_useraccounts` (
  `id` int(11) NOT NULL AUTO_INCREMENT,
  `account_code` varchar(100) NOT NULL,
  `user_id` int(11) NOT NULL,
  `inactive` int(11) NOT NULL DEFAULT '0',
  PRIMARY KEY (`id`)
) ENGINE=InnoDB DEFAULT CHARSET=latin1 ;

### Data of table `0_useraccounts` ###


### Structure of table `0_useronline` ###

DROP TABLE IF EXISTS `0_useronline`;

CREATE TABLE `0_useronline` (
  `id` int(11) NOT NULL AUTO_INCREMENT,
  `timestamp` int(15) NOT NULL DEFAULT '0',
  `ip` varchar(40) COLLATE utf8_unicode_ci NOT NULL DEFAULT '',
  `file` varchar(100) COLLATE utf8_unicode_ci NOT NULL DEFAULT '',
  PRIMARY KEY (`id`),
  KEY `timestamp` (`timestamp`),
  KEY `ip` (`ip`)
) ENGINE=InnoDB AUTO_INCREMENT=11095 DEFAULT CHARSET=utf8 COLLATE=utf8_unicode_ci ;

### Data of table `0_useronline` ###

INSERT INTO `0_useronline` VALUES
('11092', '1542789017', '202.59.14.35', '/index.php'),
('11093', '1542789030', '202.59.14.35', '/index.php'),
('11094', '1542789035', '202.59.14.35', '/admin/backups.php');

### Structure of table `0_users` ###

DROP TABLE IF EXISTS `0_users`;

CREATE TABLE `0_users` (
  `id` smallint(6) NOT NULL AUTO_INCREMENT,
  `user_id` varchar(60) COLLATE utf8_unicode_ci NOT NULL DEFAULT '',
  `password` varchar(100) COLLATE utf8_unicode_ci NOT NULL DEFAULT '',
  `real_name` varchar(100) COLLATE utf8_unicode_ci NOT NULL DEFAULT '',
  `role_id` int(11) NOT NULL DEFAULT '1',
  `phone` varchar(30) COLLATE utf8_unicode_ci NOT NULL DEFAULT '',
  `email` varchar(100) COLLATE utf8_unicode_ci DEFAULT NULL,
  `language` varchar(20) COLLATE utf8_unicode_ci DEFAULT NULL,
  `date_format` tinyint(1) NOT NULL DEFAULT '0',
  `date_sep` tinyint(1) NOT NULL DEFAULT '0',
  `tho_sep` tinyint(1) NOT NULL DEFAULT '0',
  `dec_sep` tinyint(1) NOT NULL DEFAULT '0',
  `theme` varchar(20) COLLATE utf8_unicode_ci NOT NULL DEFAULT 'default',
  `page_size` varchar(20) COLLATE utf8_unicode_ci NOT NULL DEFAULT 'A4',
  `prices_dec` smallint(6) NOT NULL DEFAULT '2',
  `qty_dec` smallint(6) NOT NULL DEFAULT '2',
  `rates_dec` smallint(6) NOT NULL DEFAULT '4',
  `percent_dec` smallint(6) NOT NULL DEFAULT '1',
  `show_gl` tinyint(1) NOT NULL DEFAULT '1',
  `show_codes` tinyint(1) NOT NULL DEFAULT '0',
  `show_hints` tinyint(1) NOT NULL DEFAULT '0',
  `last_visit_date` datetime DEFAULT NULL,
  `query_size` tinyint(1) unsigned NOT NULL DEFAULT '10',
  `graphic_links` tinyint(1) DEFAULT '1',
  `pos` smallint(6) DEFAULT '1',
  `print_profile` varchar(30) COLLATE utf8_unicode_ci NOT NULL DEFAULT '',
  `rep_popup` tinyint(1) DEFAULT '1',
  `sticky_doc_date` tinyint(1) DEFAULT '0',
  `startup_tab` varchar(20) COLLATE utf8_unicode_ci NOT NULL DEFAULT '',
  `transaction_days` smallint(6) NOT NULL DEFAULT '30',
  `save_report_selections` smallint(6) NOT NULL DEFAULT '0',
  `use_date_picker` tinyint(1) NOT NULL DEFAULT '1',
  `def_print_destination` tinyint(1) NOT NULL DEFAULT '0',
  `def_print_orientation` tinyint(1) NOT NULL DEFAULT '0',
  `prices_dec_` smallint(6) NOT NULL,
  `inactive` tinyint(1) NOT NULL DEFAULT '0',
  `color` varchar(60) COLLATE utf8_unicode_ci NOT NULL DEFAULT 'skin-blue',
  `BankAccount` int(11) DEFAULT NULL,
  PRIMARY KEY (`id`),
  UNIQUE KEY `user_id` (`user_id`)
) ENGINE=InnoDB AUTO_INCREMENT=20 DEFAULT CHARSET=utf8 COLLATE=utf8_unicode_ci ;

### Data of table `0_users` ###

INSERT INTO `0_users` VALUES
('12', 'admin', '5050396e09dd8c9f23470f60a3ccbc89', 'Admin', '2', '', NULL, 'C', '1', '2', '0', '0', 'premium', 'A4', '2', '3', '4', '1', '1', '1', '1', '2018-11-21 13:30:17', '10', '1', '1', '', '1', '1', 'dashboard', '30', '0', '1', '0', '0', '3', '0', 'skin-blue', NULL),
('17', 'test', '81dc9bdb52d04dc20036dbd8313ed055', 'Demo', '12', '', NULL, 'C', '1', '2', '0', '0', 'premium', 'A4', '2', '2', '4', '1', '1', '1', '1', '2018-11-21 06:54:21', '10', '1', '1', '', '1', '1', 'dashboard', '30', '0', '1', '0', '0', '0', '0', 'skin-blue', NULL),
('18', 'suhail', '81dc9bdb52d04dc20036dbd8313ed055', 'Suhail', '2', '', NULL, 'C', '1', '2', '0', '0', 'premium', 'A4', '2', '3', '4', '1', '1', '1', '1', '2018-11-20 18:14:42', '10', '1', '1', '', '1', '1', 'dashboard', '30', '0', '1', '0', '0', '3', '0', 'skin-blue', NULL),
('19', 'ABUBAKAR', 'fc91b14eef9c58c4cad8fdf87b4c0bea', 'MUHAMMAD ABUBAKAR', '10', '03214495777', 'abc@hotamil.com', 'C', '1', '2', '0', '0', 'premium', 'A4', '2', '3', '4', '1', '1', '1', '1', NULL, '10', '1', '3', '', '1', '1', 'dashboard', '30', '0', '1', '0', '0', '3', '0', 'skin-blue', NULL);

### Structure of table `0_voided` ###

DROP TABLE IF EXISTS `0_voided`;

CREATE TABLE `0_voided` (
  `type` int(11) NOT NULL DEFAULT '0',
  `id` int(11) NOT NULL DEFAULT '0',
  `date_` date NOT NULL DEFAULT '0000-00-00',
  `memo_` tinytext COLLATE utf8_unicode_ci NOT NULL,
  UNIQUE KEY `id` (`type`,`id`)
) ENGINE=InnoDB DEFAULT CHARSET=utf8 COLLATE=utf8_unicode_ci ;

### Data of table `0_voided` ###

INSERT INTO `0_voided` VALUES
('0', '3', '2018-10-25', 'Document reentered.'),
('0', '13', '2018-11-02', 'Document reentered.'),
('0', '24', '2018-11-20', ''),
('10', '3', '2018-11-02', ''),
('10', '14', '2018-11-02', ''),
('10', '24', '2018-11-02', ''),
('13', '30', '2018-11-02', ''),
('17', '5', '2018-11-08', ''),
('20', '35', '2018-10-30', 'Document reentered.'),
('22', '16', '2018-11-06', ''),
('25', '58', '2018-11-06', ''),
('41', '1', '2018-10-19', ''),
('41', '4', '2018-11-06', 'Document reentered.');

### Structure of table `0_wht_tax_category` ###

DROP TABLE IF EXISTS `0_wht_tax_category`;

CREATE TABLE `0_wht_tax_category` (
  `id` int(11) NOT NULL AUTO_INCREMENT,
  `description` varchar(60) COLLATE utf8_unicode_ci NOT NULL DEFAULT '',
  `inactive` tinyint(1) NOT NULL DEFAULT '0',
  PRIMARY KEY (`id`),
  UNIQUE KEY `description` (`description`)
) ENGINE=InnoDB AUTO_INCREMENT=5 DEFAULT CHARSET=utf8 COLLATE=utf8_unicode_ci ;

### Data of table `0_wht_tax_category` ###

INSERT INTO `0_wht_tax_category` VALUES
('1', 'Income Tax WH on Supplies (auto calc.)', '0'),
('2', 'Income Tax WH on Services (auto calc.)', '0'),
('3', 'ST WHT FBR (manual calc.)', '0'),
('4', 'St WHT SRB/PRA (manual calc.)', '0');

### Structure of table `0_widgets` ###

DROP TABLE IF EXISTS `0_widgets`;

CREATE TABLE `0_widgets` (
  `id` int(11) NOT NULL AUTO_INCREMENT,
  `user_id` smallint(6) NOT NULL,
  `column_id` int(11) NOT NULL,
  `sort_no` int(11) NOT NULL,
  `collapsed` tinyint(4) NOT NULL,
  `url` varchar(100) COLLATE utf8_bin NOT NULL,
  `title` varchar(100) COLLATE utf8_bin NOT NULL,
  `source` varchar(50) COLLATE utf8_bin NOT NULL,
  `width` varchar(50) COLLATE utf8_bin NOT NULL,
  `height` varchar(50) COLLATE utf8_bin NOT NULL,
  `is_system` tinyint(1) NOT NULL DEFAULT '0',
  `created_by` varchar(150) COLLATE utf8_bin NOT NULL,
  `dt_created` datetime NOT NULL,
  `updated_by` varchar(150) COLLATE utf8_bin DEFAULT NULL,
  `dt_updated` datetime DEFAULT NULL,
  PRIMARY KEY (`id`)
) ENGINE=InnoDB AUTO_INCREMENT=26 DEFAULT CHARSET=utf8 COLLATE=utf8_bin ;

### Data of table `0_widgets` ###

INSERT INTO `0_widgets` VALUES
('8', '3', '1', '0', '0', 'gl-in-fiscal-year.php', 'Profit and Loss', 'glfiscalyear', '100%', '370px', '1', '3', '2012-10-12 11:07:37', NULL, NULL),
('9', '3', '2', '0', '0', 'top-10-customer-in-fiscal-year.php', 'Top 10 customers in fiscal year', 'top10customerinfiscalyear', '100%', '630px', '1', '3', '2012-10-12 11:07:44', NULL, NULL),
('10', '2', '1', '0', '0', 'gl-in-fiscal-year.php', 'Profit and Loss', 'glfiscalyear', '100%', '370px', '1', '2', '2012-10-12 11:10:47', NULL, NULL),
('11', '2', '1', '1', '0', 'top-10-customer-in-fiscal-year.php', 'Top 10 customers in fiscal year', 'top10customerinfiscalyear', '100%', '630px', '1', '2', '2012-10-12 11:10:54', NULL, NULL),
('12', '2', '1', '2', '0', 'top-10-overdue-purchase-invoices.php', 'Top 10 Overdue Purchase Invoices', 'top10overduepurchaseinvoice', '100%', '300px', '1', '2', '2012-10-12 11:11:00', NULL, NULL),
('13', '2', '1', '3', '0', 'top-10-overdue-sales-invoices.php', 'Top 10 Overdue Sales Invoices', 'top10overduesalesinvoice', '100%', '300px', '1', '2', '2012-10-12 11:11:12', NULL, NULL),
('14', '2', '2', '1', '0', 'top-10-recent-sales-invoices.php', 'Top 10 Recent Sales Invoices', 'top10recentsalesinvoice', '100%', '300px', '1', '2', '2012-10-12 11:11:17', NULL, NULL),
('15', '2', '2', '3', '0', 'top-10-recent-sales-order.php', 'Top 10 Recent Sales Order', 'top10recentsalesorder', '100%', '300px', '1', '2', '2012-10-12 11:11:31', NULL, NULL),
('17', '2', '2', '0', '0', 'top-10-stock-in-fiscal-year.php', 'Top 10 Sold Items in fiscal year', 'top10iteminfiscalyear', '100%', '630px', '1', '2', '2012-10-12 11:11:37', NULL, NULL),
('18', '2', '2', '2', '0', 'top-10-supplier-in-fiscal-year.php', 'Top 10 suppliers in fiscal year', 'top10supplierinfiscalyear', '100%', '630px', '1', '2', '2012-10-12 11:11:45', NULL, NULL),
('19', '3', '1', '1', '0', 'top-10-overdue-purchase-invoices.php', 'Top 10 Overdue Purchase Invoices', 'top10overduepurchaseinvoice', '100%', '300px', '1', '3', '2012-10-12 11:15:30', NULL, NULL),
('21', '3', '2', '1', '0', 'top-10-overdue-sales-invoices.php', 'Top 10 Overdue Sales Invoices', 'top10overduesalesinvoice', '100%', '300px', '1', '3', '2012-10-12 11:15:48', NULL, NULL),
('22', '3', '1', '2', '0', 'top-10-recent-sales-invoices.php', 'Top 10 Recent Sales Invoices', 'top10recentsalesinvoice', '100%', '300px', '1', '3', '2012-10-12 11:15:56', NULL, NULL),
('23', '3', '1', '3', '0', 'top-10-recent-sales-order.php', 'Top 10 Recent Sales Order', 'top10recentsalesorder', '100%', '300px', '1', '3', '2012-10-12 11:16:03', NULL, NULL),
('24', '3', '2', '3', '0', 'top-10-stock-in-fiscal-year.php', 'Top 10 Sold Items in fiscal year', 'top10iteminfiscalyear', '100%', '630px', '1', '3', '2012-10-12 11:16:08', NULL, NULL),
('25', '3', '2', '2', '0', 'top-10-supplier-in-fiscal-year.php', 'Top 10 suppliers in fiscal year', 'top10supplierinfiscalyear', '100%', '630px', '1', '3', '2012-10-12 11:16:17', NULL, NULL);

### Structure of table `0_widgets_template` ###

DROP TABLE IF EXISTS `0_widgets_template`;

CREATE TABLE `0_widgets_template` (
  `id` int(11) NOT NULL AUTO_INCREMENT,
  `column_id` int(11) NOT NULL,
  `sort_no` int(11) NOT NULL,
  `collapsed` tinyint(4) NOT NULL,
  `url` varchar(100) NOT NULL,
  `title` varchar(100) NOT NULL,
  `source` varchar(50) NOT NULL,
  `width` varchar(50) NOT NULL,
  `height` varchar(50) NOT NULL,
  `is_system` tinyint(1) NOT NULL DEFAULT '0',
  `created_by` varchar(150) NOT NULL,
  `dt_created` datetime NOT NULL,
  `updated_by` varchar(150) DEFAULT NULL,
  `dt_updated` datetime DEFAULT NULL,
  PRIMARY KEY (`id`)
) ENGINE=InnoDB AUTO_INCREMENT=10 DEFAULT CHARSET=utf8 ;

### Data of table `0_widgets_template` ###

INSERT INTO `0_widgets_template` VALUES
('1', '2', '0', '0', 'top-10-customer-in-fiscal-year.php', 'Top 10 customers in fiscal year', 'top10customerinfiscalyear', '100%', '630px', '1', 'system', '2012-10-12 11:06:46', 'system', '2012-10-12 11:06:46'),
('2', '2', '0', '0', 'top-10-supplier-in-fiscal-year.php', 'Top 10 suppliers in fiscal year', 'top10supplierinfiscalyear', '100%', '630px', '1', 'system', '2012-10-12 11:06:46', 'system', '2012-10-12 11:06:46'),
('3', '2', '0', '0', 'top-10-stock-in-fiscal-year.php', 'Top 10 Sold Items in fiscal year', 'top10iteminfiscalyear', '100%', '630px', '1', 'system', '2012-10-12 11:06:46', 'system', '2012-10-12 11:06:46'),
('4', '2', '0', '0', 'top-10-dimension-in-fiscal-year.php', 'Top 10 Dimensions in fiscal year', 'top10dimensionfiscalyear', '100%', '370px', '1', 'system', '2012-10-12 11:06:46', 'system', '2012-10-12 11:06:46'),
('5', '2', '0', '0', 'top-10-overdue-sales-invoices.php', 'Top 10 Overdue Sales Invoices', 'top10overduesalesinvoice', '100%', '300px', '1', 'system', '2012-10-12 11:06:46', 'system', '2012-10-12 11:06:46'),
('6', '2', '0', '0', 'top-10-overdue-purchase-invoices.php', 'Top 10 Overdue Purchase Invoices', 'top10overduepurchaseinvoice', '100%', '300px', '1', 'system', '2012-10-12 11:06:46', 'system', '2012-10-12 11:06:46'),
('7', '2', '0', '0', 'gl-in-fiscal-year.php', 'Profit and Loss', 'glfiscalyear', '100%', '370px', '1', 'system', '2012-10-12 11:06:46', 'system', '2012-10-12 11:06:46'),
('8', '2', '0', '0', 'top-10-recent-sales-order.php', 'Top 10 Recent Sales Order', 'top10recentsalesorder', '100%', '300px', '1', 'system', '2012-10-12 11:06:46', 'system', '2012-10-12 11:06:46'),
('9', '2', '0', '0', 'top-10-recent-sales-invoices.php', 'Top 10 Recent Sales Invoices', 'top10recentsalesinvoice', '100%', '300px', '1', 'system', '2012-10-12 11:06:46', 'system', '2012-10-12 11:06:46');

### Structure of table `0_wo_costing` ###

DROP TABLE IF EXISTS `0_wo_costing`;

CREATE TABLE `0_wo_costing` (
  `id` int(11) NOT NULL AUTO_INCREMENT,
  `workorder_id` int(11) NOT NULL DEFAULT '0',
  `cost_type` tinyint(1) NOT NULL DEFAULT '0',
  `trans_type` int(11) NOT NULL DEFAULT '0',
  `trans_no` int(11) NOT NULL DEFAULT '0',
  `factor` double NOT NULL DEFAULT '1',
  PRIMARY KEY (`id`)
) ENGINE=InnoDB DEFAULT CHARSET=utf8 COLLATE=utf8_unicode_ci ;

### Data of table `0_wo_costing` ###


### Structure of table `0_wo_issue_items` ###

DROP TABLE IF EXISTS `0_wo_issue_items`;

CREATE TABLE `0_wo_issue_items` (
  `id` int(11) NOT NULL AUTO_INCREMENT,
  `stock_id` varchar(40) COLLATE utf8_unicode_ci DEFAULT NULL,
  `issue_id` int(11) DEFAULT NULL,
  `qty_issued` double DEFAULT NULL,
  `unit_cost` double NOT NULL DEFAULT '0',
  `amount3_issued` double NOT NULL,
  PRIMARY KEY (`id`)
) ENGINE=InnoDB AUTO_INCREMENT=9 DEFAULT CHARSET=utf8 COLLATE=utf8_unicode_ci ;

### Data of table `0_wo_issue_items` ###

INSERT INTO `0_wo_issue_items` VALUES
('1', '1005', '1', '2', '435', '0'),
('2', '1004', '2', '1', '2000', '0'),
('3', '1010', '2', '1', '4000', '0'),
('4', '1006', '3', '10', '440.34367655574', '0'),
('5', '3026', '5', '2', '0', '0'),
('6', '3027', '5', '4', '0', '0'),
('7', '101241', '6', '0', '12060', '0'),
('8', '3001', '6', '0', '10000', '0');

### Structure of table `0_wo_issues` ###

DROP TABLE IF EXISTS `0_wo_issues`;

CREATE TABLE `0_wo_issues` (
  `issue_no` int(11) NOT NULL AUTO_INCREMENT,
  `workorder_id` int(11) NOT NULL DEFAULT '0',
  `reference` varchar(100) COLLATE utf8_unicode_ci DEFAULT NULL,
  `issue_date` date DEFAULT NULL,
  `loc_code` varchar(5) COLLATE utf8_unicode_ci DEFAULT NULL,
  `workcentre_id` int(11) DEFAULT NULL,
  PRIMARY KEY (`issue_no`),
  KEY `workorder_id` (`workorder_id`)
) ENGINE=InnoDB AUTO_INCREMENT=7 DEFAULT CHARSET=utf8 COLLATE=utf8_unicode_ci ;

### Data of table `0_wo_issues` ###

INSERT INTO `0_wo_issues` VALUES
('1', '1', 'WOI001/10/2018', '2018-10-30', 'DEF', '1'),
('2', '2', 'WOI002/10/2018', '2018-10-31', 'DEF', '3'),
('3', '1', 'WOI001/11/2018', '2018-11-01', 'DEF', '3'),
('4', '3', 'WOI002/11/2018', '2018-11-02', 'DEF', '3'),
('5', '7', 'WOI003/11/2018', '2018-11-12', 'DEF', '3'),
('6', '11', 'WOI004/11/2018', '2018-11-15', 'DEF', '3');

### Structure of table `0_wo_manufacture` ###

DROP TABLE IF EXISTS `0_wo_manufacture`;

CREATE TABLE `0_wo_manufacture` (
  `id` int(11) NOT NULL AUTO_INCREMENT,
  `reference` varchar(100) COLLATE utf8_unicode_ci DEFAULT NULL,
  `workorder_id` int(11) NOT NULL DEFAULT '0',
  `quantity` double NOT NULL DEFAULT '0',
  `date_` date NOT NULL DEFAULT '0000-00-00',
  PRIMARY KEY (`id`),
  KEY `workorder_id` (`workorder_id`)
) ENGINE=InnoDB AUTO_INCREMENT=9 DEFAULT CHARSET=utf8 COLLATE=utf8_unicode_ci ;

### Data of table `0_wo_manufacture` ###

INSERT INTO `0_wo_manufacture` VALUES
('1', 'WOP001/00/0000', '2', '20', '2018-10-31'),
('2', 'WOP002/00/0000', '2', '80', '2018-10-31'),
('3', 'WOP001/11/2018', '4', '1', '2018-11-01'),
('4', 'WOP002/11/2018', '5', '3', '2018-11-08'),
('5', 'WOP003/11/2018', '6', '1', '2018-11-08'),
('6', 'WOP004/11/2018', '8', '1', '2018-11-12'),
('7', 'WOP005/11/2018', '10', '1', '2018-11-13'),
('8', 'WOP003/00/0000', '11', '2', '2018-11-15');

### Structure of table `0_wo_requirements` ###

DROP TABLE IF EXISTS `0_wo_requirements`;

CREATE TABLE `0_wo_requirements` (
  `id` int(11) NOT NULL AUTO_INCREMENT,
  `workorder_id` int(11) NOT NULL DEFAULT '0',
  `stock_id` char(20) COLLATE utf8_unicode_ci NOT NULL DEFAULT '',
  `workcentre` int(11) NOT NULL DEFAULT '0',
  `units_req` double NOT NULL DEFAULT '1',
  `unit_cost` double NOT NULL DEFAULT '0',
  `loc_code` char(5) COLLATE utf8_unicode_ci NOT NULL DEFAULT '',
  `units_issued` double NOT NULL DEFAULT '0',
  `amount3` int(11) NOT NULL,
  `amount3_req` double NOT NULL,
  `amount3_issued` double NOT NULL,
  PRIMARY KEY (`id`),
  KEY `workorder_id` (`workorder_id`)
) ENGINE=InnoDB AUTO_INCREMENT=22 DEFAULT CHARSET=utf8 COLLATE=utf8_unicode_ci ;

### Data of table `0_wo_requirements` ###

INSERT INTO `0_wo_requirements` VALUES
('1', '2', '1004', '1', '4', '2000', 'DEF', '400', '0', '0', '0'),
('2', '2', '1010', '2', '1', '4000', 'DEF', '100', '0', '0', '0'),
('3', '2', '3001', '1', '50', '0', 'DEF', '5000', '0', '0', '0'),
('4', '3', '30010', '3', '10', '0', 'DEF', '0', '0', '0', '0'),
('5', '3', '30011', '3', '12', '0', 'DEF', '0', '0', '0', '0'),
('7', '4', '30010', '3', '10', '100', 'DEF', '10', '0', '0', '0'),
('8', '4', '30011', '3', '12', '100', 'DEF', '12', '0', '0', '0'),
('9', '5', '1008', '1', '1', '350', 'DEF', '3', '0', '0', '0'),
('10', '6', '1008', '1', '1', '350', 'DEF', '1', '0', '0', '0'),
('11', '7', '3026', '3', '2', '0', 'DEF', '0', '0', '0', '0'),
('12', '7', '3027', '3', '4', '0', 'DEF', '0', '0', '0', '0'),
('14', '8', '3026', '3', '2', '0', 'DEF', '2', '0', '0', '0'),
('15', '8', '3027', '3', '4', '0', 'DEF', '4', '0', '0', '0'),
('16', '9', '3026', '3', '2', '0', 'DEF', '0', '0', '0', '0'),
('17', '9', '3027', '3', '4', '0', 'DEF', '0', '0', '0', '0'),
('19', '10', '3008', '3', '1', '2200', 'DEF', '1', '0', '0', '0'),
('20', '11', '101241', '1', '25', '12060', 'DEF', '50', '0', '0', '0'),
('21', '11', '3001', '1', '1', '10000', 'DEF', '2', '0', '0', '0');

### Structure of table `0_workcentres` ###

DROP TABLE IF EXISTS `0_workcentres`;

CREATE TABLE `0_workcentres` (
  `id` int(11) NOT NULL AUTO_INCREMENT,
  `name` char(40) COLLATE utf8_unicode_ci NOT NULL DEFAULT '',
  `description` char(50) COLLATE utf8_unicode_ci NOT NULL DEFAULT '',
  `inactive` tinyint(1) NOT NULL DEFAULT '0',
  PRIMARY KEY (`id`),
  UNIQUE KEY `name` (`name`)
) ENGINE=InnoDB AUTO_INCREMENT=4 DEFAULT CHARSET=utf8 COLLATE=utf8_unicode_ci ;

### Data of table `0_workcentres` ###

INSERT INTO `0_workcentres` VALUES
('1', 'Work Centre', '', '0'),
('2', 'Sheet Metal', '', '0'),
('3', 'Coil Shop', '', '0');

### Structure of table `0_workorder_req` ###

DROP TABLE IF EXISTS `0_workorder_req`;

CREATE TABLE `0_workorder_req` (
  `id` int(11) NOT NULL AUTO_INCREMENT,
  `type` int(11) NOT NULL,
  `wo_ref` varchar(30) NOT NULL,
  `loc_code` varchar(10) NOT NULL,
  `units_reqd` double NOT NULL,
  `stock_id` varchar(20) NOT NULL,
  `wo_type` tinyint(5) NOT NULL,
  `date_` date NOT NULL DEFAULT '0000-00-00',
  `required_by` date NOT NULL DEFAULT '0000-00-00',
  `memo_` text NOT NULL,
  `costs` double NOT NULL,
  `cr_acc` varchar(15) NOT NULL,
  `labour` double NOT NULL,
  `cr_lab_acc` varchar(15) NOT NULL,
  `bom_qty` double NOT NULL,
  `amount3` double NOT NULL,
  `inactive` tinyint(4) NOT NULL,
  `sale_order` int(11) NOT NULL,
  PRIMARY KEY (`id`)
) ENGINE=InnoDB AUTO_INCREMENT=13 DEFAULT CHARSET=latin1 ;

### Data of table `0_workorder_req` ###

INSERT INTO `0_workorder_req` VALUES
('1', '1103', 'WOR009/07/2018', '56080', '1', '2147483647', '1', '2018-07-14', '0000-00-00', 'asdasfadds', '0', '10111', '0', '10111', '0', '0', '0', '0'),
('2', '1103', 'WOR004/07/2018', '56080', '1', '111232', '0', '2018-07-19', '0000-00-00', '', '250', '10111', '200', '10111', '0', '0', '0', '0'),
('3', '1103', 'WOR005/07/2018', '56080', '1', '111232', '0', '2018-07-19', '0000-00-00', '', '10000', '10111', '5000', '1000001', '0', '0', '0', '0'),
('4', '1103', 'WOR006/07/2018', '56080', '1', '111232', '1', '2018-07-19', '0000-00-00', '', '75', '10111', '65', '10111', '0', '0', '0', '0'),
('5', '1103', 'WOR007/07/2018', '56080', '1', '111232', '1', '2018-07-19', '0000-00-00', '', '65', '10111', '50', '10111', '0', '0', '0', '0'),
('6', '1103', 'WOR008/07/2018', '56080', '1', '111232', '1', '2018-07-19', '0000-00-00', '', '0', '10111', '0', '10111', '0', '0', '0', '0'),
('7', '1103', 'WOR010/07/2018', '56080', '1', '2147483647', '0', '2018-07-27', '0000-00-00', '', '12334', '10133026', '123', '104445', '0', '0', '0', '0'),
('8', '1103', 'WOR011/07/2018', '56080', '1', '12mm24x24', '0', '2018-07-27', '0000-00-00', '147852', '123', '10133026', '789', '0023', '0', '0', '0', '0'),
('9', '1103', 'WOR012/07/2018', '56080', '1', '111222', '0', '2018-07-27', '0000-00-00', 'adadas', '0', '10111', '0', '10111', '0', '0', '0', '0'),
('10', '1103', '001', 'DEF', '1', '1001', '0', '2018-11-12', '0000-00-00', '', '0', '101013', '0', '101013', '0', '0', '0', '0'),
('11', '1103', '002', 'DEF', '1', '3004', '0', '2018-11-13', '0000-00-00', '', '0', '101013', '0', '101013', '0', '0', '0', '0'),
('12', '1103', '003', 'DEF', '200', '101237', '2', '2018-11-16', '2018-12-06', '12222', '0', '', '0', '', '0', '0', '0', '0');

### Structure of table `0_workorder_req_details` ###

DROP TABLE IF EXISTS `0_workorder_req_details`;

CREATE TABLE `0_workorder_req_details` (
  `id` int(11) NOT NULL AUTO_INCREMENT,
  `workorder_id` int(11) NOT NULL,
  `stock_id` varchar(15) NOT NULL,
  `workcentre` tinyint(6) NOT NULL,
  `units_req` double NOT NULL,
  `loc_code` varchar(6) NOT NULL,
  `amount3` double NOT NULL,
  `quantity` double NOT NULL,
  `units` varchar(15) NOT NULL,
  `qty_issue_qty` double NOT NULL,
  PRIMARY KEY (`id`)
) ENGINE=InnoDB AUTO_INCREMENT=41 DEFAULT CHARSET=latin1 ;

### Data of table `0_workorder_req_details` ###

INSERT INTO `0_workorder_req_details` VALUES
('7', '2', '175478', '5', '1', '56080', '0', '1', 'ltr', '1'),
('8', '2', '111222', '5', '1', '56080', '0', '1', 'Cartons', '1'),
('9', '2', '111231', '5', '1', '56080', '0', '1', 'pcs', '1'),
('10', '3', '175478', '5', '1', '56080', '0', '1', 'ltr', '1'),
('11', '3', '111222', '5', '1', '56080', '0', '1', 'Cartons', '1'),
('12', '3', '111231', '5', '1', '56080', '0', '1', 'pcs', '1'),
('13', '4', '175478', '5', '1', '56080', '0', '1', 'ltr', '1'),
('14', '4', '111222', '5', '1', '56080', '0', '1', 'Cartons', '1'),
('15', '4', '111231', '5', '1', '56080', '0', '1', 'pcs', '1'),
('16', '5', '175478', '5', '1', '56080', '0', '1', 'ltr', '1'),
('17', '5', '111222', '5', '1', '56080', '0', '1', 'Cartons', '1'),
('18', '5', '111231', '5', '1', '56080', '0', '1', 'pcs', '1'),
('19', '6', '175478', '5', '1', '56080', '0', '1', 'ltr', '1'),
('20', '6', '111222', '5', '1', '56080', '0', '1', 'Cartons', '1'),
('21', '6', '111231', '5', '1', '56080', '0', '1', 'pcs', '1'),
('22', '1', '2147483649', '5', '1', '56080', '0', '1', 'pcs', '1'),
('23', '1', '2147483647', '5', '1', '56080', '0', '1', 'Air Conditioner', '1'),
('24', '7', '2147483649', '5', '1', '56080', '0', '1', 'pcs', '1'),
('25', '8', 'CL7MM', '3', '1', 'DEF', '0', '1', 'boxes', '4'),
('26', '8', '010101', '3', '1', 'DEF', '0', '1', 'pcs', '1'),
('27', '9', '2003', '1', '1', '876', '0', '1', 'Cartons', '5'),
('28', '9', '2004', '1', '1', '876', '0', '1', 'Cartons', '3'),
('29', '9', '2005', '1', '1', '876', '0', '1', 'Cartons', '1'),
('30', '9', '2006', '1', '1', '876', '0', '1', 'Cartons', '1'),
('31', '9', '175478', '3', '1', '876', '0', '1', 'ltr', '1'),
('32', '9', '435', '3', '1', '876', '0', '1', 'pcs', '1'),
('33', '9', 'D87342', '3', '1', '876', '0', '1', 'boxes', '2'),
('34', '10', '1002', '3', '4', 'DEF', '0', '1', 'boxes', '4'),
('35', '10', '1005', '1', '2', 'DEF', '0', '1', 'boxes', '2'),
('36', '10', '1007', '1', '2', 'DEF', '0', '1', 'ltr', '2'),
('37', '10', '5002', '1', '1', 'DEF', '0', '1', 'boxes', '1'),
('38', '11', '3008', '3', '1', 'DEF', '0', '1', 'boxes', '1'),
('39', '12', '101241', '1', '25', 'DEF', '0', '200', 'pcs', '5000'),
('40', '12', '3001', '1', '1', 'DEF', '0', '200', 'kg ', '200');

### Structure of table `0_workorders` ###

DROP TABLE IF EXISTS `0_workorders`;

CREATE TABLE `0_workorders` (
  `id` int(11) NOT NULL AUTO_INCREMENT,
  `wo_ref` varchar(60) COLLATE utf8_unicode_ci NOT NULL DEFAULT '',
  `loc_code` varchar(5) COLLATE utf8_unicode_ci NOT NULL DEFAULT '',
  `units_reqd` double NOT NULL DEFAULT '1',
  `stock_id` varchar(20) COLLATE utf8_unicode_ci NOT NULL DEFAULT '',
  `date_` date NOT NULL DEFAULT '0000-00-00',
  `type` tinyint(4) NOT NULL DEFAULT '0',
  `required_by` date NOT NULL DEFAULT '0000-00-00',
  `released_date` date NOT NULL DEFAULT '0000-00-00',
  `units_issued` double NOT NULL DEFAULT '0',
  `closed` tinyint(1) NOT NULL DEFAULT '0',
  `released` tinyint(1) NOT NULL DEFAULT '0',
  `additional_costs` double NOT NULL DEFAULT '0',
  `sale_order` int(11) NOT NULL,
  `amount3_req` double NOT NULL,
  `amount3_issued` double NOT NULL,
  `batch` varchar(50) COLLATE utf8_unicode_ci NOT NULL,
  PRIMARY KEY (`id`),
  UNIQUE KEY `wo_ref` (`wo_ref`)
) ENGINE=InnoDB AUTO_INCREMENT=12 DEFAULT CHARSET=utf8 COLLATE=utf8_unicode_ci ;

### Data of table `0_workorders` ###

INSERT INTO `0_workorders` VALUES
('1', 'WO001/10/2018', 'DEF', '1', '3002', '2018-10-30', '2', '2018-11-19', '2018-10-30', '0', '0', '1', '0', '0', '0', '0', '0'),
('2', 'WO002/10/2018', 'DEF', '100', '101241', '2018-10-31', '2', '2018-11-20', '2018-10-31', '100', '1', '1', '0', '0', '0', '0', '0'),
('3', 'WO001/11/2018', 'DEF', '10', '3008', '2018-11-01', '2', '2018-11-21', '2018-11-01', '0', '0', '1', '0', '0', '0', '0', '0'),
('4', 'WO002/11/2018', 'DEF', '1', '3008', '2018-11-01', '0', '2018-11-01', '2018-11-01', '1', '1', '1', '0', '0', '0', '0', '0'),
('5', 'WO003/11/2018', 'DEF', '3', '101239', '2018-11-08', '0', '2018-11-08', '2018-11-08', '3', '1', '1', '0', '0', '0', '0', '0'),
('6', 'WO004/11/2018', 'DEF', '1', '101239', '2018-11-08', '0', '2018-11-08', '2018-11-08', '1', '1', '1', '0', '0', '0', '0', '0'),
('7', 'WO005/11/2018', 'DEF', '1', '3025', '2018-11-12', '2', '2018-12-02', '2018-11-12', '0', '0', '1', '0', '0', '0', '0', '8'),
('8', 'WO006/11/2018', 'DEF', '1', '3025', '2018-11-12', '0', '2018-11-12', '2018-11-12', '1', '1', '1', '0', '0', '0', '0', '9'),
('9', 'WO007/11/2018', 'DEF', '1', '3025', '2018-11-12', '2', '2018-12-02', '2018-11-12', '0', '0', '1', '0', '0', '0', '0', '10'),
('10', 'WO008/11/2018', 'DEF', '1', '3004', '2018-11-13', '0', '2018-11-13', '2018-11-13', '1', '1', '1', '0', '0', '0', '0', '0'),
('11', 'WO009/11/2018', 'DEF', '2', '101237', '2018-11-15', '2', '2018-12-05', '2018-11-15', '2', '1', '1', '0', '0', '0', '0', '11');

### Structure of table `0_wth_tax_types` ###

DROP TABLE IF EXISTS `0_wth_tax_types`;

CREATE TABLE `0_wth_tax_types` (
  `id` smallint(6) unsigned NOT NULL AUTO_INCREMENT,
  `description` varchar(60) COLLATE utf8_unicode_ci NOT NULL DEFAULT '',
  `tax_percent` double NOT NULL DEFAULT '0',
  `code` varchar(15) COLLATE utf8_unicode_ci NOT NULL,
  `co_account` varchar(15) COLLATE utf8_unicode_ci NOT NULL,
  `level_id` int(11) NOT NULL DEFAULT '0',
  `wth_tax_category` int(11) NOT NULL,
  `co_account_supplier` varchar(50) COLLATE utf8_unicode_ci DEFAULT NULL,
  PRIMARY KEY (`id`),
  UNIQUE KEY `description` (`description`,`level_id`)
) ENGINE=InnoDB AUTO_INCREMENT=18 DEFAULT CHARSET=utf8 COLLATE=utf8_unicode_ci ;

### Data of table `0_wth_tax_types` ###

INSERT INTO `0_wth_tax_types` VALUES
('1', 'WHT Service', '0', 'wht_service', '101005', '0', '2', '201002'),
('2', 'WHT Supply of goods', '0', 'wht_supply', '101005', '0', '2', '201002'),
('3', 'WHT SRB Sales Tax', '0', 'wht_srb', '101005', '0', '2', '201002'),
('4', 'WHT Sales Tax FBR', '0', 'wht_fbr', '101005', '0', '2', '201002'),
('6', 'Company - Filer', '8', '', '101006', '2', '2', '201002'),
('7', 'Company - Nonfiler', '14.5', '', '101006', '2', '2', '201002'),
('8', 'Other - Filer', '10', '', '101006', '2', '2', '201002'),
('9', 'Other - NonFiler', '17.5', '', '101006', '2', '2', '201002'),
('10', 'Company - Filer', '4', '', '101008', '1', '1', '201005'),
('11', 'Company - Non Filer', '8', '', '101008', '1', '1', '201005'),
('12', 'Other - Filer', '4.5', '', '101008', '1', '1', '201005'),
('13', 'Other - Nonfiler', '9', '', '101008', '1', '1', '201005'),
('14', 'SRB 1', '14', '', '201006', '3', '4', '201007'),
('15', 'SRB 2', '20', '', '201006', '3', '4', '201007'),
('16', 'FBR 1', '1', '', '201004', '4', '3', '201003'),
('17', 'FBR 2', '20', '', '201004', '4', '3', '201003');